Ride_ID,Tourist_Place,City,State,Ride_Type,Vehicle_Category,Vehicle_Model,Seating_Capacity,Price,Currency,Booking_Type,Duration_Hours,Distance_Covered_km,Hotel_Pickup,Hotel_Drop,Pickup_Location_Type,Drop_Location_Type,Extra_Km_Charge,Extra_Hour_Charge,Fuel_Included,Driver_Included,Driver_Rating,Ride_Rating,Availability,Estimated_Arrival,Cancellation,Amenities,Driver_Languages,Verified,Charging_Port,Music_System,WiFi,Child_Seat
RB00001,India Gate,Delhi,Delhi,Auto,Premium,Bajaj RE Electric Auto,3,3430,INR,Full Day Rental,8,86.4,Yes,No,Airport,Tourist Place,18,300,Yes,Yes,3.7,3.6,Available in 10 mins,26 mins,50% refund if cancelled within 6 hours of pickup,"Bottled Water, Hand Sanitizer",Hindi,No,No,Yes,No,No
RB00002,India Gate,Delhi,Delhi,Tempo Traveller,Premium,Force Tempo Traveller 17-Seater (AC),17,12415,INR,Full Day Rental,10,53.7,No,Yes,Hotel,Hotel,28.2,290,No,Yes,4,3.6,Available in 20 mins,7 mins,50% refund if cancelled within 6 hours of pickup,"Umbrella, Bottled Water",English,No,No,Yes,No,No
RB00003,India Gate,Delhi,Delhi,Auto,Economy,Bajaj RE Compact Auto,3,545,INR,One Way,1.2,22.4,No,Yes,Airport,Hotel,21.7,190,Yes,Yes,3.5,3.6,Scheduled Only,14 mins,Non-refundable,Sanitized Vehicle,Regional Language,No,No,Yes,No,No
RB00004,Humayun's Tomb,Delhi,Delhi,Bike,Premium,Bajaj Dominar 400,2,1620,INR,Round Trip,6,18.2,Yes,Yes,Airport,Airport,15.2,95,Yes,No,5,4.4,Available Now,23 mins,Free cancellation up to 6 hours before pickup,"Bottled Water, First Aid Kit",N/A,Yes,No,No,No,No
RB00005,Humayun's Tomb,Delhi,Delhi,Cab,Economy,Hyundai Xcent,4,1080,INR,One Way,2.7,43.1,Yes,No,Airport,Hotel,14.4,125,No,Yes,4.1,3.6,Available Now,5 mins,50% refund if cancelled within 6 hours of pickup,"Bottled Water, First Aid Kit",English,No,Yes,No,No,No
RB00006,Humayun's Tomb,Delhi,Delhi,Tempo Traveller,Premium,Force Tempo Traveller 17-Seater (AC),17,14340,INR,Full Day Rental,12,92.3,Yes,Yes,Railway Station,Tourist Place,34.9,255,Yes,Yes,3.9,3.1,Available Now,20 mins,Free cancellation up to 6 hours before pickup,First Aid Kit,"Hindi, English, Regional Language",Yes,Yes,Yes,No,No
RB00007,Humayun's Tomb,Delhi,Delhi,Tempo Traveller,Economy,Force Tempo Traveller 12-Seater (Non-AC),12,5845,INR,Round Trip,2.9,31.1,No,Yes,Anywhere in City,Tourist Place,18.8,105,Yes,Yes,4.4,3.1,Available Now,3 mins,Non-refundable,"Umbrella, Bottled Water",Hindi,Yes,Yes,Yes,No,No
RB00008,Akshardham Temple,Delhi,Delhi,Auto,Economy,Bajaj RE Compact Auto,3,525,INR,One Way,2.7,21.6,Yes,Yes,Airport,Hotel,14.9,210,No,Yes,2.8,5,Available in 20 mins,27 mins,Non-refundable,"Bottled Water, First Aid Kit","Hindi, English",No,No,Yes,No,No
RB00009,Akshardham Temple,Delhi,Delhi,Bike,Economy,Bajaj Platina,2,845,INR,One Way,1.9,43.7,No,Yes,Hotel,Airport,9.4,130,Yes,No,3.9,3.5,Available Now,3 mins,Free cancellation up to 6 hours before pickup,"Bottled Water, Hand Sanitizer",N/A,Yes,No,No,No,No
RB00010,Akshardham Temple,Delhi,Delhi,Cab,Luxury,Toyota Camry,4,8790,INR,Full Day Rental,8,118.8,No,No,Hotel,Hotel,15.8,350,No,Yes,4.1,3.3,Available in 20 mins,30 mins,Free cancellation up to 1 hour before pickup,First Aid Kit,Regional Language,Yes,Yes,Yes,No,No
RB00011,Waste to Wonder Park,Delhi,Delhi,Bike,Economy,Hero Splendor Plus,2,795,INR,Round Trip,2.4,7.8,No,Yes,Railway Station,Airport,16.3,325,No,Yes,4.1,3.7,Available in 10 mins,22 mins,50% refund if cancelled within 6 hours of pickup,Sanitized Vehicle,"Hindi, English",Yes,No,No,No,No
RB00012,Waste to Wonder Park,Delhi,Delhi,Jeep,Economy,Mahindra Thar (Base),4,5540,INR,Full Day Rental,10,44,No,No,Hotel,Tourist Place,11.6,145,Yes,Yes,4,4.9,Available in 10 mins,9 mins,Free cancellation up to 24 hours before pickup,Sanitized Vehicle,"Hindi, English",No,Yes,Yes,No,No
RB00013,Waste to Wonder Park,Delhi,Delhi,Cab,Premium,Honda City,4,3195,INR,Round Trip,5.4,39.6,No,Yes,Airport,Hotel,19.2,190,Yes,Yes,4.7,4.3,Scheduled Only,23 mins,Free cancellation up to 6 hours before pickup,"Umbrella, Bottled Water",Hindi,Yes,Yes,No,Yes,No
RB00014,Waste to Wonder Park,Delhi,Delhi,Tempo Traveller,Economy,Force Tempo Traveller 12-Seater (Non-AC),12,6345,INR,Round Trip,4,28.5,No,Yes,Airport,Tourist Place,23.6,335,No,Yes,4.6,4.4,Available in 20 mins,18 mins,50% refund if cancelled within 6 hours of pickup,"Sanitized Vehicle, First Aid Kit",Regional Language,Yes,Yes,Yes,No,No
RB00015,Jantar Mantar,Delhi,Delhi,Auto,Premium,Bajaj RE Electric Auto,3,3525,INR,Full Day Rental,10,102.6,No,No,Anywhere in City,Tourist Place,15.5,140,Yes,Yes,3.9,4.3,Available in 20 mins,18 mins,Free cancellation up to 6 hours before pickup,"Umbrella, Bottled Water",Hindi,No,No,No,No,No
RB00016,Jantar Mantar,Delhi,Delhi,Cab,Premium,Honda City,4,1505,INR,One Way,3,4.9,Yes,No,Anywhere in City,Tourist Place,12.1,255,Yes,Yes,3.8,4.6,Available in 10 mins,7 mins,Free cancellation up to 6 hours before pickup,"Reading Light, Bottled Water",Hindi,No,Yes,No,Yes,Yes
RB00017,Jantar Mantar,Delhi,Delhi,Cab,Luxury,Skoda Superb,4,11335,INR,Full Day Rental,12,129.7,Yes,No,Anywhere in City,Tourist Place,20.8,305,Yes,Yes,3.3,3.5,Available Now,24 mins,50% refund if cancelled within 6 hours of pickup,First Aid Kit,Regional Language,No,Yes,No,Yes,Yes
RB00018,Chandni Chowk,Delhi,Delhi,Tempo Traveller,Economy,Force Tempo Traveller 12-Seater (Non-AC),12,5920,INR,Round Trip,3.7,25.8,Yes,No,Anywhere in City,Hotel,33.9,160,Yes,Yes,3.9,4.5,Available Now,27 mins,Free cancellation up to 6 hours before pickup,First Aid Kit,"Hindi, English",No,Yes,Yes,No,No
RB00019,Chandni Chowk,Delhi,Delhi,Jeep,Premium,Mahindra Scorpio-N,5,10380,INR,Full Day Rental,10,58.2,No,Yes,Hotel,Airport,15.3,315,Yes,Yes,4.2,3.7,Scheduled Only,10 mins,Non-refundable,"Bottled Water, First Aid Kit",Hindi,Yes,Yes,Yes,Yes,No
RB00020,Chandni Chowk,Delhi,Delhi,Bike,Premium,Royal Enfield Classic 350,2,900,INR,One Way,2.1,38.2,Yes,No,Railway Station,Tourist Place,10.9,245,No,Yes,4.1,4.2,Available in 20 mins,20 mins,Non-refundable,"Sanitized Vehicle, First Aid Kit",English,No,No,No,No,No
RB00021,Lotus Temple,Delhi,Delhi,Bike,Premium,KTM Duke 200,2,4825,INR,Full Day Rental,8,106,No,No,Hotel,Airport,19,85,Yes,No,4.2,4.4,Scheduled Only,7 mins,Free cancellation up to 6 hours before pickup,"Bottled Water, First Aid Kit",N/A,Yes,No,No,No,No
RB00022,Lotus Temple,Delhi,Delhi,Tempo Traveller,Economy,Force Tempo Traveller 12-Seater (Non-AC),12,5945,INR,Round Trip,5.3,38.8,No,No,Railway Station,Hotel,24.9,170,Yes,Yes,4.1,4.8,Available in 20 mins,19 mins,Free cancellation up to 1 hour before pickup,None,English,Yes,Yes,Yes,No,No
RB00023,Lotus Temple,Delhi,Delhi,Auto,Premium,Mahindra Treo Auto,3,1445,INR,Round Trip,2.4,36.3,No,No,Railway Station,Tourist Place,24.9,230,Yes,Yes,4.2,3.2,Available in 10 mins,12 mins,Free cancellation up to 1 hour before pickup,None,English,Yes,No,Yes,No,No
RB00024,Red Fort,Delhi,Delhi,Jeep,Premium,Mahindra Scorpio-N,5,3035,INR,One Way,1.3,18.2,Yes,No,Airport,Airport,22.8,215,No,Yes,4.4,3.7,Available Now,10 mins,Non-refundable,"Bottled Water, Hand Sanitizer",Hindi,Yes,Yes,Yes,No,Yes
RB00025,Red Fort,Delhi,Delhi,Bike,Luxury,Royal Enfield Himalayan 450,2,7355,INR,Full Day Rental,12,124.1,No,No,Anywhere in City,Tourist Place,22.6,345,Yes,No,4.7,3.4,Available in 10 mins,10 mins,Free cancellation up to 1 hour before pickup,Sanitized Vehicle,N/A,Yes,No,No,No,No
RB00026,Red Fort,Delhi,Delhi,SUV,Economy,Mahindra Bolero,7,5425,INR,Full Day Rental,10,105.3,No,Yes,Airport,Tourist Place,21.4,250,Yes,Yes,3.2,3.4,Available in 10 mins,10 mins,Free cancellation up to 24 hours before pickup,"Bottled Water, Hand Sanitizer",Hindi,No,Yes,Yes,No,No
RB00027,Red Fort,Delhi,Delhi,SUV,Economy,Mahindra Bolero,7,5775,INR,Full Day Rental,10,84.3,Yes,No,Railway Station,Airport,12.3,105,No,Yes,3.5,5,Available in 20 mins,20 mins,Free cancellation up to 1 hour before pickup,Sanitized Vehicle,"Hindi, English",No,Yes,Yes,No,Yes
RB00028,Agrasen ki Baoli,Delhi,Delhi,Jeep,Economy,Force Gurkha,4,3620,INR,Round Trip,5.4,31.1,No,Yes,Anywhere in City,Hotel,13.3,165,No,Yes,4.4,4.3,Available Now,16 mins,Non-refundable,Bottled Water,English,Yes,Yes,Yes,No,No
RB00029,Agrasen ki Baoli,Delhi,Delhi,SUV,Economy,Mahindra Bolero,7,2870,INR,Round Trip,3.9,40,Yes,No,Hotel,Airport,14.9,140,No,Yes,4.9,4.7,Scheduled Only,24 mins,50% refund if cancelled within 6 hours of pickup,None,Regional Language,Yes,Yes,Yes,No,No
RB00030,Agrasen ki Baoli,Delhi,Delhi,Auto,Economy,Bajaj RE Compact Auto,3,460,INR,One Way,2.5,14.6,Yes,No,Railway Station,Airport,17.9,260,No,Yes,4.4,4.1,Available Now,14 mins,Non-refundable,"Umbrella, Bottled Water",English,Yes,No,No,No,No
RB00031,Agrasen ki Baoli,Delhi,Delhi,SUV,Premium,Hyundai Creta,7,2785,INR,One Way,1.7,16.4,Yes,No,Hotel,Hotel,16.5,240,No,Yes,3.2,4.8,Available Now,25 mins,Free cancellation up to 24 hours before pickup,"Sanitized Vehicle, First Aid Kit",English,No,Yes,No,No,No
RB00032,Sunder Nursery,Delhi,Delhi,Tempo Traveller,Premium,Force Tempo Traveller 17-Seater (AC),17,10430,INR,Round Trip,5.5,29.3,Yes,No,Airport,Airport,16.8,345,No,Yes,3.9,4.4,Available Now,3 mins,50% refund if cancelled within 6 hours of pickup,Bottled Water,Regional Language,Yes,Yes,Yes,Yes,No
RB00033,Sunder Nursery,Delhi,Delhi,Bike,Economy,Hero Splendor Plus,2,5515,INR,Full Day Rental,12,135.8,Yes,No,Railway Station,Tourist Place,12.3,85,No,No,4,4.9,Available Now,11 mins,Non-refundable,"Bottled Water, First Aid Kit",N/A,Yes,No,No,No,No
RB00034,Sunder Nursery,Delhi,Delhi,Auto,Luxury,TVS King Deluxe Auto,3,730,INR,One Way,1.9,13,No,No,Hotel,Airport,22.7,290,No,Yes,3.8,4.8,Available in 20 mins,26 mins,Free cancellation up to 24 hours before pickup,"Umbrella, Bottled Water",English,No,No,Yes,No,No
RB00035,Garden of Five Senses,Delhi,Delhi,Cab,Premium,Hyundai Verna,4,2100,INR,Round Trip,3.5,4.4,No,Yes,Airport,Hotel,21.4,315,Yes,Yes,4.1,3.5,Scheduled Only,27 mins,50% refund if cancelled within 6 hours of pickup,"Umbrella, Bottled Water",Hindi,Yes,Yes,Yes,No,Yes
RB00036,Garden of Five Senses,Delhi,Delhi,Jeep,Premium,Mahindra Thar LX 4x4,5,5900,INR,Round Trip,3.8,25.5,No,Yes,Airport,Tourist Place,8.4,320,Yes,Yes,2.9,4.3,Scheduled Only,24 mins,50% refund if cancelled within 6 hours of pickup,"Sanitized Vehicle, First Aid Kit",Hindi,No,Yes,No,No,No
RB00037,Garden of Five Senses,Delhi,Delhi,Bike,Economy,TVS Sport,2,4800,INR,Full Day Rental,12,116.6,No,Yes,Anywhere in City,Airport,14.9,335,Yes,No,4.9,3.2,Available in 20 mins,19 mins,50% refund if cancelled within 6 hours of pickup,Bottled Water,N/A,Yes,No,No,No,No
RB00038,Garden of Five Senses,Delhi,Delhi,SUV,Luxury,Ford Endeavour,7,4850,INR,One Way,2.1,30.8,Yes,Yes,Airport,Hotel,22.1,230,Yes,Yes,2.9,3.3,Available Now,2 mins,50% refund if cancelled within 6 hours of pickup,Sanitized Vehicle,English,No,Yes,No,Yes,No
RB00039,Lodhi Garden,Delhi,Delhi,SUV,Premium,Toyota Innova Crysta,7,2160,INR,One Way,0.8,14.1,No,No,Hotel,Tourist Place,16.6,335,Yes,Yes,4,3.6,Available Now,3 mins,Non-refundable,"Sanitized Vehicle, First Aid Kit","Hindi, English",No,No,Yes,No,Yes
RB00040,Lodhi Garden,Delhi,Delhi,Cab,Economy,Hyundai Xcent,4,5785,INR,Full Day Rental,12,109.6,No,No,Anywhere in City,Hotel,21.5,110,Yes,Yes,3.4,3.4,Scheduled Only,30 mins,Free cancellation up to 24 hours before pickup,"Sanitized Vehicle, First Aid Kit",Regional Language,No,No,Yes,No,No
RB00041,Lodhi Garden,Delhi,Delhi,Tempo Traveller,Premium,Force Tempo Traveller 17-Seater (AC),17,4560,INR,One Way,1.7,31.8,No,Yes,Hotel,Airport,34.1,230,Yes,Yes,4.8,3.8,Available Now,11 mins,Free cancellation up to 6 hours before pickup,"Bottled Water, First Aid Kit",Regional Language,Yes,Yes,Yes,Yes,No
RB00042,National Gallery of Modern Art,Delhi,Delhi,Auto,Premium,Mahindra Treo Auto,3,940,INR,One Way,1.9,35,Yes,No,Hotel,Hotel,12.6,285,No,Yes,4,4.1,Scheduled Only,4 mins,Free cancellation up to 24 hours before pickup,Bottled Water,Hindi,Yes,No,Yes,No,No
RB00043,National Gallery of Modern Art,Delhi,Delhi,Jeep,Economy,Mahindra Thar (Base),4,4180,INR,Round Trip,3.3,16.1,Yes,Yes,Hotel,Airport,9.4,200,Yes,Yes,4.3,4.5,Available Now,13 mins,Non-refundable,"Bottled Water, Hand Sanitizer",Regional Language,Yes,No,Yes,No,No
RB00044,National Gallery of Modern Art,Delhi,Delhi,Auto,Economy,Bajaj RE Compact Auto,3,455,INR,One Way,2.9,11.6,Yes,Yes,Anywhere in City,Airport,15.3,115,Yes,Yes,4.5,4.6,Available Now,14 mins,Free cancellation up to 1 hour before pickup,"Sanitized Vehicle, First Aid Kit",Hindi,Yes,No,Yes,No,No
RB00045,National Zoological Park,Delhi,Delhi,Cab,Premium,Skoda Slavia,4,6200,INR,Full Day Rental,8,85.9,No,No,Hotel,Tourist Place,22.4,145,Yes,Yes,4.3,4.5,Available in 10 mins,12 mins,Free cancellation up to 24 hours before pickup,"Bottled Water, Hand Sanitizer","Hindi, English, Regional Language",Yes,No,Yes,Yes,No
RB00046,National Zoological Park,Delhi,Delhi,Auto,Economy,Piaggio Ape Auto,3,355,INR,One Way,0.9,10.3,No,No,Anywhere in City,Airport,23.7,230,Yes,Yes,4.8,3.6,Scheduled Only,4 mins,Non-refundable,"Reading Light, Bottled Water",Regional Language,Yes,No,No,No,No
RB00047,National Zoological Park,Delhi,Delhi,Cab,Economy,Hyundai Xcent,4,2020,INR,Round Trip,2.2,22,Yes,No,Anywhere in City,Airport,17.4,295,No,Yes,4.8,3.4,Available Now,17 mins,Free cancellation up to 6 hours before pickup,Sanitized Vehicle,Hindi,Yes,Yes,No,No,No
RB00048,Qutub Minar,Delhi,Delhi,SUV,Economy,Mahindra Bolero,7,2965,INR,Round Trip,4.4,25,No,Yes,Railway Station,Hotel,13.6,230,Yes,Yes,4.8,4.7,Available in 20 mins,4 mins,Free cancellation up to 6 hours before pickup,Sanitized Vehicle,Regional Language,Yes,Yes,Yes,No,No
RB00049,Qutub Minar,Delhi,Delhi,Bike,Premium,Bajaj Dominar 400,2,2385,INR,Round Trip,4.7,37.2,Yes,No,Railway Station,Hotel,14.2,130,Yes,No,4.1,3.3,Available in 20 mins,29 mins,Free cancellation up to 1 hour before pickup,None,N/A,Yes,No,No,No,No
RB00050,Qutub Minar,Delhi,Delhi,SUV,Economy,Chevrolet Tavera,7,1410,INR,One Way,0.9,28.1,Yes,No,Hotel,Tourist Place,14.2,275,No,Yes,4.7,3.5,Available in 10 mins,11 mins,Non-refundable,First Aid Kit,Regional Language,Yes,No,Yes,No,No
RB00051,Qutub Minar,Delhi,Delhi,SUV,Premium,Mahindra XUV700,7,2520,INR,One Way,0.6,39.7,Yes,No,Hotel,Hotel,12.6,325,Yes,Yes,4.9,4.6,Available in 20 mins,2 mins,Non-refundable,Bottled Water,"Hindi, English",Yes,Yes,Yes,No,No
RB00052,National Science Centre,Delhi,Delhi,Cab,Premium,Honda City,4,1645,INR,One Way,2.6,15,No,Yes,Hotel,Hotel,12.4,305,Yes,Yes,4.4,4.6,Available in 10 mins,11 mins,Free cancellation up to 1 hour before pickup,Bottled Water,English,Yes,Yes,No,No,Yes
RB00053,National Science Centre,Delhi,Delhi,Bike,Premium,Bajaj Dominar 400,2,740,INR,One Way,1.2,33.2,Yes,Yes,Railway Station,Hotel,24.2,225,No,No,4.8,4.3,Available in 20 mins,10 mins,Free cancellation up to 1 hour before pickup,"Umbrella, Bottled Water",N/A,Yes,No,No,No,No
RB00054,National Science Centre,Delhi,Delhi,Auto,Premium,Bajaj RE Electric Auto,3,4390,INR,Full Day Rental,10,120.9,Yes,No,Anywhere in City,Airport,11.1,115,No,Yes,2.6,3.1,Available in 10 mins,30 mins,Free cancellation up to 1 hour before pickup,"Umbrella, Bottled Water",Regional Language,No,No,Yes,No,No
RB00055,Marine Drive,Mumbai,Maharashtra,Jeep,Economy,Force Gurkha,4,1775,INR,One Way,1.3,39.4,No,No,Railway Station,Hotel,16.4,215,No,Yes,4.8,3.8,Scheduled Only,21 mins,Free cancellation up to 24 hours before pickup,None,Regional Language,Yes,Yes,Yes,No,No
RB00056,Marine Drive,Mumbai,Maharashtra,Jeep,Premium,Mahindra Scorpio-N,5,4790,INR,Round Trip,5.5,4.8,Yes,Yes,Anywhere in City,Tourist Place,16.7,280,Yes,Yes,4.8,4.6,Available Now,6 mins,Free cancellation up to 1 hour before pickup,First Aid Kit,Regional Language,Yes,Yes,No,Yes,Yes
RB00057,Marine Drive,Mumbai,Maharashtra,Bike,Premium,Bajaj Dominar 400,2,855,INR,One Way,1.5,25.2,Yes,No,Anywhere in City,Airport,10,290,No,No,4.6,3.4,Available in 10 mins,29 mins,Free cancellation up to 1 hour before pickup,"Reading Light, Bottled Water",N/A,Yes,No,No,No,No
RB00058,Marine Drive,Mumbai,Maharashtra,Cab,Luxury,Skoda Superb,4,9005,INR,Full Day Rental,8,78.2,Yes,Yes,Railway Station,Airport,11.8,345,No,Yes,4.4,4.1,Available in 20 mins,16 mins,Free cancellation up to 6 hours before pickup,Sanitized Vehicle,"Hindi, English, Regional Language",Yes,No,Yes,No,No
RB00059,Gateway of India,Mumbai,Maharashtra,Bike,Premium,Royal Enfield Classic 350,2,1110,INR,One Way,2.1,43.8,Yes,Yes,Anywhere in City,Airport,23.5,95,Yes,Yes,4.2,3.5,Available Now,30 mins,50% refund if cancelled within 6 hours of pickup,"Bottled Water, Hand Sanitizer",Regional Language,Yes,No,No,No,No
RB00060,Gateway of India,Mumbai,Maharashtra,Bike,Economy,Bajaj Platina,2,4650,INR,Full Day Rental,12,98.7,Yes,No,Hotel,Hotel,9.4,335,No,No,4.5,4.3,Scheduled Only,30 mins,Free cancellation up to 6 hours before pickup,"Bottled Water, First Aid Kit",N/A,Yes,No,No,No,No
RB00061,Gateway of India,Mumbai,Maharashtra,Jeep,Economy,Force Gurkha,4,3135,INR,Round Trip,4.8,22,No,Yes,Railway Station,Airport,13.4,345,Yes,Yes,4.7,4.1,Available in 20 mins,9 mins,Non-refundable,"Bottled Water, Hand Sanitizer",Regional Language,Yes,Yes,Yes,No,Yes
RB00062,Chhatrapati Shivaji Maharaj Vastu Sangrahalaya,Mumbai,Maharashtra,Bike,Luxury,Royal Enfield Himalayan 450,2,2640,INR,Round Trip,4.9,42.2,No,No,Railway Station,Tourist Place,8.4,335,Yes,No,4.2,3.6,Available Now,30 mins,Non-refundable,"Bottled Water, First Aid Kit",N/A,Yes,No,No,No,No
RB00063,Chhatrapati Shivaji Maharaj Vastu Sangrahalaya,Mumbai,Maharashtra,SUV,Economy,Mahindra Bolero,7,5805,INR,Full Day Rental,10,80.2,Yes,No,Railway Station,Hotel,14.6,200,Yes,Yes,3.6,3.2,Available Now,14 mins,50% refund if cancelled within 6 hours of pickup,"Umbrella, Bottled Water","Hindi, English, Regional Language",No,No,No,No,Yes
RB00064,Chhatrapati Shivaji Maharaj Vastu Sangrahalaya,Mumbai,Maharashtra,SUV,Economy,Maruti Suzuki Ertiga,7,6005,INR,Full Day Rental,10,76.6,Yes,No,Railway Station,Hotel,14.7,245,No,Yes,4.4,4.1,Available Now,11 mins,Non-refundable,Bottled Water,Regional Language,Yes,Yes,Yes,No,No
RB00065,Sanjay Gandhi National Park,Mumbai,Maharashtra,Tempo Traveller,Economy,Force Tempo Traveller 12-Seater (Non-AC),12,8975,INR,Full Day Rental,10,45.6,No,Yes,Airport,Hotel,26.5,270,Yes,Yes,4.3,4.4,Scheduled Only,18 mins,Free cancellation up to 6 hours before pickup,"Reading Light, Bottled Water",Hindi,Yes,No,Yes,No,No
RB00066,Sanjay Gandhi National Park,Mumbai,Maharashtra,Cab,Economy,Hyundai Xcent,4,1040,INR,One Way,1.8,22.3,No,No,Airport,Hotel,12.7,160,No,Yes,3.8,3.4,Scheduled Only,12 mins,Non-refundable,"Umbrella, Bottled Water","Hindi, English, Regional Language",No,No,No,No,Yes
RB00067,Sanjay Gandhi National Park,Mumbai,Maharashtra,Jeep,Premium,Mahindra Scorpio-N,5,5435,INR,Round Trip,5.2,43.1,No,No,Railway Station,Airport,16.1,135,Yes,Yes,3.7,3.2,Available Now,9 mins,Free cancellation up to 24 hours before pickup,Bottled Water,"Hindi, English, Regional Language",No,Yes,Yes,Yes,No
RB00068,Siddhivinayak Temple,Mumbai,Maharashtra,SUV,Luxury,Toyota Fortuner,7,8690,INR,Round Trip,5.5,30.4,No,No,Railway Station,Airport,9,290,Yes,Yes,4.7,4.8,Available in 10 mins,15 mins,Free cancellation up to 24 hours before pickup,Bottled Water,"Hindi, English",Yes,No,Yes,No,No
RB00069,Siddhivinayak Temple,Mumbai,Maharashtra,SUV,Economy,Chevrolet Tavera,7,1770,INR,One Way,1.3,42,Yes,No,Railway Station,Hotel,21.7,170,No,Yes,4.7,4.5,Available in 20 mins,20 mins,Free cancellation up to 24 hours before pickup,Sanitized Vehicle,"Hindi, English, Regional Language",Yes,No,No,No,No
RB00070,Siddhivinayak Temple,Mumbai,Maharashtra,SUV,Economy,Maruti Suzuki Ertiga,7,1970,INR,One Way,1.7,44.2,No,No,Railway Station,Tourist Place,17.9,235,Yes,Yes,4.1,3.2,Available in 20 mins,7 mins,Non-refundable,None,Regional Language,Yes,No,Yes,No,No
RB00071,Mahalaxmi Temple,Mumbai,Maharashtra,Bike,Luxury,Harley-Davidson X440,2,1325,INR,One Way,3,22.1,Yes,Yes,Hotel,Airport,15.6,270,Yes,No,4.5,3.4,Available Now,6 mins,Free cancellation up to 24 hours before pickup,"Umbrella, Bottled Water",N/A,Yes,No,No,No,No
RB00072,Mahalaxmi Temple,Mumbai,Maharashtra,Jeep,Premium,Mahindra Scorpio-N,5,2485,INR,One Way,1.6,40.8,Yes,No,Railway Station,Airport,8.4,150,Yes,Yes,3.9,3.7,Available Now,19 mins,Free cancellation up to 1 hour before pickup,"Bottled Water, Hand Sanitizer","Hindi, English",Yes,Yes,Yes,No,No
RB00073,Mahalaxmi Temple,Mumbai,Maharashtra,Cab,Luxury,Skoda Superb,4,5720,INR,Round Trip,5.6,39.5,Yes,No,Hotel,Hotel,24.9,185,Yes,Yes,3.9,3,Available in 20 mins,16 mins,Free cancellation up to 6 hours before pickup,"Sanitized Vehicle, First Aid Kit","Hindi, English, Regional Language",No,Yes,Yes,No,Yes
RB00074,Haji Ali Dargah,Mumbai,Maharashtra,Tempo Traveller,Premium,Force Tempo Traveller 17-Seater (AC),17,14390,INR,Full Day Rental,8,124.3,No,Yes,Airport,Airport,15.9,200,Yes,Yes,3.8,4,Available in 20 mins,9 mins,Free cancellation up to 6 hours before pickup,"Umbrella, Bottled Water","Hindi, English, Regional Language",No,Yes,Yes,No,No
RB00075,Haji Ali Dargah,Mumbai,Maharashtra,Auto,Economy,Piaggio Ape Auto,3,545,INR,One Way,2,26.4,No,Yes,Railway Station,Airport,19.4,290,Yes,Yes,4,3.4,Available Now,17 mins,Free cancellation up to 24 hours before pickup,First Aid Kit,Regional Language,Yes,No,No,No,No
RB00076,Haji Ali Dargah,Mumbai,Maharashtra,SUV,Premium,Hyundai Creta,7,7700,INR,Full Day Rental,10,98.3,No,No,Hotel,Airport,20.3,130,Yes,Yes,4.5,3.4,Available Now,25 mins,Free cancellation up to 6 hours before pickup,First Aid Kit,"Hindi, English",Yes,Yes,No,No,No
RB00077,Chowpatty Beach,Mumbai,Maharashtra,Auto,Luxury,TVS King Deluxe Auto,3,2010,INR,Round Trip,4.2,41.4,No,No,Railway Station,Tourist Place,16.7,215,Yes,Yes,3.3,3.6,Available in 10 mins,13 mins,50% refund if cancelled within 6 hours of pickup,"Sanitized Vehicle, First Aid Kit",Hindi,No,No,Yes,No,No
RB00078,Chowpatty Beach,Mumbai,Maharashtra,Tempo Traveller,Economy,Force Tempo Traveller 12-Seater (Non-AC),12,5985,INR,Round Trip,3.3,9.4,No,No,Anywhere in City,Airport,27.8,210,Yes,Yes,2.8,4.1,Available in 10 mins,30 mins,Free cancellation up to 6 hours before pickup,Bottled Water,"Hindi, English, Regional Language",No,Yes,No,No,No
RB00079,Chowpatty Beach,Mumbai,Maharashtra,Bike,Economy,TVS Sport,2,275,INR,One Way,0.9,5.9,No,No,Hotel,Hotel,17,190,Yes,No,4.1,4.6,Scheduled Only,27 mins,Free cancellation up to 24 hours before pickup,"Bottled Water, Hand Sanitizer",N/A,Yes,No,No,No,No
RB00080,Essel World,Mumbai,Maharashtra,Bike,Economy,TVS Sport,2,1300,INR,Round Trip,3.1,37.2,Yes,Yes,Railway Station,Airport,22.1,100,No,No,4.3,4.1,Available Now,22 mins,Free cancellation up to 1 hour before pickup,Sanitized Vehicle,N/A,Yes,No,No,No,No
RB00081,Essel World,Mumbai,Maharashtra,Jeep,Premium,Mahindra Scorpio-N,5,12720,INR,Full Day Rental,8,147.5,No,No,Hotel,Hotel,19.6,155,Yes,Yes,4,3,Available in 10 mins,20 mins,Free cancellation up to 24 hours before pickup,"Sanitized Vehicle, First Aid Kit",Hindi,Yes,Yes,Yes,No,No
RB00082,Essel World,Mumbai,Maharashtra,Cab,Economy,Maruti Suzuki WagonR,4,965,INR,One Way,2.2,36.2,Yes,No,Airport,Hotel,13.8,290,No,Yes,4.7,4.3,Scheduled Only,17 mins,Free cancellation up to 24 hours before pickup,"Umbrella, Bottled Water","Hindi, English, Regional Language",Yes,No,Yes,No,No
RB00083,Elephanta Caves,Mumbai,Maharashtra,Jeep,Premium,Mahindra Thar LX 4x4,5,5465,INR,Round Trip,4.8,9.5,Yes,Yes,Hotel,Tourist Place,15.6,285,Yes,Yes,4.3,4.1,Scheduled Only,5 mins,Free cancellation up to 1 hour before pickup,"Bottled Water, Hand Sanitizer",Regional Language,Yes,Yes,Yes,No,No
RB00084,Elephanta Caves,Mumbai,Maharashtra,Cab,Premium,Skoda Slavia,4,6820,INR,Full Day Rental,8,139.6,Yes,No,Railway Station,Tourist Place,16.4,95,Yes,Yes,4.4,3.7,Available in 10 mins,25 mins,Non-refundable,First Aid Kit,"Hindi, English",Yes,Yes,Yes,No,No
RB00085,Elephanta Caves,Mumbai,Maharashtra,Cab,Economy,Maruti Suzuki WagonR,4,4230,INR,Full Day Rental,10,55,Yes,No,Railway Station,Tourist Place,20.5,250,No,Yes,3.1,4.6,Scheduled Only,13 mins,Free cancellation up to 1 hour before pickup,First Aid Kit,"Hindi, English, Regional Language",No,No,Yes,No,No
RB00086,Elephanta Caves,Mumbai,Maharashtra,Bike,Premium,Bajaj Dominar 400,2,1020,INR,One Way,2.5,37.4,Yes,No,Airport,Airport,15.2,180,Yes,No,4.4,3.8,Available Now,27 mins,50% refund if cancelled within 6 hours of pickup,None,N/A,Yes,No,No,No,No
RB00087,Imagicaa,Lonavala,Maharashtra,Tempo Traveller,Premium,Force Tempo Traveller 17-Seater (AC),17,6845,INR,One Way,0.6,30.2,No,No,Hotel,Hotel,17,140,No,Yes,4.6,3.9,Scheduled Only,16 mins,Free cancellation up to 6 hours before pickup,None,English,Yes,Yes,Yes,Yes,No
RB00088,Imagicaa,Lonavala,Maharashtra,SUV,Economy,Mahindra Bolero,7,2850,INR,Round Trip,2.8,22.1,No,No,Hotel,Tourist Place,8.8,270,Yes,Yes,3.9,4.9,Available in 10 mins,18 mins,Free cancellation up to 24 hours before pickup,None,English,Yes,Yes,Yes,No,No
RB00089,Imagicaa,Lonavala,Maharashtra,Bike,Premium,KTM Duke 200,2,920,INR,One Way,2.7,34,Yes,Yes,Railway Station,Airport,21.7,95,Yes,No,4.2,3.2,Scheduled Only,18 mins,50% refund if cancelled within 6 hours of pickup,"Sanitized Vehicle, First Aid Kit",N/A,Yes,No,No,No,No
RB00090,Imagicaa,Lonavala,Maharashtra,Auto,Economy,Piaggio Ape Auto,3,3165,INR,Full Day Rental,12,59,Yes,Yes,Railway Station,Hotel,12.1,110,Yes,Yes,4.3,3.3,Scheduled Only,15 mins,Free cancellation up to 24 hours before pickup,"Reading Light, Bottled Water","Hindi, English, Regional Language",Yes,No,Yes,No,No
RB00091,Bangalore Palace,Bangalore,Karnataka,Auto,Economy,Bajaj RE Compact Auto,3,1680,INR,Round Trip,4.5,38.4,Yes,No,Anywhere in City,Tourist Place,19.6,190,No,Yes,3.9,4.6,Available in 10 mins,11 mins,Free cancellation up to 1 hour before pickup,"Bottled Water, First Aid Kit",English,Yes,No,Yes,No,No
RB00092,Bangalore Palace,Bangalore,Karnataka,Jeep,Economy,Mahindra Thar (Base),4,3725,INR,Round Trip,5.3,35.6,No,Yes,Anywhere in City,Hotel,20.5,255,Yes,Yes,2.6,3.7,Available Now,16 mins,Free cancellation up to 1 hour before pickup,First Aid Kit,English,No,No,Yes,No,No
RB00093,Bangalore Palace,Bangalore,Karnataka,Jeep,Premium,Mahindra Thar LX 4x4,5,3115,INR,One Way,1.9,36.8,No,No,Railway Station,Airport,24.8,265,Yes,Yes,3.8,3.1,Available in 20 mins,29 mins,Free cancellation up to 24 hours before pickup,Sanitized Vehicle,English,No,Yes,Yes,Yes,No
RB00094,Bangalore Palace,Bangalore,Karnataka,Cab,Premium,Skoda Slavia,4,3200,INR,Round Trip,2.3,18.8,No,No,Anywhere in City,Tourist Place,13.6,80,No,Yes,4.7,4.3,Available in 20 mins,29 mins,Free cancellation up to 1 hour before pickup,None,"Hindi, English",Yes,Yes,Yes,Yes,Yes
RB00095,Lalbagh Botanical Garden,Bangalore,Karnataka,Cab,Premium,Hyundai Verna,4,3020,INR,Round Trip,5,40.6,Yes,Yes,Airport,Tourist Place,15.8,350,Yes,Yes,4,4.3,Available in 10 mins,29 mins,50% refund if cancelled within 6 hours of pickup,"Bottled Water, Hand Sanitizer",Regional Language,No,Yes,Yes,No,Yes
RB00096,Lalbagh Botanical Garden,Bangalore,Karnataka,Cab,Economy,Maruti Suzuki Dzire,4,3155,INR,Full Day Rental,8,50.5,No,Yes,Hotel,Airport,13.8,115,No,Yes,4.4,3.8,Available Now,5 mins,50% refund if cancelled within 6 hours of pickup,"Umbrella, Bottled Water",Regional Language,Yes,Yes,No,No,No
RB00097,Lalbagh Botanical Garden,Bangalore,Karnataka,SUV,Economy,Maruti Suzuki Ertiga,7,6430,INR,Full Day Rental,10,111.5,No,No,Airport,Hotel,23.2,120,Yes,Yes,4.2,3.6,Available in 10 mins,9 mins,50% refund if cancelled within 6 hours of pickup,"Bottled Water, Hand Sanitizer",English,Yes,Yes,Yes,No,No
RB00098,Cubbon Park,Bangalore,Karnataka,SUV,Premium,Toyota Innova Crysta,7,8315,INR,Full Day Rental,12,83.1,No,No,Hotel,Hotel,16.5,240,Yes,Yes,4.2,3.6,Scheduled Only,29 mins,Free cancellation up to 6 hours before pickup,"Sanitized Vehicle, First Aid Kit",Regional Language,No,Yes,Yes,No,No
RB00099,Cubbon Park,Bangalore,Karnataka,Tempo Traveller,Economy,Force Tempo Traveller 12-Seater (Non-AC),12,3530,INR,One Way,1.5,42.8,No,No,Hotel,Airport,25.7,245,Yes,Yes,4.4,4.9,Available in 10 mins,19 mins,50% refund if cancelled within 6 hours of pickup,"Sanitized Vehicle, First Aid Kit","Hindi, English, Regional Language",Yes,No,No,No,No
RB00100,Cubbon Park,Bangalore,Karnataka,Cab,Economy,Maruti Suzuki Dzire,4,675,INR,One Way,2.8,13.3,Yes,Yes,Hotel,Airport,10.3,85,Yes,Yes,4.4,3.5,Available in 20 mins,6 mins,50% refund if cancelled within 6 hours of pickup,"Bottled Water, Hand Sanitizer",Hindi,Yes,Yes,Yes,No,No
RB00101,Cubbon Park,Bangalore,Karnataka,Auto,Economy,Piaggio Ape Auto,3,430,INR,One Way,1.9,24,Yes,Yes,Hotel,Hotel,22.6,85,Yes,Yes,4.9,4.9,Available Now,19 mins,Non-refundable,First Aid Kit,Regional Language,Yes,No,Yes,No,No
RB00102,Vidhana Soudha,Bangalore,Karnataka,Cab,Economy,Maruti Suzuki WagonR,4,5355,INR,Full Day Rental,8,139.2,No,Yes,Anywhere in City,Tourist Place,21.1,165,Yes,Yes,4.2,4.1,Available in 20 mins,25 mins,Free cancellation up to 6 hours before pickup,First Aid Kit,"Hindi, English",Yes,Yes,No,No,No
RB00103,Vidhana Soudha,Bangalore,Karnataka,Bike,Economy,Bajaj Platina,2,570,INR,One Way,1.4,12.8,Yes,No,Railway Station,Hotel,11.5,345,Yes,No,2.7,3.2,Available in 10 mins,30 mins,Free cancellation up to 6 hours before pickup,"Sanitized Vehicle, First Aid Kit",N/A,No,No,No,No,No
RB00104,Vidhana Soudha,Bangalore,Karnataka,Jeep,Economy,Mahindra Thar (Base),4,5420,INR,Full Day Rental,10,54.7,Yes,Yes,Railway Station,Tourist Place,22.5,330,Yes,Yes,3.1,3.5,Available Now,8 mins,Free cancellation up to 24 hours before pickup,"Bottled Water, Hand Sanitizer",English,No,Yes,Yes,No,No
RB00105,Vidhana Soudha,Bangalore,Karnataka,Tempo Traveller,Economy,Force Tempo Traveller 12-Seater (Non-AC),12,7575,INR,Round Trip,2.4,38.8,Yes,Yes,Railway Station,Hotel,16.8,145,Yes,Yes,4.6,4.6,Available in 10 mins,2 mins,Non-refundable,"Reading Light, Bottled Water","Hindi, English, Regional Language",Yes,No,Yes,No,No
RB00106,ISKCON Temple Bangalore,Bangalore,Karnataka,SUV,Economy,Maruti Suzuki Ertiga,7,1570,INR,One Way,1.5,11.3,No,Yes,Hotel,Hotel,11.4,255,No,Yes,4.8,3.2,Scheduled Only,3 mins,Free cancellation up to 24 hours before pickup,"Sanitized Vehicle, First Aid Kit","Hindi, English",Yes,Yes,Yes,No,No
RB00107,ISKCON Temple Bangalore,Bangalore,Karnataka,Auto,Economy,Piaggio Ape Auto,3,255,INR,One Way,2,4.5,No,Yes,Hotel,Tourist Place,14.5,195,Yes,Yes,2.9,4.1,Available Now,14 mins,50% refund if cancelled within 6 hours of pickup,"Reading Light, Bottled Water","Hindi, English, Regional Language",No,No,No,No,No
RB00108,ISKCON Temple Bangalore,Bangalore,Karnataka,Tempo Traveller,Economy,Force Tempo Traveller 12-Seater (Non-AC),12,4075,INR,One Way,1,16.4,No,No,Airport,Hotel,17,255,Yes,Yes,4.1,4.5,Available in 10 mins,20 mins,Non-refundable,"Umbrella, Bottled Water",English,No,Yes,Yes,No,No
RB00109,Charminar,Hyderabad,Telangana,Tempo Traveller,Premium,Force Tempo Traveller 17-Seater (AC),17,16505,INR,Full Day Rental,10,144.3,Yes,Yes,Airport,Hotel,25.5,80,No,Yes,4,3.4,Available in 20 mins,3 mins,Free cancellation up to 1 hour before pickup,Sanitized Vehicle,"Hindi, English, Regional Language",Yes,No,Yes,Yes,No
RB00110,Charminar,Hyderabad,Telangana,Cab,Premium,Skoda Slavia,4,3010,INR,Round Trip,3.3,27.6,No,No,Railway Station,Hotel,20,230,No,Yes,4.2,4.2,Available in 10 mins,14 mins,50% refund if cancelled within 6 hours of pickup,"Bottled Water, First Aid Kit",English,Yes,Yes,Yes,No,No
RB00111,Charminar,Hyderabad,Telangana,Auto,Economy,Bajaj RE Compact Auto,3,4060,INR,Full Day Rental,10,102.2,No,Yes,Hotel,Airport,19.4,275,Yes,Yes,4.1,3.1,Available in 20 mins,27 mins,Free cancellation up to 1 hour before pickup,Bottled Water,Hindi,Yes,No,Yes,No,No
RB00112,Charminar,Hyderabad,Telangana,Bike,Economy,Bajaj Platina,2,1255,INR,Round Trip,2.4,25.9,Yes,Yes,Anywhere in City,Hotel,21.6,90,Yes,No,4.2,3.3,Available Now,19 mins,Free cancellation up to 1 hour before pickup,"Umbrella, Bottled Water",N/A,Yes,No,No,No,No
RB00113,Golconda Fort,Hyderabad,Telangana,Bike,Luxury,Royal Enfield Himalayan 450,2,6180,INR,Full Day Rental,8,137.9,No,No,Railway Station,Tourist Place,12,95,Yes,No,4.2,3.2,Available Now,17 mins,Free cancellation up to 24 hours before pickup,"Bottled Water, Hand Sanitizer",N/A,Yes,No,No,No,No
RB00114,Golconda Fort,Hyderabad,Telangana,Auto,Economy,Bajaj RE Compact Auto,3,1310,INR,Round Trip,3.2,38.4,Yes,No,Airport,Tourist Place,23.1,180,Yes,Yes,4.4,4.7,Available Now,3 mins,Free cancellation up to 24 hours before pickup,"Bottled Water, Hand Sanitizer",Hindi,Yes,No,Yes,No,No
RB00115,Golconda Fort,Hyderabad,Telangana,Auto,Economy,Piaggio Ape Auto,3,4535,INR,Full Day Rental,12,86,Yes,No,Railway Station,Hotel,14.7,310,Yes,Yes,4.4,4.4,Available Now,6 mins,Free cancellation up to 1 hour before pickup,"Reading Light, Bottled Water",English,Yes,No,No,No,No
RB00116,Golconda Fort,Hyderabad,Telangana,SUV,Economy,Maruti Suzuki Ertiga,7,5795,INR,Full Day Rental,12,87.9,Yes,Yes,Anywhere in City,Airport,14.8,170,Yes,Yes,4.8,4.2,Available Now,27 mins,Non-refundable,"Bottled Water, Hand Sanitizer","Hindi, English",Yes,Yes,Yes,No,No
RB00117,Hussain Sagar Lake,Hyderabad,Telangana,SUV,Premium,Mahindra XUV700,7,5095,INR,Round Trip,3.1,39.9,Yes,No,Anywhere in City,Hotel,18.5,265,Yes,Yes,4.9,3.5,Scheduled Only,10 mins,50% refund if cancelled within 6 hours of pickup,Bottled Water,Regional Language,Yes,No,Yes,No,No
RB00118,Hussain Sagar Lake,Hyderabad,Telangana,SUV,Economy,Chevrolet Tavera,7,3420,INR,Round Trip,3.3,35.5,No,Yes,Anywhere in City,Airport,16.2,220,Yes,Yes,4.7,3.6,Available Now,14 mins,Free cancellation up to 24 hours before pickup,None,"Hindi, English, Regional Language",Yes,Yes,Yes,No,No
RB00119,Hussain Sagar Lake,Hyderabad,Telangana,Tempo Traveller,Economy,Force Tempo Traveller 12-Seater (Non-AC),12,11695,INR,Full Day Rental,10,61.9,Yes,Yes,Airport,Tourist Place,24.8,200,No,Yes,4.5,3.3,Available in 20 mins,25 mins,Free cancellation up to 1 hour before pickup,"Bottled Water, First Aid Kit",Hindi,Yes,Yes,Yes,No,No
RB00120,Ramoji Film City,Hyderabad,Telangana,Auto,Economy,Piaggio Ape Auto,3,2930,INR,Full Day Rental,12,42.2,Yes,Yes,Railway Station,Airport,21.7,160,No,Yes,4.3,4.7,Scheduled Only,10 mins,Free cancellation up to 24 hours before pickup,"Reading Light, Bottled Water",Regional Language,Yes,No,Yes,No,No
RB00121,Ramoji Film City,Hyderabad,Telangana,Jeep,Economy,Force Gurkha,4,7785,INR,Full Day Rental,12,111.2,No,No,Railway Station,Tourist Place,12.4,270,No,Yes,4,3.5,Available Now,27 mins,Free cancellation up to 6 hours before pickup,"Sanitized Vehicle, First Aid Kit",Regional Language,Yes,No,Yes,No,No
RB00122,Ramoji Film City,Hyderabad,Telangana,Jeep,Economy,Mahindra Thar (Base),4,8690,INR,Full Day Rental,12,117.9,No,No,Railway Station,Hotel,22.3,315,Yes,Yes,4,4.5,Available Now,26 mins,Free cancellation up to 24 hours before pickup,"Umbrella, Bottled Water",Hindi,Yes,Yes,Yes,No,No
RB00123,Ramoji Film City,Hyderabad,Telangana,Auto,Premium,Mahindra Treo Auto,3,710,INR,One Way,2.7,22.8,Yes,Yes,Anywhere in City,Airport,13.1,95,No,Yes,4,5,Scheduled Only,6 mins,50% refund if cancelled within 6 hours of pickup,Sanitized Vehicle,Hindi,Yes,No,Yes,No,No
RB00124,Salar Jung Museum,Hyderabad,Telangana,Auto,Economy,Bajaj RE Compact Auto,3,585,INR,One Way,0.9,27.2,No,No,Anywhere in City,Tourist Place,24.4,185,Yes,Yes,4.2,4.8,Available Now,8 mins,Free cancellation up to 1 hour before pickup,Bottled Water,English,Yes,No,Yes,No,No
RB00125,Salar Jung Museum,Hyderabad,Telangana,Tempo Traveller,Economy,Force Tempo Traveller 12-Seater (Non-AC),12,4010,INR,One Way,0.6,5.7,No,No,Airport,Tourist Place,34.9,210,No,Yes,4.9,3,Available in 10 mins,25 mins,Free cancellation up to 24 hours before pickup,First Aid Kit,Hindi,Yes,Yes,Yes,No,No
RB00126,Salar Jung Museum,Hyderabad,Telangana,Jeep,Economy,Mahindra Thar (Base),4,8385,INR,Full Day Rental,12,149.4,Yes,No,Anywhere in City,Tourist Place,10.1,150,No,Yes,4.6,3.6,Available Now,23 mins,Free cancellation up to 6 hours before pickup,"Bottled Water, First Aid Kit","Hindi, English, Regional Language",Yes,No,Yes,No,No
RB00127,Salar Jung Museum,Hyderabad,Telangana,Auto,Economy,Bajaj RE Compact Auto,3,620,INR,Round Trip,2.8,11.3,No,No,Airport,Hotel,17.3,325,Yes,Yes,4.1,4.3,Available Now,28 mins,Free cancellation up to 6 hours before pickup,"Reading Light, Bottled Water",English,Yes,No,No,No,No
RB00128,Qutb Shahi Tombs,Hyderabad,Telangana,SUV,Economy,Mahindra Bolero,7,2310,INR,Round Trip,2.4,22.5,No,No,Hotel,Hotel,22.5,320,Yes,Yes,4.6,3.7,Scheduled Only,21 mins,50% refund if cancelled within 6 hours of pickup,"Bottled Water, Hand Sanitizer",Regional Language,Yes,No,Yes,No,No
RB00129,Qutb Shahi Tombs,Hyderabad,Telangana,Cab,Premium,Hyundai Verna,4,6795,INR,Full Day Rental,8,137.5,Yes,Yes,Anywhere in City,Airport,16.2,235,Yes,Yes,4.7,3.1,Available in 10 mins,17 mins,Non-refundable,"Bottled Water, Hand Sanitizer","Hindi, English",Yes,Yes,Yes,No,Yes
RB00130,Qutb Shahi Tombs,Hyderabad,Telangana,Auto,Premium,Bajaj RE Electric Auto,3,1405,INR,Round Trip,3,30.8,Yes,Yes,Airport,Airport,22.4,310,No,Yes,4.4,3.7,Available in 20 mins,3 mins,Free cancellation up to 6 hours before pickup,First Aid Kit,"Hindi, English, Regional Language",Yes,No,Yes,No,No
RB00131,Qutb Shahi Tombs,Hyderabad,Telangana,Bike,Economy,TVS Sport,2,910,INR,Round Trip,4,6.7,Yes,Yes,Anywhere in City,Tourist Place,8.6,230,No,No,3.6,4,Available in 10 mins,22 mins,Non-refundable,"Umbrella, Bottled Water",N/A,No,No,No,No,No
RB00132,Birla Mandir,Hyderabad,Telangana,SUV,Economy,Chevrolet Tavera,7,5825,INR,Full Day Rental,12,92,Yes,Yes,Railway Station,Tourist Place,22.1,340,Yes,Yes,4.6,4.8,Scheduled Only,6 mins,Non-refundable,"Bottled Water, Hand Sanitizer",Regional Language,Yes,No,Yes,No,No
RB00133,Birla Mandir,Hyderabad,Telangana,Auto,Premium,Bajaj RE Electric Auto,3,3930,INR,Full Day Rental,10,77.2,Yes,No,Anywhere in City,Airport,18,215,No,Yes,4.7,4.9,Available Now,17 mins,Free cancellation up to 6 hours before pickup,Sanitized Vehicle,"Hindi, English, Regional Language",Yes,No,Yes,No,No
RB00134,Birla Mandir,Hyderabad,Telangana,Jeep,Premium,Mahindra Scorpio-N,5,13270,INR,Full Day Rental,10,137,No,No,Railway Station,Tourist Place,15.7,115,Yes,Yes,4.7,4.7,Available Now,29 mins,50% refund if cancelled within 6 hours of pickup,None,English,Yes,Yes,Yes,No,No
RB00135,Chowmahalla Palace,Hyderabad,Telangana,Auto,Economy,Piaggio Ape Auto,3,4665,INR,Full Day Rental,12,92.8,No,No,Hotel,Airport,9.8,185,Yes,Yes,4.1,5,Available in 20 mins,6 mins,Free cancellation up to 1 hour before pickup,"Bottled Water, First Aid Kit",English,Yes,No,No,No,No
RB00136,Chowmahalla Palace,Hyderabad,Telangana,Cab,Premium,Skoda Slavia,4,6750,INR,Full Day Rental,8,101.8,No,Yes,Anywhere in City,Tourist Place,15.1,295,Yes,Yes,2.6,3.5,Available Now,29 mins,Non-refundable,First Aid Kit,Regional Language,No,No,Yes,No,No
RB00137,Chowmahalla Palace,Hyderabad,Telangana,Jeep,Luxury,Jeep Wrangler,5,4790,INR,One Way,2.3,43.4,No,Yes,Airport,Airport,22.4,80,Yes,Yes,2.6,3.6,Available Now,26 mins,Free cancellation up to 6 hours before pickup,"Bottled Water, First Aid Kit","Hindi, English",No,No,Yes,Yes,No
RB00138,Chowmahalla Palace,Hyderabad,Telangana,Cab,Economy,Maruti Suzuki WagonR,4,690,INR,One Way,1.8,20.5,No,No,Railway Station,Tourist Place,11.7,285,Yes,Yes,3.9,3,Available in 20 mins,16 mins,Free cancellation up to 24 hours before pickup,First Aid Kit,Hindi,No,No,Yes,No,No
RB00139,Nehru Zoological Park,Hyderabad,Telangana,Jeep,Economy,Force Gurkha,4,7930,INR,Full Day Rental,10,128.3,No,Yes,Hotel,Hotel,24.5,290,Yes,Yes,4.1,4.5,Scheduled Only,28 mins,Free cancellation up to 1 hour before pickup,First Aid Kit,"Hindi, English, Regional Language",Yes,No,No,No,No
RB00140,Nehru Zoological Park,Hyderabad,Telangana,SUV,Economy,Chevrolet Tavera,7,2015,INR,Round Trip,2.3,4.6,Yes,No,Anywhere in City,Tourist Place,15.7,190,Yes,Yes,3.9,4.3,Available Now,4 mins,Free cancellation up to 6 hours before pickup,Bottled Water,Hindi,Yes,Yes,Yes,No,Yes
RB00141,Nehru Zoological Park,Hyderabad,Telangana,SUV,Economy,Mahindra Bolero,7,2825,INR,Round Trip,4.6,19.6,No,No,Airport,Tourist Place,19.5,325,No,Yes,4.2,4.1,Available Now,6 mins,Free cancellation up to 1 hour before pickup,Bottled Water,Hindi,Yes,Yes,Yes,No,No
RB00142,Lumbini Park,Hyderabad,Telangana,Cab,Economy,Maruti Suzuki WagonR,4,3495,INR,Full Day Rental,8,55.7,Yes,Yes,Anywhere in City,Airport,17.3,160,Yes,Yes,4.7,4.9,Available in 20 mins,6 mins,Free cancellation up to 24 hours before pickup,"Bottled Water, Hand Sanitizer",Regional Language,Yes,No,No,No,No
RB00143,Lumbini Park,Hyderabad,Telangana,Cab,Premium,Honda City,4,6765,INR,Full Day Rental,10,102.4,Yes,No,Railway Station,Tourist Place,10.3,280,No,Yes,4.2,4,Available Now,7 mins,Free cancellation up to 6 hours before pickup,"Bottled Water, Hand Sanitizer",Regional Language,Yes,No,Yes,No,Yes
RB00144,Lumbini Park,Hyderabad,Telangana,Bike,Premium,Bajaj Dominar 400,2,3460,INR,Full Day Rental,12,43.4,Yes,No,Anywhere in City,Airport,21.2,180,Yes,No,4.1,4,Available Now,14 mins,50% refund if cancelled within 6 hours of pickup,None,N/A,Yes,No,No,No,No
RB00145,Victoria Memorial,Kolkata,West Bengal,Tempo Traveller,Premium,Force Tempo Traveller 17-Seater (AC),17,10175,INR,Round Trip,4.3,9.7,No,No,Hotel,Hotel,30.2,145,Yes,Yes,4.6,4.8,Available in 20 mins,14 mins,Non-refundable,"Reading Light, Bottled Water",Hindi,Yes,Yes,Yes,Yes,No
RB00146,Victoria Memorial,Kolkata,West Bengal,Cab,Premium,Skoda Slavia,4,1595,INR,One Way,1.4,18.8,No,No,Airport,Airport,14.9,300,Yes,Yes,4,4,Available in 10 mins,16 mins,Free cancellation up to 24 hours before pickup,First Aid Kit,Hindi,No,Yes,Yes,Yes,Yes
RB00147,Victoria Memorial,Kolkata,West Bengal,Auto,Economy,Piaggio Ape Auto,3,2340,INR,Full Day Rental,12,52.5,No,Yes,Airport,Hotel,10.2,240,Yes,Yes,4.9,3.1,Available in 20 mins,7 mins,Free cancellation up to 6 hours before pickup,"Sanitized Vehicle, First Aid Kit","Hindi, English, Regional Language",Yes,No,No,No,No
RB00148,Howrah Bridge,Kolkata,West Bengal,SUV,Economy,Mahindra Bolero,7,3115,INR,Round Trip,5.3,10.2,Yes,No,Airport,Airport,19.7,330,Yes,Yes,4.3,3.2,Available in 10 mins,18 mins,Free cancellation up to 6 hours before pickup,"Sanitized Vehicle, First Aid Kit",English,Yes,No,Yes,No,No
RB00149,Howrah Bridge,Kolkata,West Bengal,SUV,Economy,Maruti Suzuki Ertiga,7,7565,INR,Full Day Rental,8,99.3,No,No,Hotel,Airport,17,140,No,Yes,3.1,4.6,Available Now,5 mins,Non-refundable,Sanitized Vehicle,Regional Language,No,Yes,Yes,No,No
RB00150,Howrah Bridge,Kolkata,West Bengal,Jeep,Economy,Mahindra Thar (Base),4,7055,INR,Full Day Rental,12,97.5,No,No,Railway Station,Hotel,10.6,255,Yes,Yes,3.2,4.2,Scheduled Only,26 mins,Free cancellation up to 24 hours before pickup,"Sanitized Vehicle, First Aid Kit","Hindi, English, Regional Language",No,No,Yes,No,No
RB00151,Howrah Bridge,Kolkata,West Bengal,Auto,Premium,Mahindra Treo Auto,3,3365,INR,Full Day Rental,12,55.2,Yes,Yes,Airport,Airport,14.8,170,Yes,Yes,4.6,3.8,Available Now,27 mins,Free cancellation up to 1 hour before pickup,Sanitized Vehicle,"Hindi, English",Yes,No,No,No,No
RB00152,Indian Museum,Kolkata,West Bengal,SUV,Economy,Maruti Suzuki Ertiga,7,5935,INR,Full Day Rental,10,44.2,No,Yes,Airport,Airport,16.4,85,No,Yes,3.4,3.1,Available Now,18 mins,Free cancellation up to 6 hours before pickup,First Aid Kit,"Hindi, English, Regional Language",No,Yes,Yes,No,Yes
RB00153,Indian Museum,Kolkata,West Bengal,Auto,Luxury,TVS King Deluxe Auto,3,1540,INR,Round Trip,3.6,31.1,Yes,No,Railway Station,Tourist Place,24.4,155,Yes,Yes,4.9,3,Available in 10 mins,15 mins,Free cancellation up to 6 hours before pickup,"Bottled Water, Hand Sanitizer","Hindi, English, Regional Language",Yes,No,Yes,No,No
RB00154,Indian Museum,Kolkata,West Bengal,SUV,Premium,Hyundai Creta,7,8760,INR,Full Day Rental,12,129.4,No,Yes,Railway Station,Tourist Place,19.6,320,No,Yes,4.1,4.3,Available in 10 mins,23 mins,Free cancellation up to 24 hours before pickup,"Umbrella, Bottled Water","Hindi, English",Yes,No,Yes,Yes,No
RB00155,Dakshineswar Kali Temple,Kolkata,West Bengal,Cab,Premium,Hyundai Verna,4,1405,INR,One Way,0.9,26.3,Yes,Yes,Anywhere in City,Airport,11.4,280,No,Yes,4,4.7,Available in 20 mins,6 mins,Free cancellation up to 1 hour before pickup,"Bottled Water, Hand Sanitizer",Hindi,Yes,No,Yes,No,No
RB00156,Dakshineswar Kali Temple,Kolkata,West Bengal,SUV,Economy,Mahindra Bolero,7,3320,INR,Round Trip,5.5,40.7,No,No,Airport,Airport,10.2,220,Yes,Yes,2.6,3.8,Available in 10 mins,16 mins,Free cancellation up to 1 hour before pickup,None,"Hindi, English",No,Yes,Yes,No,No
RB00157,Dakshineswar Kali Temple,Kolkata,West Bengal,SUV,Economy,Chevrolet Tavera,7,2415,INR,Round Trip,3.1,10.9,Yes,No,Anywhere in City,Hotel,15.1,285,Yes,Yes,4.3,3.3,Available Now,23 mins,Free cancellation up to 24 hours before pickup,"Bottled Water, Hand Sanitizer",Regional Language,Yes,No,Yes,No,No
RB00158,Kalighat Kali Temple,Kolkata,West Bengal,Auto,Premium,Bajaj RE Electric Auto,3,1685,INR,Round Trip,6,24,No,No,Railway Station,Airport,22.6,95,Yes,Yes,4.1,4,Available Now,16 mins,50% refund if cancelled within 6 hours of pickup,"Bottled Water, First Aid Kit",Regional Language,Yes,No,Yes,No,No
RB00159,Kalighat Kali Temple,Kolkata,West Bengal,Cab,Economy,Maruti Suzuki Dzire,4,2200,INR,Round Trip,5.9,39.4,Yes,No,Railway Station,Tourist Place,19.4,210,No,Yes,3.1,3.9,Available in 10 mins,29 mins,Free cancellation up to 24 hours before pickup,"Umbrella, Bottled Water","Hindi, English",No,No,Yes,No,No
RB00160,Kalighat Kali Temple,Kolkata,West Bengal,Auto,Economy,Piaggio Ape Auto,3,1390,INR,Round Trip,4.8,30.4,No,No,Anywhere in City,Hotel,11.1,85,No,Yes,4.9,4.5,Available in 10 mins,7 mins,Non-refundable,"Bottled Water, Hand Sanitizer",Hindi,Yes,No,Yes,No,No
RB00161,Eden Gardens,Kolkata,West Bengal,Bike,Premium,Bajaj Dominar 400,2,550,INR,One Way,2,7.4,Yes,Yes,Railway Station,Tourist Place,18.7,115,No,Yes,4.8,4.7,Scheduled Only,29 mins,Free cancellation up to 6 hours before pickup,"Bottled Water, First Aid Kit","Hindi, English, Regional Language",Yes,No,No,No,No
RB00162,Eden Gardens,Kolkata,West Bengal,Auto,Premium,Mahindra Treo Auto,3,5425,INR,Full Day Rental,12,122.4,No,No,Airport,Hotel,15.5,180,Yes,Yes,3.8,4.7,Available in 20 mins,11 mins,Non-refundable,None,Hindi,Yes,No,Yes,No,No
RB00163,Eden Gardens,Kolkata,West Bengal,Cab,Economy,Hyundai Xcent,4,2195,INR,Round Trip,5.2,28.1,No,No,Airport,Hotel,20.2,255,No,Yes,3.9,3.5,Available Now,27 mins,50% refund if cancelled within 6 hours of pickup,"Bottled Water, First Aid Kit","Hindi, English, Regional Language",Yes,No,Yes,No,No
RB00164,Alipore Zoological Gardens,Kolkata,West Bengal,Auto,Premium,Mahindra Treo Auto,3,1480,INR,Round Trip,4,32.4,Yes,Yes,Hotel,Tourist Place,12.6,275,No,Yes,4,3.4,Scheduled Only,11 mins,Non-refundable,"Umbrella, Bottled Water","Hindi, English",Yes,No,Yes,No,No
RB00165,Alipore Zoological Gardens,Kolkata,West Bengal,Cab,Premium,Honda City,4,1495,INR,One Way,1.5,14.2,No,No,Hotel,Hotel,24.6,275,Yes,Yes,2.9,3.4,Available Now,18 mins,Free cancellation up to 24 hours before pickup,"Reading Light, Bottled Water","Hindi, English",No,No,Yes,No,No
RB00166,Alipore Zoological Gardens,Kolkata,West Bengal,Tempo Traveller,Economy,Force Tempo Traveller 12-Seater (Non-AC),12,3770,INR,One Way,0.6,18.1,No,No,Hotel,Hotel,30.9,240,Yes,Yes,5,4.6,Scheduled Only,24 mins,Free cancellation up to 6 hours before pickup,Sanitized Vehicle,Regional Language,Yes,No,Yes,No,No
RB00167,Science City Kolkata,Kolkata,West Bengal,SUV,Luxury,Land Rover Discovery Sport,7,4875,INR,One Way,2.1,5.5,Yes,No,Railway Station,Tourist Place,20.5,85,Yes,Yes,4.1,4,Scheduled Only,19 mins,50% refund if cancelled within 6 hours of pickup,None,"Hindi, English",Yes,Yes,Yes,No,No
RB00168,Science City Kolkata,Kolkata,West Bengal,Bike,Economy,Hero Splendor Plus,2,880,INR,Round Trip,3.1,15.4,No,Yes,Hotel,Airport,22.6,290,Yes,No,4.4,3.4,Scheduled Only,26 mins,Free cancellation up to 6 hours before pickup,Sanitized Vehicle,N/A,Yes,No,No,No,No
RB00169,Science City Kolkata,Kolkata,West Bengal,Tempo Traveller,Economy,Force Tempo Traveller 12-Seater (Non-AC),12,2720,INR,One Way,2.1,7,Yes,Yes,Hotel,Tourist Place,18.8,90,Yes,Yes,4.4,4.4,Available in 20 mins,3 mins,50% refund if cancelled within 6 hours of pickup,First Aid Kit,"Hindi, English, Regional Language",Yes,No,Yes,No,No
RB00170,Belur Math,Kolkata,West Bengal,Tempo Traveller,Economy,Force Tempo Traveller 12-Seater (Non-AC),12,6615,INR,Round Trip,5.8,26.4,No,Yes,Hotel,Tourist Place,16.6,140,Yes,Yes,4.1,3.4,Available Now,23 mins,Free cancellation up to 24 hours before pickup,Sanitized Vehicle,"Hindi, English, Regional Language",Yes,No,Yes,No,No
RB00171,Belur Math,Kolkata,West Bengal,Bike,Premium,Bajaj Dominar 400,2,3570,INR,Full Day Rental,8,87,No,Yes,Anywhere in City,Tourist Place,23.3,230,No,No,4.6,3.6,Available in 10 mins,20 mins,Free cancellation up to 6 hours before pickup,First Aid Kit,N/A,Yes,No,No,No,No
RB00172,Belur Math,Kolkata,West Bengal,Cab,Economy,Hyundai Xcent,4,1580,INR,Round Trip,2,43.3,Yes,No,Hotel,Tourist Place,24.7,140,Yes,Yes,4.1,3.6,Available Now,18 mins,Free cancellation up to 6 hours before pickup,Sanitized Vehicle,Hindi,No,Yes,Yes,No,Yes
RB00173,Marble Palace,Kolkata,West Bengal,Bike,Economy,Bajaj Platina,2,485,INR,One Way,1.9,27,No,Yes,Anywhere in City,Airport,19.9,300,Yes,No,4.8,3.2,Available Now,26 mins,50% refund if cancelled within 6 hours of pickup,"Umbrella, Bottled Water",N/A,Yes,No,No,No,No
RB00174,Marble Palace,Kolkata,West Bengal,Tempo Traveller,Premium,Force Tempo Traveller 17-Seater (AC),17,19645,INR,Full Day Rental,12,111.8,Yes,No,Hotel,Tourist Place,25.8,120,Yes,Yes,3.9,5,Scheduled Only,26 mins,Free cancellation up to 6 hours before pickup,None,Hindi,Yes,Yes,Yes,No,No
RB00175,Marble Palace,Kolkata,West Bengal,SUV,Economy,Chevrolet Tavera,7,1510,INR,One Way,1.2,26,Yes,No,Airport,Tourist Place,14.7,235,Yes,Yes,3.4,3.1,Scheduled Only,12 mins,Free cancellation up to 6 hours before pickup,"Bottled Water, Hand Sanitizer",Hindi,No,No,Yes,No,No
RB00176,Calangute Beach,Goa,Goa,Cab,Premium,Honda City,4,2875,INR,Round Trip,6,28.9,Yes,Yes,Railway Station,Hotel,20.9,310,Yes,Yes,4.9,4.7,Available in 20 mins,2 mins,50% refund if cancelled within 6 hours of pickup,"Bottled Water, Hand Sanitizer",Regional Language,Yes,Yes,Yes,Yes,No
RB00177,Calangute Beach,Goa,Goa,Bike,Economy,TVS Sport,2,4845,INR,Full Day Rental,12,149.2,Yes,No,Airport,Hotel,12.8,295,Yes,Yes,3.8,4.3,Available in 20 mins,29 mins,Free cancellation up to 1 hour before pickup,Bottled Water,Regional Language,Yes,No,No,No,No
RB00178,Calangute Beach,Goa,Goa,Auto,Luxury,TVS King Deluxe Auto,3,1595,INR,Round Trip,4.4,23.4,Yes,Yes,Airport,Airport,13.2,210,No,Yes,4.6,4.3,Available in 10 mins,18 mins,50% refund if cancelled within 6 hours of pickup,Bottled Water,Regional Language,Yes,No,No,No,No
RB00179,Basilica of Bom Jesus,Goa,Goa,Bike,Economy,Bajaj Platina,2,3645,INR,Full Day Rental,12,55.1,Yes,No,Airport,Airport,10.6,340,No,No,4,4.2,Available in 10 mins,29 mins,Free cancellation up to 24 hours before pickup,"Bottled Water, First Aid Kit",N/A,Yes,No,No,No,No
RB00180,Basilica of Bom Jesus,Goa,Goa,Bike,Economy,Hero Splendor Plus,2,5505,INR,Full Day Rental,8,142.6,Yes,Yes,Railway Station,Hotel,20.4,285,No,No,4.3,4.9,Available in 20 mins,6 mins,Free cancellation up to 24 hours before pickup,"Bottled Water, Hand Sanitizer",N/A,Yes,No,No,No,No
RB00181,Basilica of Bom Jesus,Goa,Goa,SUV,Premium,Mahindra XUV700,7,8080,INR,Full Day Rental,12,69.4,Yes,No,Hotel,Airport,21.3,115,No,Yes,4.6,4.7,Scheduled Only,17 mins,Free cancellation up to 24 hours before pickup,Sanitized Vehicle,English,Yes,Yes,Yes,No,No
RB00182,Fort Aguada,Goa,Goa,Auto,Economy,Piaggio Ape Auto,3,4445,INR,Full Day Rental,10,93.9,Yes,No,Railway Station,Tourist Place,18.4,280,Yes,Yes,4.9,4,Scheduled Only,16 mins,Free cancellation up to 1 hour before pickup,First Aid Kit,"Hindi, English, Regional Language",Yes,No,Yes,No,No
RB00183,Fort Aguada,Goa,Goa,SUV,Economy,Chevrolet Tavera,7,1710,INR,One Way,1.6,11,Yes,No,Railway Station,Airport,23.6,265,No,Yes,4.6,4.4,Available Now,7 mins,Free cancellation up to 6 hours before pickup,None,English,Yes,Yes,Yes,No,Yes
RB00184,Fort Aguada,Goa,Goa,Auto,Premium,Bajaj RE Electric Auto,3,1320,INR,Round Trip,4.6,16.6,Yes,Yes,Anywhere in City,Airport,14.2,220,Yes,Yes,3.4,3.8,Scheduled Only,3 mins,Free cancellation up to 24 hours before pickup,"Umbrella, Bottled Water","Hindi, English, Regional Language",No,No,No,No,No
RB00185,Dudhsagar Falls,Goa,Goa,Auto,Premium,Bajaj RE Electric Auto,3,1230,INR,Round Trip,4.9,15.9,Yes,Yes,Hotel,Airport,21,85,Yes,Yes,4.8,4.8,Available in 10 mins,8 mins,Free cancellation up to 6 hours before pickup,"Reading Light, Bottled Water","Hindi, English",Yes,No,Yes,No,No
RB00186,Dudhsagar Falls,Goa,Goa,Bike,Economy,TVS Sport,2,1195,INR,Round Trip,4.2,29,No,Yes,Airport,Hotel,19.3,305,Yes,No,4.3,3.3,Available in 20 mins,21 mins,Free cancellation up to 6 hours before pickup,None,N/A,Yes,No,No,No,No
RB00187,Dudhsagar Falls,Goa,Goa,Cab,Luxury,Toyota Camry,4,6665,INR,Round Trip,5.6,16.6,Yes,No,Anywhere in City,Hotel,10.1,310,Yes,Yes,4.1,4.2,Available Now,20 mins,Free cancellation up to 6 hours before pickup,"Bottled Water, Hand Sanitizer","Hindi, English",Yes,No,Yes,No,No
RB00188,Anjuna Beach,Goa,Goa,Bike,Economy,TVS Sport,2,1705,INR,Round Trip,4.5,41.9,Yes,Yes,Railway Station,Hotel,8,85,Yes,Yes,3.9,3.8,Available in 20 mins,13 mins,Free cancellation up to 6 hours before pickup,First Aid Kit,Hindi,No,No,No,No,No
RB00189,Anjuna Beach,Goa,Goa,Auto,Economy,Bajaj RE Compact Auto,3,885,INR,Round Trip,4.2,15.6,No,Yes,Airport,Hotel,13.6,170,Yes,Yes,3.9,3.3,Available in 10 mins,22 mins,Non-refundable,None,Regional Language,No,No,Yes,No,No
RB00190,Anjuna Beach,Goa,Goa,Cab,Premium,Skoda Slavia,4,3035,INR,Round Trip,2.1,26.3,No,Yes,Airport,Tourist Place,22.3,170,Yes,Yes,4,3.8,Available Now,5 mins,50% refund if cancelled within 6 hours of pickup,"Umbrella, Bottled Water",Hindi,Yes,Yes,Yes,No,No
RB00191,Chapora Fort,Goa,Goa,Auto,Economy,Piaggio Ape Auto,3,570,INR,One Way,2.8,35.7,Yes,Yes,Railway Station,Tourist Place,20.5,220,No,Yes,4.8,4.4,Available in 10 mins,8 mins,Free cancellation up to 1 hour before pickup,"Reading Light, Bottled Water","Hindi, English",Yes,No,Yes,No,No
RB00192,Chapora Fort,Goa,Goa,SUV,Economy,Maruti Suzuki Ertiga,7,7450,INR,Full Day Rental,8,133.3,No,Yes,Railway Station,Airport,23.2,165,Yes,Yes,4.2,4.3,Available in 20 mins,6 mins,Free cancellation up to 24 hours before pickup,"Bottled Water, First Aid Kit",Hindi,Yes,Yes,Yes,No,No
RB00193,Chapora Fort,Goa,Goa,Cab,Economy,Hyundai Xcent,4,1155,INR,One Way,2.5,42.6,No,No,Hotel,Hotel,8.5,325,Yes,Yes,3.9,3.4,Available Now,30 mins,Free cancellation up to 6 hours before pickup,"Reading Light, Bottled Water","Hindi, English, Regional Language",Yes,Yes,Yes,No,Yes
RB00194,Se Cathedral,Goa,Goa,Bike,Economy,TVS Sport,2,885,INR,Round Trip,3.2,7.1,Yes,Yes,Railway Station,Tourist Place,14.7,270,Yes,No,3.3,3.1,Available Now,13 mins,Non-refundable,"Reading Light, Bottled Water",N/A,No,No,No,No,No
RB00195,Se Cathedral,Goa,Goa,Cab,Premium,Skoda Slavia,4,1255,INR,One Way,2.3,20,No,No,Anywhere in City,Airport,15,250,Yes,Yes,3.2,3.4,Available Now,15 mins,Non-refundable,"Umbrella, Bottled Water","Hindi, English, Regional Language",No,No,Yes,No,No
RB00196,Se Cathedral,Goa,Goa,Jeep,Premium,Mahindra Scorpio-N,5,4850,INR,Round Trip,5.3,26.3,Yes,No,Railway Station,Tourist Place,19,95,Yes,Yes,4.5,4.3,Available Now,26 mins,Free cancellation up to 24 hours before pickup,Sanitized Vehicle,"Hindi, English",Yes,Yes,Yes,No,Yes
RB00197,Se Cathedral,Goa,Goa,Jeep,Premium,Mahindra Scorpio-N,5,6880,INR,Round Trip,5.7,33.1,No,Yes,Railway Station,Hotel,14.3,230,Yes,Yes,4.8,3.2,Available in 20 mins,29 mins,Free cancellation up to 1 hour before pickup,First Aid Kit,"Hindi, English",Yes,No,Yes,No,No
RB00198,Baga Beach,Goa,Goa,Jeep,Premium,Mahindra Scorpio-N,5,3290,INR,One Way,1.5,10.9,Yes,Yes,Hotel,Hotel,19,120,No,Yes,5,3.2,Scheduled Only,29 mins,Non-refundable,"Sanitized Vehicle, First Aid Kit","Hindi, English, Regional Language",Yes,Yes,Yes,No,No
RB00199,Baga Beach,Goa,Goa,Auto,Economy,Bajaj RE Compact Auto,3,3880,INR,Full Day Rental,12,94.8,No,Yes,Hotel,Airport,16.2,180,Yes,Yes,2.6,4.5,Available in 20 mins,16 mins,Free cancellation up to 6 hours before pickup,"Bottled Water, Hand Sanitizer","Hindi, English, Regional Language",No,No,No,No,No
RB00200,Baga Beach,Goa,Goa,Jeep,Premium,Mahindra Thar LX 4x4,5,8860,INR,Full Day Rental,12,109.7,Yes,No,Anywhere in City,Airport,23.4,235,Yes,Yes,5,3.6,Available Now,24 mins,Free cancellation up to 6 hours before pickup,"Bottled Water, First Aid Kit","Hindi, English, Regional Language",Yes,Yes,Yes,No,No
RB00201,Arambol Beach,Goa,Goa,Cab,Economy,Maruti Suzuki Dzire,4,3370,INR,Full Day Rental,10,48.5,No,Yes,Hotel,Airport,11,240,Yes,Yes,4.8,4.6,Available in 10 mins,17 mins,Free cancellation up to 24 hours before pickup,None,Hindi,Yes,Yes,Yes,No,Yes
RB00202,Arambol Beach,Goa,Goa,Jeep,Economy,Force Gurkha,4,7865,INR,Full Day Rental,8,110.1,No,Yes,Hotel,Hotel,15.9,210,Yes,Yes,4.1,3.8,Scheduled Only,17 mins,50% refund if cancelled within 6 hours of pickup,Sanitized Vehicle,"Hindi, English, Regional Language",No,No,Yes,No,No
RB00203,Arambol Beach,Goa,Goa,Cab,Premium,Honda City,4,2130,INR,One Way,2.1,41.5,No,No,Railway Station,Tourist Place,21.6,150,Yes,Yes,4.6,4.5,Available Now,26 mins,Free cancellation up to 24 hours before pickup,None,Regional Language,Yes,No,No,No,Yes
RB00204,Arambol Beach,Goa,Goa,Auto,Economy,Bajaj RE Compact Auto,3,2945,INR,Full Day Rental,8,89.1,Yes,Yes,Airport,Airport,18.8,270,Yes,Yes,2.7,4.5,Available Now,27 mins,Free cancellation up to 24 hours before pickup,"Bottled Water, Hand Sanitizer",English,No,No,Yes,No,No
RB00205,Palolem Beach,Goa,Goa,Tempo Traveller,Luxury,Force Urbania Luxury Van,13,17535,INR,Round Trip,4.7,32.1,No,Yes,Anywhere in City,Tourist Place,21.7,95,No,Yes,4.3,5,Available in 10 mins,21 mins,Non-refundable,Sanitized Vehicle,"Hindi, English",Yes,Yes,Yes,No,No
RB00206,Palolem Beach,Goa,Goa,SUV,Premium,Toyota Innova Crysta,7,2020,INR,One Way,1.9,6.1,Yes,Yes,Hotel,Airport,14.6,120,Yes,Yes,3.8,4.9,Scheduled Only,17 mins,Non-refundable,"Sanitized Vehicle, First Aid Kit",Hindi,Yes,Yes,Yes,No,No
RB00207,Palolem Beach,Goa,Goa,Cab,Economy,Hyundai Xcent,4,1985,INR,Round Trip,6,5.3,No,Yes,Anywhere in City,Tourist Place,19,130,Yes,Yes,4,3.8,Available Now,22 mins,50% refund if cancelled within 6 hours of pickup,"Reading Light, Bottled Water",Hindi,Yes,No,Yes,No,Yes
RB00208,Colva Beach,Goa,Goa,Auto,Economy,Bajaj RE Compact Auto,3,4800,INR,Full Day Rental,10,110.8,Yes,Yes,Railway Station,Hotel,13.7,275,Yes,Yes,4.6,3.9,Available Now,6 mins,Free cancellation up to 6 hours before pickup,First Aid Kit,Hindi,Yes,No,Yes,No,No
RB00209,Colva Beach,Goa,Goa,Jeep,Economy,Mahindra Thar (Base),4,1635,INR,One Way,0.8,32.5,Yes,No,Airport,Airport,9.1,300,Yes,Yes,4.5,4.6,Scheduled Only,12 mins,Non-refundable,"Umbrella, Bottled Water",Hindi,Yes,No,Yes,No,Yes
RB00210,Colva Beach,Goa,Goa,Tempo Traveller,Economy,Force Tempo Traveller 12-Seater (Non-AC),12,6810,INR,Round Trip,3.7,8.9,Yes,Yes,Hotel,Airport,27.2,290,Yes,Yes,3.8,4.9,Available Now,30 mins,50% refund if cancelled within 6 hours of pickup,"Sanitized Vehicle, First Aid Kit","Hindi, English",Yes,No,Yes,No,No
RB00211,Miramar Beach,Goa,Goa,Cab,Economy,Maruti Suzuki Dzire,4,5910,INR,Full Day Rental,12,116.1,No,No,Anywhere in City,Hotel,17.5,130,No,Yes,3.6,4.5,Available Now,18 mins,Free cancellation up to 24 hours before pickup,"Reading Light, Bottled Water",English,No,Yes,Yes,No,No
RB00212,Miramar Beach,Goa,Goa,Jeep,Economy,Mahindra Thar (Base),4,1910,INR,One Way,1.2,30.1,No,Yes,Hotel,Airport,8.9,225,Yes,Yes,4.4,4.8,Scheduled Only,20 mins,Free cancellation up to 6 hours before pickup,"Umbrella, Bottled Water","Hindi, English",Yes,Yes,Yes,No,No
RB00213,Miramar Beach,Goa,Goa,Auto,Economy,Piaggio Ape Auto,3,435,INR,One Way,1.1,18.8,Yes,Yes,Anywhere in City,Hotel,14.6,115,No,Yes,5,3.7,Available Now,24 mins,Free cancellation up to 6 hours before pickup,Bottled Water,Regional Language,Yes,No,Yes,No,No
RB00214,Miramar Beach,Goa,Goa,SUV,Premium,Toyota Innova Crysta,7,4875,INR,Round Trip,5.2,28.4,Yes,Yes,Anywhere in City,Airport,16.3,350,Yes,Yes,3,3.9,Available in 10 mins,9 mins,50% refund if cancelled within 6 hours of pickup,"Sanitized Vehicle, First Aid Kit","Hindi, English, Regional Language",No,Yes,No,No,No
RB00215,Aguada Beach,Goa,Goa,Jeep,Luxury,Jeep Wrangler,5,12365,INR,Round Trip,3.9,25.3,Yes,Yes,Hotel,Airport,20.4,335,Yes,Yes,4.6,3,Available in 20 mins,7 mins,Non-refundable,Bottled Water,"Hindi, English",Yes,Yes,Yes,No,Yes
RB00216,Aguada Beach,Goa,Goa,Jeep,Premium,Mahindra Thar LX 4x4,5,4625,INR,Round Trip,3.3,40.5,Yes,Yes,Railway Station,Airport,23.8,220,No,Yes,3.9,3.7,Available Now,3 mins,50% refund if cancelled within 6 hours of pickup,"Umbrella, Bottled Water",English,Yes,No,Yes,No,No
RB00217,Aguada Beach,Goa,Goa,Tempo Traveller,Economy,Force Tempo Traveller 12-Seater (Non-AC),12,14780,INR,Full Day Rental,12,143.3,Yes,No,Railway Station,Tourist Place,25.1,195,Yes,Yes,4.3,4.1,Available Now,17 mins,Free cancellation up to 6 hours before pickup,None,Regional Language,Yes,Yes,Yes,No,No
RB00218,Dr. Salim Ali Bird Santuary,Goa,Goa,Tempo Traveller,Economy,Force Tempo Traveller 12-Seater (Non-AC),12,2950,INR,One Way,2.9,15.1,No,Yes,Airport,Airport,34,85,Yes,Yes,4.9,3.7,Scheduled Only,25 mins,Free cancellation up to 1 hour before pickup,"Bottled Water, First Aid Kit",English,Yes,Yes,No,No,No
RB00219,Dr. Salim Ali Bird Santuary,Goa,Goa,Bike,Premium,Bajaj Dominar 400,2,6330,INR,Full Day Rental,10,126.6,No,No,Railway Station,Airport,10.2,295,Yes,No,5,3.3,Available in 20 mins,16 mins,Free cancellation up to 24 hours before pickup,Sanitized Vehicle,N/A,Yes,No,No,No,No
RB00220,Dr. Salim Ali Bird Santuary,Goa,Goa,Cab,Luxury,Mercedes-Benz E-Class,4,9040,INR,Full Day Rental,8,139.5,Yes,No,Railway Station,Tourist Place,11.1,230,Yes,Yes,4.2,3.9,Available in 10 mins,19 mins,50% refund if cancelled within 6 hours of pickup,"Bottled Water, Hand Sanitizer",Hindi,Yes,Yes,Yes,Yes,No
RB00221,Dr. Salim Ali Bird Santuary,Goa,Goa,Tempo Traveller,Economy,Force Tempo Traveller 12-Seater (Non-AC),12,14330,INR,Full Day Rental,10,117.6,Yes,No,Railway Station,Airport,17.2,210,Yes,Yes,3.9,3.8,Available in 10 mins,16 mins,50% refund if cancelled within 6 hours of pickup,"Bottled Water, Hand Sanitizer",Regional Language,Yes,Yes,Yes,No,No
RB00222,Sabarmati Ashram,Ahmedabad,Gujarat,Bike,Economy,TVS Sport,2,1620,INR,Round Trip,5.8,31.4,Yes,No,Anywhere in City,Hotel,20.2,195,Yes,Yes,4.2,4.7,Available Now,8 mins,Non-refundable,"Sanitized Vehicle, First Aid Kit","Hindi, English",Yes,No,No,No,No
RB00223,Sabarmati Ashram,Ahmedabad,Gujarat,Auto,Premium,Bajaj RE Electric Auto,3,4480,INR,Full Day Rental,8,105.8,No,Yes,Anywhere in City,Hotel,8.1,250,Yes,Yes,4.4,4.5,Available in 10 mins,8 mins,Free cancellation up to 24 hours before pickup,"Sanitized Vehicle, First Aid Kit",Regional Language,Yes,No,Yes,No,No
RB00224,Sabarmati Ashram,Ahmedabad,Gujarat,Bike,Premium,KTM Duke 200,2,525,INR,One Way,0.5,4.1,No,Yes,Railway Station,Tourist Place,11,325,Yes,Yes,3.3,4.2,Available in 20 mins,20 mins,Non-refundable,"Sanitized Vehicle, First Aid Kit",Regional Language,No,No,No,No,No
RB00225,Sabarmati Ashram,Ahmedabad,Gujarat,Auto,Economy,Bajaj RE Compact Auto,3,600,INR,Round Trip,2.2,9.8,Yes,Yes,Railway Station,Tourist Place,15.1,325,Yes,Yes,4.4,4,Available in 10 mins,26 mins,Free cancellation up to 1 hour before pickup,Sanitized Vehicle,"Hindi, English, Regional Language",Yes,No,Yes,No,No
RB00226,Dwarkadhish Temple,Dwarka,Gujarat,Tempo Traveller,Premium,Force Tempo Traveller 17-Seater (AC),17,4625,INR,One Way,1.4,25.4,No,No,Railway Station,Hotel,17,120,Yes,Yes,4.9,4.4,Available Now,29 mins,Free cancellation up to 6 hours before pickup,None,Hindi,Yes,Yes,No,Yes,No
RB00227,Dwarkadhish Temple,Dwarka,Gujarat,SUV,Economy,Chevrolet Tavera,7,3445,INR,Round Trip,3.8,8.8,Yes,No,Hotel,Airport,21.8,140,No,Yes,4.1,3.4,Available Now,15 mins,Free cancellation up to 1 hour before pickup,"Bottled Water, Hand Sanitizer",Hindi,Yes,No,No,No,Yes
RB00228,Dwarkadhish Temple,Dwarka,Gujarat,Bike,Economy,Bajaj Platina,2,500,INR,One Way,2.2,5.8,Yes,Yes,Airport,Airport,14,105,No,No,3.1,4.7,Available Now,9 mins,Free cancellation up to 6 hours before pickup,"Bottled Water, Hand Sanitizer",N/A,No,No,No,No,No
RB00229,Gir National Park,Junagadh,Gujarat,Bike,Premium,KTM Duke 200,2,1095,INR,One Way,1.8,40.9,No,No,Airport,Tourist Place,19.4,110,No,No,4.4,3.2,Available in 20 mins,5 mins,Non-refundable,"Bottled Water, Hand Sanitizer",N/A,Yes,No,No,No,No
RB00230,Gir National Park,Junagadh,Gujarat,Auto,Premium,Mahindra Treo Auto,3,3810,INR,Full Day Rental,8,119.4,No,No,Airport,Airport,14.9,345,Yes,Yes,4,4,Available in 20 mins,7 mins,Free cancellation up to 1 hour before pickup,"Reading Light, Bottled Water",Hindi,No,No,Yes,No,No
RB00231,Gir National Park,Junagadh,Gujarat,Tempo Traveller,Economy,Force Tempo Traveller 12-Seater (Non-AC),12,12550,INR,Full Day Rental,8,105,No,Yes,Railway Station,Hotel,26.9,345,Yes,Yes,3.7,4.5,Available Now,20 mins,50% refund if cancelled within 6 hours of pickup,"Sanitized Vehicle, First Aid Kit",Regional Language,No,Yes,Yes,No,No
RB00232,White Desert,Bhuj,Gujarat,Jeep,Economy,Force Gurkha,4,1530,INR,One Way,1.7,8.1,Yes,Yes,Anywhere in City,Airport,8.5,130,Yes,Yes,4.2,3.2,Available Now,23 mins,Free cancellation up to 6 hours before pickup,"Reading Light, Bottled Water","Hindi, English",Yes,Yes,Yes,No,No
RB00233,White Desert,Bhuj,Gujarat,Bike,Premium,Bajaj Dominar 400,2,3485,INR,Full Day Rental,8,41.9,No,No,Anywhere in City,Tourist Place,15.8,90,Yes,No,4.6,3.9,Available in 20 mins,24 mins,Non-refundable,"Reading Light, Bottled Water",N/A,Yes,No,No,No,No
RB00234,White Desert,Bhuj,Gujarat,Jeep,Premium,Mahindra Scorpio-N,5,4385,INR,Round Trip,2.6,26.6,No,No,Railway Station,Tourist Place,9,240,Yes,Yes,4.8,3.1,Available in 20 mins,14 mins,Free cancellation up to 1 hour before pickup,"Sanitized Vehicle, First Aid Kit",Regional Language,Yes,No,Yes,Yes,Yes
RB00235,Laxmi Vilas Palace,Vadodara,Gujarat,Tempo Traveller,Luxury,Force Urbania Luxury Van,13,15435,INR,Round Trip,2.7,7.8,No,No,Railway Station,Hotel,28.9,240,No,Yes,4.3,3.2,Scheduled Only,5 mins,Free cancellation up to 24 hours before pickup,"Umbrella, Bottled Water","Hindi, English",Yes,Yes,No,No,No
RB00236,Laxmi Vilas Palace,Vadodara,Gujarat,Cab,Luxury,Toyota Camry,4,4475,INR,Round Trip,5.9,29.7,No,Yes,Railway Station,Airport,14.8,140,No,Yes,4.8,4.2,Available in 20 mins,4 mins,Free cancellation up to 6 hours before pickup,None,"Hindi, English",Yes,Yes,Yes,Yes,No
RB00237,Laxmi Vilas Palace,Vadodara,Gujarat,Jeep,Premium,Mahindra Scorpio-N,5,2910,INR,One Way,1.1,20.4,Yes,Yes,Anywhere in City,Hotel,19.2,300,No,Yes,4.6,4.7,Scheduled Only,20 mins,Free cancellation up to 1 hour before pickup,None,English,Yes,Yes,Yes,Yes,No
RB00238,Somnath Temple,Somnath,Gujarat,Jeep,Premium,Mahindra Thar LX 4x4,5,7660,INR,Full Day Rental,10,62.4,Yes,No,Airport,Hotel,10.5,85,No,Yes,4.4,3.8,Available Now,8 mins,Free cancellation up to 24 hours before pickup,"Bottled Water, First Aid Kit",English,Yes,Yes,No,No,No
RB00239,Somnath Temple,Somnath,Gujarat,SUV,Premium,Toyota Innova Crysta,7,1955,INR,One Way,1.2,16.2,Yes,No,Airport,Hotel,9.9,280,No,Yes,4.8,3.5,Available Now,9 mins,Free cancellation up to 6 hours before pickup,"Bottled Water, Hand Sanitizer",Regional Language,Yes,Yes,Yes,No,No
RB00240,Somnath Temple,Somnath,Gujarat,Tempo Traveller,Economy,Force Tempo Traveller 12-Seater (Non-AC),12,3450,INR,One Way,1.6,43.7,No,Yes,Railway Station,Airport,23.5,265,No,Yes,4.1,4,Available in 20 mins,28 mins,50% refund if cancelled within 6 hours of pickup,Bottled Water,"Hindi, English, Regional Language",No,Yes,Yes,No,No
RB00241,Rann Utsav,Rann of Kutch,Gujarat,Tempo Traveller,Premium,Force Tempo Traveller 17-Seater (AC),17,20240,INR,Full Day Rental,10,145.4,Yes,No,Anywhere in City,Hotel,33.2,185,No,Yes,3.9,3.5,Available in 10 mins,29 mins,Free cancellation up to 24 hours before pickup,"Reading Light, Bottled Water",Regional Language,Yes,No,No,No,No
RB00242,Rann Utsav,Rann of Kutch,Gujarat,Cab,Premium,Hyundai Verna,4,3265,INR,Round Trip,5.7,34,Yes,Yes,Railway Station,Airport,9.1,195,No,Yes,4.2,3.1,Available Now,22 mins,Free cancellation up to 24 hours before pickup,"Reading Light, Bottled Water",English,Yes,Yes,Yes,No,No
RB00243,Rann Utsav,Rann of Kutch,Gujarat,Bike,Economy,TVS Sport,2,775,INR,One Way,2.2,38.6,Yes,No,Airport,Airport,18.1,170,Yes,Yes,4.3,4.9,Available Now,9 mins,Free cancellation up to 1 hour before pickup,Bottled Water,"Hindi, English, Regional Language",Yes,No,No,No,No
RB00244,Statue of Unity,Kevadia,Gujarat,Bike,Economy,TVS Sport,2,430,INR,One Way,2,5.1,Yes,Yes,Hotel,Airport,16.9,290,No,No,4.1,3.4,Available in 20 mins,11 mins,Non-refundable,"Sanitized Vehicle, First Aid Kit",N/A,Yes,No,No,No,No
RB00245,Statue of Unity,Kevadia,Gujarat,Jeep,Economy,Force Gurkha,4,7240,INR,Full Day Rental,10,114.5,No,Yes,Anywhere in City,Hotel,14.3,265,Yes,Yes,4,4.9,Scheduled Only,23 mins,Free cancellation up to 24 hours before pickup,"Sanitized Vehicle, First Aid Kit","Hindi, English",Yes,No,Yes,No,Yes
RB00246,Statue of Unity,Kevadia,Gujarat,Cab,Economy,Hyundai Xcent,4,6815,INR,Full Day Rental,12,143.3,No,No,Anywhere in City,Airport,14.3,340,Yes,Yes,4.1,4,Available in 20 mins,30 mins,Non-refundable,Sanitized Vehicle,Hindi,Yes,Yes,Yes,No,Yes
RB00247,Statue of Unity,Kevadia,Gujarat,Jeep,Economy,Force Gurkha,4,7030,INR,Full Day Rental,10,79.7,No,No,Anywhere in City,Hotel,13.4,350,No,Yes,4.8,4.3,Scheduled Only,3 mins,Free cancellation up to 24 hours before pickup,Sanitized Vehicle,Hindi,Yes,Yes,Yes,No,Yes
RB00248,Dandi Kutir,Gandhinagar,Gujarat,Jeep,Economy,Force Gurkha,4,8330,INR,Full Day Rental,10,101.7,Yes,No,Hotel,Hotel,22.8,130,Yes,Yes,4.1,4.2,Available Now,2 mins,Free cancellation up to 6 hours before pickup,Sanitized Vehicle,"Hindi, English",Yes,No,Yes,No,No
RB00249,Dandi Kutir,Gandhinagar,Gujarat,Cab,Premium,Skoda Slavia,4,1875,INR,One Way,2,19.6,Yes,No,Anywhere in City,Tourist Place,18.7,155,Yes,Yes,3.9,4.9,Available in 20 mins,25 mins,Free cancellation up to 6 hours before pickup,Sanitized Vehicle,English,Yes,No,No,No,No
RB00250,Dandi Kutir,Gandhinagar,Gujarat,Jeep,Economy,Mahindra Thar (Base),4,1915,INR,One Way,2.7,43.5,No,No,Airport,Hotel,13.1,295,No,Yes,4,3.3,Available Now,28 mins,50% refund if cancelled within 6 hours of pickup,None,English,No,Yes,No,No,No
RB00251,Dandi Kutir,Gandhinagar,Gujarat,SUV,Premium,Hyundai Creta,7,7030,INR,Full Day Rental,12,60.5,No,Yes,Airport,Tourist Place,17,255,Yes,Yes,3.9,3.6,Available in 10 mins,23 mins,50% refund if cancelled within 6 hours of pickup,First Aid Kit,"Hindi, English, Regional Language",Yes,Yes,Yes,No,No
RB00252,Sabarmati Riverfront,Ahmedabad,Gujarat,SUV,Economy,Chevrolet Tavera,7,6805,INR,Full Day Rental,10,102.5,Yes,Yes,Anywhere in City,Hotel,21.4,310,Yes,Yes,4.6,4.2,Scheduled Only,26 mins,Non-refundable,"Bottled Water, First Aid Kit",Regional Language,Yes,No,No,No,Yes
RB00253,Sabarmati Riverfront,Ahmedabad,Gujarat,SUV,Economy,Chevrolet Tavera,7,1095,INR,One Way,0.8,3.2,No,No,Railway Station,Airport,19.5,265,Yes,Yes,4,3.4,Available Now,24 mins,Free cancellation up to 24 hours before pickup,Bottled Water,English,Yes,Yes,Yes,No,Yes
RB00254,Sabarmati Riverfront,Ahmedabad,Gujarat,Auto,Economy,Piaggio Ape Auto,3,360,INR,One Way,0.6,22.9,No,No,Hotel,Tourist Place,17.9,135,Yes,Yes,2.6,3.2,Scheduled Only,15 mins,Non-refundable,None,Regional Language,No,No,Yes,No,No
RB00255,Sabarmati Riverfront,Ahmedabad,Gujarat,SUV,Premium,Mahindra XUV700,7,1990,INR,One Way,1.3,20.7,No,Yes,Anywhere in City,Airport,24,175,Yes,Yes,4.1,3.9,Scheduled Only,9 mins,Free cancellation up to 6 hours before pickup,First Aid Kit,"Hindi, English, Regional Language",Yes,No,Yes,No,No
RB00256,Manek Chowk,Ahmedabad,Gujarat,Jeep,Premium,Mahindra Scorpio-N,5,11815,INR,Full Day Rental,10,111.8,Yes,No,Hotel,Airport,16.2,125,Yes,Yes,4.8,3.6,Available in 10 mins,19 mins,Free cancellation up to 1 hour before pickup,Bottled Water,Regional Language,Yes,No,Yes,Yes,No
RB00257,Manek Chowk,Ahmedabad,Gujarat,SUV,Economy,Chevrolet Tavera,7,1200,INR,One Way,1.1,8.1,Yes,No,Airport,Airport,22.9,245,Yes,Yes,4.9,4.9,Available Now,5 mins,Free cancellation up to 6 hours before pickup,"Bottled Water, Hand Sanitizer","Hindi, English, Regional Language",Yes,Yes,Yes,No,No
RB00258,Manek Chowk,Ahmedabad,Gujarat,Tempo Traveller,Economy,Force Tempo Traveller 12-Seater (Non-AC),12,9885,INR,Full Day Rental,8,94.8,Yes,Yes,Anywhere in City,Tourist Place,30.4,80,No,Yes,4.1,3.2,Available in 20 mins,24 mins,Non-refundable,"Umbrella, Bottled Water",English,Yes,Yes,No,No,No
RB00259,Manek Chowk,Ahmedabad,Gujarat,Tempo Traveller,Economy,Force Tempo Traveller 12-Seater (Non-AC),12,7680,INR,Round Trip,4.1,43,Yes,Yes,Hotel,Tourist Place,21.3,345,Yes,Yes,4.7,4.8,Available in 10 mins,30 mins,Free cancellation up to 6 hours before pickup,Bottled Water,"Hindi, English, Regional Language",Yes,No,Yes,No,No
RB00260,Kankaria Lake,Ahmedabad,Gujarat,Tempo Traveller,Premium,Force Tempo Traveller 17-Seater (AC),17,5960,INR,One Way,2.8,37.7,Yes,No,Railway Station,Airport,23.1,135,Yes,Yes,4.2,4.4,Available in 10 mins,18 mins,Free cancellation up to 6 hours before pickup,"Bottled Water, First Aid Kit",English,Yes,Yes,Yes,No,No
RB00261,Kankaria Lake,Ahmedabad,Gujarat,Auto,Premium,Mahindra Treo Auto,3,795,INR,One Way,1.3,38,No,No,Railway Station,Hotel,8.8,255,Yes,Yes,4.7,3.7,Available in 10 mins,27 mins,Free cancellation up to 6 hours before pickup,None,"Hindi, English, Regional Language",Yes,No,Yes,No,No
RB00262,Kankaria Lake,Ahmedabad,Gujarat,Auto,Economy,Bajaj RE Compact Auto,3,440,INR,One Way,2,16.8,No,No,Hotel,Hotel,9.1,320,Yes,Yes,4.2,3.8,Available Now,18 mins,Non-refundable,"Bottled Water, First Aid Kit","Hindi, English, Regional Language",Yes,No,Yes,No,No
RB00263,Kankaria Lake,Ahmedabad,Gujarat,Cab,Luxury,Toyota Camry,4,2980,INR,One Way,1.7,24.2,Yes,Yes,Anywhere in City,Tourist Place,8.6,120,Yes,Yes,2.7,3.8,Available Now,13 mins,Free cancellation up to 6 hours before pickup,"Bottled Water, First Aid Kit",Hindi,No,Yes,Yes,No,No
RB00264,Science City,Ahmedabad,Gujarat,Jeep,Economy,Force Gurkha,4,1875,INR,One Way,1.3,42.3,Yes,Yes,Railway Station,Hotel,22.8,195,Yes,Yes,4.9,4,Available Now,6 mins,Free cancellation up to 24 hours before pickup,None,"Hindi, English",Yes,No,Yes,No,Yes
RB00265,Science City,Ahmedabad,Gujarat,Cab,Premium,Skoda Slavia,4,6140,INR,Full Day Rental,8,85.1,No,No,Hotel,Hotel,20,235,No,Yes,4.5,4.3,Available Now,8 mins,Free cancellation up to 6 hours before pickup,None,"Hindi, English, Regional Language",Yes,No,No,No,No
RB00266,Science City,Ahmedabad,Gujarat,Tempo Traveller,Premium,Force Tempo Traveller 17-Seater (AC),17,6305,INR,One Way,1,14.5,Yes,No,Anywhere in City,Airport,15.9,315,Yes,Yes,4.3,3.6,Available in 20 mins,4 mins,Free cancellation up to 1 hour before pickup,"Bottled Water, Hand Sanitizer","Hindi, English, Regional Language",Yes,Yes,Yes,No,No
RB00267,Hawa Mahal,Jaipur,Rajasthan,Auto,Premium,Bajaj RE Electric Auto,3,4215,INR,Full Day Rental,8,145.7,No,Yes,Anywhere in City,Tourist Place,12.4,335,No,Yes,4.1,4.2,Scheduled Only,18 mins,Free cancellation up to 6 hours before pickup,"Sanitized Vehicle, First Aid Kit",Hindi,Yes,No,Yes,No,No
RB00268,Hawa Mahal,Jaipur,Rajasthan,Jeep,Economy,Mahindra Thar (Base),4,3235,INR,Round Trip,5.7,29.6,Yes,Yes,Airport,Tourist Place,17.7,200,No,Yes,4.7,3.7,Available in 10 mins,27 mins,Free cancellation up to 24 hours before pickup,None,"Hindi, English",Yes,No,Yes,No,Yes
RB00269,Hawa Mahal,Jaipur,Rajasthan,Cab,Premium,Honda City,4,1275,INR,One Way,2.8,5.5,No,Yes,Railway Station,Hotel,10.7,225,Yes,Yes,4.6,4.5,Available in 20 mins,30 mins,Non-refundable,First Aid Kit,"Hindi, English, Regional Language",Yes,Yes,No,No,No
RB00270,City Palace,Udaipur,Rajasthan,Cab,Premium,Hyundai Verna,4,2585,INR,Round Trip,5.8,11.8,Yes,No,Hotel,Hotel,19.4,190,No,Yes,4.7,3.2,Available Now,19 mins,Free cancellation up to 1 hour before pickup,"Reading Light, Bottled Water",Hindi,Yes,Yes,No,No,No
RB00271,City Palace,Udaipur,Rajasthan,SUV,Economy,Maruti Suzuki Ertiga,7,3085,INR,Round Trip,5,3.4,Yes,Yes,Railway Station,Airport,11.8,345,No,Yes,4.4,4.4,Available in 10 mins,2 mins,Free cancellation up to 24 hours before pickup,"Sanitized Vehicle, First Aid Kit",Hindi,Yes,No,Yes,No,No
RB00272,City Palace,Udaipur,Rajasthan,Tempo Traveller,Premium,Force Tempo Traveller 17-Seater (AC),17,4820,INR,One Way,1.9,13.9,Yes,Yes,Railway Station,Airport,26.2,205,No,Yes,4.9,4.7,Available in 20 mins,15 mins,Non-refundable,"Bottled Water, First Aid Kit",Hindi,Yes,No,Yes,No,No
RB00273,City Palace,Udaipur,Rajasthan,Bike,Luxury,Harley-Davidson X440,2,1505,INR,Round Trip,2.8,3.2,Yes,No,Hotel,Hotel,11.3,170,Yes,No,4.3,4.2,Available in 20 mins,28 mins,50% refund if cancelled within 6 hours of pickup,First Aid Kit,N/A,Yes,No,No,No,No
RB00274,Jaisalmer Fort,Jaisalmer,Rajasthan,Jeep,Premium,Mahindra Scorpio-N,5,11590,INR,Full Day Rental,8,127.4,No,Yes,Hotel,Hotel,23.6,180,No,Yes,4.7,4.8,Scheduled Only,3 mins,50% refund if cancelled within 6 hours of pickup,"Sanitized Vehicle, First Aid Kit",Hindi,Yes,Yes,Yes,Yes,No
RB00275,Jaisalmer Fort,Jaisalmer,Rajasthan,SUV,Economy,Chevrolet Tavera,7,7460,INR,Full Day Rental,10,108.6,Yes,No,Hotel,Tourist Place,16.8,240,Yes,Yes,4.7,4.6,Available in 10 mins,30 mins,Free cancellation up to 6 hours before pickup,Sanitized Vehicle,"Hindi, English, Regional Language",Yes,Yes,Yes,No,No
RB00276,Jaisalmer Fort,Jaisalmer,Rajasthan,Bike,Economy,Hero Splendor Plus,2,420,INR,One Way,2,8.4,Yes,Yes,Anywhere in City,Tourist Place,18.3,160,No,No,4,4,Available Now,29 mins,Free cancellation up to 1 hour before pickup,"Sanitized Vehicle, First Aid Kit",N/A,Yes,No,No,No,No
RB00277,Ranthambore National Park,Sawai Madhopur,Rajasthan,Auto,Premium,Mahindra Treo Auto,3,830,INR,One Way,2.2,31.1,No,No,Anywhere in City,Tourist Place,10.8,205,No,Yes,4.1,4.3,Available in 10 mins,16 mins,Free cancellation up to 6 hours before pickup,First Aid Kit,English,Yes,No,Yes,No,No
RB00278,Ranthambore National Park,Sawai Madhopur,Rajasthan,Jeep,Economy,Mahindra Thar (Base),4,3245,INR,Round Trip,3.4,3.4,No,Yes,Hotel,Hotel,11.4,125,No,Yes,4.2,3.5,Available in 10 mins,2 mins,Free cancellation up to 24 hours before pickup,"Bottled Water, First Aid Kit",Hindi,Yes,Yes,Yes,No,No
RB00279,Ranthambore National Park,Sawai Madhopur,Rajasthan,Auto,Economy,Bajaj RE Compact Auto,3,1855,INR,Round Trip,4.6,37,No,Yes,Hotel,Hotel,23,115,Yes,Yes,4.6,4.2,Available in 10 mins,3 mins,Free cancellation up to 6 hours before pickup,First Aid Kit,"Hindi, English, Regional Language",Yes,No,Yes,No,No
RB00280,Pushkar Lake,Pushkar,Rajasthan,Cab,Premium,Hyundai Verna,4,1945,INR,One Way,2.9,38.8,No,Yes,Airport,Airport,14.6,320,No,Yes,4.4,3.6,Available in 20 mins,18 mins,Non-refundable,"Reading Light, Bottled Water","Hindi, English",Yes,Yes,Yes,No,No
RB00281,Pushkar Lake,Pushkar,Rajasthan,Auto,Premium,Mahindra Treo Auto,3,680,INR,One Way,1.3,19.6,No,No,Hotel,Hotel,20.8,160,Yes,Yes,3.8,4.2,Scheduled Only,16 mins,Non-refundable,"Sanitized Vehicle, First Aid Kit","Hindi, English",Yes,No,Yes,No,No
RB00282,Pushkar Lake,Pushkar,Rajasthan,Bike,Economy,Hero Splendor Plus,2,1040,INR,Round Trip,4.6,12.8,Yes,No,Airport,Hotel,10,175,Yes,No,4.1,4.6,Available in 20 mins,8 mins,Free cancellation up to 6 hours before pickup,Sanitized Vehicle,N/A,Yes,No,No,No,No
RB00283,Ajmer Sharif Dargah,Ajmer,Rajasthan,Tempo Traveller,Premium,Force Tempo Traveller 17-Seater (AC),17,10065,INR,Round Trip,3.6,35.9,No,Yes,Anywhere in City,Hotel,19.5,280,Yes,Yes,4.7,3.9,Scheduled Only,12 mins,Free cancellation up to 1 hour before pickup,"Umbrella, Bottled Water",English,Yes,Yes,No,No,No
RB00284,Ajmer Sharif Dargah,Ajmer,Rajasthan,Tempo Traveller,Economy,Force Tempo Traveller 12-Seater (Non-AC),12,7805,INR,Round Trip,2,42.6,No,No,Anywhere in City,Airport,25.8,170,Yes,Yes,4.1,5,Available in 20 mins,20 mins,Free cancellation up to 6 hours before pickup,"Sanitized Vehicle, First Aid Kit","Hindi, English",No,Yes,Yes,No,No
RB00285,Ajmer Sharif Dargah,Ajmer,Rajasthan,Auto,Economy,Piaggio Ape Auto,3,4825,INR,Full Day Rental,8,138.4,No,Yes,Airport,Hotel,9.2,340,Yes,Yes,4.6,3.9,Available in 20 mins,18 mins,Free cancellation up to 1 hour before pickup,Sanitized Vehicle,Regional Language,Yes,No,No,No,No
RB00286,Ajmer Sharif Dargah,Ajmer,Rajasthan,SUV,Economy,Mahindra Bolero,7,3680,INR,Round Trip,3.6,34.2,No,No,Anywhere in City,Hotel,18.3,335,Yes,Yes,4.6,3.4,Available in 10 mins,16 mins,Free cancellation up to 1 hour before pickup,"Sanitized Vehicle, First Aid Kit","Hindi, English, Regional Language",Yes,No,Yes,No,No
RB00287,Mehrangarh Fort,Jodhpur,Rajasthan,Jeep,Premium,Mahindra Scorpio-N,5,11330,INR,Full Day Rental,10,136.9,No,Yes,Anywhere in City,Hotel,11.1,245,Yes,Yes,4.6,4.1,Scheduled Only,24 mins,Free cancellation up to 1 hour before pickup,First Aid Kit,English,Yes,Yes,Yes,No,No
RB00288,Mehrangarh Fort,Jodhpur,Rajasthan,Auto,Economy,Bajaj RE Compact Auto,3,660,INR,Round Trip,2.4,6.2,No,Yes,Hotel,Tourist Place,8.5,250,Yes,Yes,4.2,4.7,Scheduled Only,3 mins,Free cancellation up to 1 hour before pickup,"Bottled Water, First Aid Kit",Hindi,Yes,No,Yes,No,No
RB00289,Mehrangarh Fort,Jodhpur,Rajasthan,Jeep,Economy,Mahindra Thar (Base),4,2250,INR,One Way,1.1,26,Yes,Yes,Hotel,Airport,9.7,160,Yes,Yes,3.9,3,Available in 20 mins,6 mins,Non-refundable,"Umbrella, Bottled Water",English,Yes,Yes,Yes,No,No
RB00290,Chittorgarh Fort,Chittorgarh,Rajasthan,Jeep,Economy,Force Gurkha,4,3595,INR,Round Trip,2,5.2,No,Yes,Airport,Hotel,8.3,90,Yes,Yes,3.7,3.4,Available Now,27 mins,Free cancellation up to 24 hours before pickup,Sanitized Vehicle,Hindi,No,Yes,Yes,No,No
RB00291,Chittorgarh Fort,Chittorgarh,Rajasthan,Auto,Luxury,TVS King Deluxe Auto,3,1135,INR,Round Trip,2.9,8.1,No,Yes,Anywhere in City,Hotel,15.8,100,No,Yes,4.2,4.8,Scheduled Only,11 mins,Free cancellation up to 6 hours before pickup,"Reading Light, Bottled Water",Hindi,Yes,No,Yes,No,No
RB00292,Chittorgarh Fort,Chittorgarh,Rajasthan,Cab,Luxury,Mercedes-Benz E-Class,4,6830,INR,Round Trip,4.8,44.2,No,Yes,Railway Station,Airport,16.2,170,Yes,Yes,4.3,4.5,Available Now,20 mins,Free cancellation up to 1 hour before pickup,First Aid Kit,Hindi,Yes,No,No,No,No
RB00293,Dilwara Temples,Mount Abu,Rajasthan,Bike,Economy,Bajaj Platina,2,1005,INR,Round Trip,3.5,11.5,No,No,Airport,Tourist Place,13.4,290,Yes,No,4.8,3,Available in 20 mins,12 mins,Free cancellation up to 24 hours before pickup,First Aid Kit,N/A,Yes,No,No,No,No
RB00294,Dilwara Temples,Mount Abu,Rajasthan,SUV,Premium,Mahindra XUV700,7,7585,INR,Full Day Rental,10,64.5,Yes,No,Hotel,Hotel,8.9,350,No,Yes,4,4.7,Available in 10 mins,9 mins,Free cancellation up to 6 hours before pickup,"Bottled Water, Hand Sanitizer","Hindi, English",Yes,No,Yes,No,Yes
RB00295,Dilwara Temples,Mount Abu,Rajasthan,Tempo Traveller,Economy,Force Tempo Traveller 12-Seater (Non-AC),12,9215,INR,Full Day Rental,10,62.2,Yes,No,Anywhere in City,Tourist Place,25.1,280,No,Yes,3.8,4.5,Scheduled Only,29 mins,Free cancellation up to 1 hour before pickup,"Bottled Water, First Aid Kit","Hindi, English, Regional Language",No,Yes,Yes,No,No
RB00296,Junagarh Fort,Bikaner,Rajasthan,Cab,Economy,Hyundai Xcent,4,1805,INR,Round Trip,3.9,26.6,Yes,Yes,Hotel,Airport,20.4,180,Yes,Yes,4.3,3.7,Scheduled Only,11 mins,Free cancellation up to 6 hours before pickup,"Bottled Water, Hand Sanitizer","Hindi, English",Yes,No,No,No,Yes
RB00297,Junagarh Fort,Bikaner,Rajasthan,Auto,Premium,Mahindra Treo Auto,3,4435,INR,Full Day Rental,12,78.3,No,No,Airport,Hotel,16.1,330,Yes,Yes,3.8,4.3,Available in 20 mins,21 mins,Non-refundable,Sanitized Vehicle,Regional Language,Yes,No,Yes,No,No
RB00298,Junagarh Fort,Bikaner,Rajasthan,SUV,Economy,Maruti Suzuki Ertiga,7,7445,INR,Full Day Rental,10,118.3,Yes,No,Airport,Tourist Place,12.3,160,No,Yes,4.3,4.5,Available Now,5 mins,Free cancellation up to 6 hours before pickup,"Umbrella, Bottled Water",English,Yes,Yes,Yes,No,No
RB00299,Amber Fort,Jaipur,Rajasthan,Cab,Economy,Maruti Suzuki Dzire,4,4950,INR,Full Day Rental,10,86,No,Yes,Airport,Hotel,16.3,215,Yes,Yes,4.1,3.1,Available in 10 mins,27 mins,Free cancellation up to 24 hours before pickup,"Bottled Water, First Aid Kit","Hindi, English",Yes,Yes,No,No,Yes
RB00300,Amber Fort,Jaipur,Rajasthan,Auto,Economy,Bajaj RE Compact Auto,3,545,INR,Round Trip,2.1,5.7,Yes,Yes,Railway Station,Hotel,19.3,295,Yes,Yes,4.8,4.2,Available in 20 mins,17 mins,Non-refundable,"Umbrella, Bottled Water","Hindi, English, Regional Language",Yes,No,Yes,No,No
RB00301,Amber Fort,Jaipur,Rajasthan,Bike,Luxury,Harley-Davidson X440,2,2925,INR,Round Trip,5.9,28.7,No,Yes,Hotel,Airport,10.1,225,No,No,4.3,4.3,Scheduled Only,18 mins,Non-refundable,First Aid Kit,N/A,Yes,No,No,No,No
RB00302,Amber Fort,Jaipur,Rajasthan,Bike,Economy,Hero Splendor Plus,2,3645,INR,Full Day Rental,10,75.8,Yes,No,Anywhere in City,Tourist Place,24.8,310,No,No,4,4.7,Available Now,27 mins,Free cancellation up to 6 hours before pickup,Bottled Water,N/A,Yes,No,No,No,No
RB00303,Jaigarh Fort,Jaipur,Rajasthan,Jeep,Premium,Mahindra Scorpio-N,5,3120,INR,One Way,2.9,40.6,Yes,Yes,Hotel,Tourist Place,24.9,90,No,Yes,4.3,3.4,Available in 20 mins,23 mins,Non-refundable,"Bottled Water, Hand Sanitizer",English,Yes,No,Yes,No,No
RB00304,Jaigarh Fort,Jaipur,Rajasthan,Auto,Premium,Mahindra Treo Auto,3,5425,INR,Full Day Rental,12,121.7,No,Yes,Airport,Tourist Place,10,105,Yes,Yes,4.9,4.9,Available Now,13 mins,Free cancellation up to 24 hours before pickup,"Umbrella, Bottled Water","Hindi, English",Yes,No,Yes,No,No
RB00305,Jaigarh Fort,Jaipur,Rajasthan,Tempo Traveller,Premium,Force Tempo Traveller 17-Seater (AC),17,10110,INR,Round Trip,3.3,44.2,Yes,Yes,Anywhere in City,Hotel,25.8,205,Yes,Yes,3.9,4.4,Available in 10 mins,21 mins,50% refund if cancelled within 6 hours of pickup,Sanitized Vehicle,Hindi,No,Yes,Yes,No,No
RB00306,Lake Pichola,Udaipur,Rajasthan,Cab,Premium,Honda City,4,2325,INR,Round Trip,5.9,15.2,Yes,Yes,Hotel,Hotel,22.6,275,Yes,Yes,4.1,5,Available Now,14 mins,50% refund if cancelled within 6 hours of pickup,"Sanitized Vehicle, First Aid Kit","Hindi, English",No,No,No,No,No
RB00307,Lake Pichola,Udaipur,Rajasthan,Tempo Traveller,Premium,Force Tempo Traveller 17-Seater (AC),17,5690,INR,One Way,2.4,8.5,No,No,Airport,Airport,17.8,270,Yes,Yes,4.1,3.4,Available Now,13 mins,Free cancellation up to 6 hours before pickup,"Bottled Water, Hand Sanitizer",English,Yes,Yes,No,No,No
RB00308,Lake Pichola,Udaipur,Rajasthan,Bike,Economy,Bajaj Platina,2,710,INR,One Way,0.8,42.7,Yes,No,Airport,Hotel,10,185,Yes,No,4.7,5,Available Now,26 mins,Non-refundable,"Sanitized Vehicle, First Aid Kit",N/A,Yes,No,No,No,No
RB00309,Golden Temple (Harmandir Sahib),Amritsar,Punjab,Tempo Traveller,Economy,Force Tempo Traveller 12-Seater (Non-AC),12,4030,INR,One Way,2.1,8.1,No,No,Hotel,Airport,18.6,210,Yes,Yes,4.5,3.7,Available Now,7 mins,Non-refundable,Bottled Water,"Hindi, English",Yes,Yes,Yes,No,No
RB00310,Golden Temple (Harmandir Sahib),Amritsar,Punjab,Jeep,Economy,Mahindra Thar (Base),4,1925,INR,One Way,2.7,43.6,No,No,Hotel,Hotel,10.2,135,Yes,Yes,4.8,3.2,Available Now,18 mins,50% refund if cancelled within 6 hours of pickup,"Umbrella, Bottled Water","Hindi, English, Regional Language",Yes,Yes,No,No,No
RB00311,Golden Temple (Harmandir Sahib),Amritsar,Punjab,SUV,Luxury,Land Rover Discovery Sport,7,8950,INR,Round Trip,3.8,30.7,No,Yes,Hotel,Airport,21.9,145,Yes,Yes,4.8,4.2,Available in 10 mins,20 mins,50% refund if cancelled within 6 hours of pickup,"Bottled Water, First Aid Kit",English,Yes,No,Yes,No,Yes
RB00312,Jallianwala Bagh,Amritsar,Punjab,Auto,Luxury,TVS King Deluxe Auto,3,3795,INR,Full Day Rental,8,55.8,Yes,No,Airport,Tourist Place,22,165,No,Yes,5,3.2,Available Now,19 mins,Free cancellation up to 1 hour before pickup,None,"Hindi, English",Yes,No,Yes,No,No
RB00313,Jallianwala Bagh,Amritsar,Punjab,SUV,Premium,Toyota Innova Crysta,7,2755,INR,One Way,0.7,14.5,Yes,Yes,Railway Station,Airport,22,210,Yes,Yes,4.8,3.5,Available Now,30 mins,Free cancellation up to 1 hour before pickup,Sanitized Vehicle,Regional Language,Yes,No,Yes,No,No
RB00314,Jallianwala Bagh,Amritsar,Punjab,Jeep,Premium,Mahindra Scorpio-N,5,3170,INR,One Way,2.3,31.8,No,Yes,Railway Station,Airport,21.2,265,Yes,Yes,4.3,4.6,Available Now,11 mins,50% refund if cancelled within 6 hours of pickup,"Sanitized Vehicle, First Aid Kit","Hindi, English, Regional Language",Yes,No,No,No,No
RB00315,Jallianwala Bagh,Amritsar,Punjab,Auto,Premium,Bajaj RE Electric Auto,3,700,INR,One Way,2.9,33.7,No,Yes,Anywhere in City,Airport,16.6,275,Yes,Yes,5,4.4,Scheduled Only,2 mins,Free cancellation up to 6 hours before pickup,First Aid Kit,Hindi,Yes,No,Yes,No,No
RB00316,Wagah Border,Amritsar,Punjab,Bike,Premium,Bajaj Dominar 400,2,5180,INR,Full Day Rental,12,107,Yes,Yes,Hotel,Tourist Place,22.3,220,No,No,4.2,3.7,Available in 10 mins,28 mins,Free cancellation up to 6 hours before pickup,"Bottled Water, Hand Sanitizer",N/A,Yes,No,No,No,No
RB00317,Wagah Border,Amritsar,Punjab,Tempo Traveller,Economy,Force Tempo Traveller 12-Seater (Non-AC),12,10740,INR,Full Day Rental,10,109.4,Yes,No,Anywhere in City,Hotel,22.1,245,Yes,Yes,3.8,3.4,Available in 20 mins,2 mins,Free cancellation up to 1 hour before pickup,"Sanitized Vehicle, First Aid Kit","Hindi, English",Yes,Yes,Yes,No,No
RB00318,Wagah Border,Amritsar,Punjab,SUV,Economy,Chevrolet Tavera,7,2410,INR,Round Trip,3.6,12.5,No,Yes,Anywhere in City,Airport,22.3,125,Yes,Yes,4.2,3.4,Available in 10 mins,11 mins,Free cancellation up to 1 hour before pickup,Sanitized Vehicle,"Hindi, English",Yes,Yes,Yes,No,Yes
RB00319,Wagah Border,Amritsar,Punjab,Cab,Luxury,Toyota Camry,4,6055,INR,Round Trip,4,23.5,No,No,Airport,Hotel,24.3,295,Yes,Yes,3.8,3.5,Available in 20 mins,15 mins,Free cancellation up to 6 hours before pickup,Bottled Water,"Hindi, English",Yes,Yes,Yes,Yes,No
RB00320,Rock Garden,Chandigarh,Chandigarh,Auto,Economy,Bajaj RE Compact Auto,3,1405,INR,Round Trip,3,44.8,Yes,Yes,Airport,Airport,18.7,120,Yes,Yes,4.1,4.9,Scheduled Only,2 mins,Free cancellation up to 6 hours before pickup,First Aid Kit,Hindi,Yes,No,No,No,No
RB00321,Rock Garden,Chandigarh,Chandigarh,Tempo Traveller,Premium,Force Tempo Traveller 17-Seater (AC),17,5530,INR,One Way,1.7,17.1,No,No,Railway Station,Tourist Place,29.2,145,No,Yes,3.8,4.5,Available in 10 mins,11 mins,Non-refundable,"Bottled Water, First Aid Kit","Hindi, English, Regional Language",Yes,Yes,Yes,No,No
RB00322,Rock Garden,Chandigarh,Chandigarh,Bike,Economy,Hero Splendor Plus,2,4190,INR,Full Day Rental,8,100.7,No,Yes,Railway Station,Hotel,17.9,105,Yes,No,3.8,4.6,Available in 10 mins,24 mins,Non-refundable,"Bottled Water, Hand Sanitizer",N/A,Yes,No,No,No,No
RB00323,Rock Garden,Chandigarh,Chandigarh,Auto,Premium,Bajaj RE Electric Auto,3,4585,INR,Full Day Rental,8,119.3,No,No,Anywhere in City,Airport,20.2,325,Yes,Yes,4.9,4.6,Available in 10 mins,21 mins,50% refund if cancelled within 6 hours of pickup,Sanitized Vehicle,Regional Language,Yes,No,Yes,No,No
RB00324,Alappuzha Beach,Alappuzha,Kerala,SUV,Premium,Mahindra XUV700,7,2195,INR,One Way,2.4,10,No,Yes,Airport,Hotel,10.7,140,Yes,Yes,3.8,4,Available Now,10 mins,50% refund if cancelled within 6 hours of pickup,First Aid Kit,Regional Language,No,No,Yes,Yes,Yes
RB00325,Alappuzha Beach,Alappuzha,Kerala,Cab,Economy,Hyundai Xcent,4,990,INR,One Way,2.5,14.4,Yes,Yes,Railway Station,Airport,18.3,180,Yes,Yes,4.5,3.3,Available Now,11 mins,50% refund if cancelled within 6 hours of pickup,Bottled Water,Hindi,Yes,No,Yes,No,No
RB00326,Alappuzha Beach,Alappuzha,Kerala,SUV,Premium,Mahindra XUV700,7,2965,INR,One Way,2.2,33.3,Yes,No,Airport,Tourist Place,12.6,235,No,Yes,2.8,4.5,Scheduled Only,13 mins,Free cancellation up to 24 hours before pickup,"Reading Light, Bottled Water",Hindi,No,Yes,Yes,No,Yes
RB00327,Alappuzha Beach,Alappuzha,Kerala,Cab,Economy,Hyundai Xcent,4,1175,INR,One Way,2.5,40.2,No,Yes,Anywhere in City,Airport,24.5,105,Yes,Yes,4.8,3.2,Scheduled Only,2 mins,Free cancellation up to 1 hour before pickup,Bottled Water,Hindi,Yes,Yes,No,No,Yes
RB00328,Munnar Tea Gardens,Munnar,Kerala,Bike,Economy,Bajaj Platina,2,2660,INR,Full Day Rental,8,49.3,Yes,No,Railway Station,Tourist Place,10.6,95,Yes,No,4.8,4.1,Available Now,18 mins,Non-refundable,Sanitized Vehicle,N/A,Yes,No,No,No,No
RB00329,Munnar Tea Gardens,Munnar,Kerala,Auto,Economy,Bajaj RE Compact Auto,3,1270,INR,Round Trip,2.9,30.5,Yes,No,Airport,Hotel,11.8,340,Yes,Yes,4.2,4.8,Available Now,30 mins,Free cancellation up to 1 hour before pickup,Sanitized Vehicle,English,Yes,No,Yes,No,No
RB00330,Munnar Tea Gardens,Munnar,Kerala,Auto,Economy,Piaggio Ape Auto,3,4515,INR,Full Day Rental,10,129.9,No,No,Hotel,Hotel,22.6,345,No,Yes,4,4.4,Scheduled Only,28 mins,Free cancellation up to 1 hour before pickup,"Bottled Water, Hand Sanitizer","Hindi, English, Regional Language",Yes,No,Yes,No,No
RB00331,Munnar Tea Gardens,Munnar,Kerala,SUV,Economy,Maruti Suzuki Ertiga,7,1710,INR,One Way,1.4,35.2,No,Yes,Airport,Tourist Place,15.1,215,Yes,Yes,4.8,3.2,Scheduled Only,18 mins,Free cancellation up to 6 hours before pickup,First Aid Kit,Hindi,Yes,Yes,Yes,No,No
RB00332,Fort Kochi,Kochi,Kerala,Cab,Luxury,Toyota Camry,4,3805,INR,One Way,1.4,41.3,No,Yes,Anywhere in City,Hotel,11.6,140,No,Yes,4.6,3.8,Available Now,24 mins,Non-refundable,"Umbrella, Bottled Water",Hindi,Yes,No,Yes,Yes,No
RB00333,Fort Kochi,Kochi,Kerala,SUV,Economy,Maruti Suzuki Ertiga,7,1575,INR,One Way,1.9,6.2,Yes,No,Anywhere in City,Tourist Place,20.3,200,Yes,Yes,3.9,4.8,Available Now,21 mins,Free cancellation up to 24 hours before pickup,None,English,Yes,Yes,No,No,No
RB00334,Fort Kochi,Kochi,Kerala,Cab,Luxury,Mercedes-Benz E-Class,4,4810,INR,Round Trip,3.7,32.8,Yes,Yes,Anywhere in City,Airport,9,185,No,Yes,3.5,4.6,Scheduled Only,17 mins,50% refund if cancelled within 6 hours of pickup,"Sanitized Vehicle, First Aid Kit","Hindi, English",No,Yes,No,No,Yes
RB00335,Padmanabhaswamy Temple,Thiruvananthapuram,Kerala,SUV,Premium,Hyundai Creta,7,1845,INR,One Way,0.9,13.1,No,Yes,Airport,Airport,23.8,145,Yes,Yes,3.9,3.1,Available in 20 mins,4 mins,50% refund if cancelled within 6 hours of pickup,Bottled Water,Regional Language,Yes,No,No,No,No
RB00336,Padmanabhaswamy Temple,Thiruvananthapuram,Kerala,Cab,Premium,Honda City,4,2445,INR,Round Trip,5,20.1,No,No,Hotel,Tourist Place,10.7,265,Yes,Yes,4.9,4.8,Available in 10 mins,26 mins,Free cancellation up to 24 hours before pickup,None,"Hindi, English, Regional Language",Yes,No,Yes,No,No
RB00337,Padmanabhaswamy Temple,Thiruvananthapuram,Kerala,Cab,Economy,Maruti Suzuki WagonR,4,1945,INR,Round Trip,4.9,4.7,Yes,Yes,Anywhere in City,Hotel,21.7,120,No,Yes,5,4,Scheduled Only,12 mins,Free cancellation up to 24 hours before pickup,"Bottled Water, First Aid Kit",English,Yes,Yes,Yes,No,No
RB00338,Kozhikode Beach,Kozhikode,Kerala,Auto,Luxury,TVS King Deluxe Auto,3,1475,INR,Round Trip,2.6,30.3,No,No,Anywhere in City,Airport,23.6,115,Yes,Yes,4.1,3.2,Scheduled Only,18 mins,Non-refundable,"Bottled Water, First Aid Kit",Hindi,No,No,Yes,No,No
RB00339,Kozhikode Beach,Kozhikode,Kerala,SUV,Premium,Mahindra XUV700,7,2130,INR,One Way,0.8,9.5,Yes,No,Anywhere in City,Airport,9.6,205,Yes,Yes,3.3,3.4,Available Now,14 mins,Non-refundable,First Aid Kit,"Hindi, English",No,Yes,Yes,No,No
RB00340,Kozhikode Beach,Kozhikode,Kerala,SUV,Economy,Maruti Suzuki Ertiga,7,4700,INR,Full Day Rental,10,57.1,No,Yes,Railway Station,Tourist Place,24.6,140,Yes,Yes,4.7,3.5,Available in 10 mins,4 mins,Free cancellation up to 24 hours before pickup,"Bottled Water, Hand Sanitizer",Regional Language,Yes,Yes,Yes,No,No
RB00341,Wayanad Wildlife Sanctuary,Wayanad,Kerala,Bike,Economy,Hero Splendor Plus,2,785,INR,One Way,1.6,40.6,No,No,Anywhere in City,Airport,19.7,125,Yes,No,4.3,4.1,Available Now,8 mins,Free cancellation up to 1 hour before pickup,Sanitized Vehicle,N/A,Yes,No,No,No,No
RB00342,Wayanad Wildlife Sanctuary,Wayanad,Kerala,Tempo Traveller,Economy,Force Tempo Traveller 12-Seater (Non-AC),12,4015,INR,One Way,1.3,24,Yes,No,Airport,Airport,24,340,Yes,Yes,5,4.4,Available in 10 mins,21 mins,Non-refundable,First Aid Kit,Regional Language,Yes,Yes,Yes,No,No
RB00343,Wayanad Wildlife Sanctuary,Wayanad,Kerala,SUV,Economy,Mahindra Bolero,7,1665,INR,One Way,1.3,15.7,No,No,Anywhere in City,Tourist Place,14,225,Yes,Yes,2.7,3.9,Available in 20 mins,7 mins,Free cancellation up to 6 hours before pickup,Sanitized Vehicle,"Hindi, English, Regional Language",No,Yes,Yes,No,No
RB00344,Periyar National Park,Thekkady,Kerala,Jeep,Premium,Mahindra Thar LX 4x4,5,2925,INR,One Way,2,30.3,Yes,No,Hotel,Airport,12.9,195,Yes,Yes,4.3,4.7,Available Now,13 mins,Non-refundable,"Sanitized Vehicle, First Aid Kit","Hindi, English",Yes,Yes,Yes,Yes,Yes
RB00345,Periyar National Park,Thekkady,Kerala,Cab,Premium,Honda City,4,2875,INR,Round Trip,2.1,4.4,No,No,Airport,Airport,24.9,145,No,Yes,4.6,4.6,Available Now,15 mins,Free cancellation up to 24 hours before pickup,"Sanitized Vehicle, First Aid Kit",English,Yes,Yes,Yes,Yes,Yes
RB00346,Periyar National Park,Thekkady,Kerala,SUV,Premium,Hyundai Creta,7,8260,INR,Full Day Rental,12,140.8,Yes,No,Hotel,Airport,21.1,120,Yes,Yes,5,3.8,Available in 10 mins,16 mins,50% refund if cancelled within 6 hours of pickup,Sanitized Vehicle,English,Yes,No,Yes,Yes,No
RB00347,Periyar National Park,Thekkady,Kerala,Bike,Economy,Hero Splendor Plus,2,600,INR,One Way,2.1,29.4,Yes,Yes,Airport,Tourist Place,12.5,130,Yes,No,2.9,4,Available Now,15 mins,Free cancellation up to 1 hour before pickup,"Reading Light, Bottled Water",N/A,No,No,No,No,No
RB00348,Kumarakom Bird Sanctuary,Kumarakom,Kerala,SUV,Premium,Mahindra XUV700,7,3710,INR,Round Trip,2.7,37,Yes,Yes,Railway Station,Tourist Place,16.2,245,Yes,Yes,4.7,3.4,Available Now,19 mins,Free cancellation up to 1 hour before pickup,None,"Hindi, English, Regional Language",Yes,No,Yes,No,No
RB00349,Kumarakom Bird Sanctuary,Kumarakom,Kerala,Cab,Economy,Maruti Suzuki WagonR,4,1090,INR,One Way,1.7,14.2,No,No,Anywhere in City,Tourist Place,16.7,190,Yes,Yes,4.6,3.6,Scheduled Only,5 mins,Free cancellation up to 6 hours before pickup,"Bottled Water, First Aid Kit",English,Yes,No,No,No,No
RB00350,Kumarakom Bird Sanctuary,Kumarakom,Kerala,Cab,Premium,Skoda Slavia,4,2710,INR,Round Trip,4.3,21,Yes,Yes,Railway Station,Airport,15,245,No,Yes,3.4,3.1,Available in 10 mins,27 mins,50% refund if cancelled within 6 hours of pickup,"Sanitized Vehicle, First Aid Kit",English,No,Yes,Yes,No,No
RB00351,Kumarakom Bird Sanctuary,Kumarakom,Kerala,Auto,Premium,Mahindra Treo Auto,3,730,INR,One Way,2.5,22.5,Yes,Yes,Hotel,Airport,12.7,245,No,Yes,2.6,4.3,Scheduled Only,12 mins,50% refund if cancelled within 6 hours of pickup,First Aid Kit,English,No,No,Yes,No,No
RB00352,Varkala Beach,Varkala,Kerala,Jeep,Economy,Mahindra Thar (Base),4,3110,INR,Round Trip,3.3,10.2,Yes,No,Railway Station,Hotel,22.3,190,No,Yes,2.6,3,Scheduled Only,5 mins,Non-refundable,"Bottled Water, First Aid Kit",Regional Language,No,Yes,Yes,No,Yes
RB00353,Varkala Beach,Varkala,Kerala,Jeep,Economy,Force Gurkha,4,3520,INR,Round Trip,5.9,38.6,Yes,Yes,Hotel,Hotel,10.4,350,No,Yes,4.1,3.4,Available in 20 mins,28 mins,Free cancellation up to 6 hours before pickup,Bottled Water,Hindi,Yes,Yes,No,No,Yes
RB00354,Varkala Beach,Varkala,Kerala,Tempo Traveller,Economy,Force Tempo Traveller 12-Seater (Non-AC),12,6920,INR,Round Trip,5.7,32.3,Yes,No,Anywhere in City,Airport,17.4,220,Yes,Yes,5,4.5,Scheduled Only,9 mins,Free cancellation up to 1 hour before pickup,"Bottled Water, First Aid Kit",Regional Language,Yes,No,Yes,No,No
RB00355,Bekal Fort,Bekal,Kerala,Tempo Traveller,Economy,Force Tempo Traveller 12-Seater (Non-AC),12,3410,INR,One Way,2.2,11.9,No,Yes,Railway Station,Tourist Place,29.2,255,No,Yes,4,3.8,Scheduled Only,29 mins,Free cancellation up to 6 hours before pickup,None,English,Yes,No,Yes,No,No
RB00356,Bekal Fort,Bekal,Kerala,Jeep,Premium,Mahindra Thar LX 4x4,5,2345,INR,One Way,0.8,22.4,No,Yes,Anywhere in City,Airport,17,175,Yes,Yes,4.2,3.3,Available Now,15 mins,Free cancellation up to 6 hours before pickup,"Umbrella, Bottled Water",Hindi,Yes,Yes,Yes,Yes,No
RB00357,Bekal Fort,Bekal,Kerala,Cab,Economy,Maruti Suzuki Dzire,4,4705,INR,Full Day Rental,12,70.4,Yes,Yes,Airport,Hotel,8.9,90,Yes,Yes,3.9,4.8,Scheduled Only,14 mins,Non-refundable,"Bottled Water, Hand Sanitizer",English,Yes,No,No,No,Yes
RB00358,Kovalam Beach,Kovalam,Kerala,Auto,Premium,Mahindra Treo Auto,3,2710,INR,Full Day Rental,8,40.3,No,Yes,Airport,Tourist Place,19.6,125,Yes,Yes,5,3.9,Available in 20 mins,2 mins,Free cancellation up to 24 hours before pickup,"Bottled Water, First Aid Kit",Hindi,Yes,No,Yes,No,No
RB00359,Kovalam Beach,Kovalam,Kerala,Bike,Luxury,Royal Enfield Himalayan 450,2,2210,INR,Round Trip,3.9,39.7,No,Yes,Airport,Hotel,21.2,105,No,No,4.2,3.5,Scheduled Only,10 mins,50% refund if cancelled within 6 hours of pickup,"Reading Light, Bottled Water",N/A,Yes,No,No,No,No
RB00360,Kovalam Beach,Kovalam,Kerala,Bike,Premium,Bajaj Dominar 400,2,5520,INR,Full Day Rental,12,134.3,Yes,Yes,Anywhere in City,Hotel,19.2,120,Yes,No,5,3.4,Available Now,8 mins,Non-refundable,"Bottled Water, Hand Sanitizer",N/A,Yes,No,No,No,No
RB00361,St. Angelo Fort,Kannur,Kerala,Tempo Traveller,Luxury,Force Urbania Luxury Van,13,14995,INR,Round Trip,3.4,41.2,No,No,Airport,Hotel,26.6,270,No,Yes,4.8,4.9,Available in 20 mins,11 mins,Free cancellation up to 1 hour before pickup,Bottled Water,"Hindi, English",Yes,No,Yes,No,No
RB00362,St. Angelo Fort,Kannur,Kerala,Cab,Economy,Hyundai Xcent,4,795,INR,One Way,0.5,36.6,Yes,No,Railway Station,Hotel,15.3,260,Yes,Yes,4.2,4.6,Available Now,23 mins,Free cancellation up to 6 hours before pickup,Sanitized Vehicle,Hindi,Yes,No,Yes,No,No
RB00363,St. Angelo Fort,Kannur,Kerala,SUV,Economy,Maruti Suzuki Ertiga,7,3455,INR,Round Trip,3,42.2,Yes,No,Railway Station,Airport,13.3,230,Yes,Yes,4.5,4.5,Available in 20 mins,6 mins,Non-refundable,None,English,Yes,Yes,Yes,No,No
RB00364,Seethargundu Viewpoint,Nelliyampathy,Kerala,Jeep,Premium,Mahindra Scorpio-N,5,2575,INR,One Way,1.6,8.8,No,No,Anywhere in City,Tourist Place,15.1,190,Yes,Yes,4.9,3.2,Available in 10 mins,21 mins,50% refund if cancelled within 6 hours of pickup,First Aid Kit,"Hindi, English, Regional Language",Yes,Yes,Yes,No,No
RB00365,Seethargundu Viewpoint,Nelliyampathy,Kerala,SUV,Economy,Maruti Suzuki Ertiga,7,2975,INR,Round Trip,5.5,36.9,Yes,No,Hotel,Tourist Place,17.6,265,No,Yes,4.5,4.5,Available Now,24 mins,Free cancellation up to 24 hours before pickup,None,English,Yes,Yes,No,No,Yes
RB00366,Seethargundu Viewpoint,Nelliyampathy,Kerala,Cab,Economy,Maruti Suzuki Dzire,4,1525,INR,Round Trip,2.8,29.2,Yes,Yes,Airport,Hotel,16.1,305,Yes,Yes,3.9,4,Available in 10 mins,28 mins,Free cancellation up to 24 hours before pickup,None,Regional Language,Yes,No,Yes,No,No
RB00367,Seethargundu Viewpoint,Nelliyampathy,Kerala,Tempo Traveller,Premium,Force Tempo Traveller 17-Seater (AC),17,4980,INR,One Way,2.1,37.4,No,No,Railway Station,Tourist Place,28.4,340,Yes,Yes,4.3,4.6,Scheduled Only,15 mins,Non-refundable,Sanitized Vehicle,Hindi,Yes,Yes,Yes,No,No
RB00368,Kerala Folklore Museum,Kochi,Kerala,Cab,Luxury,Skoda Superb,4,2665,INR,One Way,2.3,22.7,Yes,No,Anywhere in City,Airport,9.1,255,Yes,Yes,4.2,4.7,Available in 10 mins,10 mins,50% refund if cancelled within 6 hours of pickup,"Sanitized Vehicle, First Aid Kit",Hindi,Yes,No,Yes,No,No
RB00369,Kerala Folklore Museum,Kochi,Kerala,Auto,Premium,Mahindra Treo Auto,3,3925,INR,Full Day Rental,10,107.9,Yes,Yes,Hotel,Tourist Place,23.9,210,No,Yes,3.9,4.6,Available Now,30 mins,Free cancellation up to 24 hours before pickup,"Sanitized Vehicle, First Aid Kit","Hindi, English",No,No,No,No,No
RB00370,Kerala Folklore Museum,Kochi,Kerala,Cab,Economy,Maruti Suzuki WagonR,4,930,INR,One Way,1.4,21.5,Yes,No,Anywhere in City,Hotel,24.8,235,Yes,Yes,4.3,3.5,Available in 10 mins,15 mins,Free cancellation up to 6 hours before pickup,First Aid Kit,Hindi,Yes,Yes,Yes,No,No
RB00371,Kerala Folklore Museum,Kochi,Kerala,Bike,Economy,Bajaj Platina,2,4550,INR,Full Day Rental,8,100.1,No,Yes,Airport,Airport,22.1,215,Yes,No,3.9,3.9,Scheduled Only,29 mins,Free cancellation up to 1 hour before pickup,"Bottled Water, Hand Sanitizer",N/A,No,No,No,No,No
RB00372,Wonderla Amusement Park,Kochi,Kerala,Bike,Economy,Hero Splendor Plus,2,655,INR,One Way,1.3,28.3,No,No,Railway Station,Hotel,22.8,125,Yes,No,4.4,4,Scheduled Only,21 mins,Free cancellation up to 1 hour before pickup,None,N/A,Yes,No,No,No,No
RB00373,Wonderla Amusement Park,Kochi,Kerala,SUV,Luxury,Ford Endeavour,7,12015,INR,Full Day Rental,10,43.3,Yes,Yes,Airport,Airport,21.9,170,No,Yes,2.6,3.1,Available Now,30 mins,Free cancellation up to 6 hours before pickup,Bottled Water,Regional Language,No,No,No,No,No
RB00374,Wonderla Amusement Park,Kochi,Kerala,Jeep,Luxury,Land Rover Defender,5,14830,INR,Full Day Rental,8,44.6,No,No,Airport,Hotel,23.8,85,No,Yes,4.5,4.4,Available Now,19 mins,Non-refundable,Bottled Water,"Hindi, English",Yes,No,Yes,No,No
RB00375,Mysore Palace,Mysore,Karnataka,SUV,Premium,Hyundai Creta,7,3460,INR,Round Trip,3.7,11.1,Yes,No,Hotel,Hotel,22.8,145,Yes,Yes,4.3,3.1,Available in 20 mins,21 mins,Free cancellation up to 24 hours before pickup,"Bottled Water, First Aid Kit",English,Yes,No,Yes,Yes,Yes
RB00376,Mysore Palace,Mysore,Karnataka,Bike,Economy,TVS Sport,2,1485,INR,Round Trip,5.4,40.7,No,Yes,Railway Station,Tourist Place,19.9,215,Yes,No,4.5,3.2,Available in 10 mins,28 mins,Free cancellation up to 6 hours before pickup,First Aid Kit,N/A,Yes,No,No,No,No
RB00377,Mysore Palace,Mysore,Karnataka,Auto,Economy,Bajaj RE Compact Auto,3,725,INR,One Way,2.2,44.1,No,Yes,Railway Station,Tourist Place,18,160,No,Yes,4.8,4,Scheduled Only,14 mins,Non-refundable,Bottled Water,English,Yes,No,Yes,No,No
RB00378,Hampi Archaeological Ruins,Hampi,Karnataka,Tempo Traveller,Premium,Force Tempo Traveller 17-Seater (AC),17,19430,INR,Full Day Rental,8,123.9,No,Yes,Hotel,Tourist Place,29.5,250,No,Yes,4.1,3.1,Available Now,19 mins,Non-refundable,"Bottled Water, First Aid Kit","Hindi, English, Regional Language",No,Yes,Yes,No,No
RB00379,Hampi Archaeological Ruins,Hampi,Karnataka,Cab,Luxury,Skoda Superb,4,8755,INR,Full Day Rental,8,149.2,No,Yes,Airport,Airport,13,235,Yes,Yes,4.1,4.6,Available Now,2 mins,Free cancellation up to 1 hour before pickup,"Bottled Water, First Aid Kit","Hindi, English, Regional Language",Yes,No,No,No,No
RB00380,Hampi Archaeological Ruins,Hampi,Karnataka,Tempo Traveller,Economy,Force Tempo Traveller 12-Seater (Non-AC),12,6395,INR,Round Trip,4.2,29.8,No,Yes,Anywhere in City,Hotel,20.2,290,Yes,Yes,4.1,3.3,Available Now,22 mins,Free cancellation up to 1 hour before pickup,First Aid Kit,Hindi,Yes,No,Yes,No,No
RB00381,Abbey Falls,Coorg,Karnataka,Jeep,Premium,Mahindra Thar LX 4x4,5,3680,INR,One Way,3,43,No,Yes,Airport,Tourist Place,9.9,215,Yes,Yes,4,3.7,Scheduled Only,4 mins,Non-refundable,"Bottled Water, First Aid Kit",English,Yes,Yes,Yes,No,No
RB00382,Abbey Falls,Coorg,Karnataka,Cab,Premium,Honda City,4,3295,INR,Round Trip,5.7,4.9,No,No,Airport,Tourist Place,22.1,90,No,Yes,5,4.9,Available in 10 mins,20 mins,Free cancellation up to 6 hours before pickup,None,"Hindi, English",Yes,Yes,Yes,No,No
RB00383,Abbey Falls,Coorg,Karnataka,Tempo Traveller,Economy,Force Tempo Traveller 12-Seater (Non-AC),12,4205,INR,One Way,2.5,16.8,Yes,Yes,Anywhere in City,Airport,34.2,190,Yes,Yes,3.9,4.3,Available Now,9 mins,Non-refundable,"Sanitized Vehicle, First Aid Kit",English,Yes,Yes,No,No,No
RB00384,Abbey Falls,Coorg,Karnataka,Jeep,Premium,Mahindra Thar LX 4x4,5,8090,INR,Full Day Rental,10,68.6,Yes,No,Airport,Hotel,22.9,85,Yes,Yes,4.5,4.5,Available in 10 mins,29 mins,Free cancellation up to 1 hour before pickup,"Sanitized Vehicle, First Aid Kit",Hindi,Yes,No,No,Yes,No
RB00385,Om Beach,Gokarna,Karnataka,Jeep,Economy,Mahindra Thar (Base),4,7975,INR,Full Day Rental,10,72.3,Yes,Yes,Hotel,Airport,23.7,335,No,Yes,4.7,3.6,Scheduled Only,24 mins,Free cancellation up to 24 hours before pickup,Sanitized Vehicle,"Hindi, English, Regional Language",Yes,No,No,No,Yes
RB00386,Om Beach,Gokarna,Karnataka,Bike,Premium,KTM Duke 200,2,1620,INR,Round Trip,2.7,16.5,Yes,No,Anywhere in City,Tourist Place,8.8,220,Yes,No,3,3.6,Available in 10 mins,6 mins,Free cancellation up to 1 hour before pickup,First Aid Kit,N/A,No,No,No,No,No
RB00387,Om Beach,Gokarna,Karnataka,Cab,Premium,Skoda Slavia,4,2105,INR,Round Trip,3.1,7.2,Yes,No,Railway Station,Airport,20.8,330,Yes,Yes,4,4.5,Available Now,21 mins,Free cancellation up to 1 hour before pickup,None,"Hindi, English, Regional Language",Yes,No,Yes,No,Yes
RB00388,Mullayanagiri,Chikmagalur,Karnataka,Cab,Premium,Skoda Slavia,4,1505,INR,One Way,1.2,37.9,No,No,Anywhere in City,Tourist Place,9.5,115,Yes,Yes,5,4.5,Available in 10 mins,25 mins,Free cancellation up to 1 hour before pickup,"Umbrella, Bottled Water",English,Yes,Yes,Yes,No,No
RB00389,Mullayanagiri,Chikmagalur,Karnataka,Cab,Economy,Maruti Suzuki WagonR,4,4755,INR,Full Day Rental,12,74.9,Yes,Yes,Airport,Airport,14.4,335,Yes,Yes,4,4.5,Available in 20 mins,6 mins,Free cancellation up to 24 hours before pickup,"Bottled Water, Hand Sanitizer","Hindi, English, Regional Language",Yes,No,Yes,No,Yes
RB00390,Mullayanagiri,Chikmagalur,Karnataka,Auto,Premium,Bajaj RE Electric Auto,3,1435,INR,Round Trip,4.5,31.9,Yes,No,Airport,Tourist Place,19.4,210,Yes,Yes,4.5,3.2,Available Now,30 mins,50% refund if cancelled within 6 hours of pickup,"Sanitized Vehicle, First Aid Kit","Hindi, English",Yes,No,Yes,No,No
RB00391,Badami Cave Temples,Badami,Karnataka,Jeep,Luxury,Jeep Wrangler,5,12465,INR,Round Trip,4.8,32.3,No,No,Airport,Hotel,12.9,215,No,Yes,2.6,3.6,Available in 20 mins,15 mins,Non-refundable,"Reading Light, Bottled Water","Hindi, English",No,Yes,No,No,No
RB00392,Badami Cave Temples,Badami,Karnataka,SUV,Economy,Chevrolet Tavera,7,1435,INR,One Way,2.4,25.5,Yes,Yes,Hotel,Tourist Place,9.5,270,No,Yes,3.4,3.1,Available in 10 mins,13 mins,Free cancellation up to 6 hours before pickup,First Aid Kit,English,No,No,Yes,No,No
RB00393,Badami Cave Temples,Badami,Karnataka,Tempo Traveller,Economy,Force Tempo Traveller 12-Seater (Non-AC),12,3970,INR,One Way,0.6,4.5,No,Yes,Airport,Tourist Place,21,140,No,Yes,4.1,4.6,Scheduled Only,22 mins,Non-refundable,Sanitized Vehicle,Regional Language,Yes,No,Yes,No,No
RB00394,Badami Cave Temples,Badami,Karnataka,Tempo Traveller,Premium,Force Tempo Traveller 17-Seater (AC),17,4960,INR,One Way,2.5,33.9,No,No,Hotel,Tourist Place,20.5,135,Yes,Yes,4.4,3.9,Available in 10 mins,15 mins,Free cancellation up to 6 hours before pickup,"Bottled Water, First Aid Kit","Hindi, English",Yes,Yes,Yes,No,No
RB00395,Jog Falls,Shivamogga,Karnataka,SUV,Luxury,Land Rover Discovery Sport,7,12660,INR,Full Day Rental,8,51.9,No,No,Anywhere in City,Airport,9.9,165,Yes,Yes,3.9,3.3,Scheduled Only,20 mins,Free cancellation up to 24 hours before pickup,"Bottled Water, Hand Sanitizer",English,Yes,Yes,No,No,No
RB00396,Jog Falls,Shivamogga,Karnataka,SUV,Economy,Mahindra Bolero,7,5315,INR,Full Day Rental,8,77.2,Yes,No,Airport,Airport,21.5,225,Yes,Yes,4.2,4,Available Now,29 mins,Free cancellation up to 1 hour before pickup,"Bottled Water, Hand Sanitizer","Hindi, English",Yes,No,Yes,No,No
RB00397,Jog Falls,Shivamogga,Karnataka,SUV,Economy,Mahindra Bolero,7,1140,INR,One Way,1.6,4.6,No,No,Hotel,Tourist Place,10,350,No,Yes,3,4.2,Available in 20 mins,20 mins,Free cancellation up to 24 hours before pickup,Sanitized Vehicle,Regional Language,No,Yes,Yes,No,No
RB00398,Panambur Beach,Mangalore,Karnataka,Cab,Economy,Hyundai Xcent,4,5420,INR,Full Day Rental,8,119.2,No,No,Airport,Hotel,16,350,Yes,Yes,4,4.1,Available in 20 mins,5 mins,Free cancellation up to 1 hour before pickup,"Reading Light, Bottled Water","Hindi, English, Regional Language",Yes,Yes,Yes,No,No
RB00399,Panambur Beach,Mangalore,Karnataka,Cab,Economy,Hyundai Xcent,4,5440,INR,Full Day Rental,10,120.2,Yes,Yes,Airport,Hotel,20.4,155,Yes,Yes,4.8,4.3,Scheduled Only,12 mins,Free cancellation up to 6 hours before pickup,"Bottled Water, First Aid Kit","Hindi, English, Regional Language",Yes,No,Yes,No,Yes
RB00400,Panambur Beach,Mangalore,Karnataka,SUV,Economy,Maruti Suzuki Ertiga,7,3585,INR,Round Trip,3.3,39.7,No,No,Anywhere in City,Tourist Place,13.1,285,Yes,Yes,4.7,3.9,Available in 20 mins,28 mins,Free cancellation up to 6 hours before pickup,"Umbrella, Bottled Water","Hindi, English, Regional Language",Yes,Yes,Yes,No,Yes
RB00401,Panambur Beach,Mangalore,Karnataka,Jeep,Premium,Mahindra Scorpio-N,5,10550,INR,Full Day Rental,12,126.8,Yes,Yes,Railway Station,Tourist Place,21.1,175,Yes,Yes,4.9,3.8,Available in 10 mins,25 mins,Free cancellation up to 1 hour before pickup,First Aid Kit,"Hindi, English",Yes,Yes,Yes,No,No
RB00402,Murudeshwar Temple,Murudeshwar,Karnataka,Cab,Premium,Honda City,4,6340,INR,Full Day Rental,10,70.2,No,Yes,Hotel,Airport,23.8,350,Yes,Yes,4.4,4.5,Available Now,3 mins,50% refund if cancelled within 6 hours of pickup,Bottled Water,"Hindi, English, Regional Language",Yes,No,Yes,No,No
RB00403,Murudeshwar Temple,Murudeshwar,Karnataka,SUV,Premium,Toyota Innova Crysta,7,2270,INR,One Way,2.3,21.6,Yes,Yes,Railway Station,Airport,22.4,165,No,Yes,3.5,3.7,Available Now,23 mins,Non-refundable,"Sanitized Vehicle, First Aid Kit",Hindi,No,Yes,No,No,No
RB00404,Murudeshwar Temple,Murudeshwar,Karnataka,Jeep,Economy,Mahindra Thar (Base),4,8200,INR,Full Day Rental,8,95.6,No,No,Railway Station,Hotel,13.8,235,Yes,Yes,4.4,4.8,Available in 10 mins,25 mins,Free cancellation up to 1 hour before pickup,Sanitized Vehicle,Regional Language,Yes,Yes,No,No,No
RB00405,Gol Gumbaz,Bijapur,Karnataka,Auto,Economy,Bajaj RE Compact Auto,3,1470,INR,Round Trip,4.6,38.2,Yes,No,Hotel,Tourist Place,20,130,Yes,Yes,4.1,3.5,Available in 10 mins,7 mins,50% refund if cancelled within 6 hours of pickup,"Bottled Water, First Aid Kit","Hindi, English",Yes,No,Yes,No,No
RB00406,Gol Gumbaz,Bijapur,Karnataka,Cab,Economy,Maruti Suzuki WagonR,4,5395,INR,Full Day Rental,12,89.5,No,Yes,Airport,Airport,15.4,255,Yes,Yes,4.2,4.1,Available in 20 mins,4 mins,Free cancellation up to 6 hours before pickup,First Aid Kit,Regional Language,Yes,Yes,Yes,No,No
RB00407,Gol Gumbaz,Bijapur,Karnataka,Jeep,Economy,Force Gurkha,4,4135,INR,Round Trip,4.6,26.7,No,Yes,Airport,Tourist Place,16.1,170,No,Yes,4.2,3.9,Available in 10 mins,26 mins,Free cancellation up to 1 hour before pickup,"Reading Light, Bottled Water","Hindi, English, Regional Language",Yes,Yes,Yes,No,No
RB00408,Bandipur National Park,Bandipur,Karnataka,Jeep,Premium,Mahindra Scorpio-N,5,6740,INR,Round Trip,3.2,31.5,Yes,No,Anywhere in City,Tourist Place,24.2,190,Yes,Yes,4.9,4.9,Available Now,8 mins,Free cancellation up to 6 hours before pickup,Sanitized Vehicle,English,Yes,No,No,Yes,Yes
RB00409,Bandipur National Park,Bandipur,Karnataka,Cab,Economy,Hyundai Xcent,4,815,INR,One Way,1,30.7,Yes,No,Hotel,Airport,12.2,265,No,Yes,4.4,3.2,Available Now,23 mins,Non-refundable,First Aid Kit,"Hindi, English",Yes,No,No,No,No
RB00410,Bandipur National Park,Bandipur,Karnataka,Auto,Economy,Bajaj RE Compact Auto,3,1565,INR,Round Trip,5.6,35.5,No,Yes,Railway Station,Tourist Place,19.4,340,Yes,Yes,2.8,3.7,Available in 20 mins,18 mins,Free cancellation up to 1 hour before pickup,"Sanitized Vehicle, First Aid Kit",Hindi,No,No,Yes,No,No
RB00411,Halebidu Hoysaleswara Temple,Halebidu,Karnataka,Jeep,Economy,Force Gurkha,4,1785,INR,One Way,2.1,17.3,No,Yes,Railway Station,Tourist Place,11.1,190,Yes,Yes,4.8,4.4,Available Now,22 mins,Non-refundable,Bottled Water,English,Yes,Yes,Yes,No,No
RB00412,Halebidu Hoysaleswara Temple,Halebidu,Karnataka,SUV,Premium,Mahindra XUV700,7,4205,INR,Round Trip,2.2,20.7,No,No,Anywhere in City,Airport,13.7,225,Yes,Yes,4.2,4.5,Available Now,6 mins,Free cancellation up to 1 hour before pickup,"Umbrella, Bottled Water","Hindi, English, Regional Language",No,Yes,Yes,No,No
RB00413,Halebidu Hoysaleswara Temple,Halebidu,Karnataka,Tempo Traveller,Economy,Force Tempo Traveller 12-Seater (Non-AC),12,6675,INR,Round Trip,2.2,22.3,No,Yes,Railway Station,Hotel,20.9,195,Yes,Yes,3.8,3.7,Available Now,19 mins,Non-refundable,First Aid Kit,English,Yes,Yes,Yes,No,No
RB00414,Shaniwar Wada,Pune,Maharashtra,Auto,Economy,Piaggio Ape Auto,3,4115,INR,Full Day Rental,12,107.9,No,No,Hotel,Hotel,18.4,275,No,Yes,4.4,3.2,Available in 20 mins,15 mins,Non-refundable,Bottled Water,English,Yes,No,No,No,No
RB00415,Shaniwar Wada,Pune,Maharashtra,SUV,Premium,Mahindra XUV700,7,5265,INR,Round Trip,4.5,44.8,Yes,No,Anywhere in City,Hotel,20.9,200,No,Yes,3,3.1,Scheduled Only,7 mins,50% refund if cancelled within 6 hours of pickup,"Bottled Water, First Aid Kit",Hindi,No,Yes,Yes,No,Yes
RB00416,Shaniwar Wada,Pune,Maharashtra,Tempo Traveller,Economy,Force Tempo Traveller 12-Seater (Non-AC),12,11300,INR,Full Day Rental,8,75.7,No,No,Railway Station,Airport,22.8,330,Yes,Yes,4.2,3.3,Scheduled Only,8 mins,Free cancellation up to 6 hours before pickup,Sanitized Vehicle,"Hindi, English",Yes,Yes,Yes,No,No
RB00417,Shaniwar Wada,Pune,Maharashtra,Cab,Luxury,Toyota Camry,4,2815,INR,One Way,1.8,34.4,No,Yes,Airport,Airport,17.9,250,Yes,Yes,4.7,4.9,Available Now,25 mins,Non-refundable,First Aid Kit,"Hindi, English",Yes,No,Yes,No,No
RB00418,Ajanta Caves,Aurangabad,Maharashtra,Jeep,Luxury,Land Rover Defender,5,7600,INR,One Way,2.4,39.3,No,Yes,Anywhere in City,Airport,12.7,290,Yes,Yes,4.6,4.5,Available in 20 mins,18 mins,Free cancellation up to 6 hours before pickup,None,"Hindi, English",Yes,Yes,Yes,No,Yes
RB00419,Ajanta Caves,Aurangabad,Maharashtra,Auto,Economy,Bajaj RE Compact Auto,3,4865,INR,Full Day Rental,10,131.3,No,No,Anywhere in City,Hotel,18.8,245,Yes,Yes,5,4.1,Scheduled Only,2 mins,50% refund if cancelled within 6 hours of pickup,First Aid Kit,English,Yes,No,Yes,No,No
RB00420,Ajanta Caves,Aurangabad,Maharashtra,Cab,Economy,Maruti Suzuki WagonR,4,5360,INR,Full Day Rental,12,82.8,No,Yes,Airport,Tourist Place,23.9,330,Yes,Yes,4.9,4.2,Scheduled Only,9 mins,Free cancellation up to 6 hours before pickup,"Reading Light, Bottled Water",English,Yes,No,No,No,No
RB00421,Sula Vineyards,Nashik,Maharashtra,Bike,Economy,TVS Sport,2,365,INR,One Way,0.6,3.3,No,Yes,Anywhere in City,Tourist Place,23,225,No,No,3.7,4,Available Now,11 mins,Non-refundable,Bottled Water,N/A,No,No,No,No,No
RB00422,Sula Vineyards,Nashik,Maharashtra,Jeep,Economy,Mahindra Thar (Base),4,2005,INR,One Way,1.2,9.1,Yes,No,Anywhere in City,Airport,13.8,325,No,Yes,3.9,4.4,Scheduled Only,30 mins,Non-refundable,First Aid Kit,Regional Language,Yes,Yes,Yes,No,No
RB00423,Sula Vineyards,Nashik,Maharashtra,Bike,Premium,Royal Enfield Classic 350,2,970,INR,One Way,0.6,24.9,No,Yes,Railway Station,Tourist Place,20.1,260,Yes,No,4.5,3.5,Available in 10 mins,2 mins,Free cancellation up to 24 hours before pickup,"Bottled Water, First Aid Kit",N/A,Yes,No,No,No,No
RB00424,Sai Baba Temple,Shirdi,Maharashtra,Bike,Economy,TVS Sport,2,5140,INR,Full Day Rental,12,135.7,No,Yes,Railway Station,Airport,14.4,315,Yes,Yes,4,3,Available Now,12 mins,Free cancellation up to 24 hours before pickup,"Bottled Water, First Aid Kit",English,Yes,No,No,No,No
RB00425,Sai Baba Temple,Shirdi,Maharashtra,Tempo Traveller,Premium,Force Tempo Traveller 17-Seater (AC),17,15700,INR,Full Day Rental,10,61.7,Yes,Yes,Railway Station,Airport,15.7,250,No,Yes,4.1,4.7,Available Now,29 mins,Free cancellation up to 1 hour before pickup,Bottled Water,"Hindi, English",Yes,Yes,Yes,No,No
RB00426,Sai Baba Temple,Shirdi,Maharashtra,Bike,Economy,TVS Sport,2,1075,INR,Round Trip,5.9,10.5,Yes,Yes,Railway Station,Hotel,11.5,145,No,No,4.9,3.6,Available Now,8 mins,Non-refundable,"Bottled Water, Hand Sanitizer",N/A,Yes,No,No,No,No
RB00427,Alibaug Beach,Alibaug,Maharashtra,SUV,Economy,Chevrolet Tavera,7,1270,INR,One Way,1.2,28.1,No,Yes,Anywhere in City,Hotel,12.3,190,Yes,Yes,4.2,4,Available in 20 mins,10 mins,Free cancellation up to 6 hours before pickup,First Aid Kit,Regional Language,Yes,Yes,Yes,No,No
RB00428,Alibaug Beach,Alibaug,Maharashtra,SUV,Economy,Mahindra Bolero,7,6130,INR,Full Day Rental,8,91.8,Yes,No,Railway Station,Airport,19.7,300,Yes,Yes,4.1,4,Available in 20 mins,26 mins,Free cancellation up to 6 hours before pickup,"Reading Light, Bottled Water",Hindi,Yes,No,No,No,Yes
RB00429,Alibaug Beach,Alibaug,Maharashtra,Cab,Economy,Hyundai Xcent,4,1130,INR,One Way,2,38.8,No,No,Airport,Tourist Place,16,310,Yes,Yes,4.2,4.7,Available in 20 mins,16 mins,50% refund if cancelled within 6 hours of pickup,"Sanitized Vehicle, First Aid Kit","Hindi, English, Regional Language",Yes,Yes,Yes,No,No
RB00430,Ganapatipule Temple,Ratnagiri,Maharashtra,SUV,Premium,Toyota Innova Crysta,7,4920,INR,Round Trip,2.1,35.2,No,No,Hotel,Tourist Place,15.3,185,Yes,Yes,4.8,4,Available in 20 mins,5 mins,Free cancellation up to 1 hour before pickup,First Aid Kit,English,Yes,Yes,Yes,No,No
RB00431,Ganapatipule Temple,Ratnagiri,Maharashtra,Jeep,Economy,Force Gurkha,4,1615,INR,One Way,2.1,7.3,Yes,No,Airport,Airport,9.3,345,No,Yes,4,3.6,Available in 10 mins,19 mins,Free cancellation up to 1 hour before pickup,"Reading Light, Bottled Water",English,No,Yes,Yes,No,No
RB00432,Ganapatipule Temple,Ratnagiri,Maharashtra,Cab,Premium,Honda City,4,2035,INR,One Way,2.2,39.6,No,Yes,Airport,Tourist Place,16,205,Yes,Yes,4.6,4.2,Available Now,6 mins,Free cancellation up to 1 hour before pickup,"Sanitized Vehicle, First Aid Kit","Hindi, English",Yes,Yes,Yes,Yes,No
RB00433,Deekshabhoomi,Nagpur,Maharashtra,Cab,Luxury,Skoda Superb,4,8240,INR,Full Day Rental,12,94.1,Yes,Yes,Airport,Airport,22.4,105,No,Yes,5,3.1,Scheduled Only,28 mins,50% refund if cancelled within 6 hours of pickup,"Reading Light, Bottled Water","Hindi, English",Yes,No,No,Yes,No
RB00434,Deekshabhoomi,Nagpur,Maharashtra,Bike,Economy,TVS Sport,2,4800,INR,Full Day Rental,10,130.2,No,Yes,Hotel,Hotel,13.5,120,No,No,3.4,4.3,Available Now,13 mins,Free cancellation up to 6 hours before pickup,Sanitized Vehicle,N/A,No,No,No,No,No
RB00435,Deekshabhoomi,Nagpur,Maharashtra,Bike,Economy,Hero Splendor Plus,2,4715,INR,Full Day Rental,8,106.2,No,No,Airport,Airport,11.5,160,Yes,No,2.9,3.1,Scheduled Only,5 mins,Non-refundable,Bottled Water,N/A,No,No,No,No,No
RB00436,Deekshabhoomi,Nagpur,Maharashtra,SUV,Economy,Mahindra Bolero,7,1610,INR,One Way,1.5,11.6,Yes,Yes,Airport,Hotel,24,280,Yes,Yes,3.2,5,Available Now,13 mins,Non-refundable,"Bottled Water, First Aid Kit","Hindi, English, Regional Language",No,Yes,Yes,No,Yes
RB00437,Mahalakshmi Temple,Kolhapur,Maharashtra,Jeep,Economy,Force Gurkha,4,1800,INR,One Way,2.6,21.2,No,No,Hotel,Tourist Place,20.4,320,Yes,Yes,2.8,3.3,Available in 10 mins,6 mins,Non-refundable,Bottled Water,Hindi,No,Yes,Yes,No,No
RB00438,Mahalakshmi Temple,Kolhapur,Maharashtra,Tempo Traveller,Premium,Force Tempo Traveller 17-Seater (AC),17,4595,INR,One Way,1.8,10.3,No,Yes,Airport,Hotel,25,165,Yes,Yes,3,3.1,Available Now,12 mins,Free cancellation up to 1 hour before pickup,"Reading Light, Bottled Water",Hindi,No,No,Yes,No,No
RB00439,Mahalakshmi Temple,Kolhapur,Maharashtra,Auto,Economy,Bajaj RE Compact Auto,3,1250,INR,Round Trip,2.4,40.7,No,No,Airport,Airport,21.8,80,Yes,Yes,2.9,4.3,Available in 20 mins,21 mins,Free cancellation up to 1 hour before pickup,"Reading Light, Bottled Water","Hindi, English",No,No,Yes,No,No
RB00440,Karla Caves,Lonavala,Maharashtra,Auto,Economy,Bajaj RE Compact Auto,3,610,INR,One Way,2.4,30.7,Yes,Yes,Railway Station,Hotel,20.4,160,No,Yes,4.5,4.2,Available in 20 mins,26 mins,Free cancellation up to 24 hours before pickup,"Umbrella, Bottled Water","Hindi, English",Yes,No,Yes,No,No
RB00441,Karla Caves,Lonavala,Maharashtra,Bike,Luxury,Harley-Davidson X440,2,4605,INR,Full Day Rental,8,45.3,Yes,Yes,Anywhere in City,Tourist Place,8.2,210,No,Yes,4.2,3.9,Available in 10 mins,16 mins,Free cancellation up to 6 hours before pickup,"Bottled Water, First Aid Kit","Hindi, English, Regional Language",No,No,No,No,No
RB00442,Karla Caves,Lonavala,Maharashtra,Cab,Premium,Hyundai Verna,4,3365,INR,Round Trip,2.7,44.9,No,Yes,Railway Station,Airport,12.5,290,Yes,Yes,4.5,3.5,Scheduled Only,28 mins,Free cancellation up to 1 hour before pickup,"Bottled Water, Hand Sanitizer","Hindi, English, Regional Language",Yes,No,Yes,No,No
RB00443,Karla Caves,Lonavala,Maharashtra,Jeep,Premium,Mahindra Thar LX 4x4,5,2535,INR,One Way,1.1,38.3,Yes,Yes,Railway Station,Airport,11.9,335,Yes,Yes,3.9,4.3,Available Now,9 mins,Free cancellation up to 24 hours before pickup,None,"Hindi, English, Regional Language",Yes,Yes,Yes,Yes,No
RB00444,Tarkarli Beach,Tarkarli,Maharashtra,Cab,Premium,Hyundai Verna,4,2210,INR,Round Trip,5.8,8.7,No,Yes,Hotel,Hotel,20.8,120,Yes,Yes,5,3.8,Available in 10 mins,22 mins,Non-refundable,"Sanitized Vehicle, First Aid Kit","Hindi, English, Regional Language",Yes,Yes,No,Yes,No
RB00445,Tarkarli Beach,Tarkarli,Maharashtra,Auto,Economy,Bajaj RE Compact Auto,3,445,INR,One Way,2.2,21.6,No,Yes,Anywhere in City,Hotel,19.2,160,Yes,Yes,4.3,4.8,Available in 20 mins,30 mins,50% refund if cancelled within 6 hours of pickup,Bottled Water,"Hindi, English",Yes,No,No,No,No
RB00446,Tarkarli Beach,Tarkarli,Maharashtra,Jeep,Economy,Mahindra Thar (Base),4,7520,INR,Full Day Rental,10,116.1,No,Yes,Anywhere in City,Airport,24.4,195,Yes,Yes,3,4.5,Available in 20 mins,22 mins,Free cancellation up to 6 hours before pickup,"Umbrella, Bottled Water","Hindi, English",No,No,Yes,No,No
RB00447,Kaas Plateau,Satara,Maharashtra,SUV,Premium,Toyota Innova Crysta,7,7920,INR,Full Day Rental,10,87.7,No,No,Hotel,Airport,9.8,305,Yes,Yes,3.9,3.5,Available Now,23 mins,Free cancellation up to 6 hours before pickup,"Sanitized Vehicle, First Aid Kit","Hindi, English",Yes,No,Yes,No,No
RB00448,Kaas Plateau,Satara,Maharashtra,Bike,Luxury,Harley-Davidson X440,2,6205,INR,Full Day Rental,8,139.9,Yes,No,Anywhere in City,Hotel,20.4,310,Yes,No,5,3.6,Available Now,12 mins,Non-refundable,"Bottled Water, First Aid Kit",N/A,Yes,No,No,No,No
RB00449,Kaas Plateau,Satara,Maharashtra,Cab,Premium,Hyundai Verna,4,1715,INR,One Way,2.6,38.5,Yes,No,Railway Station,Hotel,23.5,105,Yes,Yes,4.6,3.8,Available in 20 mins,29 mins,Non-refundable,"Umbrella, Bottled Water",Regional Language,Yes,No,No,No,No
RB00450,Echo Point,Matheran,Maharashtra,SUV,Premium,Mahindra XUV700,7,9500,INR,Full Day Rental,10,110.7,Yes,Yes,Hotel,Hotel,20.1,325,Yes,Yes,2.7,4.1,Scheduled Only,6 mins,Non-refundable,"Bottled Water, Hand Sanitizer",Regional Language,No,No,No,No,Yes
RB00451,Echo Point,Matheran,Maharashtra,Auto,Premium,Mahindra Treo Auto,3,700,INR,One Way,2.6,23.8,Yes,Yes,Hotel,Tourist Place,12.1,85,Yes,Yes,3.2,5,Available in 10 mins,15 mins,Free cancellation up to 24 hours before pickup,None,"Hindi, English, Regional Language",No,No,Yes,No,No
RB00452,Echo Point,Matheran,Maharashtra,Cab,Premium,Hyundai Verna,4,3405,INR,Round Trip,3.5,21.1,Yes,Yes,Railway Station,Airport,12.2,225,Yes,Yes,3.8,4.4,Available Now,12 mins,Free cancellation up to 1 hour before pickup,First Aid Kit,Regional Language,No,No,Yes,No,No
RB00453,Ellora Caves,Ajanta,Maharashtra,Cab,Economy,Hyundai Xcent,4,2180,INR,Round Trip,2.3,27.8,Yes,No,Anywhere in City,Airport,10.5,265,Yes,Yes,4.5,3.1,Available Now,17 mins,Non-refundable,Sanitized Vehicle,"Hindi, English",Yes,Yes,Yes,No,No
RB00454,Ellora Caves,Ajanta,Maharashtra,Cab,Economy,Maruti Suzuki WagonR,4,1650,INR,Round Trip,4.2,9.1,Yes,No,Hotel,Hotel,18.4,225,No,Yes,4.1,4.5,Available in 10 mins,28 mins,Free cancellation up to 24 hours before pickup,Bottled Water,"Hindi, English",Yes,No,Yes,No,Yes
RB00455,Ellora Caves,Ajanta,Maharashtra,Tempo Traveller,Premium,Force Tempo Traveller 17-Seater (AC),17,13530,INR,Full Day Rental,10,92.2,No,No,Anywhere in City,Hotel,18.7,190,Yes,Yes,3.6,3.9,Available Now,18 mins,50% refund if cancelled within 6 hours of pickup,Bottled Water,"Hindi, English, Regional Language",No,Yes,Yes,No,No
RB00456,Khajuraho Group of Monuments,Khajuraho,Madhya Pradesh,Auto,Economy,Piaggio Ape Auto,3,1020,INR,Round Trip,5.6,4.2,Yes,No,Airport,Airport,11.7,175,No,Yes,3.5,3.4,Scheduled Only,24 mins,Free cancellation up to 24 hours before pickup,None,English,No,No,No,No,No
RB00457,Khajuraho Group of Monuments,Khajuraho,Madhya Pradesh,SUV,Luxury,Toyota Fortuner,7,9470,INR,Round Trip,2.4,42.3,Yes,No,Airport,Airport,10.6,245,Yes,Yes,4.6,4.6,Available Now,23 mins,Free cancellation up to 6 hours before pickup,"Bottled Water, Hand Sanitizer",Regional Language,Yes,Yes,Yes,No,No
RB00458,Khajuraho Group of Monuments,Khajuraho,Madhya Pradesh,Cab,Economy,Hyundai Xcent,4,5560,INR,Full Day Rental,12,117.8,No,No,Airport,Tourist Place,13.4,200,Yes,Yes,3.2,3.8,Scheduled Only,2 mins,Non-refundable,"Bottled Water, Hand Sanitizer",Regional Language,No,Yes,Yes,No,No
RB00459,Sanchi Stupa,Bhopal,Madhya Pradesh,Tempo Traveller,Economy,Force Tempo Traveller 12-Seater (Non-AC),12,6995,INR,Round Trip,5,40.5,Yes,Yes,Hotel,Tourist Place,22.7,175,Yes,Yes,3.7,4.5,Available Now,29 mins,Free cancellation up to 24 hours before pickup,None,Regional Language,No,No,Yes,No,No
RB00460,Sanchi Stupa,Bhopal,Madhya Pradesh,SUV,Luxury,Toyota Fortuner,7,11405,INR,Full Day Rental,12,75.2,Yes,Yes,Anywhere in City,Hotel,23.3,110,Yes,Yes,3.6,4.7,Available in 10 mins,14 mins,Free cancellation up to 24 hours before pickup,"Umbrella, Bottled Water","Hindi, English",No,Yes,Yes,Yes,No
RB00461,Sanchi Stupa,Bhopal,Madhya Pradesh,Cab,Economy,Maruti Suzuki WagonR,4,6205,INR,Full Day Rental,10,140.5,No,Yes,Anywhere in City,Tourist Place,18.2,250,Yes,Yes,4.3,4.4,Available Now,22 mins,Free cancellation up to 1 hour before pickup,"Bottled Water, Hand Sanitizer",English,Yes,No,Yes,No,Yes
RB00462,Rajwada Palace,Indore,Madhya Pradesh,Auto,Economy,Piaggio Ape Auto,3,1410,INR,Round Trip,3,38.9,Yes,Yes,Anywhere in City,Hotel,10.2,350,Yes,Yes,4.1,3.4,Available Now,9 mins,Non-refundable,"Umbrella, Bottled Water","Hindi, English",Yes,No,Yes,No,No
RB00463,Rajwada Palace,Indore,Madhya Pradesh,Bike,Premium,Bajaj Dominar 400,2,710,INR,One Way,2.3,35.3,No,Yes,Railway Station,Tourist Place,11.4,255,Yes,Yes,3.9,4.3,Available in 20 mins,23 mins,Non-refundable,Bottled Water,"Hindi, English",Yes,No,No,No,No
RB00464,Rajwada Palace,Indore,Madhya Pradesh,Cab,Premium,Honda City,4,6070,INR,Full Day Rental,8,146.1,Yes,Yes,Railway Station,Tourist Place,8.7,325,Yes,Yes,3.8,4.6,Available Now,5 mins,Free cancellation up to 24 hours before pickup,Bottled Water,"Hindi, English, Regional Language",Yes,Yes,Yes,No,No
RB00465,Gwalior Fort,Gwalior,Madhya Pradesh,Tempo Traveller,Premium,Force Tempo Traveller 17-Seater (AC),17,16300,INR,Full Day Rental,10,66.1,No,No,Airport,Tourist Place,25.7,175,Yes,Yes,4,5,Available in 10 mins,13 mins,Free cancellation up to 1 hour before pickup,"Sanitized Vehicle, First Aid Kit",Regional Language,Yes,Yes,Yes,No,No
RB00466,Gwalior Fort,Gwalior,Madhya Pradesh,Auto,Premium,Mahindra Treo Auto,3,900,INR,One Way,1.6,42.6,No,No,Railway Station,Tourist Place,13.5,190,No,Yes,4.1,4.1,Available Now,13 mins,Non-refundable,None,"Hindi, English",Yes,No,Yes,No,No
RB00467,Gwalior Fort,Gwalior,Madhya Pradesh,Jeep,Economy,Force Gurkha,4,4480,INR,Round Trip,5.8,41,No,Yes,Anywhere in City,Airport,15.3,335,Yes,Yes,4.5,3.5,Available Now,26 mins,Free cancellation up to 24 hours before pickup,"Sanitized Vehicle, First Aid Kit","Hindi, English, Regional Language",Yes,No,Yes,No,No
RB00468,Gwalior Fort,Gwalior,Madhya Pradesh,Tempo Traveller,Economy,Force Tempo Traveller 12-Seater (Non-AC),12,8335,INR,Full Day Rental,8,50.7,Yes,No,Hotel,Tourist Place,33.6,175,No,Yes,3,3.7,Available in 20 mins,20 mins,Non-refundable,"Reading Light, Bottled Water",Regional Language,No,No,Yes,No,No
RB00469,Mahakaleshwar Jyotirlinga,Ujjain,Madhya Pradesh,Bike,Economy,Hero Splendor Plus,2,5170,INR,Full Day Rental,10,140.1,No,Yes,Hotel,Airport,24.1,325,Yes,Yes,3.3,3.3,Available Now,20 mins,50% refund if cancelled within 6 hours of pickup,"Reading Light, Bottled Water","Hindi, English, Regional Language",No,No,No,No,No
RB00470,Mahakaleshwar Jyotirlinga,Ujjain,Madhya Pradesh,Auto,Premium,Mahindra Treo Auto,3,4770,INR,Full Day Rental,10,102.3,Yes,No,Anywhere in City,Hotel,9.9,330,No,Yes,4.6,4.4,Available Now,13 mins,Free cancellation up to 6 hours before pickup,"Reading Light, Bottled Water",Hindi,Yes,No,Yes,No,No
RB00471,Mahakaleshwar Jyotirlinga,Ujjain,Madhya Pradesh,Auto,Economy,Piaggio Ape Auto,3,535,INR,One Way,3,24.6,Yes,Yes,Airport,Airport,13.2,200,Yes,Yes,4.7,4.3,Available Now,12 mins,Free cancellation up to 6 hours before pickup,Bottled Water,English,Yes,No,No,No,No
RB00472,Dhuandhar Falls,Jabalpur,Madhya Pradesh,SUV,Economy,Mahindra Bolero,7,2615,INR,Round Trip,4.8,19.3,No,No,Railway Station,Hotel,24,275,Yes,Yes,4.1,4.8,Available Now,27 mins,50% refund if cancelled within 6 hours of pickup,None,Hindi,Yes,Yes,Yes,No,No
RB00473,Dhuandhar Falls,Jabalpur,Madhya Pradesh,SUV,Economy,Chevrolet Tavera,7,1335,INR,One Way,2.7,35.7,Yes,Yes,Anywhere in City,Airport,22.8,290,Yes,Yes,4.6,4.8,Available Now,7 mins,Free cancellation up to 1 hour before pickup,"Bottled Water, Hand Sanitizer",Hindi,Yes,Yes,Yes,No,Yes
RB00474,Dhuandhar Falls,Jabalpur,Madhya Pradesh,Jeep,Premium,Mahindra Thar LX 4x4,5,5825,INR,Round Trip,4.8,37.3,Yes,No,Airport,Airport,8.1,125,Yes,Yes,4.5,4.4,Available Now,8 mins,Free cancellation up to 24 hours before pickup,"Umbrella, Bottled Water",English,Yes,Yes,Yes,No,No
RB00475,Dhuandhar Falls,Jabalpur,Madhya Pradesh,Jeep,Economy,Force Gurkha,4,6920,INR,Full Day Rental,8,66.5,Yes,Yes,Hotel,Hotel,16.4,325,Yes,Yes,3.2,4.5,Scheduled Only,2 mins,Free cancellation up to 1 hour before pickup,"Umbrella, Bottled Water","Hindi, English, Regional Language",No,No,No,No,No
RB00476,Bee Falls,Pachmarhi,Madhya Pradesh,Tempo Traveller,Premium,Force Tempo Traveller 17-Seater (AC),17,10450,INR,Round Trip,3.9,34.2,Yes,Yes,Airport,Hotel,28.8,190,No,Yes,4.8,3.9,Scheduled Only,16 mins,Free cancellation up to 24 hours before pickup,Sanitized Vehicle,"Hindi, English",Yes,Yes,Yes,Yes,No
RB00477,Bee Falls,Pachmarhi,Madhya Pradesh,Jeep,Economy,Force Gurkha,4,7525,INR,Full Day Rental,8,139.6,No,No,Airport,Tourist Place,13.7,85,Yes,Yes,4.9,3.6,Available in 10 mins,17 mins,Free cancellation up to 6 hours before pickup,"Reading Light, Bottled Water","Hindi, English",Yes,Yes,No,No,No
RB00478,Bee Falls,Pachmarhi,Madhya Pradesh,Cab,Economy,Hyundai Xcent,4,4550,INR,Full Day Rental,10,92.4,Yes,No,Anywhere in City,Hotel,24.3,250,Yes,Yes,4.5,3.2,Available in 10 mins,18 mins,50% refund if cancelled within 6 hours of pickup,"Umbrella, Bottled Water",Regional Language,Yes,No,No,No,No
RB00479,Bee Falls,Pachmarhi,Madhya Pradesh,Auto,Economy,Bajaj RE Compact Auto,3,910,INR,One Way,2.2,42.7,No,No,Railway Station,Airport,21.5,270,No,Yes,3.8,4.9,Available in 10 mins,24 mins,Free cancellation up to 6 hours before pickup,First Aid Kit,English,No,No,Yes,No,No
RB00480,Kanha National Park,Kanha,Madhya Pradesh,SUV,Economy,Maruti Suzuki Ertiga,7,6690,INR,Full Day Rental,12,75.4,No,Yes,Anywhere in City,Tourist Place,21.2,295,Yes,Yes,4.8,3.9,Available in 10 mins,22 mins,Free cancellation up to 1 hour before pickup,"Umbrella, Bottled Water",Regional Language,Yes,No,Yes,No,Yes
RB00481,Kanha National Park,Kanha,Madhya Pradesh,Tempo Traveller,Luxury,Force Urbania Luxury Van,13,22750,INR,Full Day Rental,12,60.7,Yes,No,Airport,Tourist Place,23.5,300,Yes,Yes,4,3.1,Scheduled Only,4 mins,50% refund if cancelled within 6 hours of pickup,"Reading Light, Bottled Water",English,Yes,Yes,Yes,Yes,No
RB00482,Kanha National Park,Kanha,Madhya Pradesh,SUV,Luxury,Ford Endeavour,7,7175,INR,Round Trip,4.4,11.3,Yes,Yes,Hotel,Tourist Place,17.4,180,Yes,Yes,4.5,3.9,Available in 20 mins,14 mins,Free cancellation up to 24 hours before pickup,"Umbrella, Bottled Water","Hindi, English, Regional Language",Yes,No,Yes,No,No
RB00483,Bandhavgarh National Park,Bandhavgarh,Madhya Pradesh,SUV,Premium,Toyota Innova Crysta,7,3505,INR,Round Trip,2.3,5.7,Yes,Yes,Railway Station,Tourist Place,13.7,190,No,Yes,4.5,3.8,Scheduled Only,24 mins,Free cancellation up to 24 hours before pickup,None,Hindi,Yes,No,Yes,Yes,No
RB00484,Bandhavgarh National Park,Bandhavgarh,Madhya Pradesh,Auto,Premium,Bajaj RE Electric Auto,3,680,INR,One Way,2.2,30,Yes,Yes,Railway Station,Tourist Place,14.6,250,Yes,Yes,4.1,4.3,Scheduled Only,19 mins,Free cancellation up to 1 hour before pickup,Bottled Water,English,Yes,No,Yes,No,No
RB00485,Bandhavgarh National Park,Bandhavgarh,Madhya Pradesh,Jeep,Economy,Mahindra Thar (Base),4,8380,INR,Full Day Rental,12,137,Yes,No,Railway Station,Airport,14.4,185,No,Yes,2.9,3.7,Available in 20 mins,14 mins,Free cancellation up to 1 hour before pickup,"Bottled Water, First Aid Kit","Hindi, English",No,Yes,Yes,No,No
RB00486,Bandhavgarh National Park,Bandhavgarh,Madhya Pradesh,SUV,Economy,Mahindra Bolero,7,1565,INR,One Way,2.7,34.2,Yes,No,Railway Station,Tourist Place,8.9,250,Yes,Yes,2.9,3,Available Now,8 mins,Free cancellation up to 24 hours before pickup,"Umbrella, Bottled Water",English,No,Yes,Yes,No,No
RB00487,Orchha Fort,Orchha,Madhya Pradesh,Jeep,Luxury,Land Rover Defender,5,19465,INR,Full Day Rental,12,105.6,Yes,Yes,Hotel,Hotel,24.1,330,Yes,Yes,4.5,3.2,Available in 20 mins,8 mins,Free cancellation up to 24 hours before pickup,"Sanitized Vehicle, First Aid Kit",Regional Language,Yes,Yes,Yes,Yes,No
RB00488,Orchha Fort,Orchha,Madhya Pradesh,Cab,Economy,Maruti Suzuki Dzire,4,1220,INR,One Way,2.4,41.6,No,Yes,Hotel,Hotel,9.5,145,No,Yes,4.5,3,Available Now,17 mins,Free cancellation up to 1 hour before pickup,Sanitized Vehicle,English,Yes,Yes,Yes,No,Yes
RB00489,Orchha Fort,Orchha,Madhya Pradesh,Bike,Economy,Hero Splendor Plus,2,5490,INR,Full Day Rental,12,138.7,No,No,Airport,Tourist Place,8.4,155,No,No,3.8,3.1,Available Now,28 mins,Non-refundable,None,N/A,Yes,No,No,No,No
RB00490,Jahaz Mahal,Mandu,Madhya Pradesh,Jeep,Economy,Force Gurkha,4,3975,INR,Round Trip,4.2,37.5,Yes,No,Railway Station,Tourist Place,11,190,Yes,Yes,4.2,4.5,Scheduled Only,23 mins,Free cancellation up to 6 hours before pickup,"Sanitized Vehicle, First Aid Kit",Regional Language,Yes,No,Yes,No,Yes
RB00491,Jahaz Mahal,Mandu,Madhya Pradesh,Cab,Economy,Maruti Suzuki WagonR,4,4395,INR,Full Day Rental,8,58.1,Yes,No,Airport,Airport,10.4,300,Yes,Yes,3.9,4.8,Available Now,19 mins,Free cancellation up to 1 hour before pickup,None,Hindi,Yes,Yes,Yes,No,No
RB00492,Jahaz Mahal,Mandu,Madhya Pradesh,Cab,Economy,Maruti Suzuki WagonR,4,2075,INR,Round Trip,3.6,26,No,Yes,Airport,Airport,18.9,120,Yes,Yes,3.7,4.6,Available Now,27 mins,Free cancellation up to 1 hour before pickup,"Reading Light, Bottled Water",English,No,No,Yes,No,No
RB00493,Jahaz Mahal,Mandu,Madhya Pradesh,Bike,Premium,Royal Enfield Classic 350,2,525,INR,One Way,1.2,3.7,Yes,No,Anywhere in City,Hotel,15.2,175,Yes,No,4.3,3.6,Available Now,20 mins,Non-refundable,Bottled Water,N/A,Yes,No,No,No,No
RB00494,Bhimbetka Rock Shelters,Bhimbetka,Madhya Pradesh,Jeep,Economy,Force Gurkha,4,8000,INR,Full Day Rental,10,92.1,No,No,Hotel,Tourist Place,8.7,210,No,Yes,4.5,3.5,Available Now,16 mins,Non-refundable,"Umbrella, Bottled Water",English,Yes,No,Yes,No,No
RB00495,Bhimbetka Rock Shelters,Bhimbetka,Madhya Pradesh,Jeep,Economy,Mahindra Thar (Base),4,7235,INR,Full Day Rental,12,54.1,Yes,No,Railway Station,Airport,17.6,295,Yes,Yes,4.1,4.4,Scheduled Only,7 mins,Non-refundable,"Bottled Water, First Aid Kit",English,Yes,Yes,Yes,No,No
RB00496,Bhimbetka Rock Shelters,Bhimbetka,Madhya Pradesh,SUV,Economy,Maruti Suzuki Ertiga,7,1615,INR,One Way,2.4,19.3,No,Yes,Airport,Tourist Place,22.7,240,Yes,Yes,4.8,3.2,Available in 10 mins,6 mins,Free cancellation up to 6 hours before pickup,Bottled Water,"Hindi, English",Yes,Yes,No,No,No
RB00497,Bhimbetka Rock Shelters,Bhimbetka,Madhya Pradesh,Jeep,Economy,Force Gurkha,4,3395,INR,Round Trip,3.7,4.4,No,No,Anywhere in City,Airport,23.6,325,No,Yes,4,3.4,Available in 10 mins,16 mins,Free cancellation up to 6 hours before pickup,"Umbrella, Bottled Water","Hindi, English, Regional Language",Yes,Yes,Yes,No,No
RB00498,Narmada Udgam Temple,Amarkantak,Madhya Pradesh,Bike,Premium,Royal Enfield Classic 350,2,690,INR,One Way,0.8,9.2,Yes,Yes,Railway Station,Airport,17,160,No,No,4.4,3.4,Scheduled Only,17 mins,Non-refundable,First Aid Kit,N/A,Yes,No,No,No,No
RB00499,Narmada Udgam Temple,Amarkantak,Madhya Pradesh,Auto,Premium,Bajaj RE Electric Auto,3,765,INR,One Way,2.6,31,Yes,Yes,Airport,Airport,20.8,305,Yes,Yes,4.1,4.5,Available Now,29 mins,50% refund if cancelled within 6 hours of pickup,"Sanitized Vehicle, First Aid Kit",Hindi,Yes,No,Yes,No,No
RB00500,Narmada Udgam Temple,Amarkantak,Madhya Pradesh,Jeep,Economy,Mahindra Thar (Base),4,9670,INR,Full Day Rental,10,139.8,Yes,Yes,Railway Station,Tourist Place,21.1,195,Yes,Yes,3.9,4.5,Available Now,13 mins,50% refund if cancelled within 6 hours of pickup,"Sanitized Vehicle, First Aid Kit",Regional Language,Yes,Yes,No,No,No
RB00501,Chitrakoot Falls,Chitrakoot,Madhya Pradesh,Bike,Luxury,Harley-Davidson X440,2,6305,INR,Full Day Rental,12,93.7,Yes,No,Railway Station,Hotel,19.8,345,Yes,No,4.6,4.7,Available Now,18 mins,Free cancellation up to 24 hours before pickup,"Umbrella, Bottled Water",N/A,Yes,No,No,No,No
RB00502,Chitrakoot Falls,Chitrakoot,Madhya Pradesh,Auto,Economy,Piaggio Ape Auto,3,590,INR,One Way,1.8,37.7,Yes,Yes,Railway Station,Hotel,19.7,180,Yes,Yes,4.8,4,Available Now,25 mins,50% refund if cancelled within 6 hours of pickup,First Aid Kit,English,Yes,No,Yes,No,No
RB00503,Chitrakoot Falls,Chitrakoot,Madhya Pradesh,Auto,Premium,Mahindra Treo Auto,3,1090,INR,Round Trip,3.9,13.3,Yes,No,Hotel,Tourist Place,10.1,180,Yes,Yes,3.9,4.9,Scheduled Only,19 mins,Free cancellation up to 6 hours before pickup,"Bottled Water, First Aid Kit","Hindi, English, Regional Language",Yes,No,Yes,No,No
RB00504,The Ridge,Shimla,Himachal Pradesh,Cab,Premium,Hyundai Verna,4,4550,INR,Full Day Rental,10,51.9,No,Yes,Hotel,Hotel,12.7,230,Yes,Yes,4.1,3.8,Available Now,30 mins,Free cancellation up to 6 hours before pickup,Bottled Water,Hindi,No,Yes,No,No,Yes
RB00505,The Ridge,Shimla,Himachal Pradesh,Tempo Traveller,Premium,Force Tempo Traveller 17-Seater (AC),17,13280,INR,Full Day Rental,8,78.9,Yes,Yes,Anywhere in City,Hotel,25.8,85,Yes,Yes,4.5,4.6,Available Now,5 mins,Free cancellation up to 24 hours before pickup,"Sanitized Vehicle, First Aid Kit",English,Yes,Yes,Yes,No,No
RB00506,The Ridge,Shimla,Himachal Pradesh,SUV,Economy,Chevrolet Tavera,7,3385,INR,Round Trip,5.4,21.3,Yes,No,Anywhere in City,Tourist Place,10.6,320,No,Yes,2.5,3.5,Scheduled Only,15 mins,Free cancellation up to 6 hours before pickup,"Umbrella, Bottled Water",Regional Language,No,Yes,Yes,No,No
RB00507,Solang Valley,Manali,Himachal Pradesh,Bike,Economy,Hero Splendor Plus,2,5390,INR,Full Day Rental,12,132.1,No,No,Anywhere in City,Tourist Place,12.2,160,Yes,No,3.8,3.5,Available Now,16 mins,Free cancellation up to 1 hour before pickup,"Sanitized Vehicle, First Aid Kit",N/A,Yes,No,No,No,No
RB00508,Solang Valley,Manali,Himachal Pradesh,Cab,Economy,Hyundai Xcent,4,1665,INR,Round Trip,5.6,33.4,No,No,Anywhere in City,Hotel,10.9,310,Yes,Yes,4.8,5,Available in 20 mins,3 mins,Free cancellation up to 24 hours before pickup,"Bottled Water, Hand Sanitizer",English,Yes,Yes,Yes,No,Yes
RB00509,Solang Valley,Manali,Himachal Pradesh,Cab,Economy,Hyundai Xcent,4,1265,INR,One Way,1.2,39.1,Yes,Yes,Hotel,Airport,8.9,255,No,Yes,4.1,3.6,Scheduled Only,15 mins,Free cancellation up to 24 hours before pickup,First Aid Kit,Hindi,No,No,Yes,No,No
RB00510,Dalai Lama Temple,dalhousie,Himachal Pradesh,SUV,Economy,Mahindra Bolero,7,6575,INR,Full Day Rental,12,123.7,Yes,No,Airport,Tourist Place,16.7,85,Yes,Yes,4,3.9,Available in 10 mins,9 mins,Free cancellation up to 6 hours before pickup,"Umbrella, Bottled Water","Hindi, English, Regional Language",Yes,No,Yes,No,No
RB00511,Dalai Lama Temple,dalhousie,Himachal Pradesh,SUV,Economy,Chevrolet Tavera,7,1035,INR,One Way,1.4,5.8,No,No,Anywhere in City,Airport,24,175,Yes,Yes,4.7,3.5,Scheduled Only,7 mins,Free cancellation up to 6 hours before pickup,"Reading Light, Bottled Water",English,Yes,No,Yes,No,No
RB00512,Dalai Lama Temple,dalhousie,Himachal Pradesh,SUV,Premium,Hyundai Creta,7,3885,INR,Round Trip,3.5,18.8,No,Yes,Anywhere in City,Airport,21.4,280,Yes,Yes,4.1,4.8,Scheduled Only,10 mins,Non-refundable,"Sanitized Vehicle, First Aid Kit","Hindi, English",Yes,No,Yes,Yes,Yes
RB00513,Khajjiar Lake,Dalhousie,Himachal Pradesh,Auto,Economy,Bajaj RE Compact Auto,3,1060,INR,Round Trip,3.5,22.5,No,No,Hotel,Tourist Place,9.2,170,Yes,Yes,3.8,3.3,Available Now,10 mins,Free cancellation up to 1 hour before pickup,Bottled Water,"Hindi, English, Regional Language",Yes,No,Yes,No,No
RB00514,Khajjiar Lake,Dalhousie,Himachal Pradesh,Cab,Economy,Hyundai Xcent,4,5070,INR,Full Day Rental,12,90.6,Yes,No,Anywhere in City,Tourist Place,21,90,No,Yes,4.5,5,Available in 10 mins,28 mins,Non-refundable,"Umbrella, Bottled Water","Hindi, English",Yes,No,Yes,No,Yes
RB00515,Khajjiar Lake,Dalhousie,Himachal Pradesh,Jeep,Economy,Mahindra Thar (Base),4,1370,INR,One Way,0.5,4.8,Yes,No,Railway Station,Hotel,8,100,No,Yes,4.4,3.4,Available in 10 mins,23 mins,Non-refundable,"Bottled Water, Hand Sanitizer",Hindi,Yes,No,No,No,No
RB00516,Key Monastery,Spiti Valley,Himachal Pradesh,Cab,Premium,Skoda Slavia,4,2745,INR,Round Trip,3.3,29.5,No,Yes,Airport,Hotel,15.4,155,No,Yes,5,3.1,Available Now,11 mins,50% refund if cancelled within 6 hours of pickup,"Bottled Water, Hand Sanitizer",English,Yes,Yes,No,Yes,No
RB00517,Key Monastery,Spiti Valley,Himachal Pradesh,Auto,Economy,Piaggio Ape Auto,3,970,INR,Round Trip,3.7,34.2,No,Yes,Railway Station,Hotel,15.4,300,Yes,Yes,3.8,3.2,Available in 10 mins,17 mins,Non-refundable,"Sanitized Vehicle, First Aid Kit","Hindi, English, Regional Language",Yes,No,Yes,No,No
RB00518,Key Monastery,Spiti Valley,Himachal Pradesh,Cab,Premium,Honda City,4,2380,INR,Round Trip,3.3,9.7,Yes,Yes,Anywhere in City,Tourist Place,23.2,330,No,Yes,4,3,Available in 10 mins,3 mins,Free cancellation up to 24 hours before pickup,"Bottled Water, First Aid Kit",Regional Language,Yes,No,No,No,No
RB00519,Key Monastery,Spiti Valley,Himachal Pradesh,Jeep,Economy,Mahindra Thar (Base),4,6115,INR,Full Day Rental,8,49.1,Yes,No,Anywhere in City,Hotel,12.5,160,No,Yes,4.5,3.1,Available Now,29 mins,50% refund if cancelled within 6 hours of pickup,Sanitized Vehicle,"Hindi, English, Regional Language",Yes,Yes,Yes,No,No
RB00520,Great Himalayan National Park,Kullu,Himachal Pradesh,Jeep,Premium,Mahindra Scorpio-N,5,6220,INR,Round Trip,3.2,43,Yes,No,Railway Station,Hotel,12.1,120,Yes,Yes,4.5,3.3,Scheduled Only,6 mins,Free cancellation up to 24 hours before pickup,"Bottled Water, Hand Sanitizer",Regional Language,Yes,No,Yes,No,No
RB00521,Great Himalayan National Park,Kullu,Himachal Pradesh,Tempo Traveller,Luxury,Force Urbania Luxury Van,13,23510,INR,Full Day Rental,10,63.1,No,Yes,Hotel,Hotel,31.8,295,Yes,Yes,3.3,4.6,Available in 20 mins,16 mins,Free cancellation up to 24 hours before pickup,"Umbrella, Bottled Water","Hindi, English",No,No,No,No,No
RB00522,Great Himalayan National Park,Kullu,Himachal Pradesh,SUV,Premium,Toyota Innova Crysta,7,5375,INR,Round Trip,3.9,20.5,Yes,No,Railway Station,Hotel,20.3,195,No,Yes,4.7,3.7,Available Now,5 mins,Non-refundable,None,English,Yes,Yes,Yes,No,No
RB00523,Chamera Lake,Chamba,Himachal Pradesh,Cab,Luxury,Mercedes-Benz E-Class,4,10575,INR,Full Day Rental,12,61.6,No,No,Hotel,Tourist Place,13.7,190,Yes,Yes,3.3,3.8,Scheduled Only,30 mins,Free cancellation up to 6 hours before pickup,First Aid Kit,Regional Language,No,No,Yes,No,No
RB00524,Chamera Lake,Chamba,Himachal Pradesh,Auto,Economy,Bajaj RE Compact Auto,3,290,INR,One Way,2.6,12.3,Yes,No,Anywhere in City,Hotel,16.5,335,No,Yes,4.2,4.3,Scheduled Only,20 mins,Free cancellation up to 24 hours before pickup,None,"Hindi, English, Regional Language",Yes,No,Yes,No,No
RB00525,Chamera Lake,Chamba,Himachal Pradesh,Jeep,Premium,Mahindra Thar LX 4x4,5,9935,INR,Full Day Rental,8,112.2,No,Yes,Hotel,Hotel,23.8,275,Yes,Yes,4.1,4.8,Available in 10 mins,25 mins,Free cancellation up to 24 hours before pickup,"Umbrella, Bottled Water",Hindi,Yes,No,Yes,No,No
RB00526,Chamera Lake,Chamba,Himachal Pradesh,Jeep,Premium,Mahindra Thar LX 4x4,5,3030,INR,One Way,2.4,5.8,No,No,Hotel,Airport,21,290,Yes,Yes,4.6,4.6,Available in 20 mins,27 mins,Free cancellation up to 1 hour before pickup,"Umbrella, Bottled Water",English,Yes,Yes,Yes,No,No
RB00527,Sangla Valley,Kinnaur,Himachal Pradesh,SUV,Economy,Chevrolet Tavera,7,7615,INR,Full Day Rental,10,98.8,No,No,Anywhere in City,Hotel,21.7,290,Yes,Yes,4.5,4.5,Available Now,25 mins,Free cancellation up to 24 hours before pickup,"Reading Light, Bottled Water","Hindi, English, Regional Language",Yes,No,Yes,No,No
RB00528,Sangla Valley,Kinnaur,Himachal Pradesh,SUV,Economy,Chevrolet Tavera,7,2580,INR,Round Trip,4.7,3.7,Yes,No,Anywhere in City,Hotel,10.3,105,Yes,Yes,3.5,4,Available Now,25 mins,50% refund if cancelled within 6 hours of pickup,"Bottled Water, Hand Sanitizer","Hindi, English, Regional Language",No,No,No,No,No
RB00529,Sangla Valley,Kinnaur,Himachal Pradesh,Jeep,Economy,Mahindra Thar (Base),4,2630,INR,One Way,2.2,42.4,Yes,No,Railway Station,Tourist Place,24.7,345,Yes,Yes,4.7,3,Available in 20 mins,12 mins,Free cancellation up to 24 hours before pickup,"Bottled Water, Hand Sanitizer",English,Yes,No,Yes,No,No
RB00530,Sangla Valley,Kinnaur,Himachal Pradesh,Auto,Premium,Mahindra Treo Auto,3,500,INR,One Way,1,10.7,Yes,No,Railway Station,Hotel,23.2,285,Yes,Yes,3.2,3.7,Available Now,6 mins,Free cancellation up to 1 hour before pickup,"Bottled Water, Hand Sanitizer","Hindi, English, Regional Language",No,No,Yes,No,No
RB00531,Kangra Fort,Kangra,Himachal Pradesh,SUV,Economy,Maruti Suzuki Ertiga,7,3260,INR,Round Trip,5.8,9.7,Yes,Yes,Hotel,Tourist Place,11.7,270,Yes,Yes,4,3.5,Scheduled Only,2 mins,Free cancellation up to 6 hours before pickup,"Bottled Water, First Aid Kit","Hindi, English, Regional Language",No,No,No,No,Yes
RB00532,Kangra Fort,Kangra,Himachal Pradesh,Auto,Economy,Piaggio Ape Auto,3,685,INR,One Way,1.2,37.7,No,No,Airport,Airport,22.6,115,Yes,Yes,4.4,3.8,Available in 10 mins,25 mins,50% refund if cancelled within 6 hours of pickup,Sanitized Vehicle,"Hindi, English, Regional Language",Yes,No,Yes,No,No
RB00533,Kangra Fort,Kangra,Himachal Pradesh,SUV,Luxury,Toyota Fortuner,7,3925,INR,One Way,1.1,32.9,No,Yes,Airport,Tourist Place,24.3,235,Yes,Yes,4.8,3.8,Available in 20 mins,8 mins,Non-refundable,Sanitized Vehicle,English,Yes,No,No,No,No
RB00534,Tea Gardens,Palampur,Himachal Pradesh,Jeep,Economy,Mahindra Thar (Base),4,6640,INR,Full Day Rental,10,56.1,Yes,No,Anywhere in City,Tourist Place,15.4,150,Yes,Yes,4.7,4.5,Available Now,11 mins,Free cancellation up to 24 hours before pickup,"Sanitized Vehicle, First Aid Kit",Hindi,Yes,No,Yes,No,Yes
RB00535,Tea Gardens,Palampur,Himachal Pradesh,SUV,Premium,Mahindra XUV700,7,2605,INR,One Way,1.4,27.6,No,No,Anywhere in City,Tourist Place,10.7,140,No,Yes,4.1,3.8,Available Now,18 mins,Free cancellation up to 24 hours before pickup,"Bottled Water, Hand Sanitizer",Regional Language,Yes,No,Yes,No,Yes
RB00536,Tea Gardens,Palampur,Himachal Pradesh,Cab,Premium,Honda City,4,1470,INR,One Way,2.7,26.8,Yes,No,Hotel,Hotel,24.3,170,Yes,Yes,4.5,4,Available in 10 mins,5 mins,50% refund if cancelled within 6 hours of pickup,"Sanitized Vehicle, First Aid Kit",Regional Language,Yes,No,Yes,Yes,No
RB00537,Prashar Lake,Mandi,Himachal Pradesh,Bike,Economy,TVS Sport,2,795,INR,One Way,1.3,40.4,No,No,Airport,Tourist Place,24.3,85,Yes,No,4.3,3.4,Scheduled Only,19 mins,Free cancellation up to 1 hour before pickup,"Bottled Water, Hand Sanitizer",N/A,Yes,No,No,No,No
RB00538,Prashar Lake,Mandi,Himachal Pradesh,Bike,Economy,TVS Sport,2,390,INR,One Way,0.7,12.2,No,No,Airport,Hotel,13.8,145,Yes,No,3.4,4.9,Available in 10 mins,3 mins,Non-refundable,"Bottled Water, First Aid Kit",N/A,No,No,No,No,No
RB00539,Prashar Lake,Mandi,Himachal Pradesh,SUV,Premium,Toyota Innova Crysta,7,4655,INR,Round Trip,2.4,40.3,Yes,No,Railway Station,Tourist Place,20.8,230,Yes,Yes,5,3,Available in 20 mins,8 mins,Free cancellation up to 24 hours before pickup,Sanitized Vehicle,English,Yes,No,Yes,Yes,Yes
RB00540,Prashar Lake,Mandi,Himachal Pradesh,SUV,Premium,Toyota Innova Crysta,7,7870,INR,Full Day Rental,8,54.8,No,No,Airport,Airport,9.1,325,Yes,Yes,4.2,3.4,Scheduled Only,5 mins,Free cancellation up to 1 hour before pickup,Sanitized Vehicle,English,Yes,Yes,Yes,No,No
RB00541,Paragliding Site,Bir Billing,Himachal Pradesh,Cab,Premium,Honda City,4,5825,INR,Full Day Rental,12,98.6,No,No,Railway Station,Tourist Place,18.3,330,No,Yes,2.8,3.8,Available Now,16 mins,Free cancellation up to 1 hour before pickup,"Bottled Water, Hand Sanitizer",English,No,No,Yes,No,No
RB00542,Paragliding Site,Bir Billing,Himachal Pradesh,Bike,Economy,TVS Sport,2,4020,INR,Full Day Rental,8,118.4,Yes,Yes,Hotel,Airport,22.6,225,Yes,No,4.4,3.5,Available in 20 mins,19 mins,Free cancellation up to 24 hours before pickup,Sanitized Vehicle,N/A,Yes,No,No,No,No
RB00543,Paragliding Site,Bir Billing,Himachal Pradesh,Bike,Premium,Royal Enfield Classic 350,2,1030,INR,One Way,1.1,36.7,Yes,No,Hotel,Airport,20.9,205,Yes,No,3.8,4.6,Available Now,29 mins,Free cancellation up to 1 hour before pickup,"Bottled Water, Hand Sanitizer",N/A,Yes,No,No,No,No
RB00544,Triund Trek,McLeod Ganj,Himachal Pradesh,Auto,Economy,Bajaj RE Compact Auto,3,1410,INR,Round Trip,2.4,43,Yes,Yes,Railway Station,Tourist Place,14.4,110,No,Yes,4.7,3.3,Available Now,28 mins,Free cancellation up to 24 hours before pickup,None,"Hindi, English",Yes,No,Yes,No,No
RB00545,Triund Trek,McLeod Ganj,Himachal Pradesh,SUV,Economy,Mahindra Bolero,7,6275,INR,Full Day Rental,8,108.4,No,Yes,Hotel,Airport,8.8,260,No,Yes,4.6,3.7,Available Now,10 mins,Free cancellation up to 6 hours before pickup,Sanitized Vehicle,"Hindi, English",Yes,Yes,Yes,No,No
RB00546,Triund Trek,McLeod Ganj,Himachal Pradesh,Auto,Luxury,TVS King Deluxe Auto,3,3480,INR,Full Day Rental,10,45.4,Yes,Yes,Anywhere in City,Hotel,14.9,145,Yes,Yes,4.4,4.6,Available Now,26 mins,Free cancellation up to 6 hours before pickup,None,English,Yes,No,Yes,No,No
RB00547,Manikaran Sahib,Manikaran,Himachal Pradesh,Cab,Premium,Hyundai Verna,4,6175,INR,Full Day Rental,12,53.7,No,Yes,Anywhere in City,Tourist Place,23,145,Yes,Yes,4,3.1,Available in 20 mins,9 mins,Free cancellation up to 24 hours before pickup,"Bottled Water, Hand Sanitizer",English,Yes,No,Yes,No,Yes
RB00548,Manikaran Sahib,Manikaran,Himachal Pradesh,Cab,Economy,Maruti Suzuki Dzire,4,1085,INR,One Way,2.4,39.9,No,Yes,Hotel,Tourist Place,24.3,150,Yes,Yes,4.3,3.8,Available in 20 mins,26 mins,50% refund if cancelled within 6 hours of pickup,"Bottled Water, First Aid Kit",Hindi,Yes,Yes,No,No,No
RB00549,Manikaran Sahib,Manikaran,Himachal Pradesh,Auto,Economy,Bajaj RE Compact Auto,3,3170,INR,Full Day Rental,10,49.3,Yes,Yes,Hotel,Tourist Place,12.1,270,Yes,Yes,3,4.9,Scheduled Only,21 mins,Free cancellation up to 1 hour before pickup,"Umbrella, Bottled Water",Hindi,No,No,Yes,No,No
RB00550,Hatu Peak,Narkanda,Himachal Pradesh,SUV,Luxury,Toyota Fortuner,7,8495,INR,Round Trip,4.1,11.2,Yes,Yes,Hotel,Hotel,9.6,240,Yes,Yes,4.7,3.1,Available in 10 mins,9 mins,Free cancellation up to 6 hours before pickup,"Bottled Water, Hand Sanitizer",English,Yes,Yes,Yes,No,No
RB00551,Hatu Peak,Narkanda,Himachal Pradesh,Jeep,Economy,Mahindra Thar (Base),4,8150,INR,Full Day Rental,10,123.7,No,No,Hotel,Hotel,23.5,135,Yes,Yes,3.5,4.6,Available Now,19 mins,Free cancellation up to 24 hours before pickup,None,Hindi,No,Yes,Yes,No,No
RB00552,Hatu Peak,Narkanda,Himachal Pradesh,Cab,Economy,Maruti Suzuki WagonR,4,1565,INR,One Way,2.8,43.3,No,No,Railway Station,Hotel,23.1,100,Yes,Yes,4,4.5,Available in 20 mins,5 mins,Free cancellation up to 6 hours before pickup,"Bottled Water, First Aid Kit",English,No,Yes,Yes,No,No
RB00553,Hatu Peak,Narkanda,Himachal Pradesh,Jeep,Economy,Mahindra Thar (Base),4,1625,INR,One Way,1.8,28.5,No,Yes,Hotel,Tourist Place,23.9,270,No,Yes,4.4,4.9,Available Now,28 mins,50% refund if cancelled within 6 hours of pickup,Bottled Water,Regional Language,Yes,Yes,No,No,No
RB00554,Barot Valley,Barot,Himachal Pradesh,SUV,Premium,Hyundai Creta,7,2990,INR,One Way,2.9,42.4,No,No,Anywhere in City,Airport,9.5,315,Yes,Yes,4.3,4.9,Available in 10 mins,5 mins,Free cancellation up to 24 hours before pickup,First Aid Kit,Regional Language,Yes,No,Yes,No,No
RB00555,Barot Valley,Barot,Himachal Pradesh,Jeep,Premium,Mahindra Scorpio-N,5,4830,INR,Round Trip,4.6,35,No,No,Hotel,Hotel,12.1,320,Yes,Yes,4.3,3.7,Available in 10 mins,17 mins,Free cancellation up to 6 hours before pickup,None,English,Yes,Yes,Yes,No,No
RB00556,Barot Valley,Barot,Himachal Pradesh,Bike,Economy,TVS Sport,2,2840,INR,Full Day Rental,8,42,Yes,No,Railway Station,Airport,11.1,85,No,No,4,4.2,Available Now,21 mins,Non-refundable,"Sanitized Vehicle, First Aid Kit",N/A,Yes,No,No,No,No
RB00557,Barot Valley,Barot,Himachal Pradesh,SUV,Premium,Hyundai Creta,7,2375,INR,One Way,1.4,25.5,No,Yes,Railway Station,Hotel,21.1,320,Yes,Yes,4,4.8,Available Now,7 mins,Free cancellation up to 24 hours before pickup,"Bottled Water, First Aid Kit",English,No,No,Yes,No,No
RB00558,Serolsar Lake,Shoja,Himachal Pradesh,Jeep,Luxury,Land Rover Defender,5,6580,INR,One Way,0.8,19.7,No,Yes,Airport,Tourist Place,17.5,350,Yes,Yes,4.2,4.2,Available in 20 mins,22 mins,Free cancellation up to 24 hours before pickup,None,English,Yes,No,Yes,Yes,No
RB00559,Serolsar Lake,Shoja,Himachal Pradesh,SUV,Luxury,Land Rover Discovery Sport,7,4945,INR,One Way,2.8,44.2,Yes,No,Railway Station,Airport,19.5,195,Yes,Yes,3.2,3.7,Available Now,28 mins,Free cancellation up to 24 hours before pickup,Bottled Water,"Hindi, English, Regional Language",No,Yes,Yes,No,No
RB00560,Serolsar Lake,Shoja,Himachal Pradesh,Cab,Premium,Honda City,4,3135,INR,Round Trip,5.1,38.4,No,No,Hotel,Hotel,22.2,125,No,Yes,4.6,3.9,Scheduled Only,30 mins,Non-refundable,"Bottled Water, Hand Sanitizer",Hindi,Yes,Yes,No,No,Yes
RB00561,Kufri Fun World,Kufri,Himachal Pradesh,Tempo Traveller,Premium,Force Tempo Traveller 17-Seater (AC),17,4680,INR,One Way,1.4,42.7,Yes,No,Hotel,Tourist Place,23.2,130,Yes,Yes,4.5,4.3,Available in 10 mins,3 mins,50% refund if cancelled within 6 hours of pickup,First Aid Kit,Regional Language,Yes,Yes,No,No,No
RB00562,Kufri Fun World,Kufri,Himachal Pradesh,Cab,Economy,Maruti Suzuki WagonR,4,2385,INR,Round Trip,4.9,40.2,Yes,No,Hotel,Airport,21.6,280,Yes,Yes,4.4,4.8,Available in 10 mins,20 mins,Free cancellation up to 6 hours before pickup,"Bottled Water, Hand Sanitizer",Regional Language,Yes,Yes,No,No,No
RB00563,Kufri Fun World,Kufri,Himachal Pradesh,Auto,Economy,Piaggio Ape Auto,3,355,INR,One Way,0.8,6.7,Yes,No,Anywhere in City,Hotel,15.9,330,Yes,Yes,5,4.4,Available Now,21 mins,Free cancellation up to 24 hours before pickup,Bottled Water,"Hindi, English",Yes,No,Yes,No,No
RB00564,Naini Lake,Nainital,Uttarakhand,Auto,Economy,Piaggio Ape Auto,3,3545,INR,Full Day Rental,10,103.1,No,No,Railway Station,Airport,8.8,340,No,Yes,4,3.6,Available Now,28 mins,Free cancellation up to 1 hour before pickup,"Sanitized Vehicle, First Aid Kit",Regional Language,Yes,No,Yes,No,No
RB00565,Naini Lake,Nainital,Uttarakhand,Auto,Economy,Piaggio Ape Auto,3,595,INR,One Way,1.8,19.7,No,Yes,Airport,Hotel,8.2,125,Yes,Yes,4.8,4.7,Available Now,22 mins,Free cancellation up to 24 hours before pickup,"Bottled Water, First Aid Kit","Hindi, English, Regional Language",Yes,No,No,No,No
RB00566,Naini Lake,Nainital,Uttarakhand,Cab,Premium,Hyundai Verna,4,6750,INR,Full Day Rental,10,115.5,Yes,Yes,Airport,Airport,19.6,165,Yes,Yes,4.7,3,Available Now,19 mins,Non-refundable,"Sanitized Vehicle, First Aid Kit",Hindi,Yes,Yes,Yes,No,No
RB00567,Laxman Jhula,Rishikesh,Uttarakhand,Jeep,Premium,Mahindra Thar LX 4x4,5,4835,INR,Round Trip,3.5,35.1,Yes,No,Railway Station,Airport,10.7,350,Yes,Yes,3.8,4.1,Scheduled Only,5 mins,50% refund if cancelled within 6 hours of pickup,"Sanitized Vehicle, First Aid Kit","Hindi, English, Regional Language",Yes,Yes,Yes,No,No
RB00568,Laxman Jhula,Rishikesh,Uttarakhand,Bike,Economy,Bajaj Platina,2,1665,INR,Round Trip,5.8,34.7,Yes,No,Railway Station,Airport,22.8,335,Yes,No,3.9,4.4,Available in 10 mins,23 mins,Free cancellation up to 6 hours before pickup,"Sanitized Vehicle, First Aid Kit",N/A,No,No,No,No,No
RB00569,Laxman Jhula,Rishikesh,Uttarakhand,Cab,Economy,Hyundai Xcent,4,4150,INR,Full Day Rental,12,54.3,Yes,Yes,Railway Station,Tourist Place,15.7,225,Yes,Yes,4.1,4.3,Available Now,13 mins,Free cancellation up to 24 hours before pickup,First Aid Kit,"Hindi, English, Regional Language",No,Yes,Yes,No,Yes
RB00570,Har Ki Pauri,Haridwar,Uttarakhand,Auto,Economy,Bajaj RE Compact Auto,3,2975,INR,Full Day Rental,12,47,No,No,Airport,Airport,17.8,200,Yes,Yes,3.9,3.6,Available Now,8 mins,Non-refundable,Bottled Water,"Hindi, English, Regional Language",No,No,Yes,No,No
RB00571,Har Ki Pauri,Haridwar,Uttarakhand,SUV,Economy,Chevrolet Tavera,7,1860,INR,One Way,2.2,18.5,No,No,Railway Station,Airport,15.8,90,Yes,Yes,4.9,4.6,Available in 20 mins,29 mins,50% refund if cancelled within 6 hours of pickup,"Bottled Water, First Aid Kit",Regional Language,Yes,Yes,Yes,No,No
RB00572,Har Ki Pauri,Haridwar,Uttarakhand,Bike,Premium,Bajaj Dominar 400,2,1730,INR,Round Trip,3,10.8,No,No,Airport,Hotel,17.3,325,Yes,Yes,4.1,4.4,Available in 20 mins,7 mins,Free cancellation up to 6 hours before pickup,"Umbrella, Bottled Water","Hindi, English",Yes,No,No,No,No
RB00573,Har Ki Pauri,Haridwar,Uttarakhand,SUV,Luxury,Toyota Fortuner,7,9530,INR,Round Trip,2.9,42.7,No,Yes,Airport,Airport,9.8,270,Yes,Yes,4.6,3.5,Scheduled Only,29 mins,Free cancellation up to 6 hours before pickup,"Umbrella, Bottled Water",Hindi,Yes,No,No,No,Yes
RB00574,Robber's Cave,Dehradun,Uttarakhand,Auto,Economy,Bajaj RE Compact Auto,3,6210,INR,Full Day Rental,12,138.3,No,Yes,Hotel,Hotel,16.9,270,Yes,Yes,3.8,3.4,Available in 20 mins,4 mins,50% refund if cancelled within 6 hours of pickup,"Bottled Water, First Aid Kit","Hindi, English",Yes,No,Yes,No,No
RB00575,Robber's Cave,Dehradun,Uttarakhand,Auto,Economy,Bajaj RE Compact Auto,3,1240,INR,Round Trip,2.9,29,Yes,Yes,Anywhere in City,Tourist Place,22.5,90,No,Yes,4.8,4.7,Available Now,11 mins,Free cancellation up to 1 hour before pickup,Bottled Water,Regional Language,Yes,No,Yes,No,No
RB00576,Robber's Cave,Dehradun,Uttarakhand,SUV,Premium,Mahindra XUV700,7,5145,INR,Round Trip,4.4,26.6,No,Yes,Airport,Airport,17,310,Yes,Yes,4,4.1,Scheduled Only,15 mins,Free cancellation up to 1 hour before pickup,"Umbrella, Bottled Water","Hindi, English, Regional Language",Yes,Yes,No,No,No
RB00577,Kempty Falls,Mussoorie,Uttarakhand,Auto,Premium,Mahindra Treo Auto,3,5170,INR,Full Day Rental,10,138.2,No,No,Railway Station,Hotel,16.5,160,Yes,Yes,3.9,3.9,Available in 20 mins,2 mins,Free cancellation up to 24 hours before pickup,Bottled Water,Hindi,Yes,No,Yes,No,No
RB00578,Kempty Falls,Mussoorie,Uttarakhand,Tempo Traveller,Premium,Force Tempo Traveller 17-Seater (AC),17,6810,INR,One Way,0.8,43.3,No,No,Hotel,Hotel,15.1,170,Yes,Yes,4.6,4.5,Available Now,11 mins,50% refund if cancelled within 6 hours of pickup,"Bottled Water, First Aid Kit","Hindi, English, Regional Language",Yes,Yes,Yes,No,No
RB00579,Kempty Falls,Mussoorie,Uttarakhand,Auto,Economy,Bajaj RE Compact Auto,3,1210,INR,Round Trip,4.5,21.9,Yes,Yes,Airport,Tourist Place,22.4,345,No,Yes,3,4.1,Available in 10 mins,24 mins,Free cancellation up to 6 hours before pickup,"Bottled Water, Hand Sanitizer",English,No,No,Yes,No,No
RB00580,Auli Ski Resort,Auli,Uttarakhand,Auto,Premium,Bajaj RE Electric Auto,3,3880,INR,Full Day Rental,8,73.5,Yes,No,Railway Station,Tourist Place,10.7,275,Yes,Yes,4,3.8,Available Now,23 mins,Non-refundable,Sanitized Vehicle,English,Yes,No,No,No,No
RB00581,Auli Ski Resort,Auli,Uttarakhand,Tempo Traveller,Economy,Force Tempo Traveller 12-Seater (Non-AC),12,9855,INR,Full Day Rental,10,109.1,Yes,No,Airport,Airport,16.8,300,No,Yes,4.3,4.1,Available Now,14 mins,Free cancellation up to 1 hour before pickup,None,English,Yes,No,No,No,No
RB00582,Auli Ski Resort,Auli,Uttarakhand,Auto,Economy,Bajaj RE Compact Auto,3,480,INR,One Way,2.3,21.6,Yes,Yes,Railway Station,Hotel,10.9,235,Yes,Yes,4.7,4.9,Scheduled Only,27 mins,50% refund if cancelled within 6 hours of pickup,"Bottled Water, Hand Sanitizer",Regional Language,Yes,No,Yes,No,No
RB00583,Badrinath Temple,Badrinath,Uttarakhand,Auto,Premium,Bajaj RE Electric Auto,3,5250,INR,Full Day Rental,12,134.1,No,Yes,Anywhere in City,Airport,19,280,No,Yes,4.8,3.5,Available Now,20 mins,50% refund if cancelled within 6 hours of pickup,"Bottled Water, First Aid Kit",Regional Language,Yes,No,Yes,No,No
RB00584,Badrinath Temple,Badrinath,Uttarakhand,Bike,Premium,Bajaj Dominar 400,2,4085,INR,Full Day Rental,8,88.3,No,Yes,Anywhere in City,Airport,23.5,275,Yes,No,2.7,4.9,Available Now,9 mins,Free cancellation up to 24 hours before pickup,Sanitized Vehicle,N/A,No,No,No,No,No
RB00585,Badrinath Temple,Badrinath,Uttarakhand,Auto,Economy,Bajaj RE Compact Auto,3,2765,INR,Full Day Rental,8,60.7,No,No,Railway Station,Airport,11.6,280,No,Yes,4.4,3.5,Available Now,14 mins,Free cancellation up to 1 hour before pickup,Bottled Water,English,Yes,No,Yes,No,No
RB00586,Badrinath Temple,Badrinath,Uttarakhand,Tempo Traveller,Economy,Force Tempo Traveller 12-Seater (Non-AC),12,4190,INR,One Way,1.4,22.3,Yes,Yes,Airport,Airport,26.5,290,No,Yes,4.2,3.2,Available in 10 mins,17 mins,50% refund if cancelled within 6 hours of pickup,None,English,Yes,Yes,No,No,No
RB00587,Binsar Wildlife Sanctuary,Almora,Uttarakhand,Bike,Economy,TVS Sport,2,3480,INR,Full Day Rental,12,95,Yes,Yes,Hotel,Hotel,10.7,315,No,No,4.7,3.1,Available Now,26 mins,Free cancellation up to 1 hour before pickup,"Bottled Water, Hand Sanitizer",N/A,Yes,No,No,No,No
RB00588,Binsar Wildlife Sanctuary,Almora,Uttarakhand,Jeep,Economy,Mahindra Thar (Base),4,1765,INR,One Way,2.3,8.1,No,Yes,Airport,Airport,20.7,140,Yes,Yes,4.3,4.1,Available in 10 mins,16 mins,50% refund if cancelled within 6 hours of pickup,None,Hindi,Yes,Yes,No,No,Yes
RB00589,Binsar Wildlife Sanctuary,Almora,Uttarakhand,Tempo Traveller,Premium,Force Tempo Traveller 17-Seater (AC),17,18240,INR,Full Day Rental,10,97.7,Yes,Yes,Railway Station,Tourist Place,17.6,305,Yes,Yes,4.2,4.4,Available Now,27 mins,Free cancellation up to 1 hour before pickup,First Aid Kit,"Hindi, English, Regional Language",Yes,Yes,Yes,No,No
RB00590,Chaubatia Gardens,Ranikhet,Uttarakhand,SUV,Luxury,Toyota Fortuner,7,4100,INR,One Way,1.6,14.6,No,Yes,Airport,Hotel,12.4,100,No,Yes,4,4.9,Scheduled Only,5 mins,50% refund if cancelled within 6 hours of pickup,Sanitized Vehicle,"Hindi, English",Yes,Yes,Yes,Yes,No
RB00591,Chaubatia Gardens,Ranikhet,Uttarakhand,Jeep,Economy,Mahindra Thar (Base),4,3085,INR,Round Trip,2.5,12.6,No,No,Railway Station,Hotel,22.1,265,Yes,Yes,4.7,3.1,Available Now,5 mins,Free cancellation up to 1 hour before pickup,"Umbrella, Bottled Water","Hindi, English",Yes,No,Yes,No,No
RB00592,Chaubatia Gardens,Ranikhet,Uttarakhand,Tempo Traveller,Premium,Force Tempo Traveller 17-Seater (AC),17,15385,INR,Full Day Rental,10,47.1,No,No,Airport,Hotel,20,305,Yes,Yes,3.3,3.2,Available Now,3 mins,Free cancellation up to 1 hour before pickup,None,Hindi,No,Yes,Yes,No,No
RB00593,Jim Corbett National Park,Jim Corbett,Uttarakhand,Bike,Economy,Bajaj Platina,2,385,INR,One Way,1.6,23.5,No,No,Hotel,Hotel,18.1,315,Yes,No,3.9,3.1,Scheduled Only,5 mins,Free cancellation up to 24 hours before pickup,Bottled Water,N/A,Yes,No,No,No,No
RB00594,Jim Corbett National Park,Jim Corbett,Uttarakhand,Auto,Economy,Bajaj RE Compact Auto,3,960,INR,Round Trip,4.1,18.2,Yes,Yes,Airport,Hotel,8.3,195,Yes,Yes,3.6,3.9,Scheduled Only,21 mins,50% refund if cancelled within 6 hours of pickup,"Reading Light, Bottled Water",Hindi,No,No,Yes,No,No
RB00595,Jim Corbett National Park,Jim Corbett,Uttarakhand,Cab,Economy,Maruti Suzuki WagonR,4,1245,INR,One Way,0.9,28.5,No,No,Anywhere in City,Hotel,9.3,240,Yes,Yes,3.7,3,Available Now,10 mins,Non-refundable,"Sanitized Vehicle, First Aid Kit","Hindi, English",No,Yes,No,No,No
RB00596,Gangotri Temple,Uttarkashi,Uttarakhand,SUV,Economy,Mahindra Bolero,7,5695,INR,Full Day Rental,10,91.4,Yes,Yes,Railway Station,Airport,8.1,145,No,Yes,4.7,3.5,Available Now,18 mins,Free cancellation up to 1 hour before pickup,"Bottled Water, First Aid Kit","Hindi, English, Regional Language",Yes,No,No,No,No
RB00597,Gangotri Temple,Uttarkashi,Uttarakhand,Tempo Traveller,Premium,Force Tempo Traveller 17-Seater (AC),17,4605,INR,One Way,1.6,22.5,No,Yes,Anywhere in City,Tourist Place,34.1,120,Yes,Yes,3.3,3.5,Available in 10 mins,28 mins,Free cancellation up to 24 hours before pickup,"Umbrella, Bottled Water","Hindi, English",No,Yes,Yes,No,No
RB00598,Gangotri Temple,Uttarkashi,Uttarakhand,Cab,Premium,Honda City,4,5625,INR,Full Day Rental,8,89.1,No,Yes,Hotel,Hotel,15.9,220,No,Yes,4,3.8,Available in 10 mins,23 mins,Free cancellation up to 1 hour before pickup,"Bottled Water, First Aid Kit",Hindi,Yes,No,No,No,No
RB00599,Tungnath Temple,Chopta,Uttarakhand,Auto,Luxury,TVS King Deluxe Auto,3,1135,INR,One Way,2.9,44,No,Yes,Hotel,Airport,23.8,320,Yes,Yes,4.7,4.9,Available in 20 mins,18 mins,Free cancellation up to 6 hours before pickup,First Aid Kit,"Hindi, English, Regional Language",Yes,No,No,No,No
RB00600,Tungnath Temple,Chopta,Uttarakhand,Cab,Luxury,Mercedes-Benz E-Class,4,2795,INR,One Way,0.6,5.6,Yes,Yes,Airport,Tourist Place,17.6,160,Yes,Yes,3.6,3.3,Scheduled Only,23 mins,Free cancellation up to 6 hours before pickup,"Bottled Water, First Aid Kit",English,No,Yes,Yes,No,Yes
RB00601,Tungnath Temple,Chopta,Uttarakhand,Bike,Premium,Royal Enfield Classic 350,2,1480,INR,Round Trip,3.4,4.8,No,Yes,Railway Station,Tourist Place,8.7,325,Yes,Yes,4.9,4.1,Available in 10 mins,12 mins,Non-refundable,"Umbrella, Bottled Water",Hindi,Yes,No,No,No,No
RB00602,Valley of Flowers,Joshimath,Uttarakhand,Bike,Economy,Hero Splendor Plus,2,6105,INR,Full Day Rental,12,141.9,Yes,No,Anywhere in City,Hotel,12.5,220,Yes,No,4.2,3.3,Available in 20 mins,20 mins,Free cancellation up to 24 hours before pickup,"Sanitized Vehicle, First Aid Kit",N/A,Yes,No,No,No,No
RB00603,Valley of Flowers,Joshimath,Uttarakhand,Bike,Economy,TVS Sport,2,455,INR,One Way,1.5,14.2,No,Yes,Railway Station,Tourist Place,16.2,345,No,No,4.3,4.7,Available Now,11 mins,Free cancellation up to 1 hour before pickup,First Aid Kit,N/A,Yes,No,No,No,No
RB00604,Valley of Flowers,Joshimath,Uttarakhand,Auto,Economy,Bajaj RE Compact Auto,3,585,INR,One Way,0.8,33,No,Yes,Airport,Hotel,23.6,165,Yes,Yes,4.7,3,Available in 10 mins,13 mins,50% refund if cancelled within 6 hours of pickup,"Bottled Water, First Aid Kit","Hindi, English",Yes,No,Yes,No,No
RB00605,Taj Mahal,Agra,Uttar Pradesh,Bike,Economy,Hero Splendor Plus,2,710,INR,One Way,1.2,32.3,No,No,Hotel,Airport,10.2,150,Yes,No,4.5,3,Scheduled Only,16 mins,Free cancellation up to 6 hours before pickup,Sanitized Vehicle,N/A,Yes,No,No,No,No
RB00606,Taj Mahal,Agra,Uttar Pradesh,Cab,Economy,Hyundai Xcent,4,6940,INR,Full Day Rental,8,133.3,No,No,Railway Station,Airport,15.2,260,Yes,Yes,3.7,3.8,Available Now,19 mins,Non-refundable,"Bottled Water, First Aid Kit","Hindi, English, Regional Language",No,Yes,Yes,No,No
RB00607,Taj Mahal,Agra,Uttar Pradesh,Bike,Premium,KTM Duke 200,2,3605,INR,Full Day Rental,8,45.4,Yes,No,Railway Station,Hotel,19.8,185,Yes,No,3.9,4.5,Available in 10 mins,28 mins,Free cancellation up to 6 hours before pickup,None,N/A,Yes,No,No,No,No
RB00608,Kashi Vishwanath Temple,Varanasi,Uttar Pradesh,Jeep,Economy,Mahindra Thar (Base),4,1745,INR,One Way,1.1,24.6,Yes,Yes,Railway Station,Hotel,13.1,340,Yes,Yes,4.9,4.4,Available in 20 mins,27 mins,Free cancellation up to 6 hours before pickup,"Sanitized Vehicle, First Aid Kit","Hindi, English",Yes,Yes,Yes,No,No
RB00609,Kashi Vishwanath Temple,Varanasi,Uttar Pradesh,Auto,Economy,Piaggio Ape Auto,3,1450,INR,Round Trip,3.4,34.8,No,No,Airport,Hotel,21.3,295,Yes,Yes,4.8,3.5,Scheduled Only,30 mins,Non-refundable,Sanitized Vehicle,English,Yes,No,No,No,No
RB00610,Kashi Vishwanath Temple,Varanasi,Uttar Pradesh,SUV,Economy,Mahindra Bolero,7,6880,INR,Full Day Rental,8,106.9,No,Yes,Airport,Hotel,11,160,No,Yes,3.2,4,Scheduled Only,11 mins,Non-refundable,Sanitized Vehicle,Regional Language,No,No,Yes,No,Yes
RB00611,Kashi Vishwanath Temple,Varanasi,Uttar Pradesh,Jeep,Economy,Force Gurkha,4,7640,INR,Full Day Rental,12,127.7,Yes,Yes,Anywhere in City,Airport,16.8,185,No,Yes,2.7,3.2,Available Now,21 mins,50% refund if cancelled within 6 hours of pickup,"Reading Light, Bottled Water",Hindi,No,No,Yes,No,Yes
RB00612,Bara Imambara,Lucknow,Uttar Pradesh,Jeep,Premium,Mahindra Thar LX 4x4,5,2520,INR,One Way,2.8,33.7,No,No,Airport,Tourist Place,13.9,240,Yes,Yes,2.6,3.7,Available in 10 mins,13 mins,50% refund if cancelled within 6 hours of pickup,None,English,No,Yes,Yes,No,No
RB00613,Bara Imambara,Lucknow,Uttar Pradesh,Cab,Premium,Hyundai Verna,4,1220,INR,One Way,2.9,4.3,No,No,Airport,Hotel,22.4,100,Yes,Yes,4.9,3.6,Available Now,21 mins,Non-refundable,"Bottled Water, Hand Sanitizer","Hindi, English",Yes,Yes,No,No,Yes
RB00614,Bara Imambara,Lucknow,Uttar Pradesh,Jeep,Economy,Force Gurkha,4,6425,INR,Full Day Rental,8,58.7,Yes,Yes,Anywhere in City,Hotel,22.1,150,No,Yes,4.3,3.6,Available Now,18 mins,Free cancellation up to 24 hours before pickup,"Bottled Water, First Aid Kit","Hindi, English, Regional Language",Yes,No,Yes,No,Yes
RB00615,Bara Imambara,Lucknow,Uttar Pradesh,Tempo Traveller,Premium,Force Tempo Traveller 17-Seater (AC),17,14475,INR,Full Day Rental,10,47.6,Yes,No,Railway Station,Hotel,20.6,150,Yes,Yes,4.1,4.7,Available in 10 mins,28 mins,Free cancellation up to 6 hours before pickup,"Umbrella, Bottled Water",Hindi,Yes,Yes,Yes,No,No
RB00616,Krishna Janmabhoomi,Mathura,Uttar Pradesh,SUV,Premium,Toyota Innova Crysta,7,2475,INR,One Way,2.9,25.5,No,No,Airport,Airport,18.2,165,No,Yes,4.6,3.2,Scheduled Only,23 mins,Free cancellation up to 24 hours before pickup,"Bottled Water, First Aid Kit","Hindi, English",Yes,Yes,No,No,No
RB00617,Krishna Janmabhoomi,Mathura,Uttar Pradesh,Jeep,Economy,Mahindra Thar (Base),4,7570,INR,Full Day Rental,12,111.4,Yes,Yes,Hotel,Airport,19.2,215,Yes,Yes,4.1,3.4,Available in 10 mins,18 mins,Free cancellation up to 6 hours before pickup,Bottled Water,"Hindi, English, Regional Language",No,Yes,Yes,No,Yes
RB00618,Krishna Janmabhoomi,Mathura,Uttar Pradesh,Bike,Economy,Hero Splendor Plus,2,340,INR,One Way,1.8,5.6,Yes,No,Anywhere in City,Hotel,8.2,105,Yes,No,3,4.4,Available Now,11 mins,50% refund if cancelled within 6 hours of pickup,First Aid Kit,N/A,No,No,No,No,No
RB00619,Krishna Janmabhoomi,Mathura,Uttar Pradesh,Auto,Economy,Bajaj RE Compact Auto,3,480,INR,One Way,1.5,16.2,Yes,Yes,Hotel,Hotel,20.5,350,Yes,Yes,4.1,3.7,Available in 20 mins,12 mins,Free cancellation up to 6 hours before pickup,"Sanitized Vehicle, First Aid Kit","Hindi, English",No,No,No,No,No
RB00620,Ram Janmabhoomi,Ayodhya,Uttar Pradesh,SUV,Economy,Chevrolet Tavera,7,2325,INR,Round Trip,2.4,20.7,No,Yes,Hotel,Airport,22.3,350,Yes,Yes,4.8,3.6,Scheduled Only,21 mins,Free cancellation up to 6 hours before pickup,"Bottled Water, First Aid Kit","Hindi, English, Regional Language",Yes,Yes,Yes,No,Yes
RB00621,Ram Janmabhoomi,Ayodhya,Uttar Pradesh,Auto,Economy,Bajaj RE Compact Auto,3,1145,INR,Round Trip,3.5,26.3,No,No,Hotel,Airport,12,195,Yes,Yes,3.5,4.1,Scheduled Only,27 mins,Free cancellation up to 6 hours before pickup,"Bottled Water, Hand Sanitizer",Regional Language,No,No,Yes,No,No
RB00622,Ram Janmabhoomi,Ayodhya,Uttar Pradesh,Auto,Economy,Bajaj RE Compact Auto,3,3350,INR,Full Day Rental,10,90,Yes,Yes,Anywhere in City,Airport,21,175,No,Yes,4.5,3.8,Available in 20 mins,4 mins,Free cancellation up to 6 hours before pickup,Bottled Water,"Hindi, English, Regional Language",Yes,No,Yes,No,No
RB00623,Banke Bihari Temple,Vrindavan,Uttar Pradesh,SUV,Economy,Mahindra Bolero,7,1705,INR,One Way,1.6,22.3,No,No,Airport,Hotel,9.6,260,No,Yes,4.1,4.4,Scheduled Only,6 mins,Non-refundable,"Bottled Water, First Aid Kit",English,Yes,Yes,Yes,No,No
RB00624,Banke Bihari Temple,Vrindavan,Uttar Pradesh,Tempo Traveller,Economy,Force Tempo Traveller 12-Seater (Non-AC),12,12805,INR,Full Day Rental,10,120.5,No,No,Anywhere in City,Hotel,21.4,290,Yes,Yes,2.7,4.7,Scheduled Only,28 mins,Free cancellation up to 1 hour before pickup,Bottled Water,Hindi,No,Yes,Yes,No,No
RB00625,Banke Bihari Temple,Vrindavan,Uttar Pradesh,Jeep,Economy,Mahindra Thar (Base),4,3370,INR,Round Trip,5.3,10.2,Yes,No,Railway Station,Hotel,9,210,Yes,Yes,3.4,4.4,Scheduled Only,9 mins,Free cancellation up to 1 hour before pickup,Sanitized Vehicle,"Hindi, English",No,Yes,No,No,No
RB00626,Triveni Sangam,Allahabad,Uttar Pradesh,SUV,Economy,Mahindra Bolero,7,6485,INR,Full Day Rental,8,110.6,Yes,No,Hotel,Airport,9.5,130,Yes,Yes,3.8,4.9,Scheduled Only,3 mins,Free cancellation up to 6 hours before pickup,Sanitized Vehicle,English,No,Yes,Yes,No,No
RB00627,Triveni Sangam,Allahabad,Uttar Pradesh,Cab,Economy,Hyundai Xcent,4,2700,INR,Round Trip,5.3,41.1,No,No,Railway Station,Hotel,21.8,120,Yes,Yes,4.5,3.4,Scheduled Only,13 mins,Free cancellation up to 24 hours before pickup,"Bottled Water, First Aid Kit",Regional Language,Yes,No,No,No,No
RB00628,Triveni Sangam,Allahabad,Uttar Pradesh,Auto,Luxury,TVS King Deluxe Auto,3,1885,INR,Round Trip,2.3,37.1,No,No,Hotel,Hotel,14,230,Yes,Yes,4,4.8,Available in 10 mins,30 mins,50% refund if cancelled within 6 hours of pickup,"Reading Light, Bottled Water",Regional Language,Yes,No,Yes,No,No
RB00629,Jhansi Fort,Jhansi,Uttar Pradesh,Cab,Economy,Hyundai Xcent,4,2530,INR,Round Trip,3.7,44.1,Yes,No,Railway Station,Airport,16.6,230,No,Yes,4.1,4.9,Available in 20 mins,14 mins,Free cancellation up to 24 hours before pickup,None,Hindi,Yes,Yes,Yes,No,No
RB00630,Jhansi Fort,Jhansi,Uttar Pradesh,SUV,Economy,Chevrolet Tavera,7,2590,INR,Round Trip,3.5,17.8,Yes,Yes,Railway Station,Tourist Place,9.8,215,Yes,Yes,4.6,3.2,Available in 10 mins,5 mins,Free cancellation up to 1 hour before pickup,"Bottled Water, Hand Sanitizer","Hindi, English",Yes,No,No,No,Yes
RB00631,Jhansi Fort,Jhansi,Uttar Pradesh,Auto,Economy,Piaggio Ape Auto,3,5340,INR,Full Day Rental,12,143.7,Yes,No,Railway Station,Hotel,13.4,330,Yes,Yes,3.7,4.8,Available in 10 mins,7 mins,Non-refundable,"Umbrella, Bottled Water","Hindi, English, Regional Language",No,No,Yes,No,No
RB00632,Dhamek Stupa,Sarnath,Uttar Pradesh,SUV,Premium,Mahindra XUV700,7,1915,INR,One Way,0.8,6.3,No,No,Anywhere in City,Airport,23.1,170,Yes,Yes,4.8,4.5,Available in 10 mins,29 mins,Free cancellation up to 24 hours before pickup,"Reading Light, Bottled Water","Hindi, English, Regional Language",Yes,Yes,No,No,No
RB00633,Dhamek Stupa,Sarnath,Uttar Pradesh,SUV,Premium,Toyota Innova Crysta,7,2685,INR,One Way,1.5,3.4,Yes,Yes,Hotel,Hotel,12.7,115,Yes,Yes,3.9,4.4,Available in 20 mins,4 mins,Free cancellation up to 1 hour before pickup,None,Regional Language,Yes,No,No,No,No
RB00634,Dhamek Stupa,Sarnath,Uttar Pradesh,Auto,Luxury,TVS King Deluxe Auto,3,1675,INR,Round Trip,3,34.9,No,No,Hotel,Hotel,9,340,Yes,Yes,4.6,4.1,Available Now,3 mins,Free cancellation up to 1 hour before pickup,None,"Hindi, English",Yes,No,Yes,No,No
RB00635,Buland Darwaza,Fatehpur Sikri,Uttar Pradesh,Cab,Luxury,Mercedes-Benz E-Class,4,6625,INR,Round Trip,2.5,32.2,No,No,Railway Station,Hotel,8.3,185,Yes,Yes,3.9,3.7,Available in 10 mins,7 mins,50% refund if cancelled within 6 hours of pickup,Bottled Water,Hindi,No,Yes,No,No,Yes
RB00636,Buland Darwaza,Fatehpur Sikri,Uttar Pradesh,Auto,Economy,Piaggio Ape Auto,3,620,INR,One Way,2.1,27.4,Yes,Yes,Railway Station,Tourist Place,22.6,100,No,Yes,3.8,4.7,Available Now,13 mins,Free cancellation up to 24 hours before pickup,Bottled Water,"Hindi, English, Regional Language",Yes,No,Yes,No,No
RB00637,Buland Darwaza,Fatehpur Sikri,Uttar Pradesh,Cab,Economy,Maruti Suzuki Dzire,4,655,INR,One Way,1.5,6.7,No,No,Anywhere in City,Tourist Place,20.8,350,Yes,Yes,3.3,4.1,Available in 10 mins,4 mins,Free cancellation up to 24 hours before pickup,"Sanitized Vehicle, First Aid Kit",Regional Language,No,Yes,Yes,No,No
RB00638,Okhla Bird Sanctuary,Noida,Uttar Pradesh,Jeep,Premium,Mahindra Thar LX 4x4,5,4410,INR,Round Trip,4.1,18.5,Yes,Yes,Hotel,Tourist Place,9.9,295,No,Yes,4.7,3.4,Scheduled Only,24 mins,Free cancellation up to 24 hours before pickup,"Bottled Water, Hand Sanitizer","Hindi, English, Regional Language",Yes,No,Yes,No,No
RB00639,Okhla Bird Sanctuary,Noida,Uttar Pradesh,Bike,Premium,Bajaj Dominar 400,2,1840,INR,Round Trip,3.7,26.8,No,No,Hotel,Airport,18,165,No,No,4.6,3.8,Available Now,3 mins,Free cancellation up to 1 hour before pickup,"Umbrella, Bottled Water",N/A,Yes,No,No,No,No
RB00640,Okhla Bird Sanctuary,Noida,Uttar Pradesh,Tempo Traveller,Economy,Force Tempo Traveller 12-Seater (Non-AC),12,13795,INR,Full Day Rental,12,143.7,No,No,Railway Station,Hotel,28.1,350,Yes,Yes,4.4,3.1,Available Now,8 mins,Free cancellation up to 6 hours before pickup,"Bottled Water, First Aid Kit","Hindi, English, Regional Language",Yes,Yes,No,No,No
RB00641,Aligarh Fort,Aligarh,Uttar Pradesh,Auto,Economy,Piaggio Ape Auto,3,890,INR,Round Trip,3.1,23.5,Yes,Yes,Anywhere in City,Tourist Place,17.8,270,No,Yes,4.7,3,Available Now,22 mins,Free cancellation up to 24 hours before pickup,Bottled Water,Regional Language,Yes,No,No,No,No
RB00642,Aligarh Fort,Aligarh,Uttar Pradesh,Auto,Premium,Bajaj RE Electric Auto,3,4085,INR,Full Day Rental,10,88.3,Yes,No,Airport,Hotel,23.3,285,Yes,Yes,4.9,3.5,Available in 10 mins,2 mins,Free cancellation up to 1 hour before pickup,"Umbrella, Bottled Water","Hindi, English, Regional Language",Yes,No,Yes,No,No
RB00643,Aligarh Fort,Aligarh,Uttar Pradesh,Bike,Economy,TVS Sport,2,700,INR,One Way,1.1,28.7,Yes,No,Hotel,Tourist Place,13.1,315,Yes,No,4.9,3.2,Available Now,10 mins,Free cancellation up to 24 hours before pickup,None,N/A,Yes,No,No,No,No
RB00644,Augarnath Temple,Meerut,Uttar Pradesh,SUV,Economy,Maruti Suzuki Ertiga,7,5365,INR,Full Day Rental,8,48.9,Yes,No,Anywhere in City,Airport,23,340,Yes,Yes,3.2,4.8,Available Now,14 mins,Free cancellation up to 24 hours before pickup,"Sanitized Vehicle, First Aid Kit",English,No,Yes,Yes,No,No
RB00645,Augarnath Temple,Meerut,Uttar Pradesh,SUV,Premium,Hyundai Creta,7,4745,INR,Round Trip,3.8,30.6,Yes,Yes,Anywhere in City,Tourist Place,8.1,255,Yes,Yes,4,3.8,Scheduled Only,30 mins,Free cancellation up to 1 hour before pickup,"Bottled Water, Hand Sanitizer",Regional Language,Yes,No,Yes,No,No
RB00646,Augarnath Temple,Meerut,Uttar Pradesh,Bike,Economy,Hero Splendor Plus,2,815,INR,One Way,2.6,31.5,No,Yes,Anywhere in City,Hotel,18.9,275,No,No,4.5,3.5,Available in 10 mins,19 mins,50% refund if cancelled within 6 hours of pickup,First Aid Kit,N/A,Yes,No,No,No,No
RB00647,Allen Forest Zoo,Kanpur,Uttar Pradesh,Tempo Traveller,Luxury,Force Urbania Luxury Van,13,14080,INR,Round Trip,3.5,31,Yes,Yes,Hotel,Hotel,29.1,180,Yes,Yes,3.8,3.5,Scheduled Only,26 mins,Non-refundable,"Bottled Water, First Aid Kit","Hindi, English",Yes,Yes,Yes,No,No
RB00648,Allen Forest Zoo,Kanpur,Uttar Pradesh,Cab,Luxury,Skoda Superb,4,3755,INR,One Way,1.9,21.3,No,Yes,Anywhere in City,Hotel,23.4,115,Yes,Yes,3.8,4.8,Available Now,12 mins,Free cancellation up to 6 hours before pickup,"Bottled Water, First Aid Kit","Hindi, English, Regional Language",Yes,Yes,Yes,No,No
RB00649,Allen Forest Zoo,Kanpur,Uttar Pradesh,Jeep,Economy,Force Gurkha,4,1400,INR,One Way,2.8,7.7,Yes,No,Hotel,Tourist Place,11.1,115,No,Yes,4.6,4.3,Available Now,8 mins,Free cancellation up to 24 hours before pickup,Sanitized Vehicle,"Hindi, English",Yes,No,Yes,No,No
RB00650,Dal Lake,Srinagar,Jammu and Kashmir,Auto,Premium,Bajaj RE Electric Auto,3,5740,INR,Full Day Rental,8,124.7,Yes,Yes,Anywhere in City,Airport,22,330,Yes,Yes,4.2,3.9,Available Now,10 mins,50% refund if cancelled within 6 hours of pickup,Sanitized Vehicle,English,Yes,No,Yes,No,No
RB00651,Dal Lake,Srinagar,Jammu and Kashmir,Cab,Economy,Maruti Suzuki WagonR,4,1820,INR,Round Trip,5.4,13.9,No,Yes,Airport,Airport,23.9,265,Yes,Yes,4.2,4.6,Available in 10 mins,30 mins,Non-refundable,"Reading Light, Bottled Water","Hindi, English",Yes,Yes,Yes,No,No
RB00652,Dal Lake,Srinagar,Jammu and Kashmir,Bike,Economy,Hero Splendor Plus,2,1620,INR,Round Trip,4.6,41.3,Yes,No,Hotel,Hotel,23.8,180,Yes,No,3.8,4,Available in 10 mins,25 mins,Free cancellation up to 24 hours before pickup,"Bottled Water, Hand Sanitizer",N/A,Yes,No,No,No,No
RB00653,Pangong Tso,Leh,Ladakh,Auto,Premium,Bajaj RE Electric Auto,3,625,INR,One Way,2,20.9,Yes,No,Hotel,Tourist Place,24.9,325,Yes,Yes,4.5,4.4,Available Now,26 mins,Non-refundable,Sanitized Vehicle,Hindi,Yes,No,Yes,No,No
RB00654,Pangong Tso,Leh,Ladakh,Bike,Premium,KTM Duke 200,2,1050,INR,One Way,2.9,33.2,Yes,Yes,Airport,Hotel,10.6,265,No,No,4.9,4.2,Available Now,11 mins,50% refund if cancelled within 6 hours of pickup,"Reading Light, Bottled Water",N/A,Yes,No,No,No,No
RB00655,Pangong Tso,Leh,Ladakh,Cab,Economy,Maruti Suzuki Dzire,4,2170,INR,Round Trip,4,20.9,Yes,No,Hotel,Airport,11.2,245,No,Yes,4.4,4.7,Available in 10 mins,14 mins,Free cancellation up to 1 hour before pickup,"Bottled Water, Hand Sanitizer",Hindi,Yes,Yes,Yes,No,Yes
RB00656,Betaab Valley,Pahalgam,Jammu and Kashmir,Bike,Economy,Bajaj Platina,2,5190,INR,Full Day Rental,12,127.3,No,No,Anywhere in City,Hotel,13.5,285,Yes,No,2.9,5,Available in 10 mins,7 mins,Free cancellation up to 6 hours before pickup,Bottled Water,N/A,No,No,No,No,No
RB00657,Betaab Valley,Pahalgam,Jammu and Kashmir,SUV,Luxury,Ford Endeavour,7,16335,INR,Full Day Rental,12,148.9,Yes,Yes,Railway Station,Tourist Place,9,130,No,Yes,3.1,4.3,Scheduled Only,9 mins,Non-refundable,First Aid Kit,Hindi,No,No,Yes,Yes,No
RB00658,Betaab Valley,Pahalgam,Jammu and Kashmir,SUV,Economy,Chevrolet Tavera,7,2525,INR,Round Trip,4.2,12.6,Yes,Yes,Hotel,Hotel,21.2,125,Yes,Yes,4.1,3.5,Scheduled Only,23 mins,50% refund if cancelled within 6 hours of pickup,"Sanitized Vehicle, First Aid Kit",Hindi,Yes,Yes,Yes,No,No
RB00659,Betaab Valley,Pahalgam,Jammu and Kashmir,Jeep,Economy,Mahindra Thar (Base),4,7530,INR,Full Day Rental,10,112.6,Yes,No,Railway Station,Tourist Place,12.6,235,Yes,Yes,4.3,4.2,Scheduled Only,19 mins,Non-refundable,"Umbrella, Bottled Water",English,Yes,Yes,No,No,No
RB00660,Vaishno Devi,Jammu,Jammu and Kashmir,Cab,Luxury,Mercedes-Benz E-Class,4,2820,INR,One Way,2.7,6,Yes,No,Hotel,Hotel,17.7,285,Yes,Yes,3.2,4.1,Scheduled Only,14 mins,Free cancellation up to 1 hour before pickup,None,"Hindi, English",No,Yes,Yes,No,No
RB00661,Vaishno Devi,Jammu,Jammu and Kashmir,Bike,Economy,TVS Sport,2,1520,INR,Round Trip,2.1,31.3,No,No,Railway Station,Hotel,22.3,335,No,No,3.7,3.4,Available Now,4 mins,Non-refundable,"Umbrella, Bottled Water",N/A,No,No,No,No,No
RB00662,Vaishno Devi,Jammu,Jammu and Kashmir,SUV,Luxury,Land Rover Discovery Sport,7,12805,INR,Full Day Rental,12,126.4,Yes,Yes,Hotel,Tourist Place,22.3,290,Yes,Yes,5,4.3,Available in 20 mins,17 mins,Free cancellation up to 1 hour before pickup,Bottled Water,Hindi,Yes,Yes,No,No,No
RB00663,Patnitop Height,Udhampur,Jammu and Kashmir,Tempo Traveller,Economy,Force Tempo Traveller 12-Seater (Non-AC),12,12280,INR,Full Day Rental,10,89.5,No,No,Anywhere in City,Airport,34.8,150,Yes,Yes,4.1,4.4,Scheduled Only,8 mins,Free cancellation up to 1 hour before pickup,"Sanitized Vehicle, First Aid Kit",Regional Language,Yes,Yes,Yes,No,No
RB00664,Patnitop Height,Udhampur,Jammu and Kashmir,Tempo Traveller,Premium,Force Tempo Traveller 17-Seater (AC),17,5080,INR,One Way,1.5,26.9,No,Yes,Airport,Tourist Place,22,125,Yes,Yes,4,3.5,Available Now,29 mins,50% refund if cancelled within 6 hours of pickup,"Bottled Water, First Aid Kit","Hindi, English, Regional Language",Yes,No,Yes,No,No
RB00665,Patnitop Height,Udhampur,Jammu and Kashmir,Jeep,Luxury,Land Rover Defender,5,20560,INR,Full Day Rental,10,87.8,No,Yes,Railway Station,Airport,12.4,100,No,Yes,4.3,4.2,Available Now,9 mins,50% refund if cancelled within 6 hours of pickup,"Bottled Water, First Aid Kit","Hindi, English, Regional Language",Yes,Yes,Yes,No,No
RB00666,Patnitop Height,Udhampur,Jammu and Kashmir,Bike,Economy,TVS Sport,2,1195,INR,Round Trip,2.5,24,No,Yes,Airport,Hotel,9.8,80,No,No,4.6,4.7,Available Now,17 mins,50% refund if cancelled within 6 hours of pickup,"Bottled Water, First Aid Kit",N/A,Yes,No,No,No,No
RB00667,Amarnath Cave,Anantnag,Jammu and Kashmir,Cab,Premium,Hyundai Verna,4,2375,INR,Round Trip,5.2,17.1,Yes,Yes,Railway Station,Tourist Place,17.6,310,Yes,Yes,4.7,4.1,Available Now,6 mins,50% refund if cancelled within 6 hours of pickup,"Bottled Water, Hand Sanitizer",English,Yes,No,Yes,No,No
RB00668,Amarnath Cave,Anantnag,Jammu and Kashmir,Cab,Economy,Hyundai Xcent,4,6125,INR,Full Day Rental,10,114.5,Yes,Yes,Hotel,Tourist Place,20,230,Yes,Yes,4.3,3.2,Available in 10 mins,19 mins,Free cancellation up to 6 hours before pickup,"Umbrella, Bottled Water",Hindi,Yes,No,Yes,No,Yes
RB00669,Amarnath Cave,Anantnag,Jammu and Kashmir,Bike,Premium,Royal Enfield Classic 350,2,1465,INR,Round Trip,2.7,22.2,Yes,No,Anywhere in City,Airport,20.6,260,Yes,No,3.8,4.6,Available in 20 mins,24 mins,Free cancellation up to 24 hours before pickup,"Bottled Water, First Aid Kit",N/A,Yes,No,No,No,No
RB00670,Amarnath Cave,Anantnag,Jammu and Kashmir,Tempo Traveller,Premium,Force Tempo Traveller 17-Seater (AC),17,15790,INR,Full Day Rental,10,112.9,Yes,Yes,Railway Station,Hotel,31.8,95,Yes,Yes,3.9,3.3,Available Now,21 mins,50% refund if cancelled within 6 hours of pickup,"Sanitized Vehicle, First Aid Kit","Hindi, English",No,Yes,Yes,No,No
RB00671,Thiksey Monastery,Leh,Ladakh,Auto,Economy,Bajaj RE Compact Auto,3,3670,INR,Full Day Rental,8,127.3,Yes,Yes,Airport,Hotel,11.9,140,Yes,Yes,3.9,3.2,Scheduled Only,27 mins,Non-refundable,"Umbrella, Bottled Water",Hindi,Yes,No,Yes,No,No
RB00672,Thiksey Monastery,Leh,Ladakh,Auto,Premium,Mahindra Treo Auto,3,1040,INR,Round Trip,5,13.5,Yes,Yes,Airport,Airport,17.9,290,No,Yes,3.8,4.4,Available in 10 mins,3 mins,Free cancellation up to 24 hours before pickup,None,Regional Language,Yes,No,Yes,No,No
RB00673,Thiksey Monastery,Leh,Ladakh,Tempo Traveller,Economy,Force Tempo Traveller 12-Seater (Non-AC),12,2925,INR,One Way,0.8,30.8,No,No,Anywhere in City,Airport,30.5,105,No,Yes,4.6,4.6,Scheduled Only,5 mins,Free cancellation up to 6 hours before pickup,Sanitized Vehicle,Regional Language,Yes,Yes,Yes,No,No
RB00674,Nubra Valley,Nubra Valley,Ladakh,Auto,Premium,Mahindra Treo Auto,3,2800,INR,Full Day Rental,12,56.3,Yes,No,Anywhere in City,Tourist Place,20.9,155,Yes,Yes,4.7,4,Available in 10 mins,16 mins,Free cancellation up to 6 hours before pickup,"Bottled Water, Hand Sanitizer",English,Yes,No,Yes,No,No
RB00675,Nubra Valley,Nubra Valley,Ladakh,Tempo Traveller,Economy,Force Tempo Traveller 12-Seater (Non-AC),12,3895,INR,One Way,3,32.3,Yes,Yes,Anywhere in City,Hotel,32.3,210,Yes,Yes,4.1,3.3,Available Now,20 mins,Free cancellation up to 6 hours before pickup,"Bottled Water, First Aid Kit",Regional Language,No,Yes,Yes,No,No
RB00676,Nubra Valley,Nubra Valley,Ladakh,Tempo Traveller,Economy,Force Tempo Traveller 12-Seater (Non-AC),12,6680,INR,Round Trip,3,34.4,No,Yes,Airport,Hotel,22.5,180,Yes,Yes,3.5,3.8,Available in 10 mins,8 mins,Free cancellation up to 1 hour before pickup,None,English,No,Yes,Yes,No,No
RB00677,Nubra Valley,Nubra Valley,Ladakh,Auto,Economy,Piaggio Ape Auto,3,4240,INR,Full Day Rental,10,105.9,Yes,No,Anywhere in City,Airport,19.6,100,No,Yes,4.7,4,Available Now,24 mins,Free cancellation up to 24 hours before pickup,"Sanitized Vehicle, First Aid Kit","Hindi, English",Yes,No,Yes,No,No
RB00678,Kargil War Memorial,Kargil,Ladakh,Auto,Economy,Piaggio Ape Auto,3,440,INR,One Way,1.7,22,Yes,Yes,Anywhere in City,Hotel,23.1,175,Yes,Yes,2.7,3.7,Available in 10 mins,6 mins,Free cancellation up to 6 hours before pickup,"Bottled Water, First Aid Kit",Hindi,No,No,Yes,No,No
RB00679,Kargil War Memorial,Kargil,Ladakh,Auto,Economy,Piaggio Ape Auto,3,1285,INR,Round Trip,4.8,34.8,Yes,No,Airport,Airport,20.3,260,No,Yes,4.3,4.3,Available Now,18 mins,Free cancellation up to 1 hour before pickup,None,Regional Language,Yes,No,Yes,No,No
RB00680,Kargil War Memorial,Kargil,Ladakh,Tempo Traveller,Premium,Force Tempo Traveller 17-Seater (AC),17,6350,INR,One Way,1.8,14.4,Yes,Yes,Airport,Hotel,34,125,Yes,Yes,4.4,4.4,Available Now,6 mins,Non-refundable,None,"Hindi, English",Yes,Yes,No,No,No
RB00681,Diskit Monastery,Diskit,Ladakh,SUV,Economy,Mahindra Bolero,7,5625,INR,Full Day Rental,10,99.1,Yes,Yes,Anywhere in City,Hotel,17.7,215,No,Yes,4.4,4.7,Available Now,12 mins,Non-refundable,"Sanitized Vehicle, First Aid Kit",Regional Language,Yes,No,Yes,No,No
RB00682,Diskit Monastery,Diskit,Ladakh,SUV,Premium,Toyota Innova Crysta,7,4110,INR,Round Trip,2.4,30.7,Yes,Yes,Airport,Hotel,8.3,265,Yes,Yes,4.1,4.6,Available Now,11 mins,Non-refundable,None,"Hindi, English, Regional Language",Yes,No,Yes,Yes,No
RB00683,Diskit Monastery,Diskit,Ladakh,Auto,Premium,Mahindra Treo Auto,3,4505,INR,Full Day Rental,12,107,Yes,Yes,Hotel,Airport,17.3,95,No,Yes,3.8,4.5,Available Now,3 mins,Free cancellation up to 1 hour before pickup,"Umbrella, Bottled Water",English,Yes,No,Yes,No,No
RB00684,Kishtwar National Park,Kishtwar,Jammu and Kashmir,Cab,Premium,Honda City,4,2595,INR,Round Trip,3.3,29.5,Yes,Yes,Railway Station,Airport,19.7,330,No,Yes,4.6,4.5,Available Now,3 mins,Non-refundable,"Sanitized Vehicle, First Aid Kit","Hindi, English, Regional Language",Yes,No,Yes,No,No
RB00685,Kishtwar National Park,Kishtwar,Jammu and Kashmir,Tempo Traveller,Luxury,Force Urbania Luxury Van,13,25345,INR,Full Day Rental,10,107,No,No,Hotel,Airport,21.7,110,Yes,Yes,4.8,3.8,Scheduled Only,16 mins,Free cancellation up to 1 hour before pickup,First Aid Kit,"Hindi, English",Yes,Yes,No,Yes,No
RB00686,Kishtwar National Park,Kishtwar,Jammu and Kashmir,Bike,Economy,Hero Splendor Plus,2,795,INR,One Way,2.3,40.8,Yes,No,Airport,Tourist Place,20.5,275,Yes,No,4.7,3,Scheduled Only,17 mins,Non-refundable,"Bottled Water, Hand Sanitizer",N/A,Yes,No,No,No,No
RB00687,Kishtwar National Park,Kishtwar,Jammu and Kashmir,Cab,Premium,Skoda Slavia,4,1430,INR,One Way,2.7,3.3,No,Yes,Hotel,Airport,10.2,245,No,Yes,4.9,3.2,Available Now,15 mins,Free cancellation up to 6 hours before pickup,None,English,Yes,Yes,Yes,No,Yes
RB00688,Hemis National Park,Hemis,Ladakh,SUV,Economy,Mahindra Bolero,7,6210,INR,Full Day Rental,8,82.3,Yes,No,Anywhere in City,Hotel,13.2,215,Yes,Yes,3.1,4.2,Scheduled Only,22 mins,Free cancellation up to 1 hour before pickup,"Reading Light, Bottled Water",Regional Language,No,No,Yes,No,No
RB00689,Hemis National Park,Hemis,Ladakh,Cab,Premium,Hyundai Verna,4,2715,INR,Round Trip,6,27.8,No,Yes,Hotel,Airport,21.3,205,Yes,Yes,4.5,4.2,Available Now,11 mins,Non-refundable,"Bottled Water, First Aid Kit",Hindi,Yes,No,Yes,No,No
RB00690,Hemis National Park,Hemis,Ladakh,Jeep,Economy,Force Gurkha,4,8550,INR,Full Day Rental,10,143.8,Yes,No,Railway Station,Airport,17.1,150,Yes,Yes,2.8,4,Scheduled Only,30 mins,Free cancellation up to 1 hour before pickup,"Umbrella, Bottled Water",English,No,Yes,No,No,Yes
RB00691,Hemis National Park,Hemis,Ladakh,SUV,Economy,Mahindra Bolero,7,5655,INR,Full Day Rental,8,106.2,No,No,Hotel,Hotel,8,315,Yes,Yes,4.6,3.7,Available in 20 mins,23 mins,Free cancellation up to 6 hours before pickup,None,English,Yes,No,Yes,No,Yes
RB00692,Dras War Memorial,Dras,Ladakh,SUV,Luxury,Toyota Fortuner,7,5160,INR,One Way,2.9,9.3,Yes,Yes,Railway Station,Airport,14.6,265,Yes,Yes,3.8,4.3,Available Now,13 mins,Non-refundable,"Bottled Water, First Aid Kit",Hindi,No,Yes,No,Yes,No
RB00693,Dras War Memorial,Dras,Ladakh,Cab,Premium,Skoda Slavia,4,3545,INR,Round Trip,5.6,41.4,Yes,Yes,Hotel,Airport,20.8,195,No,Yes,4.1,3.6,Available in 20 mins,6 mins,Free cancellation up to 6 hours before pickup,Bottled Water,"Hindi, English",Yes,Yes,Yes,No,No
RB00694,Dras War Memorial,Dras,Ladakh,Auto,Luxury,TVS King Deluxe Auto,3,845,INR,One Way,0.8,36.1,No,Yes,Railway Station,Tourist Place,21.1,130,No,Yes,3.8,3.4,Available in 20 mins,16 mins,Free cancellation up to 1 hour before pickup,"Bottled Water, First Aid Kit","Hindi, English",Yes,No,Yes,No,No
RB00695,Dras War Memorial,Dras,Ladakh,Tempo Traveller,Premium,Force Tempo Traveller 17-Seater (AC),17,14155,INR,Full Day Rental,10,64.5,Yes,Yes,Railway Station,Hotel,24.8,100,Yes,Yes,4.2,3.3,Available Now,3 mins,Free cancellation up to 1 hour before pickup,First Aid Kit,"Hindi, English",Yes,Yes,Yes,Yes,No
RB00696,Magnetic Hill,Leh,Ladakh,Tempo Traveller,Luxury,Force Urbania Luxury Van,13,22360,INR,Full Day Rental,10,146.7,Yes,No,Railway Station,Airport,28.5,230,Yes,Yes,4.2,4.7,Available in 10 mins,24 mins,50% refund if cancelled within 6 hours of pickup,"Bottled Water, Hand Sanitizer","Hindi, English",Yes,Yes,Yes,No,No
RB00697,Magnetic Hill,Leh,Ladakh,SUV,Economy,Mahindra Bolero,7,1510,INR,One Way,2.1,25.2,No,No,Railway Station,Tourist Place,11.9,180,Yes,Yes,3,4.1,Available in 20 mins,5 mins,Non-refundable,"Bottled Water, Hand Sanitizer",Regional Language,No,Yes,Yes,No,No
RB00698,Magnetic Hill,Leh,Ladakh,Cab,Economy,Maruti Suzuki WagonR,4,725,INR,One Way,1.1,4.5,Yes,No,Hotel,Hotel,19.7,145,Yes,Yes,4.2,4.9,Available Now,17 mins,Free cancellation up to 6 hours before pickup,None,English,No,No,Yes,No,No
RB00699,Khardung La Pass,Leh,Ladakh,Jeep,Economy,Force Gurkha,4,6875,INR,Full Day Rental,10,87.8,No,No,Railway Station,Airport,11.6,170,Yes,Yes,3.8,3.2,Available Now,29 mins,Free cancellation up to 1 hour before pickup,"Umbrella, Bottled Water","Hindi, English",No,No,Yes,No,Yes
RB00700,Khardung La Pass,Leh,Ladakh,Tempo Traveller,Premium,Force Tempo Traveller 17-Seater (AC),17,16290,INR,Full Day Rental,8,81.7,No,Yes,Airport,Tourist Place,17.7,245,Yes,Yes,4.8,4.9,Available in 20 mins,3 mins,Free cancellation up to 6 hours before pickup,Bottled Water,Hindi,Yes,Yes,Yes,No,No
RB00701,Khardung La Pass,Leh,Ladakh,SUV,Economy,Maruti Suzuki Ertiga,7,5570,INR,Full Day Rental,8,118,No,No,Airport,Airport,13,155,No,Yes,3,4.9,Available Now,25 mins,Non-refundable,"Umbrella, Bottled Water","Hindi, English",No,Yes,No,No,No
RB00702,Prem Mandir,Vrindavan,Uttar Pradesh,Cab,Premium,Honda City,4,5915,INR,Full Day Rental,12,121.6,No,Yes,Airport,Tourist Place,17,130,Yes,Yes,4,3,Available in 20 mins,26 mins,Free cancellation up to 6 hours before pickup,None,Regional Language,No,No,Yes,No,Yes
RB00703,Prem Mandir,Vrindavan,Uttar Pradesh,Auto,Economy,Bajaj RE Compact Auto,3,4365,INR,Full Day Rental,12,149.4,Yes,Yes,Railway Station,Tourist Place,22.4,110,Yes,Yes,5,4.7,Available Now,10 mins,50% refund if cancelled within 6 hours of pickup,Bottled Water,Hindi,Yes,No,Yes,No,No
RB00704,Prem Mandir,Vrindavan,Uttar Pradesh,Auto,Premium,Mahindra Treo Auto,3,1495,INR,Round Trip,3.5,27.2,Yes,Yes,Railway Station,Hotel,18.7,255,No,Yes,3.8,3.9,Available Now,26 mins,50% refund if cancelled within 6 hours of pickup,First Aid Kit,English,Yes,No,Yes,No,No
RB00705,Kirti Mandir,Porbandar,Gujarat,Tempo Traveller,Premium,Force Tempo Traveller 17-Seater (AC),17,4570,INR,One Way,2.6,13.4,Yes,No,Railway Station,Hotel,19.9,195,Yes,Yes,4.2,4.6,Available Now,24 mins,Free cancellation up to 1 hour before pickup,Bottled Water,Regional Language,Yes,Yes,No,No,No
RB00706,Kirti Mandir,Porbandar,Gujarat,Jeep,Economy,Force Gurkha,4,8015,INR,Full Day Rental,12,127.5,No,Yes,Airport,Airport,13.9,275,Yes,Yes,4.2,3.1,Available Now,22 mins,50% refund if cancelled within 6 hours of pickup,None,Regional Language,Yes,No,No,No,No
RB00707,Kirti Mandir,Porbandar,Gujarat,Cab,Premium,Hyundai Verna,4,2760,INR,Round Trip,2.3,31,No,Yes,Railway Station,Tourist Place,21.4,110,Yes,Yes,4.9,3.1,Available in 10 mins,28 mins,Free cancellation up to 6 hours before pickup,First Aid Kit,"Hindi, English",Yes,Yes,Yes,No,No
RB00708,Nand Gaon,Mathura,Uttar Pradesh,Tempo Traveller,Economy,Force Tempo Traveller 12-Seater (Non-AC),12,7075,INR,Round Trip,2.3,10.4,No,Yes,Hotel,Hotel,27.5,270,No,Yes,4.9,4.1,Available in 20 mins,15 mins,50% refund if cancelled within 6 hours of pickup,Bottled Water,Regional Language,Yes,No,Yes,No,No
RB00709,Nand Gaon,Mathura,Uttar Pradesh,Bike,Economy,Hero Splendor Plus,2,410,INR,One Way,1.7,14.1,Yes,No,Railway Station,Airport,12.6,110,No,No,4.1,4.2,Available Now,27 mins,Free cancellation up to 1 hour before pickup,"Sanitized Vehicle, First Aid Kit",N/A,Yes,No,No,No,No
RB00710,Nand Gaon,Mathura,Uttar Pradesh,Cab,Premium,Skoda Slavia,4,7465,INR,Full Day Rental,12,108.9,No,No,Railway Station,Tourist Place,20.8,175,No,Yes,4.8,4.1,Scheduled Only,6 mins,Non-refundable,"Bottled Water, Hand Sanitizer","Hindi, English",Yes,Yes,Yes,No,No
RB00711,Barsana Mandir,Mathura,Uttar Pradesh,Bike,Premium,KTM Duke 200,2,5925,INR,Full Day Rental,8,124.2,Yes,No,Airport,Airport,16,255,Yes,No,4.1,4.5,Scheduled Only,2 mins,50% refund if cancelled within 6 hours of pickup,"Bottled Water, Hand Sanitizer",N/A,Yes,No,No,No,No
RB00712,Barsana Mandir,Mathura,Uttar Pradesh,SUV,Luxury,Ford Endeavour,7,4335,INR,One Way,2.1,24.5,No,Yes,Railway Station,Tourist Place,21.4,340,No,Yes,4.8,4.8,Available Now,3 mins,50% refund if cancelled within 6 hours of pickup,"Reading Light, Bottled Water","Hindi, English",Yes,Yes,Yes,No,Yes
RB00713,Barsana Mandir,Mathura,Uttar Pradesh,Cab,Premium,Honda City,4,3280,INR,Round Trip,5.1,18.6,No,No,Hotel,Airport,23.7,120,Yes,Yes,2.5,4.5,Scheduled Only,6 mins,Non-refundable,"Bottled Water, First Aid Kit","Hindi, English, Regional Language",No,Yes,Yes,No,No
RB00714,Barsana Mandir,Mathura,Uttar Pradesh,Jeep,Economy,Mahindra Thar (Base),4,2055,INR,One Way,0.8,20.6,No,No,Hotel,Airport,14.5,95,Yes,Yes,4.3,3.3,Available in 10 mins,26 mins,Free cancellation up to 1 hour before pickup,Bottled Water,"Hindi, English, Regional Language",Yes,Yes,No,No,No
RB00715,Tiger Hill,Darjeeling,West Bengal,Tempo Traveller,Premium,Force Tempo Traveller 17-Seater (AC),17,8430,INR,Round Trip,4.3,43.3,Yes,Yes,Hotel,Tourist Place,19.9,170,No,Yes,2.5,3.4,Scheduled Only,4 mins,Free cancellation up to 24 hours before pickup,Bottled Water,"Hindi, English",No,Yes,Yes,Yes,No
RB00716,Tiger Hill,Darjeeling,West Bengal,Bike,Premium,KTM Duke 200,2,755,INR,One Way,1.7,30.5,No,No,Anywhere in City,Hotel,25,110,Yes,No,3.3,3.9,Available in 20 mins,9 mins,Non-refundable,Bottled Water,N/A,No,No,No,No,No
RB00717,Tiger Hill,Darjeeling,West Bengal,Cab,Economy,Maruti Suzuki Dzire,4,780,INR,One Way,0.7,18.1,No,Yes,Airport,Airport,23.5,260,Yes,Yes,4.7,4.6,Scheduled Only,30 mins,Free cancellation up to 24 hours before pickup,"Sanitized Vehicle, First Aid Kit","Hindi, English, Regional Language",Yes,Yes,Yes,No,No
RB00718,Jaldapara National Park,Siliguri,West Bengal,Cab,Luxury,Skoda Superb,4,6030,INR,Round Trip,3.9,6.3,Yes,No,Railway Station,Airport,14.1,225,Yes,Yes,3.9,4.3,Available in 20 mins,19 mins,Free cancellation up to 6 hours before pickup,"Bottled Water, Hand Sanitizer",English,Yes,No,Yes,No,No
RB00719,Jaldapara National Park,Siliguri,West Bengal,Bike,Economy,Bajaj Platina,2,3710,INR,Full Day Rental,8,114.2,Yes,No,Railway Station,Tourist Place,12.4,220,Yes,No,3.9,3.2,Available Now,17 mins,50% refund if cancelled within 6 hours of pickup,Sanitized Vehicle,N/A,Yes,No,No,No,No
RB00720,Jaldapara National Park,Siliguri,West Bengal,Cab,Economy,Maruti Suzuki WagonR,4,7370,INR,Full Day Rental,12,119.9,Yes,No,Airport,Hotel,21.4,345,Yes,Yes,4.3,4.9,Available Now,18 mins,Free cancellation up to 24 hours before pickup,"Bottled Water, Hand Sanitizer",English,Yes,Yes,Yes,No,No
RB00721,Jaldapara National Park,Siliguri,West Bengal,Cab,Premium,Honda City,4,2005,INR,One Way,1,44.9,Yes,No,Railway Station,Hotel,22.9,285,Yes,Yes,4.5,3.5,Available in 20 mins,25 mins,Non-refundable,"Reading Light, Bottled Water",English,Yes,Yes,Yes,Yes,No
RB00722,Sundarbans National Park,Sundarbans,West Bengal,SUV,Economy,Maruti Suzuki Ertiga,7,1405,INR,One Way,2.6,27.3,Yes,Yes,Airport,Airport,16.4,330,No,Yes,4.4,4.5,Available Now,3 mins,Non-refundable,Bottled Water,"Hindi, English, Regional Language",Yes,No,Yes,No,No
RB00723,Sundarbans National Park,Sundarbans,West Bengal,Bike,Luxury,Harley-Davidson X440,2,1085,INR,One Way,0.6,4.7,No,Yes,Airport,Tourist Place,10,105,No,No,3.9,3.6,Available Now,19 mins,50% refund if cancelled within 6 hours of pickup,"Bottled Water, First Aid Kit",N/A,Yes,No,No,No,No
RB00724,Sundarbans National Park,Sundarbans,West Bengal,Auto,Luxury,TVS King Deluxe Auto,3,1035,INR,One Way,1,43.9,No,Yes,Railway Station,Hotel,12.7,190,Yes,Yes,4.5,3.5,Available Now,30 mins,50% refund if cancelled within 6 hours of pickup,"Sanitized Vehicle, First Aid Kit","Hindi, English",Yes,No,Yes,No,No
RB00725,Sundarbans National Park,Sundarbans,West Bengal,Jeep,Premium,Mahindra Scorpio-N,5,10505,INR,Full Day Rental,8,119.3,Yes,Yes,Airport,Airport,15.6,330,Yes,Yes,5,3.3,Available Now,13 mins,Free cancellation up to 6 hours before pickup,"Bottled Water, Hand Sanitizer","Hindi, English",Yes,Yes,Yes,Yes,Yes
RB00726,Digha Beach,Digha,West Bengal,Tempo Traveller,Economy,Force Tempo Traveller 12-Seater (Non-AC),12,6110,INR,Round Trip,2.1,44.8,Yes,No,Hotel,Airport,17.3,195,Yes,Yes,4.6,3.7,Available Now,11 mins,Non-refundable,"Bottled Water, Hand Sanitizer",Hindi,Yes,Yes,Yes,No,No
RB00727,Digha Beach,Digha,West Bengal,SUV,Economy,Maruti Suzuki Ertiga,7,1375,INR,One Way,1.9,6.6,Yes,Yes,Airport,Airport,20.5,330,Yes,Yes,4,4.8,Available Now,24 mins,50% refund if cancelled within 6 hours of pickup,Bottled Water,"Hindi, English",Yes,No,Yes,No,No
RB00728,Digha Beach,Digha,West Bengal,Bike,Economy,Hero Splendor Plus,2,1490,INR,Round Trip,5.6,30.5,No,No,Hotel,Hotel,18.6,170,Yes,No,4.6,4.9,Available in 20 mins,17 mins,Free cancellation up to 24 hours before pickup,"Bottled Water, First Aid Kit",N/A,Yes,No,No,No,No
RB00729,Hazarduari Palace,Murshidabad,West Bengal,Cab,Economy,Hyundai Xcent,4,4225,INR,Full Day Rental,10,58.6,No,Yes,Anywhere in City,Tourist Place,24.8,220,No,Yes,4.3,4.9,Scheduled Only,6 mins,Free cancellation up to 24 hours before pickup,"Bottled Water, First Aid Kit",Hindi,Yes,No,Yes,No,No
RB00730,Hazarduari Palace,Murshidabad,West Bengal,Bike,Economy,Bajaj Platina,2,3870,INR,Full Day Rental,10,72.3,Yes,No,Hotel,Hotel,15,330,No,No,5,3.3,Available in 20 mins,29 mins,50% refund if cancelled within 6 hours of pickup,First Aid Kit,N/A,Yes,No,No,No,No
RB00731,Hazarduari Palace,Murshidabad,West Bengal,Tempo Traveller,Premium,Force Tempo Traveller 17-Seater (AC),17,12745,INR,Full Day Rental,8,56.8,No,No,Airport,Tourist Place,20.1,290,Yes,Yes,4.6,4.3,Available Now,26 mins,Free cancellation up to 1 hour before pickup,"Bottled Water, Hand Sanitizer","Hindi, English, Regional Language",Yes,Yes,Yes,No,No
RB00732,Kankalitala Temple,Bolpur,West Bengal,Auto,Premium,Mahindra Treo Auto,3,565,INR,One Way,1.3,15.9,Yes,Yes,Railway Station,Airport,21.6,225,No,Yes,4.8,3.7,Available Now,28 mins,Free cancellation up to 1 hour before pickup,Bottled Water,English,Yes,No,Yes,No,No
RB00733,Kankalitala Temple,Bolpur,West Bengal,Tempo Traveller,Premium,Force Tempo Traveller 17-Seater (AC),17,12445,INR,Full Day Rental,8,60.5,No,Yes,Airport,Tourist Place,17.8,275,Yes,Yes,3.9,3.4,Available Now,24 mins,Free cancellation up to 24 hours before pickup,"Bottled Water, Hand Sanitizer","Hindi, English, Regional Language",Yes,Yes,No,No,No
RB00734,Kankalitala Temple,Bolpur,West Bengal,Bike,Economy,Hero Splendor Plus,2,600,INR,One Way,2.8,15.5,No,Yes,Anywhere in City,Airport,17.4,90,No,No,4,4.5,Available in 20 mins,23 mins,Free cancellation up to 6 hours before pickup,Bottled Water,N/A,No,No,No,No,No
RB00735,Kankalitala Temple,Bolpur,West Bengal,SUV,Premium,Hyundai Creta,7,7450,INR,Full Day Rental,12,91.3,Yes,Yes,Airport,Tourist Place,13.8,170,Yes,Yes,4.4,4.1,Scheduled Only,18 mins,Free cancellation up to 1 hour before pickup,"Reading Light, Bottled Water",English,Yes,No,Yes,Yes,Yes
RB00736,Hangseswari Temple,Hooghly,West Bengal,Jeep,Economy,Mahindra Thar (Base),4,6000,INR,Full Day Rental,8,91.7,No,No,Anywhere in City,Tourist Place,21.2,225,Yes,Yes,2.6,3.8,Available Now,30 mins,Free cancellation up to 1 hour before pickup,Sanitized Vehicle,Regional Language,No,Yes,Yes,No,No
RB00737,Hangseswari Temple,Hooghly,West Bengal,Tempo Traveller,Premium,Force Tempo Traveller 17-Seater (AC),17,6320,INR,One Way,1.1,10.1,Yes,No,Airport,Hotel,34.4,115,Yes,Yes,3.2,4.5,Available Now,13 mins,Non-refundable,"Bottled Water, First Aid Kit","Hindi, English",No,No,Yes,No,No
RB00738,Hangseswari Temple,Hooghly,West Bengal,SUV,Economy,Chevrolet Tavera,7,1805,INR,One Way,2.6,13.3,Yes,Yes,Railway Station,Hotel,20.5,305,No,Yes,3.2,4,Available Now,8 mins,Free cancellation up to 24 hours before pickup,"Umbrella, Bottled Water",Hindi,No,No,No,No,No
RB00739,Gorumara National Park,Jalpaiguri,West Bengal,Auto,Premium,Bajaj RE Electric Auto,3,4165,INR,Full Day Rental,8,99.2,Yes,Yes,Hotel,Hotel,13.1,110,Yes,Yes,2.6,3.6,Available in 10 mins,3 mins,Free cancellation up to 24 hours before pickup,"Bottled Water, Hand Sanitizer",Regional Language,No,No,No,No,No
RB00740,Gorumara National Park,Jalpaiguri,West Bengal,Tempo Traveller,Premium,Force Tempo Traveller 17-Seater (AC),17,17565,INR,Full Day Rental,12,72,No,Yes,Railway Station,Airport,16.8,80,Yes,Yes,4.7,3.8,Available in 10 mins,17 mins,Free cancellation up to 6 hours before pickup,"Sanitized Vehicle, First Aid Kit",Hindi,Yes,Yes,Yes,No,No
RB00741,Gorumara National Park,Jalpaiguri,West Bengal,Auto,Economy,Bajaj RE Compact Auto,3,1110,INR,Round Trip,3.3,41.1,No,Yes,Railway Station,Tourist Place,12.4,180,No,Yes,4.6,3.9,Available in 10 mins,25 mins,Non-refundable,Bottled Water,English,Yes,No,Yes,No,No
RB00742,Cooch Behar Palace,Cooch Behar,West Bengal,Jeep,Economy,Force Gurkha,4,3100,INR,Round Trip,3.4,8.9,No,Yes,Railway Station,Tourist Place,21.7,285,Yes,Yes,3.8,4.3,Available Now,8 mins,Free cancellation up to 1 hour before pickup,"Reading Light, Bottled Water",Regional Language,No,Yes,Yes,No,Yes
RB00743,Cooch Behar Palace,Cooch Behar,West Bengal,Jeep,Premium,Mahindra Scorpio-N,5,9660,INR,Full Day Rental,12,133.1,Yes,No,Railway Station,Tourist Place,19.6,190,Yes,Yes,4.5,5,Scheduled Only,15 mins,Non-refundable,"Bottled Water, First Aid Kit",English,Yes,Yes,Yes,No,Yes
RB00744,Cooch Behar Palace,Cooch Behar,West Bengal,Auto,Luxury,TVS King Deluxe Auto,3,4880,INR,Full Day Rental,10,100.3,Yes,Yes,Anywhere in City,Airport,16.6,210,Yes,Yes,3.7,3.5,Available Now,14 mins,Free cancellation up to 6 hours before pickup,First Aid Kit,English,No,No,Yes,No,No
RB00745,Ayodhya Hills,Purulia,West Bengal,Cab,Economy,Maruti Suzuki Dzire,4,5670,INR,Full Day Rental,12,97.7,Yes,No,Anywhere in City,Tourist Place,24.2,290,Yes,Yes,4.7,3.9,Scheduled Only,18 mins,Free cancellation up to 6 hours before pickup,"Reading Light, Bottled Water","Hindi, English",Yes,No,Yes,No,Yes
RB00746,Ayodhya Hills,Purulia,West Bengal,Bike,Economy,TVS Sport,2,780,INR,Round Trip,2.7,9.2,No,Yes,Airport,Hotel,20,125,Yes,No,3.9,4.7,Scheduled Only,15 mins,Free cancellation up to 6 hours before pickup,"Bottled Water, Hand Sanitizer",N/A,Yes,No,No,No,No
RB00747,Ayodhya Hills,Purulia,West Bengal,Tempo Traveller,Economy,Force Tempo Traveller 12-Seater (Non-AC),12,3030,INR,One Way,1.9,28.9,Yes,Yes,Railway Station,Hotel,33.8,305,No,Yes,4.5,3.4,Available in 10 mins,25 mins,Non-refundable,None,Hindi,Yes,Yes,No,No,No
RB00748,Jagannath Temple,Puri,Odisha,Auto,Economy,Bajaj RE Compact Auto,3,365,INR,One Way,0.6,20.7,Yes,Yes,Hotel,Tourist Place,23.7,200,No,Yes,3.7,3.1,Available Now,8 mins,Free cancellation up to 24 hours before pickup,Sanitized Vehicle,"Hindi, English",No,No,No,No,No
RB00749,Jagannath Temple,Puri,Odisha,Cab,Economy,Maruti Suzuki Dzire,4,1240,INR,One Way,1.6,39.2,Yes,Yes,Airport,Airport,8.6,185,No,Yes,4,4.2,Available Now,28 mins,Free cancellation up to 6 hours before pickup,"Umbrella, Bottled Water",Hindi,Yes,No,Yes,No,No
RB00750,Jagannath Temple,Puri,Odisha,Tempo Traveller,Luxury,Force Urbania Luxury Van,13,9880,INR,One Way,0.7,25.7,No,Yes,Railway Station,Airport,31.3,95,No,Yes,4.3,3.7,Available in 10 mins,16 mins,Free cancellation up to 24 hours before pickup,None,Regional Language,Yes,Yes,Yes,No,No
RB00751,Sun Temple,Konark,Odisha,Tempo Traveller,Economy,Force Tempo Traveller 12-Seater (Non-AC),12,10870,INR,Full Day Rental,10,134.5,No,No,Hotel,Hotel,15.9,85,No,Yes,5,4.2,Available in 10 mins,7 mins,Free cancellation up to 1 hour before pickup,"Umbrella, Bottled Water",Regional Language,Yes,No,Yes,No,No
RB00752,Sun Temple,Konark,Odisha,Cab,Premium,Honda City,4,4710,INR,Full Day Rental,8,64.8,Yes,Yes,Airport,Tourist Place,9.1,120,Yes,Yes,4.2,3.2,Available in 10 mins,12 mins,50% refund if cancelled within 6 hours of pickup,"Umbrella, Bottled Water",Hindi,Yes,Yes,Yes,No,No
RB00753,Sun Temple,Konark,Odisha,Auto,Economy,Bajaj RE Compact Auto,3,725,INR,One Way,1.2,39.8,Yes,Yes,Hotel,Tourist Place,17.6,280,No,Yes,4,4.5,Available Now,7 mins,Free cancellation up to 6 hours before pickup,Bottled Water,"Hindi, English",Yes,No,No,No,No
RB00754,Sun Temple,Konark,Odisha,Tempo Traveller,Premium,Force Tempo Traveller 17-Seater (AC),17,5360,INR,One Way,1.1,8,No,No,Railway Station,Hotel,16.3,85,Yes,Yes,3,4.1,Scheduled Only,12 mins,Free cancellation up to 6 hours before pickup,"Bottled Water, Hand Sanitizer","Hindi, English, Regional Language",No,Yes,Yes,Yes,No
RB00755,Lingaraj Temple,Bhubaneswar,Odisha,SUV,Economy,Mahindra Bolero,7,1635,INR,One Way,2.6,42.7,No,No,Anywhere in City,Hotel,23.3,120,Yes,Yes,3.9,3.5,Available Now,20 mins,Free cancellation up to 6 hours before pickup,Sanitized Vehicle,"Hindi, English, Regional Language",Yes,No,Yes,No,Yes
RB00756,Lingaraj Temple,Bhubaneswar,Odisha,Auto,Premium,Bajaj RE Electric Auto,3,1415,INR,Round Trip,5.4,32,Yes,Yes,Hotel,Tourist Place,12,305,Yes,Yes,4.9,4.3,Available in 20 mins,16 mins,Free cancellation up to 6 hours before pickup,Sanitized Vehicle,Regional Language,Yes,No,Yes,No,No
RB00757,Lingaraj Temple,Bhubaneswar,Odisha,Bike,Luxury,Royal Enfield Himalayan 450,2,7385,INR,Full Day Rental,12,130.1,Yes,Yes,Hotel,Tourist Place,21.1,210,Yes,No,4.5,4.8,Available in 10 mins,20 mins,Free cancellation up to 6 hours before pickup,None,N/A,Yes,No,No,No,No
RB00758,Khandadhar Waterfall,Rourkela,Odisha,Cab,Premium,Honda City,4,1675,INR,One Way,2.3,17.3,No,No,Airport,Airport,17.2,345,Yes,Yes,4.8,3.8,Available in 10 mins,2 mins,Free cancellation up to 6 hours before pickup,"Bottled Water, First Aid Kit","Hindi, English",Yes,Yes,Yes,No,No
RB00759,Khandadhar Waterfall,Rourkela,Odisha,Cab,Economy,Maruti Suzuki WagonR,4,1305,INR,Round Trip,2.6,10.1,Yes,No,Anywhere in City,Hotel,20.9,345,Yes,Yes,4,3.5,Available in 10 mins,22 mins,Free cancellation up to 1 hour before pickup,"Bottled Water, Hand Sanitizer",English,Yes,No,Yes,No,Yes
RB00760,Khandadhar Waterfall,Rourkela,Odisha,Auto,Premium,Bajaj RE Electric Auto,3,5300,INR,Full Day Rental,10,117.2,Yes,No,Anywhere in City,Hotel,12.5,305,Yes,Yes,4.1,3.9,Available in 10 mins,4 mins,Non-refundable,"Bottled Water, First Aid Kit",Hindi,No,No,Yes,No,No
RB00761,Barabati Fort,Cuttack,Odisha,Bike,Premium,Royal Enfield Classic 350,2,3860,INR,Full Day Rental,10,64.2,Yes,No,Anywhere in City,Hotel,9.5,240,Yes,Yes,5,3.3,Scheduled Only,23 mins,Free cancellation up to 1 hour before pickup,"Umbrella, Bottled Water","Hindi, English",Yes,No,No,No,No
RB00762,Barabati Fort,Cuttack,Odisha,Jeep,Luxury,Land Rover Defender,5,4690,INR,One Way,1.6,22.9,No,Yes,Hotel,Airport,13.5,205,Yes,Yes,4.3,4.3,Available in 10 mins,23 mins,Free cancellation up to 1 hour before pickup,First Aid Kit,English,Yes,No,Yes,No,No
RB00763,Barabati Fort,Cuttack,Odisha,SUV,Luxury,Ford Endeavour,7,4505,INR,One Way,2.3,42.4,Yes,Yes,Anywhere in City,Hotel,15.9,260,Yes,Yes,4.9,3.1,Available in 10 mins,27 mins,50% refund if cancelled within 6 hours of pickup,"Bottled Water, First Aid Kit",English,Yes,No,Yes,No,No
RB00764,Hirakud Dam,Sambalpur,Odisha,Jeep,Economy,Force Gurkha,4,2190,INR,One Way,2.6,44.9,No,Yes,Hotel,Hotel,12.9,140,Yes,Yes,2.6,3.3,Available in 20 mins,13 mins,Non-refundable,"Umbrella, Bottled Water",English,No,Yes,Yes,No,Yes
RB00765,Hirakud Dam,Sambalpur,Odisha,SUV,Economy,Mahindra Bolero,7,5935,INR,Full Day Rental,8,80.7,Yes,No,Anywhere in City,Hotel,11.4,195,No,Yes,3.8,4.2,Available in 10 mins,18 mins,50% refund if cancelled within 6 hours of pickup,"Umbrella, Bottled Water","Hindi, English",Yes,No,Yes,No,Yes
RB00766,Hirakud Dam,Sambalpur,Odisha,Auto,Economy,Bajaj RE Compact Auto,3,485,INR,One Way,1.1,27.4,No,No,Anywhere in City,Airport,9.6,140,Yes,Yes,2.9,3.9,Scheduled Only,25 mins,Non-refundable,"Bottled Water, Hand Sanitizer","Hindi, English, Regional Language",No,No,No,No,No
RB00767,Chilika Lake,Chilika,Odisha,Cab,Premium,Honda City,4,8355,INR,Full Day Rental,8,136.5,Yes,No,Railway Station,Airport,9.5,180,Yes,Yes,3.8,3.3,Scheduled Only,24 mins,Free cancellation up to 24 hours before pickup,"Bottled Water, Hand Sanitizer",Hindi,Yes,No,Yes,Yes,No
RB00768,Chilika Lake,Chilika,Odisha,Jeep,Luxury,Land Rover Defender,5,9855,INR,Round Trip,3.7,34.6,No,No,Anywhere in City,Airport,16.7,135,Yes,Yes,4.6,4.6,Scheduled Only,24 mins,Free cancellation up to 1 hour before pickup,None,English,Yes,Yes,Yes,No,No
RB00769,Chilika Lake,Chilika,Odisha,SUV,Economy,Chevrolet Tavera,7,2755,INR,Round Trip,4,24.3,Yes,No,Anywhere in City,Hotel,17.7,135,Yes,Yes,4.4,4.7,Available Now,26 mins,Non-refundable,"Sanitized Vehicle, First Aid Kit",Hindi,Yes,No,Yes,No,No
RB00770,Chilika Lake,Chilika,Odisha,Jeep,Economy,Mahindra Thar (Base),4,7795,INR,Full Day Rental,10,90.1,Yes,No,Anywhere in City,Hotel,14.9,135,No,Yes,3.2,4.2,Available Now,17 mins,Free cancellation up to 24 hours before pickup,Sanitized Vehicle,"Hindi, English, Regional Language",No,No,Yes,No,No
RB00771,Tara Tarini Temple,Berhampur,Odisha,Auto,Economy,Piaggio Ape Auto,3,615,INR,One Way,1.1,35.4,No,No,Railway Station,Hotel,14.9,160,Yes,Yes,4.5,4.9,Available in 10 mins,30 mins,Free cancellation up to 1 hour before pickup,First Aid Kit,Regional Language,Yes,No,Yes,No,No
RB00772,Tara Tarini Temple,Berhampur,Odisha,Bike,Economy,TVS Sport,2,4670,INR,Full Day Rental,10,147.6,No,No,Airport,Hotel,14.3,350,Yes,No,4.5,4.5,Available in 20 mins,23 mins,Free cancellation up to 24 hours before pickup,Bottled Water,N/A,Yes,No,No,No,No
RB00773,Tara Tarini Temple,Berhampur,Odisha,SUV,Premium,Toyota Innova Crysta,7,3940,INR,Round Trip,5.4,22.8,No,Yes,Hotel,Tourist Place,23,220,No,Yes,4.1,3.8,Available in 20 mins,30 mins,Free cancellation up to 6 hours before pickup,Sanitized Vehicle,"Hindi, English, Regional Language",No,Yes,Yes,No,No
RB00774,Tara Tarini Temple,Berhampur,Odisha,Cab,Luxury,Skoda Superb,4,10495,INR,Full Day Rental,10,72.8,Yes,Yes,Anywhere in City,Hotel,14.8,225,Yes,Yes,4,4.7,Available Now,12 mins,Free cancellation up to 1 hour before pickup,Bottled Water,"Hindi, English",Yes,Yes,Yes,No,No
RB00775,Badaghagara Waterfall,Keonjhar,Odisha,Auto,Economy,Bajaj RE Compact Auto,3,1690,INR,Round Trip,4.7,42.4,Yes,Yes,Anywhere in City,Tourist Place,14.7,85,Yes,Yes,3.8,3.2,Available Now,22 mins,Free cancellation up to 24 hours before pickup,"Sanitized Vehicle, First Aid Kit",English,Yes,No,Yes,No,No
RB00776,Badaghagara Waterfall,Keonjhar,Odisha,Tempo Traveller,Economy,Force Tempo Traveller 12-Seater (Non-AC),12,12020,INR,Full Day Rental,12,111.6,No,Yes,Hotel,Hotel,15.2,280,No,Yes,2.7,4.3,Available in 20 mins,8 mins,Non-refundable,Bottled Water,"Hindi, English, Regional Language",No,Yes,No,No,No
RB00777,Badaghagara Waterfall,Keonjhar,Odisha,Cab,Economy,Maruti Suzuki WagonR,4,2240,INR,Round Trip,3.6,26.9,No,No,Hotel,Hotel,23.6,160,Yes,Yes,4.7,3.6,Available in 20 mins,13 mins,Free cancellation up to 24 hours before pickup,"Sanitized Vehicle, First Aid Kit",Regional Language,Yes,Yes,Yes,No,No
RB00778,Badaghagara Waterfall,Keonjhar,Odisha,Tempo Traveller,Economy,Force Tempo Traveller 12-Seater (Non-AC),12,7765,INR,Round Trip,3.1,37.7,No,No,Anywhere in City,Hotel,25.4,155,No,Yes,5,3.5,Available Now,14 mins,Non-refundable,"Reading Light, Bottled Water","Hindi, English, Regional Language",Yes,No,No,No,No
RB00779,Chandipur Beach,Balasore,Odisha,Cab,Economy,Maruti Suzuki WagonR,4,2580,INR,Round Trip,3.9,26.8,Yes,Yes,Railway Station,Hotel,18.3,185,Yes,Yes,4.5,3.8,Scheduled Only,4 mins,Non-refundable,"Sanitized Vehicle, First Aid Kit",English,Yes,Yes,Yes,No,No
RB00780,Chandipur Beach,Balasore,Odisha,Tempo Traveller,Premium,Force Tempo Traveller 17-Seater (AC),17,5500,INR,One Way,1.9,16.5,No,No,Anywhere in City,Airport,18.7,325,Yes,Yes,4.1,3.3,Available Now,29 mins,50% refund if cancelled within 6 hours of pickup,First Aid Kit,Hindi,Yes,Yes,Yes,No,No
RB00781,Chandipur Beach,Balasore,Odisha,Auto,Luxury,TVS King Deluxe Auto,3,640,INR,One Way,2.7,4.2,No,No,Airport,Airport,20.3,335,No,Yes,4.6,4.7,Available in 20 mins,25 mins,Free cancellation up to 6 hours before pickup,"Bottled Water, Hand Sanitizer",English,Yes,No,Yes,No,No
RB00782,Sanaghagara Waterfall,Kendujhar,Odisha,Auto,Economy,Piaggio Ape Auto,3,305,INR,One Way,2,4.4,No,Yes,Airport,Tourist Place,23.4,170,No,Yes,3.9,3.5,Available in 10 mins,2 mins,Free cancellation up to 6 hours before pickup,"Reading Light, Bottled Water","Hindi, English",Yes,No,Yes,No,No
RB00783,Sanaghagara Waterfall,Kendujhar,Odisha,Bike,Premium,Bajaj Dominar 400,2,1850,INR,Round Trip,5.8,8.3,Yes,No,Anywhere in City,Airport,10.2,80,Yes,No,3.8,3.8,Available Now,18 mins,Non-refundable,"Umbrella, Bottled Water",N/A,Yes,No,No,No,No
RB00784,Sanaghagara Waterfall,Kendujhar,Odisha,Cab,Premium,Honda City,4,2725,INR,Round Trip,5.8,13.4,Yes,Yes,Airport,Tourist Place,19.2,165,Yes,Yes,4.4,3.4,Available in 10 mins,4 mins,Non-refundable,"Umbrella, Bottled Water",Hindi,Yes,Yes,Yes,No,No
RB00785,Marina Beach,Chennai,Tamil Nadu,Auto,Premium,Mahindra Treo Auto,3,420,INR,One Way,0.6,11.8,No,No,Anywhere in City,Tourist Place,17.3,80,Yes,Yes,4.3,3.8,Available in 10 mins,26 mins,Free cancellation up to 24 hours before pickup,"Umbrella, Bottled Water",Hindi,Yes,No,No,No,No
RB00786,Marina Beach,Chennai,Tamil Nadu,Jeep,Economy,Mahindra Thar (Base),4,4475,INR,Round Trip,5.9,29.5,Yes,No,Airport,Airport,10.8,225,Yes,Yes,4.3,3.1,Available Now,19 mins,50% refund if cancelled within 6 hours of pickup,None,Hindi,Yes,Yes,Yes,No,Yes
RB00787,Marina Beach,Chennai,Tamil Nadu,Cab,Premium,Hyundai Verna,4,2790,INR,Round Trip,5.2,14.4,Yes,No,Hotel,Airport,16.4,210,Yes,Yes,4.1,4.4,Available in 20 mins,30 mins,50% refund if cancelled within 6 hours of pickup,"Bottled Water, Hand Sanitizer","Hindi, English, Regional Language",Yes,Yes,Yes,No,No
RB00788,Meenakshi Amman Temple,Madurai,Tamil Nadu,Bike,Premium,Royal Enfield Classic 350,2,3910,INR,Full Day Rental,10,63,Yes,Yes,Railway Station,Airport,17.4,265,Yes,No,4.6,4.1,Available in 10 mins,14 mins,50% refund if cancelled within 6 hours of pickup,Sanitized Vehicle,N/A,Yes,No,No,No,No
RB00789,Meenakshi Amman Temple,Madurai,Tamil Nadu,Cab,Economy,Hyundai Xcent,4,5090,INR,Full Day Rental,8,106,Yes,Yes,Airport,Airport,24.8,160,No,Yes,4.4,4.5,Scheduled Only,17 mins,Free cancellation up to 1 hour before pickup,None,"Hindi, English, Regional Language",Yes,Yes,No,No,Yes
RB00790,Meenakshi Amman Temple,Madurai,Tamil Nadu,Bike,Premium,Royal Enfield Classic 350,2,7345,INR,Full Day Rental,12,132.3,Yes,Yes,Airport,Airport,22.6,120,Yes,Yes,4.1,4.1,Available in 20 mins,7 mins,Non-refundable,First Aid Kit,English,Yes,No,No,No,No
RB00791,Meenakshi Amman Temple,Madurai,Tamil Nadu,Cab,Premium,Honda City,4,3385,INR,Round Trip,5.2,44.8,Yes,No,Hotel,Tourist Place,16.1,155,No,Yes,4.7,4.7,Available in 10 mins,22 mins,Free cancellation up to 24 hours before pickup,"Bottled Water, Hand Sanitizer","Hindi, English",Yes,No,Yes,No,No
RB00792,Ramanathaswamy Temple,Rameswaram,Tamil Nadu,Cab,Premium,Hyundai Verna,4,3115,INR,Round Trip,2.5,44.9,No,Yes,Railway Station,Hotel,24.6,115,Yes,Yes,4.2,3.7,Available Now,16 mins,Free cancellation up to 1 hour before pickup,First Aid Kit,"Hindi, English",Yes,Yes,Yes,No,Yes
RB00793,Ramanathaswamy Temple,Rameswaram,Tamil Nadu,SUV,Economy,Maruti Suzuki Ertiga,7,3210,INR,Round Trip,4.9,4.8,No,Yes,Hotel,Hotel,22.6,240,Yes,Yes,2.6,3.5,Available Now,6 mins,50% refund if cancelled within 6 hours of pickup,Sanitized Vehicle,Hindi,No,No,Yes,No,No
RB00794,Ramanathaswamy Temple,Rameswaram,Tamil Nadu,Tempo Traveller,Premium,Force Tempo Traveller 17-Seater (AC),17,6765,INR,One Way,2.6,27.1,No,Yes,Airport,Tourist Place,22,300,Yes,Yes,4.2,5,Available Now,6 mins,Free cancellation up to 1 hour before pickup,"Umbrella, Bottled Water",Regional Language,Yes,No,No,No,No
RB00795,Ramanathaswamy Temple,Rameswaram,Tamil Nadu,Bike,Economy,TVS Sport,2,600,INR,One Way,0.8,29.5,Yes,No,Railway Station,Tourist Place,14.8,190,No,No,4,4.2,Available Now,12 mins,Non-refundable,"Sanitized Vehicle, First Aid Kit",N/A,Yes,No,No,No,No
RB00796,Vivekananda Rock Memorial,Kanyakumari,Tamil Nadu,Auto,Premium,Bajaj RE Electric Auto,3,1120,INR,Round Trip,2.1,25.8,No,No,Hotel,Hotel,11.3,295,Yes,Yes,3.8,4.9,Available Now,4 mins,Non-refundable,First Aid Kit,Hindi,Yes,No,Yes,No,No
RB00797,Vivekananda Rock Memorial,Kanyakumari,Tamil Nadu,Cab,Economy,Maruti Suzuki WagonR,4,1535,INR,Round Trip,3.5,27,No,No,Anywhere in City,Airport,12.5,270,No,Yes,4.2,4.4,Available in 20 mins,24 mins,Non-refundable,Bottled Water,Regional Language,Yes,No,Yes,No,No
RB00798,Vivekananda Rock Memorial,Kanyakumari,Tamil Nadu,Jeep,Economy,Force Gurkha,4,6280,INR,Full Day Rental,8,84.5,Yes,Yes,Railway Station,Airport,18.3,150,Yes,Yes,4.5,3.7,Scheduled Only,3 mins,Free cancellation up to 24 hours before pickup,First Aid Kit,"Hindi, English",Yes,No,No,No,Yes
RB00799,Ooty Lake,Ooty,Tamil Nadu,Auto,Premium,Bajaj RE Electric Auto,3,630,INR,One Way,1.6,28.3,No,Yes,Airport,Hotel,17.6,310,Yes,Yes,4.8,3.6,Available in 10 mins,28 mins,Non-refundable,"Reading Light, Bottled Water","Hindi, English",Yes,No,Yes,No,No
RB00800,Ooty Lake,Ooty,Tamil Nadu,Auto,Economy,Piaggio Ape Auto,3,535,INR,One Way,2.3,29.1,Yes,Yes,Airport,Hotel,19.7,85,Yes,Yes,3.8,4.2,Available in 10 mins,26 mins,Free cancellation up to 24 hours before pickup,None,Regional Language,Yes,No,Yes,No,No
RB00801,Ooty Lake,Ooty,Tamil Nadu,Jeep,Premium,Mahindra Thar LX 4x4,5,9030,INR,Full Day Rental,12,41,No,No,Railway Station,Hotel,23.2,95,No,Yes,4.5,4.2,Available in 10 mins,19 mins,Free cancellation up to 24 hours before pickup,"Bottled Water, Hand Sanitizer",Hindi,Yes,Yes,No,No,No
RB00802,Marudamalai Temple,Coimbatore,Tamil Nadu,Tempo Traveller,Premium,Force Tempo Traveller 17-Seater (AC),17,18970,INR,Full Day Rental,8,119.7,Yes,Yes,Hotel,Tourist Place,32.7,215,No,Yes,3.2,4.5,Available Now,27 mins,Non-refundable,Bottled Water,English,No,Yes,Yes,No,No
RB00803,Marudamalai Temple,Coimbatore,Tamil Nadu,Cab,Economy,Maruti Suzuki WagonR,4,1730,INR,Round Trip,3.2,8.7,No,Yes,Airport,Tourist Place,12.6,260,No,Yes,4.7,3.3,Scheduled Only,15 mins,Free cancellation up to 24 hours before pickup,"Umbrella, Bottled Water","Hindi, English, Regional Language",Yes,No,No,No,No
RB00804,Marudamalai Temple,Coimbatore,Tamil Nadu,Bike,Economy,Bajaj Platina,2,820,INR,One Way,2.2,36.8,No,No,Anywhere in City,Airport,9.2,235,Yes,No,4.1,4.9,Available Now,24 mins,Free cancellation up to 6 hours before pickup,"Reading Light, Bottled Water",N/A,Yes,No,No,No,No
RB00805,Kodaikanal Lake,Kodaikanal,Tamil Nadu,Bike,Premium,KTM Duke 200,2,6380,INR,Full Day Rental,12,140.5,No,No,Hotel,Tourist Place,18.2,295,Yes,No,3.2,3.3,Available in 10 mins,20 mins,50% refund if cancelled within 6 hours of pickup,"Sanitized Vehicle, First Aid Kit",N/A,No,No,No,No,No
RB00806,Kodaikanal Lake,Kodaikanal,Tamil Nadu,Auto,Premium,Bajaj RE Electric Auto,3,4980,INR,Full Day Rental,8,135.4,Yes,No,Hotel,Hotel,19.9,130,Yes,Yes,5,3.3,Available in 10 mins,28 mins,Free cancellation up to 6 hours before pickup,None,Regional Language,Yes,No,No,No,No
RB00807,Kodaikanal Lake,Kodaikanal,Tamil Nadu,Bike,Economy,Bajaj Platina,2,3890,INR,Full Day Rental,10,95.4,Yes,Yes,Airport,Tourist Place,16.9,225,Yes,No,4.8,3.8,Available Now,14 mins,Free cancellation up to 1 hour before pickup,First Aid Kit,N/A,Yes,No,No,No,No
RB00808,Kodaikanal Lake,Kodaikanal,Tamil Nadu,Auto,Economy,Piaggio Ape Auto,3,785,INR,Round Trip,4.7,4,No,Yes,Airport,Hotel,22.6,310,Yes,Yes,4.8,4.7,Available Now,20 mins,Free cancellation up to 24 hours before pickup,"Sanitized Vehicle, First Aid Kit",Hindi,Yes,No,Yes,No,No
RB00809,Brihadeeswarar Temple,Thanjavur,Tamil Nadu,SUV,Economy,Mahindra Bolero,7,6070,INR,Full Day Rental,12,89.5,No,No,Railway Station,Tourist Place,23.1,175,No,Yes,4.4,3,Available Now,14 mins,Free cancellation up to 6 hours before pickup,"Reading Light, Bottled Water",Regional Language,Yes,Yes,No,No,No
RB00810,Brihadeeswarar Temple,Thanjavur,Tamil Nadu,Cab,Economy,Hyundai Xcent,4,1610,INR,Round Trip,3.3,17.8,No,Yes,Anywhere in City,Tourist Place,8.1,295,No,Yes,4.3,5,Available Now,18 mins,Free cancellation up to 24 hours before pickup,"Umbrella, Bottled Water","Hindi, English",Yes,No,Yes,No,No
RB00811,Brihadeeswarar Temple,Thanjavur,Tamil Nadu,Tempo Traveller,Economy,Force Tempo Traveller 12-Seater (Non-AC),12,6490,INR,Round Trip,2.8,9.5,No,Yes,Airport,Hotel,34.7,290,Yes,Yes,4.1,3,Scheduled Only,22 mins,Free cancellation up to 1 hour before pickup,"Reading Light, Bottled Water","Hindi, English, Regional Language",Yes,Yes,No,No,No
RB00812,Shore Temple,Mahabalipuram,Tamil Nadu,Jeep,Luxury,Land Rover Defender,5,4955,INR,One Way,1.5,11.8,Yes,No,Airport,Tourist Place,20.8,180,Yes,Yes,4.4,4.1,Scheduled Only,22 mins,Free cancellation up to 24 hours before pickup,"Bottled Water, First Aid Kit",Hindi,Yes,No,Yes,No,No
RB00813,Shore Temple,Mahabalipuram,Tamil Nadu,Jeep,Premium,Mahindra Scorpio-N,5,6245,INR,Round Trip,5.5,9.2,No,Yes,Railway Station,Airport,12.8,305,Yes,Yes,4.2,3.5,Available Now,25 mins,Non-refundable,"Reading Light, Bottled Water","Hindi, English",Yes,Yes,Yes,No,No
RB00814,Shore Temple,Mahabalipuram,Tamil Nadu,Tempo Traveller,Premium,Force Tempo Traveller 17-Seater (AC),17,14350,INR,Full Day Rental,8,97.5,Yes,No,Anywhere in City,Airport,25.3,335,Yes,Yes,4.1,3.4,Scheduled Only,2 mins,50% refund if cancelled within 6 hours of pickup,None,"Hindi, English",Yes,No,No,Yes,No
RB00815,Shore Temple,Mahabalipuram,Tamil Nadu,Bike,Economy,Bajaj Platina,2,630,INR,One Way,1.5,32.4,Yes,No,Hotel,Airport,23.7,295,Yes,No,4.7,4.6,Available in 20 mins,20 mins,50% refund if cancelled within 6 hours of pickup,"Sanitized Vehicle, First Aid Kit",N/A,Yes,No,No,No,No
RB00816,Yercaud Lake,Yercaud,Tamil Nadu,Bike,Luxury,Royal Enfield Himalayan 450,2,1260,INR,One Way,0.9,22.3,Yes,Yes,Airport,Hotel,16,305,Yes,No,4.2,4.6,Available Now,22 mins,Non-refundable,Bottled Water,N/A,No,No,No,No,No
RB00817,Yercaud Lake,Yercaud,Tamil Nadu,Bike,Luxury,Harley-Davidson X440,2,5295,INR,Full Day Rental,12,68.5,Yes,Yes,Hotel,Tourist Place,20.7,205,Yes,No,4.5,4.2,Available in 20 mins,18 mins,Free cancellation up to 6 hours before pickup,"Sanitized Vehicle, First Aid Kit",N/A,Yes,No,No,No,No
RB00818,Yercaud Lake,Yercaud,Tamil Nadu,Tempo Traveller,Economy,Force Tempo Traveller 12-Seater (Non-AC),12,5235,INR,Round Trip,2.1,11.6,Yes,Yes,Airport,Airport,23,110,Yes,Yes,4.6,4.3,Available in 20 mins,25 mins,Free cancellation up to 1 hour before pickup,None,"Hindi, English, Regional Language",Yes,Yes,No,No,No
RB00819,Yercaud Lake,Yercaud,Tamil Nadu,Cab,Premium,Honda City,4,7600,INR,Full Day Rental,8,124.4,No,Yes,Hotel,Hotel,15.7,115,Yes,Yes,4.5,4.1,Available in 10 mins,9 mins,50% refund if cancelled within 6 hours of pickup,None,"Hindi, English",Yes,No,Yes,No,Yes
RB00820,Nellaiappar Temple,Tirunelveli,Tamil Nadu,Cab,Economy,Maruti Suzuki WagonR,4,6330,INR,Full Day Rental,12,85.5,Yes,No,Railway Station,Airport,15.6,295,Yes,Yes,4.7,4.8,Available in 10 mins,5 mins,50% refund if cancelled within 6 hours of pickup,"Umbrella, Bottled Water",Regional Language,Yes,No,Yes,No,No
RB00821,Nellaiappar Temple,Tirunelveli,Tamil Nadu,SUV,Premium,Mahindra XUV700,7,5200,INR,Round Trip,4.7,29,No,No,Hotel,Tourist Place,14.2,215,Yes,Yes,3,4.8,Available Now,22 mins,Free cancellation up to 1 hour before pickup,Sanitized Vehicle,English,No,No,No,No,Yes
RB00822,Nellaiappar Temple,Tirunelveli,Tamil Nadu,SUV,Premium,Hyundai Creta,7,8535,INR,Full Day Rental,12,106.2,No,No,Hotel,Hotel,11.9,345,No,Yes,4.2,3.6,Scheduled Only,17 mins,Free cancellation up to 6 hours before pickup,"Bottled Water, First Aid Kit",Hindi,Yes,No,No,No,No
RB00823,Nellaiappar Temple,Tirunelveli,Tamil Nadu,Tempo Traveller,Economy,Force Tempo Traveller 12-Seater (Non-AC),12,11265,INR,Full Day Rental,8,75.1,Yes,No,Anywhere in City,Tourist Place,24.1,330,Yes,Yes,4,3.5,Available Now,14 mins,Free cancellation up to 6 hours before pickup,First Aid Kit,Hindi,Yes,Yes,No,No,No
RB00824,Nataraja Temple,Chidambaram,Tamil Nadu,Bike,Premium,Royal Enfield Classic 350,2,795,INR,One Way,0.7,10.4,No,No,Airport,Airport,15.4,185,No,No,4.8,4.4,Scheduled Only,7 mins,Free cancellation up to 1 hour before pickup,"Umbrella, Bottled Water",N/A,Yes,No,No,No,No
RB00825,Nataraja Temple,Chidambaram,Tamil Nadu,Bike,Economy,TVS Sport,2,940,INR,One Way,1.7,41.7,No,Yes,Anywhere in City,Hotel,13.7,335,No,Yes,4.3,3.1,Available in 20 mins,30 mins,Free cancellation up to 1 hour before pickup,First Aid Kit,Regional Language,Yes,No,No,No,No
RB00826,Nataraja Temple,Chidambaram,Tamil Nadu,Bike,Premium,Royal Enfield Classic 350,2,4855,INR,Full Day Rental,12,105,Yes,Yes,Airport,Airport,14.9,260,No,No,2.5,3.8,Available in 20 mins,25 mins,Free cancellation up to 1 hour before pickup,"Sanitized Vehicle, First Aid Kit",N/A,No,No,No,No,No
RB00827,Kanaka Durga Temple,Vijayawada,Andhra Pradesh,Auto,Economy,Piaggio Ape Auto,3,495,INR,One Way,1.4,28.2,Yes,No,Anywhere in City,Hotel,12.7,300,No,Yes,4.8,3.3,Available in 10 mins,10 mins,Free cancellation up to 6 hours before pickup,None,Hindi,Yes,No,Yes,No,No
RB00828,Kanaka Durga Temple,Vijayawada,Andhra Pradesh,Jeep,Economy,Force Gurkha,4,3125,INR,Round Trip,5,18,No,Yes,Railway Station,Tourist Place,21.8,110,Yes,Yes,4.1,3.1,Available in 20 mins,29 mins,Non-refundable,"Umbrella, Bottled Water","Hindi, English",Yes,No,Yes,No,No
RB00829,Kanaka Durga Temple,Vijayawada,Andhra Pradesh,Jeep,Economy,Mahindra Thar (Base),4,3945,INR,Round Trip,4.3,12.2,No,No,Railway Station,Airport,20.9,255,Yes,Yes,4.8,4.6,Available in 20 mins,21 mins,Free cancellation up to 1 hour before pickup,Bottled Water,English,Yes,No,No,No,No
RB00830,Kanaka Durga Temple,Vijayawada,Andhra Pradesh,Jeep,Premium,Mahindra Scorpio-N,5,4710,INR,Round Trip,4.9,5.7,No,No,Anywhere in City,Tourist Place,10.4,225,Yes,Yes,4.2,3.5,Available in 10 mins,4 mins,50% refund if cancelled within 6 hours of pickup,"Umbrella, Bottled Water",Regional Language,Yes,Yes,Yes,Yes,No
RB00831,Rishikonda Beach,Visakhapatnam,Andhra Pradesh,Bike,Economy,Hero Splendor Plus,2,1505,INR,Round Trip,4.4,32.3,Yes,Yes,Airport,Airport,8.1,85,Yes,No,4.3,4,Available Now,24 mins,Free cancellation up to 6 hours before pickup,"Umbrella, Bottled Water",N/A,Yes,No,No,No,No
RB00832,Rishikonda Beach,Visakhapatnam,Andhra Pradesh,SUV,Economy,Chevrolet Tavera,7,4810,INR,Full Day Rental,8,92.8,Yes,Yes,Railway Station,Hotel,15.4,225,Yes,Yes,4.8,4.6,Available Now,19 mins,Non-refundable,"Bottled Water, Hand Sanitizer",Hindi,Yes,No,Yes,No,No
RB00833,Rishikonda Beach,Visakhapatnam,Andhra Pradesh,Auto,Economy,Piaggio Ape Auto,3,475,INR,One Way,1.9,20.1,Yes,Yes,Hotel,Tourist Place,24,130,No,Yes,3.8,3.4,Available in 10 mins,18 mins,Non-refundable,"Umbrella, Bottled Water",Regional Language,Yes,No,No,No,No
RB00834,Mallikarjuna Swamy Temple,Srisailam,Andhra Pradesh,Tempo Traveller,Economy,Force Tempo Traveller 12-Seater (Non-AC),12,3290,INR,One Way,0.9,15.1,Yes,No,Railway Station,Airport,26.8,120,Yes,Yes,3.2,3.4,Available Now,6 mins,Free cancellation up to 24 hours before pickup,Sanitized Vehicle,English,No,Yes,Yes,No,No
RB00835,Mallikarjuna Swamy Temple,Srisailam,Andhra Pradesh,Auto,Economy,Bajaj RE Compact Auto,3,400,INR,One Way,0.8,18.6,Yes,Yes,Hotel,Hotel,12.4,165,Yes,Yes,4.1,3.7,Available Now,14 mins,Free cancellation up to 1 hour before pickup,First Aid Kit,English,Yes,No,Yes,No,No
RB00836,Mallikarjuna Swamy Temple,Srisailam,Andhra Pradesh,Tempo Traveller,Premium,Force Tempo Traveller 17-Seater (AC),17,13150,INR,Full Day Rental,8,71.2,No,No,Anywhere in City,Hotel,18.5,240,Yes,Yes,4,4.5,Available Now,13 mins,Free cancellation up to 24 hours before pickup,"Sanitized Vehicle, First Aid Kit","Hindi, English",Yes,No,Yes,No,No
RB00837,Papikondalu,Rajahmundry,Andhra Pradesh,Cab,Economy,Hyundai Xcent,4,820,INR,One Way,2.6,18,No,No,Railway Station,Airport,22.4,150,No,Yes,4,4.7,Available Now,3 mins,Free cancellation up to 6 hours before pickup,"Sanitized Vehicle, First Aid Kit","Hindi, English",Yes,Yes,Yes,No,No
RB00838,Papikondalu,Rajahmundry,Andhra Pradesh,Auto,Economy,Piaggio Ape Auto,3,475,INR,One Way,1.6,15.1,No,No,Airport,Tourist Place,11.5,235,Yes,Yes,2.7,4.8,Available Now,19 mins,50% refund if cancelled within 6 hours of pickup,First Aid Kit,English,No,No,Yes,No,No
RB00839,Papikondalu,Rajahmundry,Andhra Pradesh,Bike,Luxury,Royal Enfield Himalayan 450,2,1865,INR,Round Trip,3.9,7.3,No,Yes,Airport,Tourist Place,12.6,335,Yes,No,4.3,4.2,Scheduled Only,27 mins,Free cancellation up to 1 hour before pickup,"Sanitized Vehicle, First Aid Kit",N/A,Yes,No,No,No,No
RB00840,Lepakshi,Anantapur,Andhra Pradesh,Bike,Economy,TVS Sport,2,725,INR,One Way,2.4,28.9,Yes,No,Airport,Airport,24.1,100,Yes,No,4.6,3.1,Available Now,17 mins,Free cancellation up to 24 hours before pickup,"Reading Light, Bottled Water",N/A,Yes,No,No,No,No
RB00841,Lepakshi,Anantapur,Andhra Pradesh,Jeep,Premium,Mahindra Thar LX 4x4,5,3290,INR,One Way,2,14.5,Yes,Yes,Anywhere in City,Airport,12.7,135,Yes,Yes,4.1,4.2,Available in 20 mins,27 mins,Non-refundable,"Sanitized Vehicle, First Aid Kit",English,Yes,Yes,Yes,Yes,No
RB00842,Lepakshi,Anantapur,Andhra Pradesh,Jeep,Economy,Force Gurkha,4,1710,INR,One Way,1,41.5,No,Yes,Airport,Tourist Place,22,150,No,Yes,4.6,4.3,Scheduled Only,24 mins,50% refund if cancelled within 6 hours of pickup,"Reading Light, Bottled Water",Hindi,Yes,No,Yes,No,No
RB00843,Lepakshi,Anantapur,Andhra Pradesh,SUV,Economy,Chevrolet Tavera,7,1165,INR,One Way,2.9,4.4,Yes,Yes,Anywhere in City,Airport,12.2,240,No,Yes,4.7,3.5,Available in 20 mins,10 mins,Free cancellation up to 24 hours before pickup,"Reading Light, Bottled Water","Hindi, English",Yes,No,Yes,No,Yes
RB00844,Belum Caves,Kurnool,Andhra Pradesh,Cab,Economy,Maruti Suzuki WagonR,4,4180,INR,Full Day Rental,10,127.7,No,No,Airport,Hotel,9.3,150,Yes,Yes,3.8,4.2,Available Now,23 mins,Free cancellation up to 1 hour before pickup,Bottled Water,Hindi,Yes,No,Yes,No,No
RB00845,Belum Caves,Kurnool,Andhra Pradesh,Auto,Luxury,TVS King Deluxe Auto,3,7345,INR,Full Day Rental,12,149.9,Yes,No,Airport,Hotel,24.2,290,Yes,Yes,4.1,4.1,Available in 10 mins,3 mins,Free cancellation up to 24 hours before pickup,"Umbrella, Bottled Water",English,No,No,Yes,No,No
RB00846,Belum Caves,Kurnool,Andhra Pradesh,Tempo Traveller,Premium,Force Tempo Traveller 17-Seater (AC),17,4765,INR,One Way,1.5,41.7,Yes,No,Hotel,Hotel,32.5,290,Yes,Yes,4.9,5,Available in 20 mins,30 mins,Non-refundable,Bottled Water,English,Yes,No,Yes,No,No
RB00847,Belum Caves,Kurnool,Andhra Pradesh,Jeep,Economy,Force Gurkha,4,7445,INR,Full Day Rental,8,72.9,Yes,No,Anywhere in City,Airport,14.3,185,No,Yes,3.9,4.6,Available Now,3 mins,Non-refundable,"Bottled Water, First Aid Kit","Hindi, English, Regional Language",Yes,No,Yes,No,No
RB00848,Amaravathi Temple,Amravati,Andhra Pradesh,Cab,Economy,Hyundai Xcent,4,2020,INR,Round Trip,2.3,39.8,Yes,No,Anywhere in City,Airport,11.2,100,Yes,Yes,3.1,3.4,Scheduled Only,25 mins,50% refund if cancelled within 6 hours of pickup,"Bottled Water, Hand Sanitizer",Hindi,No,Yes,Yes,No,No
RB00849,Amaravathi Temple,Amravati,Andhra Pradesh,Jeep,Economy,Force Gurkha,4,3620,INR,Round Trip,3.1,19.4,Yes,Yes,Railway Station,Hotel,18,250,No,Yes,4.2,4.8,Available in 10 mins,13 mins,50% refund if cancelled within 6 hours of pickup,None,Regional Language,Yes,No,No,No,Yes
RB00850,Amaravathi Temple,Amravati,Andhra Pradesh,Jeep,Economy,Mahindra Thar (Base),4,5390,INR,Full Day Rental,10,79.8,Yes,Yes,Hotel,Tourist Place,22.6,255,Yes,Yes,2.5,3.8,Scheduled Only,29 mins,Free cancellation up to 24 hours before pickup,"Bottled Water, First Aid Kit",Hindi,No,No,Yes,No,No
RB00851,Amaravathi Temple,Amravati,Andhra Pradesh,Cab,Luxury,Skoda Superb,4,4910,INR,Round Trip,2.2,25.7,No,Yes,Airport,Hotel,16,125,Yes,Yes,4.2,3.3,Available in 10 mins,6 mins,Free cancellation up to 6 hours before pickup,Sanitized Vehicle,English,Yes,Yes,Yes,Yes,Yes
RB00852,Uppalapadu Bird Sanctuary,Guntur,Andhra Pradesh,Auto,Economy,Piaggio Ape Auto,3,270,INR,One Way,0.7,3.1,Yes,Yes,Railway Station,Hotel,20,335,Yes,Yes,4.8,3.4,Scheduled Only,6 mins,Free cancellation up to 24 hours before pickup,None,"Hindi, English, Regional Language",Yes,No,Yes,No,No
RB00853,Uppalapadu Bird Sanctuary,Guntur,Andhra Pradesh,Jeep,Economy,Force Gurkha,4,3865,INR,Round Trip,2.2,26.4,Yes,Yes,Hotel,Tourist Place,9.7,160,No,Yes,2.9,4.2,Available in 10 mins,27 mins,Free cancellation up to 6 hours before pickup,"Bottled Water, Hand Sanitizer",Regional Language,No,Yes,Yes,No,No
RB00854,Uppalapadu Bird Sanctuary,Guntur,Andhra Pradesh,SUV,Economy,Chevrolet Tavera,7,6810,INR,Full Day Rental,12,114.2,No,Yes,Airport,Tourist Place,17.5,290,Yes,Yes,4.8,4.5,Scheduled Only,10 mins,Free cancellation up to 24 hours before pickup,"Sanitized Vehicle, First Aid Kit","Hindi, English, Regional Language",Yes,Yes,Yes,No,No
RB00855,Gandikota Fort,Kadapa,Andhra Pradesh,Cab,Premium,Hyundai Verna,4,7770,INR,Full Day Rental,12,124.5,Yes,No,Anywhere in City,Airport,18.8,265,Yes,Yes,4.5,3.9,Scheduled Only,4 mins,Free cancellation up to 1 hour before pickup,"Sanitized Vehicle, First Aid Kit",Regional Language,Yes,Yes,Yes,No,Yes
RB00856,Gandikota Fort,Kadapa,Andhra Pradesh,SUV,Economy,Maruti Suzuki Ertiga,7,2890,INR,Round Trip,5.7,20.4,Yes,Yes,Railway Station,Hotel,18.8,220,Yes,Yes,4.5,4.3,Scheduled Only,11 mins,50% refund if cancelled within 6 hours of pickup,"Bottled Water, First Aid Kit","Hindi, English",Yes,No,Yes,No,No
RB00857,Gandikota Fort,Kadapa,Andhra Pradesh,Tempo Traveller,Premium,Force Tempo Traveller 17-Seater (AC),17,12435,INR,Full Day Rental,10,55.5,Yes,No,Hotel,Tourist Place,29.2,165,No,Yes,4.9,4.2,Available in 20 mins,19 mins,50% refund if cancelled within 6 hours of pickup,"Umbrella, Bottled Water","Hindi, English",Yes,Yes,No,No,No
RB00858,Prasanthi Nilayam,Puttaparthi,Andhra Pradesh,Auto,Economy,Piaggio Ape Auto,3,455,INR,One Way,0.7,18.5,No,No,Railway Station,Hotel,23.8,310,Yes,Yes,4.8,3.8,Available Now,10 mins,Free cancellation up to 1 hour before pickup,Sanitized Vehicle,"Hindi, English, Regional Language",Yes,No,Yes,No,No
RB00859,Prasanthi Nilayam,Puttaparthi,Andhra Pradesh,Bike,Economy,Hero Splendor Plus,2,715,INR,Round Trip,2.6,15.4,No,No,Airport,Hotel,14.1,145,Yes,No,4.4,3.8,Available in 10 mins,28 mins,50% refund if cancelled within 6 hours of pickup,Bottled Water,N/A,Yes,No,No,No,No
RB00860,Prasanthi Nilayam,Puttaparthi,Andhra Pradesh,Tempo Traveller,Premium,Force Tempo Traveller 17-Seater (AC),17,9455,INR,Round Trip,5.8,25.3,Yes,Yes,Hotel,Airport,19.8,145,Yes,Yes,4.5,4.2,Available Now,3 mins,Free cancellation up to 1 hour before pickup,Sanitized Vehicle,"Hindi, English, Regional Language",Yes,No,Yes,No,No
RB00861,Simhachalam Temple,Vizianagaram,Andhra Pradesh,Cab,Premium,Honda City,4,7840,INR,Full Day Rental,10,121.4,Yes,Yes,Hotel,Tourist Place,21.5,175,No,Yes,4.7,4.9,Scheduled Only,16 mins,Free cancellation up to 6 hours before pickup,"Bottled Water, Hand Sanitizer",Regional Language,Yes,Yes,Yes,No,No
RB00862,Simhachalam Temple,Vizianagaram,Andhra Pradesh,SUV,Premium,Hyundai Creta,7,2055,INR,One Way,2.2,31.5,No,No,Anywhere in City,Airport,15.3,95,Yes,Yes,4.9,3.1,Available Now,27 mins,Free cancellation up to 6 hours before pickup,Sanitized Vehicle,"Hindi, English, Regional Language",Yes,Yes,Yes,No,No
RB00863,Simhachalam Temple,Vizianagaram,Andhra Pradesh,Bike,Economy,Hero Splendor Plus,2,710,INR,One Way,1.5,31.4,No,No,Anywhere in City,Hotel,13.7,115,Yes,No,4.5,4.7,Scheduled Only,28 mins,Free cancellation up to 6 hours before pickup,"Bottled Water, First Aid Kit",N/A,Yes,No,No,No,No
RB00864,Kailasagiri,Visakhapatnam,Andhra Pradesh,Bike,Luxury,Royal Enfield Himalayan 450,2,995,INR,One Way,0.9,15,Yes,No,Railway Station,Hotel,17.7,225,No,Yes,4.6,3.3,Scheduled Only,13 mins,Free cancellation up to 6 hours before pickup,None,"Hindi, English",Yes,No,No,No,No
RB00865,Kailasagiri,Visakhapatnam,Andhra Pradesh,Bike,Luxury,Harley-Davidson X440,2,1425,INR,One Way,1.9,23.6,Yes,No,Airport,Airport,10.4,105,No,No,4.3,3.3,Scheduled Only,14 mins,50% refund if cancelled within 6 hours of pickup,Sanitized Vehicle,N/A,Yes,No,No,No,No
RB00866,Kailasagiri,Visakhapatnam,Andhra Pradesh,Auto,Economy,Bajaj RE Compact Auto,3,905,INR,Round Trip,3.1,10.7,Yes,No,Railway Station,Airport,14.7,330,Yes,Yes,4.3,3.9,Available in 20 mins,20 mins,Non-refundable,Sanitized Vehicle,English,Yes,No,Yes,No,No
RB00867,Kailasagiri,Visakhapatnam,Andhra Pradesh,SUV,Economy,Mahindra Bolero,7,6420,INR,Full Day Rental,8,55.2,No,No,Anywhere in City,Airport,23.8,310,Yes,Yes,4.8,3.3,Scheduled Only,30 mins,Non-refundable,"Reading Light, Bottled Water",English,Yes,Yes,Yes,No,No
RB00868,Submarine Museum,Visakhapatnam,Andhra Pradesh,Bike,Economy,Bajaj Platina,2,380,INR,One Way,1.9,6.1,Yes,Yes,Airport,Hotel,13,215,Yes,No,3.7,4.4,Available in 20 mins,13 mins,Non-refundable,"Reading Light, Bottled Water",N/A,No,No,No,No,No
RB00869,Submarine Museum,Visakhapatnam,Andhra Pradesh,Cab,Premium,Hyundai Verna,4,5790,INR,Full Day Rental,10,112.1,Yes,Yes,Railway Station,Tourist Place,17.4,305,No,Yes,3.8,3.9,Available in 10 mins,24 mins,Free cancellation up to 1 hour before pickup,"Bottled Water, First Aid Kit",Regional Language,No,Yes,No,No,No
RB00870,Submarine Museum,Visakhapatnam,Andhra Pradesh,Tempo Traveller,Economy,Force Tempo Traveller 12-Seater (Non-AC),12,9255,INR,Full Day Rental,12,55.5,Yes,Yes,Hotel,Hotel,32.8,275,Yes,Yes,4.1,4.6,Available Now,8 mins,Free cancellation up to 24 hours before pickup,First Aid Kit,"Hindi, English",Yes,No,Yes,No,No
RB00871,Borra Caves,Visakhapatnam,Andhra Pradesh,SUV,Luxury,Land Rover Discovery Sport,7,15720,INR,Full Day Rental,10,106.6,No,Yes,Railway Station,Airport,19.5,245,Yes,Yes,4.9,3,Available in 20 mins,15 mins,50% refund if cancelled within 6 hours of pickup,Bottled Water,Hindi,Yes,No,Yes,No,No
RB00872,Borra Caves,Visakhapatnam,Andhra Pradesh,Bike,Economy,TVS Sport,2,355,INR,One Way,2.7,6.3,Yes,Yes,Airport,Airport,20.5,235,No,No,4.6,3.6,Available in 20 mins,9 mins,Free cancellation up to 1 hour before pickup,"Umbrella, Bottled Water",N/A,Yes,No,No,No,No
RB00873,Borra Caves,Visakhapatnam,Andhra Pradesh,Cab,Economy,Maruti Suzuki Dzire,4,1265,INR,Round Trip,4.5,11,No,No,Railway Station,Tourist Place,16.6,135,Yes,Yes,4.9,4.9,Scheduled Only,11 mins,Non-refundable,"Bottled Water, Hand Sanitizer","Hindi, English",Yes,No,Yes,No,Yes
RB00874,War Memorial,Visakhapatnam,Andhra Pradesh,Bike,Premium,Bajaj Dominar 400,2,885,INR,One Way,2,20,Yes,No,Hotel,Hotel,14.2,330,Yes,No,2.7,4.1,Scheduled Only,16 mins,50% refund if cancelled within 6 hours of pickup,None,N/A,No,No,No,No,No
RB00875,War Memorial,Visakhapatnam,Andhra Pradesh,Tempo Traveller,Economy,Force Tempo Traveller 12-Seater (Non-AC),12,3535,INR,One Way,2.7,33.2,Yes,No,Railway Station,Airport,25.8,240,Yes,Yes,4,3.5,Available in 10 mins,9 mins,Free cancellation up to 6 hours before pickup,None,English,Yes,Yes,Yes,No,No
RB00876,War Memorial,Visakhapatnam,Andhra Pradesh,SUV,Economy,Chevrolet Tavera,7,2945,INR,Round Trip,2.2,17.1,No,No,Anywhere in City,Airport,22.8,80,No,Yes,4,3.7,Available in 10 mins,30 mins,Non-refundable,Sanitized Vehicle,"Hindi, English",Yes,No,Yes,No,No
RB00877,Indira Gandhi Zoological Park,Visakhapatnam,Andhra Pradesh,Auto,Premium,Bajaj RE Electric Auto,3,530,INR,One Way,2.7,16.4,Yes,Yes,Anywhere in City,Hotel,24,80,No,Yes,2.7,4.7,Scheduled Only,26 mins,Free cancellation up to 24 hours before pickup,None,English,No,No,No,No,No
RB00878,Indira Gandhi Zoological Park,Visakhapatnam,Andhra Pradesh,Tempo Traveller,Luxury,Force Urbania Luxury Van,13,7430,INR,One Way,1.8,39.9,No,Yes,Hotel,Airport,16.2,200,Yes,Yes,4.8,4.7,Available in 10 mins,8 mins,50% refund if cancelled within 6 hours of pickup,"Bottled Water, First Aid Kit","Hindi, English",Yes,Yes,Yes,Yes,No
RB00879,Indira Gandhi Zoological Park,Visakhapatnam,Andhra Pradesh,Bike,Economy,TVS Sport,2,5280,INR,Full Day Rental,8,139.4,No,No,Anywhere in City,Tourist Place,21.1,190,Yes,No,4.7,4,Available in 10 mins,8 mins,50% refund if cancelled within 6 hours of pickup,"Bottled Water, First Aid Kit",N/A,Yes,No,No,No,No
RB00880,Indira Gandhi Zoological Park,Visakhapatnam,Andhra Pradesh,Bike,Economy,Bajaj Platina,2,755,INR,One Way,1.4,44.4,Yes,Yes,Airport,Hotel,17.9,285,Yes,No,3.8,3.6,Available in 10 mins,15 mins,Free cancellation up to 1 hour before pickup,"Bottled Water, Hand Sanitizer",N/A,Yes,No,No,No,No
RB00881,Matsyadarshini Aquarium,Visakhapatnam,Andhra Pradesh,Jeep,Economy,Force Gurkha,4,1715,INR,One Way,0.7,34.3,No,Yes,Hotel,Airport,8.6,190,Yes,Yes,4.6,4.8,Available Now,16 mins,Free cancellation up to 6 hours before pickup,First Aid Kit,English,Yes,Yes,Yes,No,No
RB00882,Matsyadarshini Aquarium,Visakhapatnam,Andhra Pradesh,Jeep,Premium,Mahindra Thar LX 4x4,5,4470,INR,Round Trip,3.9,27,No,No,Railway Station,Airport,22.1,300,Yes,Yes,4.9,4.4,Scheduled Only,15 mins,50% refund if cancelled within 6 hours of pickup,Sanitized Vehicle,"Hindi, English, Regional Language",Yes,Yes,Yes,No,No
RB00883,Matsyadarshini Aquarium,Visakhapatnam,Andhra Pradesh,Jeep,Premium,Mahindra Scorpio-N,5,3130,INR,One Way,0.6,4.7,No,Yes,Hotel,Tourist Place,19.3,180,Yes,Yes,3.8,3.7,Available in 10 mins,28 mins,Free cancellation up to 24 hours before pickup,"Reading Light, Bottled Water",Hindi,Yes,Yes,Yes,No,No
RB00884,Visakha Museum,Visakhapatnam,Andhra Pradesh,Tempo Traveller,Premium,Force Tempo Traveller 17-Seater (AC),17,12105,INR,Round Trip,5.1,28.1,Yes,Yes,Hotel,Airport,16,300,Yes,Yes,4.3,4.5,Available in 20 mins,29 mins,Free cancellation up to 6 hours before pickup,Bottled Water,English,Yes,Yes,No,Yes,No
RB00885,Visakha Museum,Visakhapatnam,Andhra Pradesh,Cab,Economy,Maruti Suzuki WagonR,4,1030,INR,One Way,0.6,29.2,Yes,No,Anywhere in City,Tourist Place,9.5,290,Yes,Yes,4.6,4.6,Available Now,6 mins,Free cancellation up to 24 hours before pickup,"Sanitized Vehicle, First Aid Kit","Hindi, English, Regional Language",Yes,Yes,No,No,No
RB00886,Visakha Museum,Visakhapatnam,Andhra Pradesh,Jeep,Luxury,Land Rover Defender,5,5365,INR,One Way,2.8,39.6,Yes,Yes,Railway Station,Airport,17.3,135,No,Yes,4.8,4,Available in 10 mins,21 mins,Non-refundable,None,Regional Language,Yes,No,Yes,No,Yes
RB00887,Visakha Museum,Visakhapatnam,Andhra Pradesh,Tempo Traveller,Economy,Force Tempo Traveller 12-Seater (Non-AC),12,11155,INR,Full Day Rental,12,135,No,No,Anywhere in City,Airport,32.3,215,Yes,Yes,2.7,4.1,Available in 10 mins,15 mins,Free cancellation up to 24 hours before pickup,"Sanitized Vehicle, First Aid Kit","Hindi, English, Regional Language",No,Yes,Yes,No,No
RB00888,Nathula Pass,Gangtok,Sikkim,SUV,Premium,Mahindra XUV700,7,2450,INR,One Way,1.5,22.3,No,Yes,Airport,Tourist Place,18.9,105,Yes,Yes,2.8,4.8,Available Now,23 mins,Free cancellation up to 6 hours before pickup,Bottled Water,"Hindi, English",No,Yes,Yes,No,No
RB00889,Nathula Pass,Gangtok,Sikkim,Auto,Economy,Piaggio Ape Auto,3,1205,INR,Round Trip,3.7,22.5,Yes,Yes,Railway Station,Airport,17,165,No,Yes,4.1,3.2,Scheduled Only,5 mins,Non-refundable,"Umbrella, Bottled Water","Hindi, English",No,No,Yes,No,No
RB00890,Nathula Pass,Gangtok,Sikkim,SUV,Luxury,Toyota Fortuner,7,16500,INR,Full Day Rental,10,145.3,No,Yes,Hotel,Tourist Place,16.9,90,No,Yes,3.9,4.2,Available in 20 mins,10 mins,Free cancellation up to 6 hours before pickup,Sanitized Vehicle,"Hindi, English, Regional Language",Yes,No,Yes,No,No
RB00891,Pemayangtse Monastery,Pelling,Sikkim,SUV,Premium,Mahindra XUV700,7,2530,INR,One Way,0.8,3.8,No,Yes,Anywhere in City,Tourist Place,10.9,285,Yes,Yes,4.5,5,Available in 10 mins,9 mins,Free cancellation up to 24 hours before pickup,"Sanitized Vehicle, First Aid Kit","Hindi, English, Regional Language",Yes,Yes,Yes,No,No
RB00892,Pemayangtse Monastery,Pelling,Sikkim,Tempo Traveller,Premium,Force Tempo Traveller 17-Seater (AC),17,6795,INR,One Way,2.5,37.1,No,No,Railway Station,Hotel,24.4,295,Yes,Yes,3.7,4,Available Now,27 mins,50% refund if cancelled within 6 hours of pickup,"Bottled Water, First Aid Kit","Hindi, English",No,No,No,No,No
RB00893,Pemayangtse Monastery,Pelling,Sikkim,Cab,Economy,Hyundai Xcent,4,5785,INR,Full Day Rental,8,139.4,Yes,No,Railway Station,Airport,9.1,185,Yes,Yes,4.4,3.7,Available Now,8 mins,50% refund if cancelled within 6 hours of pickup,None,English,Yes,No,Yes,No,No
RB00894,Char Dham,Namchi,Sikkim,Cab,Economy,Hyundai Xcent,4,2025,INR,Round Trip,5.9,12.1,Yes,No,Anywhere in City,Tourist Place,16.9,80,Yes,Yes,4.1,3.8,Available Now,19 mins,Free cancellation up to 24 hours before pickup,"Bottled Water, First Aid Kit",Regional Language,Yes,Yes,No,No,No
RB00895,Char Dham,Namchi,Sikkim,Cab,Economy,Maruti Suzuki WagonR,4,1965,INR,Round Trip,2.2,16.4,No,No,Anywhere in City,Hotel,20.5,80,Yes,Yes,4.9,4.2,Available in 10 mins,20 mins,Free cancellation up to 1 hour before pickup,"Reading Light, Bottled Water","Hindi, English",Yes,Yes,Yes,No,No
RB00896,Char Dham,Namchi,Sikkim,Tempo Traveller,Premium,Force Tempo Traveller 17-Seater (AC),17,13220,INR,Full Day Rental,12,109.2,No,Yes,Railway Station,Airport,34.9,110,Yes,Yes,4.6,3.6,Available in 20 mins,2 mins,Free cancellation up to 24 hours before pickup,None,Hindi,Yes,Yes,Yes,No,No
RB00897,Char Dham,Namchi,Sikkim,Bike,Premium,Bajaj Dominar 400,2,1135,INR,One Way,2.4,37.6,Yes,Yes,Hotel,Hotel,12.1,175,Yes,No,4.2,4.6,Available in 10 mins,19 mins,Non-refundable,"Sanitized Vehicle, First Aid Kit",N/A,Yes,No,No,No,No
RB00898,Rumtek Monastery,Gangtok,Sikkim,Tempo Traveller,Premium,Force Tempo Traveller 17-Seater (AC),17,10800,INR,Round Trip,2.8,12.4,Yes,No,Anywhere in City,Hotel,31,300,Yes,Yes,4.2,4,Available in 20 mins,13 mins,50% refund if cancelled within 6 hours of pickup,"Umbrella, Bottled Water",English,Yes,No,Yes,No,No
RB00899,Rumtek Monastery,Gangtok,Sikkim,Auto,Economy,Bajaj RE Compact Auto,3,880,INR,Round Trip,3,22.1,Yes,No,Anywhere in City,Tourist Place,24.4,275,No,Yes,4.7,4.8,Available in 10 mins,26 mins,Non-refundable,Bottled Water,"Hindi, English, Regional Language",Yes,No,Yes,No,No
RB00900,Rumtek Monastery,Gangtok,Sikkim,Jeep,Economy,Mahindra Thar (Base),4,6990,INR,Full Day Rental,8,108.4,No,Yes,Hotel,Hotel,23.7,240,No,Yes,4.4,3.6,Available Now,24 mins,50% refund if cancelled within 6 hours of pickup,None,English,Yes,No,Yes,No,No
RB00901,Buddha Park,Ravangla,Sikkim,Jeep,Premium,Mahindra Thar LX 4x4,5,3175,INR,One Way,1.1,14.8,Yes,No,Railway Station,Hotel,19.2,255,Yes,Yes,4.8,3.6,Available Now,29 mins,Free cancellation up to 24 hours before pickup,None,English,Yes,No,Yes,Yes,Yes
RB00902,Buddha Park,Ravangla,Sikkim,Tempo Traveller,Economy,Force Tempo Traveller 12-Seater (Non-AC),12,2895,INR,One Way,1.2,33.2,Yes,Yes,Railway Station,Hotel,23.7,245,Yes,Yes,4,4.3,Available in 10 mins,23 mins,Free cancellation up to 6 hours before pickup,"Reading Light, Bottled Water","Hindi, English",No,Yes,Yes,No,No
RB00903,Buddha Park,Ravangla,Sikkim,Jeep,Premium,Mahindra Thar LX 4x4,5,11450,INR,Full Day Rental,12,143,Yes,No,Airport,Hotel,16.7,305,Yes,Yes,4.7,4,Available in 10 mins,28 mins,Free cancellation up to 6 hours before pickup,Sanitized Vehicle,English,Yes,Yes,Yes,No,No
RB00904,Buddha Park,Ravangla,Sikkim,Tempo Traveller,Economy,Force Tempo Traveller 12-Seater (Non-AC),12,3830,INR,One Way,1.4,35.5,No,No,Railway Station,Airport,29.8,305,Yes,Yes,2.6,3.6,Available Now,27 mins,Free cancellation up to 24 hours before pickup,Bottled Water,English,No,No,Yes,No,No
RB00905,Baba Harbhajan Singh Temple,Gangtok,Sikkim,Auto,Premium,Bajaj RE Electric Auto,3,4855,INR,Full Day Rental,12,143.4,No,No,Anywhere in City,Hotel,12,290,Yes,Yes,4.7,3.5,Scheduled Only,23 mins,50% refund if cancelled within 6 hours of pickup,"Bottled Water, First Aid Kit",Hindi,Yes,No,Yes,No,No
RB00906,Baba Harbhajan Singh Temple,Gangtok,Sikkim,Auto,Economy,Bajaj RE Compact Auto,3,265,INR,One Way,1.1,6.2,Yes,No,Hotel,Hotel,12.2,180,Yes,Yes,4,3.5,Available Now,7 mins,50% refund if cancelled within 6 hours of pickup,First Aid Kit,English,Yes,No,Yes,No,No
RB00907,Baba Harbhajan Singh Temple,Gangtok,Sikkim,SUV,Economy,Maruti Suzuki Ertiga,7,7180,INR,Full Day Rental,10,125.8,Yes,No,Airport,Airport,14.5,85,No,Yes,4.2,3.9,Available in 10 mins,3 mins,Free cancellation up to 1 hour before pickup,Bottled Water,Regional Language,Yes,Yes,Yes,No,No
RB00908,Baba Harbhajan Singh Temple,Gangtok,Sikkim,Auto,Economy,Bajaj RE Compact Auto,3,1165,INR,Round Trip,5.5,26.5,No,Yes,Airport,Hotel,15.8,225,Yes,Yes,4.7,3.2,Available in 20 mins,27 mins,50% refund if cancelled within 6 hours of pickup,"Umbrella, Bottled Water",Regional Language,Yes,No,No,No,No
RB00909,Tsomgo Lake,Gangtok,Sikkim,Bike,Premium,KTM Duke 200,2,1220,INR,Round Trip,2.5,19.4,No,No,Hotel,Airport,20.8,215,Yes,Yes,4.5,3.2,Scheduled Only,26 mins,Non-refundable,"Reading Light, Bottled Water","Hindi, English, Regional Language",Yes,No,No,No,No
RB00910,Tsomgo Lake,Gangtok,Sikkim,SUV,Economy,Maruti Suzuki Ertiga,7,3070,INR,Round Trip,4.2,7.1,Yes,Yes,Airport,Hotel,19.7,330,No,Yes,4.3,3.6,Scheduled Only,30 mins,Non-refundable,Sanitized Vehicle,"Hindi, English",Yes,Yes,Yes,No,Yes
RB00911,Tsomgo Lake,Gangtok,Sikkim,Bike,Premium,KTM Duke 200,2,940,INR,One Way,0.9,31.7,Yes,Yes,Anywhere in City,Airport,20.5,135,No,No,4.1,3.8,Available Now,14 mins,Free cancellation up to 6 hours before pickup,None,N/A,Yes,No,No,No,No
RB00912,Kamakhya Temple,Guwahati,Assam,SUV,Premium,Toyota Innova Crysta,7,2220,INR,One Way,1.9,4.2,No,Yes,Hotel,Tourist Place,17.8,130,No,Yes,3.7,3.2,Available in 10 mins,17 mins,Free cancellation up to 1 hour before pickup,"Sanitized Vehicle, First Aid Kit",Regional Language,No,Yes,Yes,Yes,Yes
RB00913,Kamakhya Temple,Guwahati,Assam,Auto,Economy,Piaggio Ape Auto,3,285,INR,One Way,0.9,8.4,Yes,No,Anywhere in City,Airport,8.9,305,Yes,Yes,4.5,4,Available in 20 mins,28 mins,Free cancellation up to 6 hours before pickup,"Reading Light, Bottled Water",Regional Language,Yes,No,Yes,No,No
RB00914,Kamakhya Temple,Guwahati,Assam,SUV,Economy,Maruti Suzuki Ertiga,7,1555,INR,One Way,0.8,23.6,No,No,Hotel,Airport,18.5,260,No,Yes,2.5,4,Available in 20 mins,15 mins,Free cancellation up to 24 hours before pickup,"Bottled Water, Hand Sanitizer","Hindi, English",No,Yes,Yes,No,No
RB00915,Kaziranga National Park,Kaziranga,Assam,Cab,Premium,Hyundai Verna,4,1470,INR,One Way,1.3,20.6,Yes,Yes,Airport,Airport,22.5,270,Yes,Yes,2.6,5,Available in 10 mins,24 mins,Free cancellation up to 1 hour before pickup,"Bottled Water, Hand Sanitizer",English,No,No,Yes,Yes,No
RB00916,Kaziranga National Park,Kaziranga,Assam,Auto,Economy,Bajaj RE Compact Auto,3,2665,INR,Full Day Rental,8,61.4,No,No,Hotel,Hotel,13.3,245,Yes,Yes,4,4.5,Available in 20 mins,18 mins,50% refund if cancelled within 6 hours of pickup,None,English,Yes,No,Yes,No,No
RB00917,Kaziranga National Park,Kaziranga,Assam,SUV,Economy,Mahindra Bolero,7,5960,INR,Full Day Rental,12,64,No,Yes,Anywhere in City,Tourist Place,9.2,240,No,Yes,4.9,4.3,Available in 20 mins,28 mins,Non-refundable,"Sanitized Vehicle, First Aid Kit",English,Yes,No,Yes,No,No
RB00918,Umananda Island,Guwahati,Assam,Tempo Traveller,Premium,Force Tempo Traveller 17-Seater (AC),17,15900,INR,Full Day Rental,8,99.6,Yes,No,Railway Station,Hotel,16.9,185,No,Yes,3.8,4.2,Available Now,23 mins,50% refund if cancelled within 6 hours of pickup,Bottled Water,"Hindi, English, Regional Language",Yes,Yes,Yes,No,No
RB00919,Umananda Island,Guwahati,Assam,Tempo Traveller,Economy,Force Tempo Traveller 12-Seater (Non-AC),12,10965,INR,Full Day Rental,12,43.5,No,No,Airport,Tourist Place,28,285,Yes,Yes,3.9,3.4,Available Now,17 mins,Free cancellation up to 24 hours before pickup,"Sanitized Vehicle, First Aid Kit","Hindi, English",Yes,Yes,Yes,No,No
RB00920,Umananda Island,Guwahati,Assam,Auto,Premium,Bajaj RE Electric Auto,3,4350,INR,Full Day Rental,10,141.2,No,Yes,Airport,Hotel,15,325,Yes,Yes,4.2,3.2,Available Now,5 mins,50% refund if cancelled within 6 hours of pickup,"Bottled Water, First Aid Kit",Regional Language,Yes,No,Yes,No,No
RB00921,Sivasagar Sivadol,Sivasagar,Assam,Cab,Premium,Honda City,4,2675,INR,Round Trip,4.4,3.3,Yes,Yes,Anywhere in City,Airport,9.1,170,No,Yes,4.8,3.2,Scheduled Only,13 mins,Free cancellation up to 24 hours before pickup,None,"Hindi, English, Regional Language",Yes,No,No,No,No
RB00922,Sivasagar Sivadol,Sivasagar,Assam,Auto,Luxury,TVS King Deluxe Auto,3,5015,INR,Full Day Rental,8,140,Yes,Yes,Airport,Tourist Place,14.5,245,Yes,Yes,5,4.3,Available in 10 mins,9 mins,Non-refundable,"Sanitized Vehicle, First Aid Kit","Hindi, English",Yes,No,Yes,No,No
RB00923,Sivasagar Sivadol,Sivasagar,Assam,Auto,Premium,Bajaj RE Electric Auto,3,650,INR,One Way,0.7,25.6,Yes,Yes,Airport,Tourist Place,10.2,255,No,Yes,4.3,3.4,Available in 10 mins,10 mins,Non-refundable,First Aid Kit,English,Yes,No,No,No,No
RB00924,Sivasagar Sivadol,Sivasagar,Assam,SUV,Economy,Mahindra Bolero,7,2890,INR,Round Trip,5.8,7.3,Yes,No,Railway Station,Tourist Place,11,145,Yes,Yes,4.5,4.1,Available in 20 mins,2 mins,Non-refundable,"Bottled Water, First Aid Kit",English,Yes,Yes,No,No,No
RB00925,Majuli Island,Majuli,Assam,Auto,Premium,Mahindra Treo Auto,3,5820,INR,Full Day Rental,8,135.2,No,No,Railway Station,Hotel,13.5,105,No,Yes,3.9,3.2,Available Now,18 mins,Free cancellation up to 24 hours before pickup,Bottled Water,Hindi,Yes,No,No,No,No
RB00926,Majuli Island,Majuli,Assam,Cab,Economy,Maruti Suzuki WagonR,4,1495,INR,Round Trip,3.1,11.9,No,No,Anywhere in City,Tourist Place,18,245,Yes,Yes,4.6,4.4,Available Now,29 mins,Non-refundable,Bottled Water,Hindi,Yes,No,Yes,No,No
RB00927,Majuli Island,Majuli,Assam,Auto,Premium,Mahindra Treo Auto,3,5455,INR,Full Day Rental,10,142.6,No,No,Railway Station,Hotel,19.1,100,No,Yes,3.8,3.8,Available in 20 mins,10 mins,Free cancellation up to 6 hours before pickup,Sanitized Vehicle,English,Yes,No,Yes,No,No
RB00928,Manas National Park,Manas,Assam,Cab,Premium,Hyundai Verna,4,1660,INR,One Way,3,40.1,No,No,Anywhere in City,Airport,17.8,335,Yes,Yes,4,4.5,Available in 20 mins,30 mins,Free cancellation up to 24 hours before pickup,None,"Hindi, English",Yes,Yes,No,No,Yes
RB00929,Manas National Park,Manas,Assam,Jeep,Economy,Mahindra Thar (Base),4,2005,INR,One Way,3,16.9,No,No,Airport,Tourist Place,22.9,160,No,Yes,4.3,3.5,Available in 20 mins,20 mins,Free cancellation up to 24 hours before pickup,"Sanitized Vehicle, First Aid Kit","Hindi, English, Regional Language",Yes,No,Yes,No,Yes
RB00930,Manas National Park,Manas,Assam,Auto,Economy,Bajaj RE Compact Auto,3,610,INR,One Way,2.6,35.3,No,Yes,Airport,Hotel,20.9,255,Yes,Yes,4.9,4,Available in 20 mins,18 mins,Non-refundable,"Reading Light, Bottled Water",Hindi,Yes,No,No,No,No
RB00931,Hayagriva Madhava Temple,Hajo,Assam,Cab,Economy,Maruti Suzuki Dzire,4,4420,INR,Full Day Rental,10,86.5,No,No,Anywhere in City,Airport,20.6,145,Yes,Yes,5,3.4,Scheduled Only,23 mins,Non-refundable,"Bottled Water, Hand Sanitizer","Hindi, English",Yes,No,Yes,No,Yes
RB00932,Hayagriva Madhava Temple,Hajo,Assam,SUV,Economy,Mahindra Bolero,7,3245,INR,Round Trip,3.7,22.4,No,No,Railway Station,Airport,8.7,245,No,Yes,3.5,4,Scheduled Only,26 mins,50% refund if cancelled within 6 hours of pickup,"Bottled Water, First Aid Kit",Regional Language,No,No,No,No,No
RB00933,Hayagriva Madhava Temple,Hajo,Assam,Auto,Premium,Bajaj RE Electric Auto,3,2045,INR,Round Trip,5.1,34.5,Yes,No,Anywhere in City,Tourist Place,15.1,210,Yes,Yes,2.5,4,Scheduled Only,13 mins,Free cancellation up to 1 hour before pickup,"Bottled Water, First Aid Kit","Hindi, English, Regional Language",No,No,Yes,No,No
RB00934,Pobitora Wildlife Sanctuary,Guwahati,Assam,Cab,Economy,Hyundai Xcent,4,985,INR,One Way,1,30.4,Yes,No,Hotel,Tourist Place,14.3,175,Yes,Yes,4.1,3.7,Available Now,27 mins,50% refund if cancelled within 6 hours of pickup,"Sanitized Vehicle, First Aid Kit",Regional Language,Yes,Yes,No,No,No
RB00935,Pobitora Wildlife Sanctuary,Guwahati,Assam,Auto,Economy,Bajaj RE Compact Auto,3,4775,INR,Full Day Rental,12,115.2,No,Yes,Hotel,Hotel,9,145,Yes,Yes,3.6,3.8,Available Now,21 mins,Free cancellation up to 6 hours before pickup,None,"Hindi, English, Regional Language",No,No,Yes,No,No
RB00936,Pobitora Wildlife Sanctuary,Guwahati,Assam,SUV,Economy,Maruti Suzuki Ertiga,7,8550,INR,Full Day Rental,12,137.5,No,No,Anywhere in City,Hotel,13.3,165,Yes,Yes,3.4,4.3,Available Now,17 mins,Free cancellation up to 1 hour before pickup,"Bottled Water, First Aid Kit","Hindi, English",No,No,Yes,No,No
RB00937,Tawang Monastery,Tawang,Arunachal Pradesh,Bike,Premium,Bajaj Dominar 400,2,805,INR,One Way,1.4,18.5,Yes,No,Airport,Airport,12,145,No,No,4.3,4.7,Available in 20 mins,10 mins,Non-refundable,First Aid Kit,N/A,Yes,No,No,No,No
RB00938,Tawang Monastery,Tawang,Arunachal Pradesh,Tempo Traveller,Economy,Force Tempo Traveller 12-Seater (Non-AC),12,2990,INR,One Way,1.4,13.6,Yes,No,Anywhere in City,Tourist Place,24,145,Yes,Yes,2.9,4.5,Available in 20 mins,7 mins,50% refund if cancelled within 6 hours of pickup,"Reading Light, Bottled Water",Regional Language,No,No,No,No,No
RB00939,Tawang Monastery,Tawang,Arunachal Pradesh,Cab,Premium,Hyundai Verna,4,1675,INR,One Way,2.7,3.7,No,Yes,Railway Station,Hotel,17.1,280,Yes,Yes,3.2,4.7,Scheduled Only,17 mins,50% refund if cancelled within 6 hours of pickup,"Bottled Water, Hand Sanitizer",English,No,Yes,Yes,No,No
RB00940,Ujjayanta Palace,Agartala,Tripura,SUV,Economy,Maruti Suzuki Ertiga,7,3660,INR,Round Trip,5.9,40.8,Yes,No,Airport,Airport,10,230,Yes,Yes,3.9,4.6,Available Now,11 mins,Free cancellation up to 1 hour before pickup,Sanitized Vehicle,"Hindi, English, Regional Language",No,No,Yes,No,No
RB00941,Ujjayanta Palace,Agartala,Tripura,Jeep,Economy,Mahindra Thar (Base),4,1635,INR,One Way,2.9,25.6,Yes,Yes,Hotel,Hotel,24.3,100,Yes,Yes,4.1,4.2,Available in 10 mins,11 mins,Free cancellation up to 24 hours before pickup,"Bottled Water, Hand Sanitizer","Hindi, English, Regional Language",Yes,No,Yes,No,No
RB00942,Ujjayanta Palace,Agartala,Tripura,Bike,Economy,TVS Sport,2,935,INR,Round Trip,5.6,9.5,No,Yes,Airport,Hotel,9.4,320,Yes,Yes,3.9,3.1,Available Now,27 mins,50% refund if cancelled within 6 hours of pickup,"Bottled Water, First Aid Kit",Hindi,Yes,No,No,No,No
RB00943,Dumboor Lake,Dumboor,Tripura,Jeep,Premium,Mahindra Thar LX 4x4,5,2915,INR,One Way,2.7,28.9,No,No,Anywhere in City,Tourist Place,20.6,270,Yes,Yes,3.1,3.6,Available Now,25 mins,Free cancellation up to 24 hours before pickup,"Bottled Water, Hand Sanitizer",English,No,Yes,Yes,No,Yes
RB00944,Dumboor Lake,Dumboor,Tripura,SUV,Economy,Maruti Suzuki Ertiga,7,7965,INR,Full Day Rental,8,140.9,No,No,Hotel,Hotel,9,285,No,Yes,4.4,3.3,Available in 20 mins,6 mins,Free cancellation up to 1 hour before pickup,"Sanitized Vehicle, First Aid Kit","Hindi, English, Regional Language",Yes,Yes,No,No,No
RB00945,Dumboor Lake,Dumboor,Tripura,Jeep,Economy,Force Gurkha,4,2165,INR,One Way,1.5,30.3,Yes,Yes,Railway Station,Tourist Place,17.7,330,Yes,Yes,4.2,3.3,Available in 20 mins,17 mins,Free cancellation up to 24 hours before pickup,Sanitized Vehicle,"Hindi, English, Regional Language",Yes,No,Yes,No,Yes
RB00946,Unakoti Rock Carvings,Unakoti,Tripura,SUV,Luxury,Ford Endeavour,7,14045,INR,Full Day Rental,10,77.4,No,Yes,Airport,Airport,13.9,160,Yes,Yes,3.9,5,Available Now,24 mins,Free cancellation up to 24 hours before pickup,None,"Hindi, English",Yes,Yes,Yes,No,Yes
RB00947,Unakoti Rock Carvings,Unakoti,Tripura,Cab,Economy,Hyundai Xcent,4,2660,INR,Round Trip,3.1,40.2,No,Yes,Hotel,Tourist Place,22.8,250,No,Yes,4.2,4.9,Available in 20 mins,8 mins,Free cancellation up to 1 hour before pickup,"Bottled Water, Hand Sanitizer","Hindi, English",Yes,Yes,No,No,No
RB00948,Unakoti Rock Carvings,Unakoti,Tripura,Jeep,Economy,Force Gurkha,4,9675,INR,Full Day Rental,10,136.8,Yes,Yes,Airport,Tourist Place,19.2,95,Yes,Yes,2.7,3,Available Now,5 mins,Free cancellation up to 24 hours before pickup,None,"Hindi, English",No,Yes,Yes,No,No
RB00949,Chitrakote Falls,Bastar,Chhattisgarh,Tempo Traveller,Premium,Force Tempo Traveller 17-Seater (AC),17,4635,INR,One Way,1,24.4,No,Yes,Airport,Airport,26.4,165,Yes,Yes,2.9,4.1,Available Now,13 mins,Free cancellation up to 24 hours before pickup,"Bottled Water, First Aid Kit","Hindi, English",No,Yes,Yes,No,No
RB00950,Chitrakote Falls,Bastar,Chhattisgarh,Jeep,Economy,Mahindra Thar (Base),4,6160,INR,Full Day Rental,8,76.5,No,No,Anywhere in City,Tourist Place,14.5,260,Yes,Yes,4.7,4.1,Available in 10 mins,29 mins,Free cancellation up to 24 hours before pickup,None,English,Yes,No,No,No,No
RB00951,Chitrakote Falls,Bastar,Chhattisgarh,Auto,Economy,Piaggio Ape Auto,3,360,INR,One Way,2.7,4.8,No,No,Anywhere in City,Airport,16.4,85,No,Yes,4.8,4,Available in 20 mins,25 mins,50% refund if cancelled within 6 hours of pickup,"Umbrella, Bottled Water","Hindi, English, Regional Language",Yes,No,Yes,No,No
RB00952,DzÃ¼kou Valley,DzÃ¼kou Valley,Nagaland,SUV,Premium,Toyota Innova Crysta,7,4870,INR,Round Trip,3.4,16.5,No,No,Anywhere in City,Tourist Place,9.5,265,No,Yes,4.4,4.8,Available in 10 mins,15 mins,Non-refundable,"Umbrella, Bottled Water",Hindi,Yes,No,Yes,No,No
RB00953,DzÃ¼kou Valley,DzÃ¼kou Valley,Nagaland,Cab,Economy,Maruti Suzuki WagonR,4,2040,INR,Round Trip,3.3,17.9,Yes,No,Anywhere in City,Airport,18.2,145,No,Yes,2.6,3.7,Available Now,28 mins,Free cancellation up to 24 hours before pickup,Bottled Water,Hindi,No,Yes,Yes,No,Yes
RB00954,DzÃ¼kou Valley,DzÃ¼kou Valley,Nagaland,Jeep,Premium,Mahindra Thar LX 4x4,5,3200,INR,One Way,0.9,41.7,Yes,No,Airport,Tourist Place,14.5,230,Yes,Yes,4.1,4.4,Available Now,27 mins,Free cancellation up to 6 hours before pickup,Bottled Water,Regional Language,Yes,Yes,Yes,No,No
RB00955,Promenade Beach,Puducherry,Puducherry,Cab,Premium,Hyundai Verna,4,6660,INR,Full Day Rental,12,83.9,No,No,Hotel,Tourist Place,12.2,120,Yes,Yes,4.3,4.9,Scheduled Only,22 mins,Free cancellation up to 24 hours before pickup,"Reading Light, Bottled Water",English,Yes,Yes,Yes,Yes,No
RB00956,Promenade Beach,Puducherry,Puducherry,Bike,Economy,TVS Sport,2,685,INR,One Way,2.6,32.8,Yes,No,Hotel,Hotel,24.7,315,No,No,4.8,4.7,Available in 10 mins,19 mins,Free cancellation up to 24 hours before pickup,Bottled Water,N/A,Yes,No,No,No,No
RB00957,Promenade Beach,Puducherry,Puducherry,Bike,Economy,Bajaj Platina,2,2490,INR,Full Day Rental,8,55.3,No,No,Anywhere in City,Airport,16.7,160,Yes,No,4.8,4.7,Available Now,23 mins,Free cancellation up to 6 hours before pickup,"Bottled Water, Hand Sanitizer",N/A,Yes,No,No,No,No
RB00958,Auroville,Auroville,Puducherry,Bike,Economy,Hero Splendor Plus,2,650,INR,One Way,2.2,27,Yes,No,Airport,Airport,9.7,330,Yes,Yes,3.8,4.6,Available in 20 mins,23 mins,Free cancellation up to 6 hours before pickup,"Reading Light, Bottled Water",Regional Language,No,No,No,No,No
RB00959,Auroville,Auroville,Puducherry,Tempo Traveller,Economy,Force Tempo Traveller 12-Seater (Non-AC),12,10560,INR,Full Day Rental,10,138.8,No,Yes,Railway Station,Hotel,34.7,195,Yes,Yes,4.2,4.6,Available in 10 mins,6 mins,Free cancellation up to 1 hour before pickup,"Bottled Water, First Aid Kit","Hindi, English, Regional Language",Yes,No,Yes,No,No
RB00960,Auroville,Auroville,Puducherry,Cab,Economy,Hyundai Xcent,4,5240,INR,Full Day Rental,8,91,No,No,Anywhere in City,Tourist Place,22.6,285,Yes,Yes,4.6,3.5,Available Now,17 mins,Free cancellation up to 24 hours before pickup,Sanitized Vehicle,Regional Language,Yes,No,Yes,No,No
RB00961,Auroville,Auroville,Puducherry,Tempo Traveller,Economy,Force Tempo Traveller 12-Seater (Non-AC),12,7205,INR,Round Trip,4.1,7,No,Yes,Airport,Hotel,25.7,340,Yes,Yes,4.7,4.2,Available in 20 mins,17 mins,Free cancellation up to 6 hours before pickup,"Bottled Water, First Aid Kit","Hindi, English",Yes,Yes,Yes,No,No
RB00962,Paradise Beach,Puducherry,Puducherry,Jeep,Premium,Mahindra Scorpio-N,5,9435,INR,Full Day Rental,8,110.4,No,No,Hotel,Tourist Place,8.3,105,Yes,Yes,5,4.4,Available in 20 mins,25 mins,Non-refundable,"Reading Light, Bottled Water",English,Yes,No,Yes,No,No
RB00963,Paradise Beach,Puducherry,Puducherry,SUV,Luxury,Ford Endeavour,7,11220,INR,Full Day Rental,8,124.3,No,Yes,Hotel,Hotel,15.8,245,Yes,Yes,3.8,4.5,Scheduled Only,16 mins,Free cancellation up to 6 hours before pickup,"Bottled Water, First Aid Kit","Hindi, English, Regional Language",No,Yes,Yes,No,Yes
RB00964,Paradise Beach,Puducherry,Puducherry,Tempo Traveller,Economy,Force Tempo Traveller 12-Seater (Non-AC),12,4100,INR,One Way,1.4,34.5,No,No,Anywhere in City,Airport,20,350,No,Yes,4.1,4.6,Available Now,21 mins,Non-refundable,Bottled Water,"Hindi, English",Yes,Yes,Yes,No,No
RB00965,Paradise Beach,Puducherry,Puducherry,Jeep,Premium,Mahindra Thar LX 4x4,5,3390,INR,One Way,2.6,36.6,Yes,Yes,Anywhere in City,Tourist Place,10.8,250,No,Yes,4.3,4.8,Available in 20 mins,17 mins,Free cancellation up to 6 hours before pickup,"Sanitized Vehicle, First Aid Kit","Hindi, English",Yes,No,No,No,Yes
RB00966,Cellular Jail,Port Blair,Andaman and Nicobar Islands,Auto,Luxury,TVS King Deluxe Auto,3,1880,INR,Round Trip,3.7,35.5,Yes,Yes,Railway Station,Hotel,24.1,260,Yes,Yes,4.8,4.4,Available Now,6 mins,Free cancellation up to 6 hours before pickup,None,"Hindi, English",Yes,No,Yes,No,No
RB00967,Cellular Jail,Port Blair,Andaman and Nicobar Islands,SUV,Premium,Mahindra XUV700,7,2295,INR,One Way,2.5,43.2,No,Yes,Anywhere in City,Hotel,23.7,240,No,Yes,4.8,4.7,Available Now,29 mins,50% refund if cancelled within 6 hours of pickup,"Sanitized Vehicle, First Aid Kit",Regional Language,Yes,Yes,Yes,No,No
RB00968,Cellular Jail,Port Blair,Andaman and Nicobar Islands,Bike,Economy,Bajaj Platina,2,1000,INR,Round Trip,2.3,15,No,Yes,Airport,Tourist Place,23.7,130,No,No,4,4.3,Available Now,24 mins,Free cancellation up to 6 hours before pickup,First Aid Kit,N/A,Yes,No,No,No,No
RB00969,Radhanagar Beach,Havelock Island,Andaman and Nicobar Islands,Tempo Traveller,Premium,Force Tempo Traveller 17-Seater (AC),17,11215,INR,Round Trip,3,42.4,No,Yes,Airport,Hotel,21.5,345,No,Yes,4.3,3.4,Scheduled Only,2 mins,Free cancellation up to 24 hours before pickup,Bottled Water,"Hindi, English, Regional Language",Yes,Yes,No,No,No
RB00970,Radhanagar Beach,Havelock Island,Andaman and Nicobar Islands,Tempo Traveller,Premium,Force Tempo Traveller 17-Seater (AC),17,8670,INR,Round Trip,3.9,30.8,No,Yes,Railway Station,Hotel,24.7,255,Yes,Yes,4.3,4,Available Now,11 mins,Free cancellation up to 6 hours before pickup,None,"Hindi, English, Regional Language",Yes,Yes,Yes,No,No
RB00971,Radhanagar Beach,Havelock Island,Andaman and Nicobar Islands,Auto,Economy,Bajaj RE Compact Auto,3,1365,INR,Round Trip,4.6,38.5,No,Yes,Hotel,Tourist Place,8.6,275,Yes,Yes,4.6,4.6,Available in 20 mins,27 mins,Free cancellation up to 6 hours before pickup,Bottled Water,"Hindi, English, Regional Language",Yes,No,Yes,No,No
RB00972,Bharatpur Beach,Neil Island,Andaman and Nicobar Islands,Tempo Traveller,Economy,Force Tempo Traveller 12-Seater (Non-AC),12,13945,INR,Full Day Rental,12,149.8,Yes,No,Hotel,Hotel,22.9,225,Yes,Yes,3.8,3.4,Available in 20 mins,9 mins,Free cancellation up to 1 hour before pickup,First Aid Kit,"Hindi, English",Yes,No,No,No,No
RB00973,Bharatpur Beach,Neil Island,Andaman and Nicobar Islands,Auto,Premium,Bajaj RE Electric Auto,3,545,INR,One Way,1.9,7.7,No,No,Railway Station,Airport,8.2,315,No,Yes,4.7,4.1,Available Now,28 mins,50% refund if cancelled within 6 hours of pickup,First Aid Kit,"Hindi, English, Regional Language",Yes,No,Yes,No,No
RB00974,Bharatpur Beach,Neil Island,Andaman and Nicobar Islands,Cab,Economy,Hyundai Xcent,4,860,INR,One Way,1.3,23.2,No,Yes,Hotel,Hotel,20.5,160,No,Yes,2.8,3.5,Available Now,20 mins,50% refund if cancelled within 6 hours of pickup,"Umbrella, Bottled Water","Hindi, English, Regional Language",No,No,Yes,No,No
RB00975,Limestone Caves,Baratang Island,Andaman and Nicobar Islands,SUV,Economy,Mahindra Bolero,7,2005,INR,Round Trip,3.9,6.4,No,Yes,Railway Station,Hotel,10.2,325,Yes,Yes,3.9,3.5,Available in 10 mins,26 mins,Free cancellation up to 6 hours before pickup,"Umbrella, Bottled Water",English,Yes,Yes,Yes,No,Yes
RB00976,Limestone Caves,Baratang Island,Andaman and Nicobar Islands,Jeep,Economy,Force Gurkha,4,1550,INR,One Way,1.2,3.4,No,Yes,Hotel,Airport,21,285,Yes,Yes,4.1,4.5,Scheduled Only,12 mins,Non-refundable,"Bottled Water, First Aid Kit",Regional Language,Yes,Yes,Yes,No,No
RB00977,Limestone Caves,Baratang Island,Andaman and Nicobar Islands,Cab,Premium,Hyundai Verna,4,8040,INR,Full Day Rental,8,128.2,No,No,Airport,Tourist Place,8.9,240,No,Yes,3.1,4.4,Available in 20 mins,27 mins,Non-refundable,"Sanitized Vehicle, First Aid Kit",Hindi,No,Yes,Yes,No,No
RB00978,Limestone Caves,Baratang Island,Andaman and Nicobar Islands,Auto,Economy,Piaggio Ape Auto,3,790,INR,Round Trip,2.6,17.3,Yes,No,Railway Station,Tourist Place,24,265,No,Yes,4.5,4.9,Scheduled Only,18 mins,50% refund if cancelled within 6 hours of pickup,"Sanitized Vehicle, First Aid Kit",Hindi,Yes,No,No,No,No
RB00979,Naida Caves,Diu,Daman and Diu,Tempo Traveller,Luxury,Force Urbania Luxury Van,13,8090,INR,One Way,0.8,12.2,No,No,Anywhere in City,Tourist Place,26.9,205,No,Yes,4.5,3.3,Available in 10 mins,17 mins,Non-refundable,Sanitized Vehicle,"Hindi, English",Yes,Yes,No,Yes,No
RB00980,Naida Caves,Diu,Daman and Diu,Auto,Economy,Piaggio Ape Auto,3,425,INR,One Way,2.5,10.9,Yes,No,Airport,Hotel,11.9,265,No,Yes,4,4.2,Available in 10 mins,10 mins,50% refund if cancelled within 6 hours of pickup,"Sanitized Vehicle, First Aid Kit",Hindi,Yes,No,No,No,No
RB00981,Naida Caves,Diu,Daman and Diu,Jeep,Premium,Mahindra Scorpio-N,5,8000,INR,Full Day Rental,8,64.9,No,No,Anywhere in City,Tourist Place,21.2,240,Yes,Yes,4.1,4.7,Available Now,27 mins,Non-refundable,"Bottled Water, First Aid Kit",Regional Language,Yes,Yes,No,No,No
RB00982,Diu Fort,Diu,Daman and Diu,Auto,Luxury,TVS King Deluxe Auto,3,1280,INR,Round Trip,3.4,10,No,Yes,Anywhere in City,Tourist Place,20.9,160,Yes,Yes,3.8,4.7,Scheduled Only,19 mins,Free cancellation up to 6 hours before pickup,"Reading Light, Bottled Water","Hindi, English, Regional Language",Yes,No,Yes,No,No
RB00983,Diu Fort,Diu,Daman and Diu,Auto,Economy,Bajaj RE Compact Auto,3,455,INR,One Way,2.7,8.1,No,No,Anywhere in City,Hotel,24.2,290,Yes,Yes,4.4,4.6,Available in 10 mins,30 mins,Free cancellation up to 6 hours before pickup,"Reading Light, Bottled Water",English,Yes,No,No,No,No
RB00984,Diu Fort,Diu,Daman and Diu,Cab,Premium,Hyundai Verna,4,5860,INR,Full Day Rental,10,79.9,No,No,Railway Station,Hotel,15.3,145,No,Yes,4.4,3,Available in 20 mins,4 mins,Free cancellation up to 1 hour before pickup,Sanitized Vehicle,"Hindi, English, Regional Language",Yes,Yes,Yes,Yes,No
RB00985,Baba Baidyanath Temple,Deoghar,Jharkhand,Tempo Traveller,Economy,Force Tempo Traveller 12-Seater (Non-AC),12,5365,INR,Round Trip,5.8,15.5,Yes,Yes,Hotel,Tourist Place,23.1,115,Yes,Yes,3.8,3.7,Scheduled Only,23 mins,Free cancellation up to 6 hours before pickup,"Reading Light, Bottled Water",Regional Language,Yes,Yes,No,No,No
RB00986,Baba Baidyanath Temple,Deoghar,Jharkhand,Jeep,Economy,Force Gurkha,4,4320,INR,Round Trip,5.7,33.9,No,No,Airport,Hotel,19.7,140,Yes,Yes,4.3,4.7,Available in 20 mins,16 mins,Free cancellation up to 6 hours before pickup,Sanitized Vehicle,English,Yes,Yes,Yes,No,Yes
RB00987,Baba Baidyanath Temple,Deoghar,Jharkhand,Cab,Economy,Maruti Suzuki Dzire,4,3720,INR,Full Day Rental,8,109.8,No,No,Anywhere in City,Airport,10.2,245,Yes,Yes,3.9,3.3,Available in 20 mins,6 mins,Free cancellation up to 24 hours before pickup,First Aid Kit,English,Yes,No,Yes,No,Yes
RB00988,Pahari Mandir,Ranchi,Jharkhand,Bike,Premium,Bajaj Dominar 400,2,965,INR,One Way,0.8,27.9,No,Yes,Hotel,Tourist Place,22.3,295,Yes,Yes,5,3.7,Scheduled Only,11 mins,Free cancellation up to 1 hour before pickup,"Bottled Water, First Aid Kit",English,Yes,No,No,No,No
RB00989,Pahari Mandir,Ranchi,Jharkhand,Bike,Premium,Bajaj Dominar 400,2,1390,INR,Round Trip,2.5,9.7,Yes,Yes,Railway Station,Airport,17.8,345,No,No,4.7,3.9,Scheduled Only,17 mins,Free cancellation up to 24 hours before pickup,"Bottled Water, First Aid Kit",N/A,Yes,No,No,No,No
RB00990,Pahari Mandir,Ranchi,Jharkhand,Tempo Traveller,Economy,Force Tempo Traveller 12-Seater (Non-AC),12,6820,INR,Round Trip,3.8,29.2,No,No,Hotel,Tourist Place,33.1,285,No,Yes,4.4,4.3,Available in 10 mins,21 mins,Free cancellation up to 6 hours before pickup,Bottled Water,English,Yes,Yes,Yes,No,No
RB00991,Mahabodhi Temple,Bodh Gaya,Bihar,Tempo Traveller,Economy,Force Tempo Traveller 12-Seater (Non-AC),12,3640,INR,One Way,2.3,29.3,No,No,Airport,Tourist Place,23.3,160,Yes,Yes,4.7,4.7,Available in 10 mins,13 mins,50% refund if cancelled within 6 hours of pickup,Sanitized Vehicle,Hindi,Yes,Yes,No,No,No
RB00992,Mahabodhi Temple,Bodh Gaya,Bihar,SUV,Premium,Hyundai Creta,7,9180,INR,Full Day Rental,8,147.2,Yes,No,Airport,Hotel,14.7,325,Yes,Yes,3.1,4.9,Available Now,30 mins,Free cancellation up to 1 hour before pickup,"Bottled Water, Hand Sanitizer","Hindi, English, Regional Language",No,Yes,No,No,Yes
RB00993,Mahabodhi Temple,Bodh Gaya,Bihar,Tempo Traveller,Economy,Force Tempo Traveller 12-Seater (Non-AC),12,3075,INR,One Way,1.8,9.6,No,No,Anywhere in City,Airport,24.6,210,No,Yes,2.9,3,Available in 10 mins,7 mins,Non-refundable,Sanitized Vehicle,Regional Language,No,Yes,No,No,No
RB00994,Sanjay Gandhi Biological Park,Patna,Bihar,Cab,Premium,Honda City,4,6245,INR,Full Day Rental,12,101.9,No,No,Anywhere in City,Hotel,22.7,255,Yes,Yes,4.4,4.4,Available in 20 mins,10 mins,Free cancellation up to 1 hour before pickup,"Bottled Water, First Aid Kit",English,Yes,No,Yes,No,No
RB00995,Sanjay Gandhi Biological Park,Patna,Bihar,SUV,Economy,Mahindra Bolero,7,3170,INR,Round Trip,2.9,42.7,No,Yes,Railway Station,Tourist Place,22.5,280,Yes,Yes,3.8,3.7,Available Now,17 mins,Free cancellation up to 6 hours before pickup,First Aid Kit,Regional Language,No,Yes,Yes,No,No
RB00996,Sanjay Gandhi Biological Park,Patna,Bihar,Auto,Economy,Piaggio Ape Auto,3,435,INR,One Way,1.1,14.6,Yes,No,Railway Station,Hotel,22.4,120,No,Yes,2.5,4.1,Available in 10 mins,24 mins,Non-refundable,Sanitized Vehicle,Hindi,No,No,Yes,No,No
RB00997,Takhat Shri Harimandir Ji Patna Sahib,Patna,Bihar,SUV,Economy,Maruti Suzuki Ertiga,7,1915,INR,One Way,1.3,37.5,No,No,Anywhere in City,Hotel,21.7,340,Yes,Yes,2.6,3.3,Available in 20 mins,12 mins,Non-refundable,"Bottled Water, First Aid Kit",Hindi,No,Yes,Yes,No,No
RB00998,Takhat Shri Harimandir Ji Patna Sahib,Patna,Bihar,SUV,Economy,Chevrolet Tavera,7,1390,INR,One Way,2.4,42.5,No,Yes,Railway Station,Airport,20.6,275,Yes,Yes,4.1,4.2,Scheduled Only,5 mins,50% refund if cancelled within 6 hours of pickup,"Reading Light, Bottled Water",Regional Language,No,Yes,No,No,No
RB00999,Takhat Shri Harimandir Ji Patna Sahib,Patna,Bihar,Auto,Economy,Bajaj RE Compact Auto,3,845,INR,Round Trip,2.1,20.2,Yes,No,Anywhere in City,Hotel,13.4,80,No,Yes,4.9,3.1,Available in 10 mins,3 mins,50% refund if cancelled within 6 hours of pickup,None,"Hindi, English",Yes,No,Yes,No,No
RB01000,Budhha Smriti Park,Patna,Bihar,Tempo Traveller,Economy,Force Tempo Traveller 12-Seater (Non-AC),12,7565,INR,Round Trip,2.9,11,Yes,Yes,Hotel,Hotel,16.6,155,No,Yes,4.8,3.4,Available in 10 mins,17 mins,Free cancellation up to 6 hours before pickup,None,"Hindi, English, Regional Language",Yes,Yes,Yes,No,No
RB01001,Budhha Smriti Park,Patna,Bihar,SUV,Premium,Hyundai Creta,7,7395,INR,Full Day Rental,8,52.6,No,No,Hotel,Airport,21.9,175,Yes,Yes,5,3.1,Available Now,14 mins,50% refund if cancelled within 6 hours of pickup,"Sanitized Vehicle, First Aid Kit","Hindi, English, Regional Language",Yes,Yes,Yes,No,No
RB01002,Budhha Smriti Park,Patna,Bihar,Auto,Premium,Bajaj RE Electric Auto,3,830,INR,One Way,3,33.4,No,Yes,Airport,Tourist Place,11.6,195,Yes,Yes,4.7,4.6,Available Now,9 mins,Free cancellation up to 1 hour before pickup,"Sanitized Vehicle, First Aid Kit","Hindi, English, Regional Language",Yes,No,Yes,No,No
RB01003,Kingdom of Dreams,Gurugram,Haryana,Bike,Premium,KTM Duke 200,2,1535,INR,Round Trip,2.8,28.5,No,Yes,Anywhere in City,Tourist Place,17,275,Yes,Yes,4.7,3.2,Available in 20 mins,13 mins,Non-refundable,Bottled Water,Regional Language,Yes,No,No,No,No
RB01004,Kingdom of Dreams,Gurugram,Haryana,Bike,Economy,Bajaj Platina,2,680,INR,One Way,0.7,41.9,Yes,Yes,Hotel,Hotel,13.9,305,Yes,No,2.9,4.4,Scheduled Only,27 mins,Free cancellation up to 24 hours before pickup,Bottled Water,N/A,No,No,No,No,No
RB01005,Kingdom of Dreams,Gurugram,Haryana,SUV,Economy,Chevrolet Tavera,7,3080,INR,Round Trip,5.1,7.5,No,Yes,Hotel,Hotel,10.4,260,Yes,Yes,4.8,3.6,Available Now,12 mins,50% refund if cancelled within 6 hours of pickup,Bottled Water,"Hindi, English, Regional Language",Yes,No,Yes,No,No
RB01006,Kingdom of Dreams,Gurugram,Haryana,Cab,Premium,Hyundai Verna,4,5940,INR,Full Day Rental,12,90.4,No,Yes,Hotel,Hotel,21.6,290,Yes,Yes,4.6,3.1,Available Now,11 mins,Free cancellation up to 24 hours before pickup,"Umbrella, Bottled Water",English,Yes,No,Yes,Yes,Yes
RB01007,Ambience Mall,Gurugram,Haryana,Tempo Traveller,Luxury,Force Urbania Luxury Van,13,15295,INR,Round Trip,3.7,44.6,Yes,No,Hotel,Airport,27.1,180,Yes,Yes,4.7,3.8,Available Now,7 mins,Free cancellation up to 24 hours before pickup,First Aid Kit,Hindi,Yes,Yes,No,No,No
RB01008,Ambience Mall,Gurugram,Haryana,Jeep,Premium,Mahindra Thar LX 4x4,5,2960,INR,One Way,2.1,18.1,Yes,Yes,Hotel,Tourist Place,9.2,190,Yes,Yes,3.9,3.4,Available in 10 mins,17 mins,Free cancellation up to 6 hours before pickup,None,Regional Language,Yes,No,Yes,No,No
RB01009,Ambience Mall,Gurugram,Haryana,Tempo Traveller,Economy,Force Tempo Traveller 12-Seater (Non-AC),12,7665,INR,Round Trip,5.3,28.7,No,Yes,Hotel,Hotel,18.2,345,Yes,Yes,4.4,3.4,Available Now,9 mins,Non-refundable,First Aid Kit,"Hindi, English",Yes,Yes,Yes,No,No
RB01010,Ambience Mall,Gurugram,Haryana,Cab,Economy,Maruti Suzuki Dzire,4,2635,INR,Round Trip,4.5,31.5,Yes,No,Hotel,Tourist Place,9.4,150,No,Yes,4,4.7,Available Now,28 mins,Free cancellation up to 1 hour before pickup,Sanitized Vehicle,Regional Language,No,No,Yes,No,No
RB01011,DLF CyberHub,Gurugram,Haryana,Auto,Premium,Bajaj RE Electric Auto,3,730,INR,Round Trip,2.2,5.7,Yes,Yes,Hotel,Airport,18.8,165,No,Yes,3.9,3.5,Available in 20 mins,22 mins,Free cancellation up to 1 hour before pickup,"Reading Light, Bottled Water","Hindi, English, Regional Language",Yes,No,Yes,No,No
RB01012,DLF CyberHub,Gurugram,Haryana,Tempo Traveller,Economy,Force Tempo Traveller 12-Seater (Non-AC),12,2990,INR,One Way,1.2,27,Yes,No,Anywhere in City,Airport,19.3,85,Yes,Yes,3.1,3.8,Available in 20 mins,17 mins,Free cancellation up to 24 hours before pickup,Sanitized Vehicle,"Hindi, English",No,Yes,No,No,No
RB01013,DLF CyberHub,Gurugram,Haryana,SUV,Premium,Toyota Innova Crysta,7,2300,INR,One Way,3,12,No,Yes,Airport,Hotel,18.3,270,Yes,Yes,3.5,3.4,Scheduled Only,11 mins,Free cancellation up to 1 hour before pickup,Bottled Water,"Hindi, English",No,Yes,Yes,No,No
RB01014,DLF CyberHub,Gurugram,Haryana,Tempo Traveller,Economy,Force Tempo Traveller 12-Seater (Non-AC),12,2830,INR,One Way,2.6,6.7,No,No,Anywhere in City,Hotel,18.3,140,Yes,Yes,2.5,3.9,Available Now,14 mins,Non-refundable,"Bottled Water, First Aid Kit","Hindi, English, Regional Language",No,Yes,Yes,No,No
RB01015,Gurudwara Bangla Sahib,New Delhi,Delhi,Bike,Economy,Hero Splendor Plus,2,965,INR,Round Trip,4.6,3.5,No,No,Hotel,Hotel,15.6,335,No,No,4.5,4.2,Available in 10 mins,28 mins,Free cancellation up to 1 hour before pickup,"Reading Light, Bottled Water",N/A,Yes,No,No,No,No
RB01016,Gurudwara Bangla Sahib,New Delhi,Delhi,SUV,Economy,Chevrolet Tavera,7,7095,INR,Full Day Rental,8,123.5,Yes,No,Railway Station,Tourist Place,9.5,340,Yes,Yes,3.2,3.5,Available in 10 mins,23 mins,Free cancellation up to 6 hours before pickup,"Bottled Water, First Aid Kit","Hindi, English, Regional Language",No,No,No,No,No
RB01017,Gurudwara Bangla Sahib,New Delhi,Delhi,Bike,Luxury,Harley-Davidson X440,2,4680,INR,Full Day Rental,8,42.9,Yes,No,Airport,Tourist Place,18.7,345,Yes,No,4.7,4.3,Scheduled Only,9 mins,Free cancellation up to 1 hour before pickup,"Reading Light, Bottled Water",N/A,Yes,No,No,No,No
RB01018,Gurudwara Bangla Sahib,New Delhi,Delhi,Tempo Traveller,Premium,Force Tempo Traveller 17-Seater (AC),17,8930,INR,Round Trip,4.9,24.3,No,No,Railway Station,Airport,19.9,250,No,Yes,4.3,4.3,Available in 20 mins,24 mins,Free cancellation up to 1 hour before pickup,First Aid Kit,Regional Language,Yes,Yes,No,No,No
RB01019,Kedarnath,Kedarnath,Uttarakhand,Bike,Luxury,Harley-Davidson X440,2,1095,INR,One Way,1.9,18.3,No,Yes,Hotel,Airport,10.1,115,Yes,No,4.5,4.5,Scheduled Only,11 mins,Non-refundable,First Aid Kit,N/A,Yes,No,No,No,No
RB01020,Kedarnath,Kedarnath,Uttarakhand,Tempo Traveller,Economy,Force Tempo Traveller 12-Seater (Non-AC),12,12595,INR,Full Day Rental,12,147.5,Yes,Yes,Railway Station,Airport,17.6,270,No,Yes,5,4.9,Available Now,6 mins,50% refund if cancelled within 6 hours of pickup,"Umbrella, Bottled Water",English,Yes,No,No,No,No
RB01021,Kedarnath,Kedarnath,Uttarakhand,Tempo Traveller,Premium,Force Tempo Traveller 17-Seater (AC),17,11400,INR,Round Trip,2,44.4,Yes,Yes,Hotel,Tourist Place,23.5,190,No,Yes,4.5,4.9,Available Now,22 mins,Free cancellation up to 6 hours before pickup,"Bottled Water, Hand Sanitizer",English,Yes,No,No,Yes,No
RB01022,DLF Mall of India,Noida,Uttar Pradesh,Tempo Traveller,Premium,Force Tempo Traveller 17-Seater (AC),17,19150,INR,Full Day Rental,12,146.9,No,No,Airport,Hotel,28.5,140,Yes,Yes,4.4,4.4,Scheduled Only,22 mins,Free cancellation up to 24 hours before pickup,"Sanitized Vehicle, First Aid Kit",Regional Language,Yes,No,Yes,Yes,No
RB01023,DLF Mall of India,Noida,Uttar Pradesh,Tempo Traveller,Economy,Force Tempo Traveller 12-Seater (Non-AC),12,3695,INR,One Way,2.4,20.2,Yes,No,Anywhere in City,Hotel,27.8,250,No,Yes,2.8,3.5,Available Now,24 mins,Non-refundable,First Aid Kit,"Hindi, English",No,Yes,Yes,No,No
RB01024,DLF Mall of India,Noida,Uttar Pradesh,SUV,Premium,Hyundai Creta,7,3485,INR,Round Trip,3,3.6,Yes,Yes,Railway Station,Hotel,21.4,225,No,Yes,4.3,4.8,Available in 10 mins,14 mins,Free cancellation up to 6 hours before pickup,First Aid Kit,"Hindi, English",Yes,Yes,Yes,No,No
RB01025,DLF Mall of India,Noida,Uttar Pradesh,SUV,Luxury,Ford Endeavour,7,7435,INR,Round Trip,4.7,13.8,No,No,Hotel,Hotel,9.3,290,Yes,Yes,4.1,4.4,Available Now,12 mins,Free cancellation up to 6 hours before pickup,"Reading Light, Bottled Water","Hindi, English",Yes,Yes,Yes,No,No
RB01026,The Grand Venice Mall,Greater Noida,Uttar Pradesh,Tempo Traveller,Premium,Force Tempo Traveller 17-Seater (AC),17,14165,INR,Full Day Rental,12,92.7,Yes,Yes,Railway Station,Tourist Place,34.1,205,Yes,Yes,4.7,3.8,Available Now,8 mins,Free cancellation up to 24 hours before pickup,First Aid Kit,Regional Language,Yes,Yes,Yes,No,No
RB01027,The Grand Venice Mall,Greater Noida,Uttar Pradesh,Bike,Premium,Bajaj Dominar 400,2,7180,INR,Full Day Rental,10,144.7,Yes,No,Anywhere in City,Airport,13.4,175,Yes,No,4.7,4.4,Available Now,4 mins,Non-refundable,First Aid Kit,N/A,Yes,No,No,No,No
RB01028,The Grand Venice Mall,Greater Noida,Uttar Pradesh,SUV,Premium,Hyundai Creta,7,2860,INR,One Way,1.5,43.4,Yes,No,Railway Station,Airport,22.5,135,Yes,Yes,3.9,4.9,Available Now,25 mins,Free cancellation up to 6 hours before pickup,Sanitized Vehicle,"Hindi, English, Regional Language",Yes,No,Yes,No,No
RB01029,The Grand Venice Mall,Greater Noida,Uttar Pradesh,SUV,Premium,Toyota Innova Crysta,7,4040,INR,Round Trip,4.1,31.7,No,No,Railway Station,Airport,13.9,130,Yes,Yes,4.5,4.1,Available in 10 mins,19 mins,Non-refundable,"Bottled Water, First Aid Kit",Hindi,Yes,Yes,Yes,No,No
RB01030,Wonderla Amusement Park,Bengaluru,Karnataka,Tempo Traveller,Economy,Force Tempo Traveller 12-Seater (Non-AC),12,5440,INR,Round Trip,4.7,16.9,Yes,Yes,Railway Station,Airport,25.8,150,Yes,Yes,4,3.1,Available in 10 mins,15 mins,Free cancellation up to 1 hour before pickup,"Reading Light, Bottled Water",English,Yes,Yes,Yes,No,No
RB01031,Wonderla Amusement Park,Bengaluru,Karnataka,Bike,Economy,Hero Splendor Plus,2,3305,INR,Full Day Rental,8,69.9,No,No,Airport,Airport,10,195,Yes,No,4.8,4.7,Scheduled Only,9 mins,Free cancellation up to 1 hour before pickup,"Sanitized Vehicle, First Aid Kit",N/A,Yes,No,No,No,No
RB01032,Wonderla Amusement Park,Bengaluru,Karnataka,Tempo Traveller,Premium,Force Tempo Traveller 17-Seater (AC),17,15280,INR,Full Day Rental,8,114.4,No,No,Hotel,Hotel,22.8,200,Yes,Yes,3.8,3.6,Available in 20 mins,19 mins,Free cancellation up to 1 hour before pickup,"Bottled Water, Hand Sanitizer",Regional Language,Yes,No,Yes,No,No
RB01033,Nandankanan Zoological Park,Bhubaneswar,Odisha,Bike,Economy,TVS Sport,2,385,INR,One Way,0.8,15.4,No,No,Hotel,Airport,20.2,135,Yes,Yes,4,4.4,Available in 10 mins,23 mins,Free cancellation up to 6 hours before pickup,Bottled Water,Regional Language,Yes,No,No,No,No
RB01034,Nandankanan Zoological Park,Bhubaneswar,Odisha,Tempo Traveller,Luxury,Force Urbania Luxury Van,13,26930,INR,Full Day Rental,10,73.5,No,No,Anywhere in City,Hotel,33.8,280,Yes,Yes,3.9,3.2,Available in 20 mins,26 mins,Free cancellation up to 24 hours before pickup,"Umbrella, Bottled Water",Regional Language,Yes,Yes,Yes,Yes,No
RB01035,Nandankanan Zoological Park,Bhubaneswar,Odisha,Auto,Economy,Bajaj RE Compact Auto,3,825,INR,One Way,1.2,44.3,No,Yes,Anywhere in City,Hotel,22.2,195,No,Yes,3,3.3,Available Now,30 mins,Free cancellation up to 24 hours before pickup,"Umbrella, Bottled Water",Regional Language,No,No,No,No,No
RB01036,Orion Mall,Bengaluru,Karnataka,Tempo Traveller,Economy,Force Tempo Traveller 12-Seater (Non-AC),12,11380,INR,Full Day Rental,10,84.7,Yes,Yes,Airport,Tourist Place,34.8,295,Yes,Yes,4.7,3.8,Available in 10 mins,16 mins,50% refund if cancelled within 6 hours of pickup,"Umbrella, Bottled Water",Hindi,Yes,Yes,Yes,No,No
RB01037,Orion Mall,Bengaluru,Karnataka,Tempo Traveller,Luxury,Force Urbania Luxury Van,13,8235,INR,One Way,0.8,36.5,Yes,Yes,Airport,Tourist Place,29.2,240,Yes,Yes,4.4,3.9,Available Now,6 mins,Free cancellation up to 6 hours before pickup,None,"Hindi, English, Regional Language",Yes,No,Yes,No,No
RB01038,Orion Mall,Bengaluru,Karnataka,Tempo Traveller,Luxury,Force Urbania Luxury Van,13,23825,INR,Full Day Rental,12,67.1,Yes,No,Hotel,Airport,33.1,170,Yes,Yes,4.7,3.4,Scheduled Only,25 mins,Free cancellation up to 6 hours before pickup,None,Regional Language,Yes,No,Yes,No,No
RB01039,Inorbit Mall Cyberabad,Hyderabad,Telangana,Bike,Premium,Bajaj Dominar 400,2,1940,INR,Round Trip,5.9,35.6,Yes,Yes,Anywhere in City,Hotel,16.4,155,Yes,No,3.7,3.6,Available in 20 mins,12 mins,Non-refundable,"Bottled Water, First Aid Kit",N/A,No,No,No,No,No
RB01040,Inorbit Mall Cyberabad,Hyderabad,Telangana,Tempo Traveller,Economy,Force Tempo Traveller 12-Seater (Non-AC),12,11885,INR,Full Day Rental,10,86.9,Yes,No,Anywhere in City,Tourist Place,34.9,110,Yes,Yes,3.7,3.7,Available Now,8 mins,Free cancellation up to 6 hours before pickup,None,Regional Language,No,No,Yes,No,No
RB01041,Inorbit Mall Cyberabad,Hyderabad,Telangana,Jeep,Premium,Mahindra Scorpio-N,5,5385,INR,Round Trip,3.3,24.3,No,No,Hotel,Tourist Place,16.1,165,No,Yes,3.7,4.7,Available in 10 mins,3 mins,Non-refundable,"Bottled Water, Hand Sanitizer","Hindi, English",No,Yes,Yes,No,No
RB01042,Inorbit Mall Cyberabad,Hyderabad,Telangana,Bike,Premium,KTM Duke 200,2,4110,INR,Full Day Rental,10,98.8,No,No,Hotel,Hotel,23.4,190,Yes,No,3.1,3.1,Available in 10 mins,9 mins,Free cancellation up to 1 hour before pickup,Sanitized Vehicle,N/A,No,No,No,No,No
RB01043,Jama Masjid,New Delhi,Delhi,Jeep,Economy,Force Gurkha,4,7995,INR,Full Day Rental,10,113.8,No,Yes,Airport,Hotel,24.5,145,Yes,Yes,4.3,3.7,Available Now,20 mins,Free cancellation up to 24 hours before pickup,"Umbrella, Bottled Water",Regional Language,Yes,Yes,Yes,No,No
RB01044,Jama Masjid,New Delhi,Delhi,Auto,Economy,Piaggio Ape Auto,3,755,INR,Round Trip,3.7,6.1,No,No,Anywhere in City,Hotel,21,110,Yes,Yes,3.5,3.3,Available Now,28 mins,Non-refundable,"Umbrella, Bottled Water",Hindi,No,No,Yes,No,No
RB01045,Jama Masjid,New Delhi,Delhi,Auto,Premium,Bajaj RE Electric Auto,3,4210,INR,Full Day Rental,8,118.1,No,Yes,Hotel,Tourist Place,14.3,165,No,Yes,3.9,3.4,Available in 20 mins,15 mins,Free cancellation up to 1 hour before pickup,"Reading Light, Bottled Water","Hindi, English",Yes,No,Yes,No,No
RB01046,Jama Masjid,New Delhi,Delhi,SUV,Economy,Maruti Suzuki Ertiga,7,3090,INR,Round Trip,5.9,20.2,No,Yes,Hotel,Airport,11,280,Yes,Yes,4.7,4.9,Scheduled Only,30 mins,Free cancellation up to 6 hours before pickup,Bottled Water,English,Yes,No,Yes,No,Yes
RB01047,Buddh International Circuit,Greater Noida,Uttar Pradesh,Cab,Economy,Hyundai Xcent,4,4860,INR,Full Day Rental,12,44.1,Yes,No,Hotel,Hotel,8.7,135,No,Yes,4.5,3.9,Scheduled Only,30 mins,Free cancellation up to 24 hours before pickup,"Bottled Water, Hand Sanitizer","Hindi, English",Yes,Yes,Yes,No,No
RB01048,Buddh International Circuit,Greater Noida,Uttar Pradesh,Auto,Premium,Bajaj RE Electric Auto,3,5430,INR,Full Day Rental,12,105.6,Yes,Yes,Railway Station,Hotel,8.4,105,Yes,Yes,4.8,3.3,Available in 10 mins,18 mins,Free cancellation up to 24 hours before pickup,"Reading Light, Bottled Water","Hindi, English",Yes,No,Yes,No,No
RB01049,Buddh International Circuit,Greater Noida,Uttar Pradesh,SUV,Economy,Chevrolet Tavera,7,6980,INR,Full Day Rental,12,75.7,Yes,Yes,Anywhere in City,Hotel,10.6,265,Yes,Yes,4.7,5,Available in 10 mins,15 mins,Free cancellation up to 6 hours before pickup,None,Hindi,Yes,No,Yes,No,No
RB01050,Phoenix Palassio,Lucknow,Uttar Pradesh,Bike,Economy,Bajaj Platina,2,1065,INR,Round Trip,5.4,20.2,No,No,Anywhere in City,Hotel,19.8,150,No,No,4.1,3.9,Available in 20 mins,17 mins,Non-refundable,None,N/A,Yes,No,No,No,No
RB01051,Phoenix Palassio,Lucknow,Uttar Pradesh,Cab,Economy,Maruti Suzuki WagonR,4,5335,INR,Full Day Rental,10,106.7,Yes,No,Hotel,Hotel,23.4,220,Yes,Yes,2.8,3.3,Available Now,3 mins,Free cancellation up to 6 hours before pickup,Sanitized Vehicle,"Hindi, English, Regional Language",No,No,Yes,No,No
RB01052,Phoenix Palassio,Lucknow,Uttar Pradesh,Jeep,Economy,Force Gurkha,4,1690,INR,One Way,1,3.1,Yes,No,Anywhere in City,Airport,20.2,225,Yes,Yes,4.6,3.8,Available in 20 mins,17 mins,Free cancellation up to 6 hours before pickup,"Umbrella, Bottled Water",Hindi,Yes,Yes,Yes,No,Yes
RB01053,LuLu International Shopping Mall,Kochi,Kerala,Auto,Premium,Mahindra Treo Auto,3,980,INR,One Way,2.2,44.3,Yes,Yes,Railway Station,Airport,8.3,200,No,Yes,3.8,4.6,Scheduled Only,17 mins,Free cancellation up to 1 hour before pickup,"Umbrella, Bottled Water",English,Yes,No,Yes,No,No
RB01054,LuLu International Shopping Mall,Kochi,Kerala,SUV,Economy,Mahindra Bolero,7,1810,INR,One Way,1.1,15,No,No,Airport,Airport,23.5,190,Yes,Yes,3.9,4.9,Available Now,2 mins,Free cancellation up to 1 hour before pickup,"Reading Light, Bottled Water",Hindi,Yes,No,Yes,No,No
RB01055,LuLu International Shopping Mall,Kochi,Kerala,Tempo Traveller,Economy,Force Tempo Traveller 12-Seater (Non-AC),12,5990,INR,Round Trip,4.3,30.9,Yes,Yes,Hotel,Hotel,34.8,125,No,Yes,4.9,3.9,Scheduled Only,23 mins,50% refund if cancelled within 6 hours of pickup,First Aid Kit,"Hindi, English, Regional Language",Yes,Yes,Yes,No,No
RB01056,Rail Museum,New Delhi,Delhi,Jeep,Economy,Force Gurkha,4,8295,INR,Full Day Rental,12,114.6,Yes,No,Hotel,Tourist Place,12.8,175,No,Yes,3.8,4.7,Available Now,30 mins,Free cancellation up to 24 hours before pickup,First Aid Kit,"Hindi, English",Yes,No,No,No,No
RB01057,Rail Museum,New Delhi,Delhi,Tempo Traveller,Premium,Force Tempo Traveller 17-Seater (AC),17,12010,INR,Round Trip,5,25.4,No,No,Anywhere in City,Hotel,31.2,205,Yes,Yes,4.2,4.2,Scheduled Only,18 mins,Free cancellation up to 6 hours before pickup,"Bottled Water, Hand Sanitizer",Regional Language,Yes,Yes,Yes,No,No
RB01058,Rail Museum,New Delhi,Delhi,Jeep,Economy,Mahindra Thar (Base),4,6010,INR,Full Day Rental,10,79.1,No,Yes,Airport,Tourist Place,14.4,145,Yes,Yes,4.5,4.8,Available Now,24 mins,Free cancellation up to 1 hour before pickup,None,Regional Language,Yes,No,No,No,No
RB01059,Rail Museum,New Delhi,Delhi,Tempo Traveller,Premium,Force Tempo Traveller 17-Seater (AC),17,12455,INR,Full Day Rental,8,64.5,Yes,Yes,Hotel,Airport,24.1,270,Yes,Yes,4.8,4.8,Available Now,30 mins,Free cancellation up to 24 hours before pickup,Sanitized Vehicle,"Hindi, English",Yes,Yes,Yes,No,No
RB01060,Living Root Bridge,Cherrapunji,Meghalaya,Tempo Traveller,Economy,Force Tempo Traveller 12-Seater (Non-AC),12,6945,INR,Round Trip,2.7,26,Yes,Yes,Hotel,Tourist Place,24.4,265,Yes,Yes,4.3,3,Available in 10 mins,20 mins,Free cancellation up to 24 hours before pickup,"Reading Light, Bottled Water",Hindi,Yes,Yes,Yes,No,No
RB01061,Living Root Bridge,Cherrapunji,Meghalaya,Jeep,Economy,Force Gurkha,4,1970,INR,One Way,1.7,22.2,Yes,Yes,Anywhere in City,Tourist Place,22.7,305,Yes,Yes,4.6,4.2,Available Now,18 mins,Non-refundable,"Reading Light, Bottled Water",Regional Language,Yes,Yes,Yes,No,Yes
RB01062,Living Root Bridge,Cherrapunji,Meghalaya,SUV,Economy,Maruti Suzuki Ertiga,7,1730,INR,One Way,2.8,41.6,Yes,No,Hotel,Airport,13.6,245,Yes,Yes,4.6,5,Available Now,8 mins,50% refund if cancelled within 6 hours of pickup,"Sanitized Vehicle, First Aid Kit",English,Yes,Yes,Yes,No,Yes
RB01063,Akshardham,Gandhinagar,Gujarat,Bike,Economy,Hero Splendor Plus,2,1420,INR,Round Trip,4.7,33.2,No,No,Anywhere in City,Hotel,20,270,Yes,No,3.9,4.3,Available in 20 mins,21 mins,50% refund if cancelled within 6 hours of pickup,None,N/A,No,No,No,No,No
RB01064,Akshardham,Gandhinagar,Gujarat,Cab,Economy,Maruti Suzuki Dzire,4,1205,INR,One Way,1.6,32.7,No,Yes,Anywhere in City,Hotel,17.1,250,Yes,Yes,4.8,3.8,Available Now,27 mins,Free cancellation up to 1 hour before pickup,Sanitized Vehicle,Hindi,Yes,Yes,Yes,No,No
RB01065,Akshardham,Gandhinagar,Gujarat,Jeep,Economy,Mahindra Thar (Base),4,4125,INR,Round Trip,3.3,20.5,No,No,Anywhere in City,Hotel,14,170,No,Yes,4.9,4.3,Available Now,23 mins,Free cancellation up to 6 hours before pickup,Sanitized Vehicle,Regional Language,Yes,Yes,No,No,No
RB01066,Agra Fort,Agra,Uttar Pradesh,Tempo Traveller,Premium,Force Tempo Traveller 17-Seater (AC),17,18540,INR,Full Day Rental,12,70,Yes,Yes,Railway Station,Tourist Place,32.7,170,Yes,Yes,4.1,3.3,Available Now,19 mins,Free cancellation up to 6 hours before pickup,"Reading Light, Bottled Water",Hindi,Yes,No,No,Yes,No
RB01067,Agra Fort,Agra,Uttar Pradesh,Auto,Premium,Mahindra Treo Auto,3,4215,INR,Full Day Rental,10,88,No,No,Airport,Tourist Place,24.1,270,No,Yes,4,4.5,Available Now,25 mins,Free cancellation up to 24 hours before pickup,Sanitized Vehicle,Hindi,Yes,No,Yes,No,No
RB01068,Agra Fort,Agra,Uttar Pradesh,Auto,Economy,Bajaj RE Compact Auto,3,1950,INR,Full Day Rental,8,40.8,No,No,Anywhere in City,Hotel,13.8,195,Yes,Yes,4.8,4,Available Now,3 mins,50% refund if cancelled within 6 hours of pickup,"Umbrella, Bottled Water",English,Yes,No,Yes,No,No
RB01069,Agra Fort,Agra,Uttar Pradesh,SUV,Economy,Maruti Suzuki Ertiga,7,3135,INR,Round Trip,4.5,12.3,No,Yes,Railway Station,Airport,10.8,150,No,Yes,3.1,3.6,Scheduled Only,18 mins,Free cancellation up to 6 hours before pickup,First Aid Kit,"Hindi, English, Regional Language",No,No,No,No,No
RB01070,Madhya Pradesh Tribal Museum,Bhopal,Madhya Pradesh,SUV,Economy,Chevrolet Tavera,7,7335,INR,Full Day Rental,8,133.9,No,No,Anywhere in City,Hotel,17,305,No,Yes,4.5,4.9,Available in 20 mins,18 mins,50% refund if cancelled within 6 hours of pickup,"Sanitized Vehicle, First Aid Kit","Hindi, English",Yes,No,Yes,No,No
RB01071,Madhya Pradesh Tribal Museum,Bhopal,Madhya Pradesh,SUV,Economy,Mahindra Bolero,7,3095,INR,Round Trip,5.7,25.5,Yes,Yes,Railway Station,Tourist Place,17.9,240,No,Yes,3.2,4,Available Now,22 mins,Free cancellation up to 6 hours before pickup,"Umbrella, Bottled Water",English,No,Yes,Yes,No,No
RB01072,Madhya Pradesh Tribal Museum,Bhopal,Madhya Pradesh,SUV,Economy,Chevrolet Tavera,7,5350,INR,Full Day Rental,10,94.9,Yes,No,Hotel,Hotel,17.2,85,Yes,Yes,2.9,4.7,Available in 10 mins,12 mins,Non-refundable,"Reading Light, Bottled Water",Hindi,No,Yes,Yes,No,No
RB01073,Madhya Pradesh Tribal Museum,Bhopal,Madhya Pradesh,Auto,Luxury,TVS King Deluxe Auto,3,4895,INR,Full Day Rental,12,87.5,No,No,Anywhere in City,Tourist Place,17.7,245,Yes,Yes,4.9,4.8,Available in 10 mins,24 mins,Non-refundable,Sanitized Vehicle,"Hindi, English, Regional Language",Yes,No,Yes,No,No
RB01074,City Palace,Jaipur,Rajasthan,Jeep,Economy,Force Gurkha,4,2330,INR,One Way,2.1,26.5,No,Yes,Hotel,Tourist Place,23.2,290,Yes,Yes,4.7,3.8,Available in 20 mins,5 mins,Free cancellation up to 1 hour before pickup,Sanitized Vehicle,Hindi,Yes,Yes,No,No,No
RB01075,City Palace,Jaipur,Rajasthan,Cab,Economy,Maruti Suzuki Dzire,4,1110,INR,One Way,2.2,36.2,No,No,Airport,Hotel,16.7,290,Yes,Yes,2.8,3.7,Available in 10 mins,7 mins,Free cancellation up to 1 hour before pickup,Sanitized Vehicle,Regional Language,No,No,Yes,No,No
RB01076,City Palace,Jaipur,Rajasthan,Tempo Traveller,Luxury,Force Urbania Luxury Van,13,9485,INR,One Way,2.6,15.2,Yes,Yes,Railway Station,Airport,31.6,125,Yes,Yes,4.5,3.1,Scheduled Only,21 mins,50% refund if cancelled within 6 hours of pickup,"Bottled Water, Hand Sanitizer",English,Yes,No,Yes,No,No
RB01077,Albert Hall Museum,Jaipur,Rajasthan,Cab,Economy,Maruti Suzuki WagonR,4,1070,INR,One Way,2.5,43.1,Yes,No,Railway Station,Tourist Place,9.2,140,No,Yes,4.6,3.9,Scheduled Only,4 mins,Free cancellation up to 24 hours before pickup,"Reading Light, Bottled Water",English,Yes,Yes,Yes,No,No
RB01078,Albert Hall Museum,Jaipur,Rajasthan,SUV,Premium,Mahindra XUV700,7,8065,INR,Full Day Rental,8,62.4,No,Yes,Airport,Airport,16.9,245,Yes,Yes,4.7,3.8,Scheduled Only,11 mins,50% refund if cancelled within 6 hours of pickup,Sanitized Vehicle,English,Yes,Yes,Yes,No,No
RB01079,Albert Hall Museum,Jaipur,Rajasthan,Auto,Economy,Bajaj RE Compact Auto,3,480,INR,One Way,2.9,16.5,Yes,Yes,Anywhere in City,Airport,14.8,95,Yes,Yes,4,4.8,Available Now,2 mins,Free cancellation up to 24 hours before pickup,None,"Hindi, English, Regional Language",No,No,Yes,No,No
