ID,Area,City,Restaurant,Price,Avg ratings,Food type,Latitude,Longitude,Geocode Precision
211,Koramangala,Bangalore,Tandoor Hut,300,4.4,"Biryani,Chinese,North Indian,South Indian",12.9352,77.6245,Locality (matched)
221,Koramangala,Bangalore,Tunday Kababi,300,4.1,"Mughlai,Lucknowi",12.9352,77.6245,Locality (matched)
246,Jogupalya,Bangalore,Kim Lee,650,4.4,Chinese,12.9707,77.621,Locality (matched)
248,Indiranagar,Bangalore,New Punjabi Hotel,250,3.9,"North Indian,Punjabi,Tandoor,Chinese",12.9719,77.6412,Locality (matched)
249,Indiranagar,Bangalore,Nh8,350,4,"Rajasthani,Gujarati,North Indian,Snacks,Desserts,Beverages,Thalis,Chaat",12.9719,77.6412,Locality (matched)
254,Indiranagar,Bangalore,Treat,800,4.5,"Mughlai,North Indian",12.9719,77.6412,Locality (matched)
258,Indiranagar,Bangalore,Chinita Real Mexican Food,1000,4.5,"Mexican,Beverages,Salads",12.9719,77.6412,Locality (matched)
263,Koramangala,Bangalore,Cupcake Noggins - Cakespastries And Desserts,150,4.3,"Desserts,British,Bakery,Pizzas,Snacks",12.9352,77.6245,Locality (matched)
267,Domlur,Bangalore,Tea Brew,350,4.1,"American,Italian,Beverages,Continental,Chinese,Pastas,Pizzas,Fast Food",12.961,77.6387,Locality (matched)
308,Koramangala,Bangalore,Bangaliana,300,4,Bengali,12.9352,77.6245,Locality (matched)
435,Koramangala,Bangalore,Bamey'S Restro Cafe,400,4.4,"Chinese,Thai,Nepalese",12.9352,77.6245,Locality (matched)
446,Cooke Town,Bangalore,Altaf'S Chillies Restaurants,250,4.3,"North Indian,Chinese",12.9946,77.6212,Locality (matched)
453,Pulikeshi Nagar,Bangalore,Chichabas Taj,532,4.2,"Mughlai,North Indian,Biryani",12.995,77.61,Locality (matched)
464,Sivanchetti Gardens,Bangalore,Urban Solace,500,2.9,"American,Continental",12.9605,77.601,Locality (matched)
504,Kodihalli,Bangalore,Kaati Zone Rolls & Wraps,150,4.3,"Fast Food,Beverages,Bengali,Biryani,Indian,North Indian,Snacks,Street Food",12.9611,77.6486,Locality (matched)
604,Koramangala,Bangalore,Aalishan Restaurant & Caterer,290,4.3,"Mughlai,North Indian",12.9352,77.6245,Locality (matched)
608,Domlur,Bangalore,Kerala Pavilion,300,4.1,"Kerala,Seafood",12.961,77.6387,Locality (matched)
621,Indiranagar,Bangalore,Kitchen Of Joy,250,4.4,"Bengali,Fast Food,Chinese",12.9719,77.6412,Locality (matched)
1050,Jayanagar,Bangalore,Nagarjuna Chimney,800,4.2,"Seafood,Andhra,Biryani,South Indian,Combo,Desserts,Beverages",12.925,77.5938,Locality (matched)
1299,Film Nagar,Hyderabad,So. The Sky Kitchen,800,2.9,"Mughlai,North Indian,Chinese,Thai,Asian",17.413,78.426,Locality (matched)
1304,Indiranagar,Bangalore,Esplanade,1200,4.3,"Mughlai,Bengali",12.9719,77.6412,Locality (matched)
1457,Banashankari,Bangalore,Hotel New Karavali,250,3.8,"North Indian,Chinese,South Indian",12.9255,77.5468,Locality (matched)
1547,Masab Tank,Hyderabad,Dine Hill,400,4.1,"Arabian,Biryani,North Indian,Chinese",17.402,78.453,Locality (matched)
1590,Banjara Hills,Hyderabad,Sarvi Restaurant,400,4.1,"Biryani,Tandoor,Chinese,Indian,Desserts,Kebabs,Mughlai",17.4156,78.4347,Locality (matched)
1593,Banjara Hills,Hyderabad,Sarvi Bakery,250,4.1,"Desserts,Fast Food,Bakery",17.4156,78.4347,Locality (matched)
1609,Andheri East,Mumbai,Kung Fu Panda,600,4.3,Chinese  Thai  Asian,19.1136,72.8697,Locality (matched)
1617,Powai,Mumbai,Kosho,300,4.2,"Mughlai,North Indian,Chinese,Seafood,Italian",19.1176,72.906,Locality (matched)
1844,Punjagutta,Hyderabad,Chinese Pavilion,850,4.3,"Chinese,Seafood",17.4256,78.453,Locality (matched)
1848,Banjara Hills,Hyderabad,Chef Inam'S Steak House,1200,4.2,"Steakhouse,American",17.4156,78.4347,Locality (matched)
1874,Indiranagar,Bangalore,Mamagoto,900,4.2,"Chinese,Asian,Pan-Asian,Thai,Oriental",12.9719,77.6412,Locality (matched)
1884,Powai,Mumbai,Hakka Express,300,4,"Chinese,Asian,Thai",19.1176,72.906,Locality (matched)
2008,Indiranagar,Bangalore,The Brekkie Shop - All Day Menu,200,4.3,"British,Italian,Indian,Chinese,South Indian,North Indian,Desserts",12.9719,77.6412,Locality (matched)
2042,Aundh,Pune,Juice Destination,200,4.2,"Thalis,North Indian,Punjabi,Beverages",18.559,73.808,Locality (matched)
2047,Aundh,Pune,Hyderabadi Spice,400,4.2,"Biryani,Mughlai,North Indian,Chinese",18.559,73.808,Locality (matched)
2102,Aundh,Pune,Cafe Peterdonuts,400,4.1,"Continental,Desserts",18.559,73.808,Locality (matched)
2250,Baner,Pune,Karolbaug,750,4.1,"Mughlai,North Indian,Chinese,Biryani",18.559,73.7868,Locality (matched)
2312,Powai Area,Mumbai,The Punjabi'S Kitchen,500,4.4,North Indian,19.1176,72.906,Locality (matched)
2344,Ramgopalpet,Hyderabad,Aangan - Yatri Nivas,500,4.1,North Indian  South Indian,17.431,78.483,Locality (matched)
2348,Kalasiguda,Hyderabad,Bluefox,800,4.2,Biryani  North Indian  Chinese  Tandoor,17.439,78.498,Locality (matched)
2516,Aundh,Pune,Taaareef,1100,4.4,"Mughlai,North Indian,Seafood,Biryani",18.559,73.808,Locality (matched)
2770,Kalasiguda,Hyderabad,Flavours Of Taj Mahal Hotel,300,4.2,North Indian  Chinese  Desserts  Continental  South Indian,17.439,78.498,Locality (matched)
2776,Adarsh Nagar,Hyderabad,Ohri'S Eatmor,600,4.2,"Ice Cream,Beverages,Desserts,Chaat,Italian",17.403,78.47,Locality (matched)
2777,Adarsh Nagar,Hyderabad,Ohri'S Ming'S Court,500,4,Chinese,17.403,78.47,Locality (matched)
2795,Himayatnagar,Hyderabad,Minerva Coffee Shop,500,4.3,"South Indian,North Indian,Chinese",17.4008,78.4813,Locality (matched)
2796,Himayatnagar,Hyderabad,Bluefox,800,4.1,"Biryani,North Indian,Chinese,Tandoor",17.4008,78.4813,Locality (matched)
2811,Ashok Nagar,Bangalore,Art Of Delight,250,4.6,"Ice Cream,Desserts,Beverages",12.9843,77.5936,Locality (matched)
2820,Commercial Street,Bangalore,Khan Saheb Grills And Rolls,300,4.3,"Tandoor,Mughlai,North Indian,Kebabs",12.9822,77.6083,Locality (matched)
2824,Richmond Town,Bangalore,Fanoos,300,4.2,"Biryani,Tandoor,Kebabs,Barbecue,Fast Food",12.9611,77.6033,Locality (matched)
2827,Richmond Town,Bangalore,In Wok,500,4.3,Chinese,12.9611,77.6033,Locality (matched)
2832,Ashok Nagar,Bangalore,Lakeview Milkbar,450,4.1,"Desserts,Ice Cream,Bakery,Fast Food",12.9843,77.5936,Locality (matched)
2839,Ashok Nagar,Bangalore,C Sharp Kitchen,300,2.9,"Chinese,Continental,Fast Food",12.9843,77.5936,Locality (matched)
2840,Ashok Nagar,Bangalore,Roomali,1000,4.4,"North Indian,Indian",12.9843,77.5936,Locality (matched)
2843,Ashok Nagar,Bangalore,Tadka Singh,300,4.2,"Punjabi,North Indian",12.9843,77.5936,Locality (matched)
2914,Ashok Nagar,Bangalore,Bheemas,550,4.3,Andhra,12.9843,77.5936,Locality (matched)
2915,Vasanth Nagar,Bangalore,Watson'S,450,2.9,Fast Food,12.9899,77.5926,Locality (matched)
2964,Andheri East,Mumbai,Sai Leela,500,4.2,"Mughlai,North Indian,Chinese,Seafood",19.1136,72.8697,Locality (matched)
3007,Bhowanipore,Kolkata,Tandoori Darbar,500,4.4,"North Indian,Chinese,Tandoor,Biryani,Beverages,Desserts",22.527,88.345,Locality (matched)
3010,Ballygunge,Kolkata,Ballygunge Dhaba,500,4.3,"North Indian,Biryani,Chinese",22.528,88.366,Locality (matched)
3018,Gariahat,Kolkata,Tero Parbon,500,4.3,Bengali,22.519,88.363,Locality (matched)
3020,Ballygunge,Kolkata,Wise Owl The Coffee Shop,700,4.3,"Continental,American,Cafe",22.528,88.366,Locality (matched)
3022,Gariahat,Kolkata,Aminia Restaurant- Golpark,500,4.3,"Biryani,Mughlai,North Indian,Indian,Kebabs,Tandoor",22.519,88.363,Locality (matched)
3025,Gariahat,Kolkata,Bedouin - Sher E Bengal,500,2.9,"North Indian,Chinese,Bengali",22.519,88.363,Locality (matched)
3031,Ballygunge,Kolkata,Sharma Dhaba,300,4.2,North Indian  Fast Food  Tandoor  Biryani  Kebabs  Snacks  Chinese,22.528,88.366,Locality (matched)
3063,Indiranagar,Bangalore,Kund Indian Barbeque,200,4.2,"Mughlai,North Indian,Biryani,Kebabs,Desserts",12.9719,77.6412,Locality (matched)
3071,Bhowanipore,Kolkata,Jai Hind Dhaba,500,4.3,"North Indian,Indian,Tandoor,Kebabs,Punjabi,Home Food,Chinese",22.527,88.345,Locality (matched)
3074,Kalighat,Kolkata,Tamarind,1100,4.4,"North Indian,South Indian",22.519,88.342,Locality (matched)
3207,Pulikeshi Nagar,Bangalore,Pathaan Sir,300,4.2,Fast Food,12.995,77.61,Locality (matched)
3265,Indiranagar,Bangalore,Chaipatty,200,3.9,"Fast Food,Beverages,Pizzas,Street Food,Snacks",12.9719,77.6412,Locality (matched)
3279,Powai Area,Mumbai,5 Spice,1100,4.2,"Chinese,Desserts",19.1176,72.906,Locality (matched)
3324,Punjagutta,Hyderabad,Srikanya,250,4.1,"Andhra,Seafood",17.4256,78.453,Locality (matched)
3326,Sion,Mumbai,Cafe Vrindavan,500,4.3,"North Indian,Chinese,South Indian",19.0448,72.8619,Locality (matched)
3329,Mumbai,Mumbai,Ramdeo,450,4,"North Indian,Chinese,South Indian,Fast Food",19.076,72.8777,Locality (matched)
3331,Mumbai,Mumbai,Shabari,400,3.9,"North Indian,South Indian,Fast Food",19.076,72.8777,Locality (matched)
3332,Rajajinagar,Bangalore,The Purple Pan,400,4.1,"Mughlai,North Indian,Chinese,Arabian",12.9905,77.5554,Locality (matched)
3350,Pulikeshi Nagar,Bangalore,Moriz Nano,500,2.9,"North Indian,Chinese,Biryani,Seafood",12.995,77.61,Locality (matched)
3369,Ashok Nagar,Bangalore,Truffles,450,4.5,"American,Desserts,Continental,Italian",12.9843,77.5936,Locality (matched)
3439,Golpark,Kolkata,The Grub Club,400,4.3,"Italian,Chinese,Thai",22.517,88.363,Locality (matched)
3454,Koramangala,Bangalore,Lazeez,500,4.2,"North Indian,Mughlai",12.9352,77.6245,Locality (matched)
3531,Shivajinagar,Pune,Marrakesh,300,4,"Lebanese,North Indian,Afghani,Mughlai,Combo,Biryani,Kebabs,Mediterranean,Arabian,Middle Eastern,Desserts",18.5308,73.8478,Locality (matched)
3549,Banjara Hills,Hyderabad,Keshav Reddy Sweets,150,4.2,"Sweets,Bakery,Desserts,Fast Food,Street Food,Chaat",17.4156,78.4347,Locality (matched)
3813,Gariahat,Kolkata,Kimli,600,4.4,"Chinese,Seafood",22.519,88.363,Locality (matched)
3830,Koregaon Park,Pune,Prem'S,1200,4.2,"North Indian,Chinese,Continental,Asian,Desserts,Beverages",18.5362,73.8938,Locality (matched)
3835,Deccan Gymkhana,Pune,The Chocolate Room,450,2.9,"Desserts,Continental,Fast Food",18.5162,73.8397,Locality (matched)
3855,Koregaon Park,Pune,Uncle'S Chinese,350,4.1,"Chinese,Thai,Malaysian",18.5362,73.8938,Locality (matched)
3889,Jayanagar,Bangalore,House Of Kebab'S,500,3.7,"North Indian,Chinese,Biryani",12.925,77.5938,Locality (matched)
3914,Karkhana,Hyderabad,Oh So Stoned,300,3.9,Ice Cream  Desserts,17.447,78.5,Locality (matched)
4051,Kothrud,Pune,Zest Cafe Bar,250,4.2,"Chinese,Fast Food",18.5074,73.8077,Locality (matched)
4064,Koregaon Park,Pune,Seven - Shawarma And Burgers,250,3.9,"Lebanese,Fast Food,Snacks,Arabian",18.5362,73.8938,Locality (matched)
4086,Kothrud,Pune,Rushhrs,250,4.3,"Salads,Healthy Food",18.5074,73.8077,Locality (matched)
4087,Erandwane,Pune,Aroma'S Hyderabad House - Karve Road,400,4.2,"Biryani,Mughlai,North Indian,Chinese",18.5089,73.83,Locality (matched)
4138,Koti,Hyderabad,Grand Hotel,300,4.1,"Biryani,Tandoor,Chinese,Indian,Kebabs,Desserts",17.3833,78.4794,Locality (matched)
4188,Dilsukhnagar,Hyderabad,Tipsy Topsy,250,3.7,Chinese  Italian  Desserts  Bakery  Fast Food,17.3687,78.5247,Locality (matched)
4248,Nagole,Hyderabad,Hotel Swagath Grand - Dhanturi Group Of Hotels,300,3.9,"Biryani,Chinese,South Indian,North Indian,Tandoor",17.38,78.559,Locality (matched)
4252,Chandrapuri Colony,Hyderabad,Hotel Sitara Grand - Dhanturi Group Of Hotels,300,3.8,"Biryani,Chinese,South Indian,North Indian,Tandoor",17.385,78.4867,City-level (approximate fallback)
4256,Kothapet,Hyderabad,Nakshatra Inn Multi Cuisine Restaurant,300,3.8,"Biryani,Chinese,North Indian,South Indian",17.3745,78.531,Locality (matched)
4320,Narayanguda,Hyderabad,Mehfil,300,3.9,"Biryani,Tandoor,Chinese,Indian,Kebabs,Desserts",17.4013,78.4913,Locality (matched)
4338,Fc Road,Pune,The Burger Barn Cafe,300,4.1,"American,Fast Food",18.5236,73.841,Locality (matched)
4429,Park Street Area,Kolkata,Sip & Sandwich,300,2.9,Pastas  Beverages  Fast Food,22.552,88.352,Locality (matched)
4430,Beniapukur,Kolkata,Shiraz Golden Restaurant,500,4.4,"Biryani,Mughlai,North Indian,Indian,Kebabs,Tandoor",22.546,88.368,Locality (matched)
4484,Park Street Area,Kolkata,Mocambo,1500,4.4,"North Indian,Biryani,Continental,Italian",22.552,88.352,Locality (matched)
4558,Bidhannagar,Kolkata,The Scoop,400,4.1,"North Indian,Chinese,South Indian,Fast Food",22.585,88.418,Locality (matched)
4565,Bidhannagar,Kolkata,Kaafila,1600,3.9,"Mughlai,North Indian",22.585,88.418,Locality (matched)
4587,Bidhannagar,Kolkata,Ranjan'S,200,4.2,"North Indian,Chinese",22.585,88.418,Locality (matched)
4599,Bidhannagar,Kolkata,Balle Balle Dhaba,500,4.1,"North Indian,Punjabi,Biryani",22.585,88.418,Locality (matched)
4600,Bidhannagar,Kolkata,Le Coffee Creme,600,3.9,"Combo,Chinese,Continental,Italian,Fast Food,Mexican",22.585,88.418,Locality (matched)
4614,Himayatnagar,Hyderabad,Crystal Restaurant,350,3.9,"Biryani,North Indian,Chinese",17.4008,78.4813,Locality (matched)
4650,New Nallakunta,Hyderabad,Bawarchi,300,3.9,"Biryani,Tandoor,Chinese,Indian,Desserts,Kebabs,Mughlai",17.403,78.495,Locality (matched)
4739,Sivanchetti Gardens,Bangalore,The Grill House - Steaks & Sizzlers,1100,4.2,"American,Steakhouse,Italian,Mexican,Continental,Mediterranean,Desserts,Grill,Salads,Pastas,Pizzas,Lebanese",12.9605,77.601,Locality (matched)
4774,Adikmet,Hyderabad,Us Pizza,200,3.2,"Italian,Pizzas,Fast Food,Beverages,Desserts",17.401,78.506,Locality (matched)
4776,Amberpet,Hyderabad,Surabhi Grand,300,4,"Mughlai,North Indian,Chinese,Seafood",17.398,78.513,Locality (matched)
4781,Himayatnagar,Hyderabad,Bluedragon By Mandilicious,300,4.2,Chinese,17.4008,78.4813,Locality (matched)
4783,Adikmet,Hyderabad,Frosty Den,200,2.2,"Ice Cream,Pizzas,Fast Food,Beverages,Desserts",17.401,78.506,Locality (matched)
4810,Banjara Hills,Hyderabad,Sitara Grand - Nizami Pakwaan,300,3.6,"Biryani,Chinese,South Indian,North Indian,Tandoor",17.4156,78.4347,Locality (matched)
4841,Karve Nagar,Pune,Cheesiano Pizza,500,3.9,"Italian,Pizzas,Fast Food",18.49,73.8163,Locality (matched)
4853,Domlur,Bangalore,Venus Biryani,200,4.1,Biryani,12.961,77.6387,Locality (matched)
4956,Andheri East,Mumbai,Rj Spice,450,4.1,Chinese  Thai  Fast Food,19.1136,72.8697,Locality (matched)
5107,Agarkar Nagar,Pune,Blue Nile,1000,4.2,"Biryani,Mughlai,Tandoor,Chinese,Desserts,Ice Cream,Beverages",18.533,73.879,Locality (matched)
5119,Koregaon Park,Pune,Arthur'S Theme,800,4.3,"Italian,European",18.5362,73.8938,Locality (matched)
5120,Mundhwa,Pune,Carnival Restaurant & Bar,1000,4.2,"North Indian,Chinese,Seafood,Continental",18.539,73.921,Locality (matched)
5139,Shivajinagar,Pune,Smokin' Joe'S,400,4,"American,Fast Food",18.5308,73.8478,Locality (matched)
5150,Mohammed Wadi,Pune,Chai - The Way You Like It,250,4,Fast Food,18.46,73.92,Locality (matched)
5157,Shivajinagar,Pune,Mainland China,850,4.4,"Chinese,Oriental,Thai,Pan-Asian,Seafood,Asian,Desserts",18.5308,73.8478,Locality (matched)
5172,Bandra Area,Mumbai,Theobroma,800,4.7,"Desserts,Bakery,Beverages",19.0596,72.8295,Locality (matched)
5208,Paschim Vihar,Delhi,Deli 63,400,2.9,"Street Food,Fast Food",28.6692,77.1013,Locality (matched)
5221,Malleshwaram,Bangalore,Food Paradise,326,3.9,"Mughlai,North Indian,Chinese,Fast Food",13.0035,77.5647,Locality (matched)
5247,Ashok Nagar,Bangalore,Corner House Ice Cream,250,4.7,"Ice Cream,Desserts",12.9843,77.5936,Locality (matched)
5251,Kalighat,Kolkata,Bachan'S Dhaba,250,4.3,"North Indian,Chinese",22.519,88.342,Locality (matched)
5255,Ballygunge,Kolkata,Mainland China,850,4.5,"Chinese,Oriental,Thai,Pan-Asian,Seafood,Asian,Desserts",22.528,88.366,Locality (matched)
5285,Lakdikapul,Hyderabad,Chicha'S,200,3.8,"Biryani,Hyderabadi,Indian,Street Food",17.403,78.465,Locality (matched)
5297,Deccan Gymkhana,Pune,Le Plaisir,1000,4.5,"Italian,Continental,European,Desserts",18.5162,73.8397,Locality (matched)
5370,Deccan Gymkhana,Pune,Cafe Goodluck,200,4.4,"North Indian,Fast Food,Biryani,Cafe,Snacks,Beverages,Bakery",18.5162,73.8397,Locality (matched)
5408,Camp,Pune,George Restaurant,600,4.3,"North Indian,Chinese,Biryani,Mughlai,Parsi,Fast Food",18.5122,73.879,Locality (matched)
5496,Camp,Pune,Marzorin,200,4.4,"Fast Food,Bakery,Beverages,Snacks,Desserts",18.5122,73.879,Locality (matched)
5504,Antop Hill,Mumbai,Monica Chinese Fast Food,350,3.9,Chinese,19.0224,72.858,Locality (matched)
5538,Kothapet,Hyderabad,Kinara Grand,750,3.9,"North Indian,Chinese,Biryani",17.3745,78.531,Locality (matched)
5549,New Tippasandra,Bangalore,Dal Roti Sabji,150,4.5,North Indian,12.9744,77.6511,Locality (matched)
5573,Ashok Nagar,Bangalore,Mainland China,850,4.3,"Chinese,Oriental,Thai,Pan-Asian,Seafood,Asian,Desserts",12.9843,77.5936,Locality (matched)
5582,Vasanth Nagar,Bangalore,Shezan,600,4.3,"North Indian,Chinese,Continental,Mughlai",12.9899,77.5926,Locality (matched)
5596,Vasanth Nagar,Bangalore,Dolci Desserts,600,4.5,"Desserts,Pastas",12.9899,77.5926,Locality (matched)
5624,Deccan Gymkhana,Pune,Subway,350,4.4,"Fast Food,Healthy Food,Salads,Snacks,Desserts,Beverages",18.5162,73.8397,Locality (matched)
5691,Bandra Area,Mumbai,Smoke House Deli,600,4.4,"European,Italian,American,Pastas,Salads,Juices,Desserts,Combo",19.0596,72.8295,Locality (matched)
5743,Bhawani Peth,Pune,Madinah,200,4,"Mughlai,North Indian,Chinese,Biryani",18.504,73.866,Locality (matched)
5802,Bidhannagar,Kolkata,First Innings - The Stadel Hotel,800,4.5,"North Indian,Chinese,Continental",22.585,88.418,Locality (matched)
5862,Basheer Bagh,Hyderabad,Meghacity,500,4.4,"North Indian,Chinese",17.4001,78.474,Locality (matched)
5878,Kalyani Nagar,Pune,Salad Grills,300,4.3,"Healthy Food,Salads,Fast Food,Continental,North Indian,Chinese",18.5479,73.9014,Locality (matched)
5882,Ashok Nagar,Bangalore,Oh! Calcutta,800,4.3,Bengali,12.9843,77.5936,Locality (matched)
5893,Shankarapura,Bangalore,Polar Bear,300,4.5,"Desserts,Fast Food",12.945,77.572,Locality (matched)
5908,Vasanth Nagar,Bangalore,Miller'S 46,1100,4.4,"Steakhouse,American,Continental",12.9899,77.5926,Locality (matched)
5916,Sivanchetti Gardens,Bangalore,Carnival De Goa,500,4.1,"Goan,Mangalorean,Kerala,South Indian,Seafood,Coastal,Continental",12.9605,77.601,Locality (matched)
5989,Elgin,Kolkata,The Rouge,400,4.4,Desserts  Bakery,22.538,88.352,Locality (matched)
5994,Bidhannagar,Kolkata,The Darjeeling,500,4,"Chinese,Nepalese,Tibetan",22.585,88.418,Locality (matched)
6075,Paschim Vihar,Delhi,London Grill Co,500,4,"American,Healthy Food,Fast Food,Continental,Salads,Beverages,Desserts",28.6692,77.1013,Locality (matched)
6328,Mumbai,Mumbai,Mughal Fusions,300,3.9,"Mughlai,North Indian,Chinese,Seafood",19.076,72.8777,Locality (matched)
6329,Kurla West,Mumbai,Mughal Darbaar,300,3.7,"Mughlai,North Indian,Chinese,Seafood",19.07,72.879,Locality (matched)
6332,Saki Naka,Mumbai,Naaz Hotel,750,4.1,"Mughlai,North Indian,Chinese",19.1073,72.8873,Locality (matched)
6345,Teynampet,Chennai,Amaravathi,650,4.2,"Indian,Chinese,Andhra,Tandoor",13.0418,80.254,Locality (matched)
6358,Nandanam,Chennai,Eatalica,500,4.5,"Italian,American",13.033,80.242,Locality (matched)
6493,Rajajinagar,Bangalore,Kudla Beach,400,3.9,"North Indian,Chinese,Seafood,South Indian",12.9905,77.5554,Locality (matched)
6518,Langford Gardens,Bangalore,Rolls Kitchen,200,4.4,Fast Food,12.955,77.6023,Locality (matched)
6577,Punjagutta,Hyderabad,Zyqa Restaurant,200,4,"North Indian,Biryani,Chinese",17.4256,78.453,Locality (matched)
6585,Himayatnagar,Hyderabad,Sahara Bakers,200,3.8,"Bakery,Pizzas",17.4008,78.4813,Locality (matched)
6663,Kurla West,Mumbai,Mughal Dhaba,500,4,"Mughlai,North Indian,Chinese",19.07,72.879,Locality (matched)
6723,Deccan Gymkhana,Pune,Spring Onion,500,4.3,"Chinese,Thai,Pan-Asian,Seafood",18.5162,73.8397,Locality (matched)
6745,Koti,Hyderabad,Tibbs Frankie,150,4.3,Snacks,17.3833,78.4794,Locality (matched)
6775,Kalighat,Kolkata,Petuk,350,4,"Mughlai,Chinese,Fast Food",22.519,88.342,Locality (matched)
6850,Malleshwaram,Bangalore,Shanthi Sagar Grand,200,4,"North Indian,South Indian,Fast Food",13.0035,77.5647,Locality (matched)
6851,Abids,Hyderabad,Agrawala Sweets,250,4.3,"Sweets,Fast Food",17.3915,78.4756,Locality (matched)
6917,Powai,Mumbai,Eagle Boys Pizza,600,3.7,Pizzas  Fast Food,19.1176,72.906,Locality (matched)
6924,Richmond Town,Bangalore,Freshmenu,250,4.1,"Chinese,Continental,Italian,Mediterranean,Thai,Lebanese,American,Asian,Beverages,Bakery,Biryani,Desserts,Mexican,North Indian,Salads,Pizzas",12.9611,77.6033,Locality (matched)
7002,Himayatnagar,Hyderabad,Angaara,250,3.9,"Indian,Chinese,Tandoor",17.4008,78.4813,Locality (matched)
7029,Santacruz East,Mumbai,Golden Wave Restaurant,1000,2.9,"North Indian,Chinese,Continental",19.0822,72.8416,Locality (matched)
7199,Bidhannagar,Kolkata,Afraa Deli-Sector 1,700,4.3,"Continental,Fast Food,Italian,Beverages",22.585,88.418,Locality (matched)
7204,Bidhannagar,Kolkata, Conclave At Afraa,850,3.9,"Italian,Indian,Continental",22.585,88.418,Locality (matched)
7341,Ashok Nagar,Bangalore,Shiro,1400,4.4,"Japanese,Asian",12.9843,77.5936,Locality (matched)
7412,Khairtabad,Hyderabad,Paradise Biryani,400,3.9,Biryani  North Indian  Chinese,17.411,78.462,Locality (matched)
7415,Aundh,Pune,Delhi Kitchen,300,4,"Tandoor,North Indian,Biryani,Beverages,Desserts",18.559,73.808,Locality (matched)
7626,Vishnu Garden,Delhi,Sethi Restaurant,300,4,North Indian,28.639,77.094,Locality (matched)
7674,Beleghata,Kolkata,Mama Mia! - Italian Ice Creams,200,4.7,Ice Cream Cakes  Desserts  Bakery  Sweets  Beverages,22.562,88.39,Locality (matched)
7689,Lake Town,Kolkata,Buddha Bites-Jessore Road,300,3.7,"Chinese,Asian,Fast Food,Snacks,Tibetan",22.605,88.395,Locality (matched)
7776,Gopalapuram,Chennai,The Kati Roll Shop,250,4.3,Street Food,13.045,80.257,Locality (matched)
7784,Powai Area,Mumbai,Asia Kitchen By Mainland China,850,4.3,"Asian,Chinese,Oriental",19.1176,72.906,Locality (matched)
7826,Alwarpet,Chennai,Benjarong,1500,4.6,Thai,13.0339,80.254,Locality (matched)
7828,Mylapore,Chennai,Kaaraikudi,500,3.6,Chettinad,13.0339,80.2695,Locality (matched)
7859,Central Markt Punjabi Bagh,Delhi,Wok In The Clouds,1500,4.5,"North Indian,Chinese,Thai,Continental",28.665,77.131,Locality (matched)
7898,Golpark,Kolkata,Crossroad Crystal - Golpark,350,4.1,"Indian,Chinese,Bengali",22.517,88.363,Locality (matched)
7940,Andheri East,Mumbai,99 East,300,2.9,North Indian  Chinese  Seafood,19.1136,72.8697,Locality (matched)
8009,Pashan,Pune,Saffron Multicuisine,400,4.5,"Mughlai,North Indian,Chinese,Seafood,Tandoor",18.537,73.797,Locality (matched)
8040,South Kolkata,Kolkata,Second House,500,2.9,"North Indian,Chinese,Kebabs,Biryani,Mughlai",22.5,88.345,Locality (matched)
8046,Gariahat,Kolkata,Santa'S Fantasea,1200,4.3,"Tribal,Seafood,Chinese",22.519,88.363,Locality (matched)
8093,Punjagutta,Hyderabad,Akson Restaurant,250,4.3,"North Indian,Biryani,Kerala",17.4256,78.453,Locality (matched)
8139,Kotturpuram,Chennai,Ciclo Cafe,1100,4.4,"Continental,Italian,Italian-American",13.027,80.241,Locality (matched)
8175,Paschim Vihar,Delhi,Chawla Kitchen,500,3.8,"Chinese,Mughlai,Indian,Snacks,Popular Brand Store,Fast Food",28.6692,77.1013,Locality (matched)
8205,Habsiguda,Hyderabad,Taste Of India,600,4.2,"North Indian,Chinese,Continental",17.4055,78.546,Locality (matched)
8213,Uppal,Hyderabad,Crunchy'S,150,3.8,"Italian,American",17.4062,78.559,Locality (matched)
8241,Indiranagar,Bangalore,Paris Panini - French Street Food,450,4.4,"French,Street Food",12.9719,77.6412,Locality (matched)
8272,Alwarpet,Chennai,Ashvita Bistro,500,4.1,"Continental,Asian",13.0339,80.254,Locality (matched)
8275,Alwarpet,Chennai,Gogo Momo,350,4.2,Chinese,13.0339,80.254,Locality (matched)
8323,Punjabi Bagh,Delhi,Blue Water Grille,600,3.9,"North Indian,Chinese,Continental,Fast Food",28.665,77.131,Locality (matched)
8469,Kasba,Kolkata,Sheerazi,350,4.3,"North Indian,Chinese",22.514,88.38,Locality (matched)
8501,Alwarpet,Chennai,Dhabba Express,500,4,"Punjabi,North Indian,Chinese",13.0339,80.254,Locality (matched)
8587,Barabazar Market,Kolkata,Royal Indian Hotel,450,4.3,"North Indian,Biryani,Mughlai",22.572,88.351,Locality (matched)
8687,Manicktala,Kolkata,Urbans Cafe,350,4.2,"Chinese,Mexican,Continental",22.587,88.376,Locality (matched)
8688,Punjagutta,Hyderabad,Friends Shawarma,200,4.3,Lebanese,17.4256,78.453,Locality (matched)
8698,Maniktala,Kolkata,New Paul Dhaba,400,3.9,"North Indian,Chinese",22.587,88.376,Locality (substring match: 'maniktala main rd')
8708,Esplanade,Kolkata,Lazzat,300,4.1,Chinese,22.565,88.352,Locality (matched)
8751,Kankurgachi,Kolkata,Caafe 360 Degree- Kakurgachi,500,3.9,"Italian,Chinese",22.585,88.39,Locality (matched)
8766,Ashok Nagar,Bangalore,Beijing Bites,450,4.2,Chinese,12.9843,77.5936,Locality (matched)
8856,Thousand Lights,Chennai,Ox & Tomato,500,4.4,"Italian,Pizzas,Pastas,Desserts,Continental,Salads",13.0569,80.254,Locality (matched)
8894,Mylapore,Chennai,Fresh Baked Goodness,250,4.7,Bakery,13.0339,80.2695,Locality (matched)
8912,Taltala,Kolkata,Subway,350,4.3,Fast Food  Healthy Food  Salads  Snacks  Desserts  Beverages,22.562,88.358,Locality (matched)
8952,Alwarpet,Chennai,Absolute Thai,1400,4.4,"Thai,Pan-Asian",13.0339,80.254,Locality (matched)
9014,West Marredpally,Hyderabad,Triple A Bakery,100,3.9,Italian  Bakery,17.446,78.5,Locality (matched)
9035,Powaiandheri East,Mumbai,Forks And Spoons (Gourmet Chinese & Thai),200,4.1,"Chinese,Thai,Pan-Asian,Oriental,Beverages,Snacks,Seafood,Mughlai,Tibetan,Combo,European,Turkish,Asian,British,Salads,German",19.1136,72.8697,Locality (substring match: 'andheri east')
9052,Santacruz East,Mumbai,Subway,350,4.4,"Fast Food,Salads,Snacks,Desserts,Beverages",19.0822,72.8416,Locality (matched)
9058,Thousand Lights,Chennai,Sandy'S,700,4.3,"Desserts,Continental",13.0569,80.254,Locality (matched)
9098,Nungambakkam,Chennai,Mexicano Griller,800,3.9,"Mexican,Continental",13.0569,80.2425,Locality (matched)
9104,Vasanth Nagar,Bangalore,Rolls On Wheels,300,4.3,Fast Food,12.9899,77.5926,Locality (matched)
9113,Thousand Lights,Chennai,Tuscana Pizzeria,1200,4.1,Italian,13.0569,80.254,Locality (matched)
9121,Thousand Lights,Chennai,Mamagoto,900,4.3,"Chinese,Asian,Pan-Asian,Thai,Oriental",13.0569,80.254,Locality (matched)
9127,Nungambakkam,Chennai,Eatza Pizza,600,4.1,"Italian,Pizzas",13.0569,80.2425,Locality (matched)
9215,Bidhannagar,Kolkata,Veg Dhaba,100,4,"North Indian,Indian,Combo,Chinese,Healthy Food",22.585,88.418,Locality (matched)
9235,Kasba,Kolkata,Glace Patisserie,250,4.4,"Desserts,Bakery,Salads,Continental,Fast Food,Snacks,Pastas",22.514,88.38,Locality (matched)
9250,Gopalapuram,Chennai,Bayleaf Otg (On The Go),250,4.4,"Bengali,North Indian,Biryani,Street Food",13.045,80.257,Locality (matched)
9292,Murad Nagar,Hyderabad,Food Zone 2,300,4,"Mughlai,Chinese,Tandoor",17.376,78.485,Locality (matched)
9304,Redhills,Hyderabad,Rayalaseema Ruchulu,450,4,"South Indian,Biryani,Rayalaseema",17.402,78.461,Locality (matched)
9317,Andheri East,Mumbai,Food Rush,550,4,"Mughlai,North Indian,Chinese",19.1136,72.8697,Locality (matched)
9344,Vadapalani,Chennai,King Sandwich,200,4.3,Fast Food,13.0503,80.2121,Locality (matched)
9368,Alwarpet,Chennai,Sachin Ka Dhabba,500,4.1,"Punjabi,North Indian,Chinese",13.0339,80.254,Locality (matched)
9371,Mohammed Wadi,Pune,Big Daddy'S,250,4.1,"Fast Food,American,Italian,Beverages",18.46,73.92,Locality (matched)
9390,Garfa,Kolkata,Maa Trinayani,200,4.2,"Mughlai,Indian,Chinese,Biryani",22.504,88.382,Locality (matched)
9415,Ashok Nagar,Bangalore,Smoor,300,4.3,"Desserts,Asian,Beverages,Bakery,Italian,Continental,Pizzas,Italian-American",12.9843,77.5936,Locality (matched)
9454,Kothrud,Pune,Cafe Eastwood,700,4.4,"North Indian,Continental",18.5074,73.8077,Locality (matched)
9476,Kondhwa,Pune,Jazz Pizza,300,3.9,"Italian,Pizzas,Fast Food",18.4633,73.893,Locality (matched)
9502,T. Nagar,Chennai,10 Downing Street,1000,4,"Indian,Continental,Tandoor",13.0418,80.2341,Locality (matched)
9577,Marol Sakinaka,Mumbai,The Bar Stock Exchange,1300,2.9,"North Indian,Mexican,Continental,Italian",19.1073,72.8873,Locality (matched)
9739,Pitampura,Delhi,Mikky Peshawari Chicken & Fish (Since 1998),250,4,"North Indian,Mughlai,Tandoor,Kebabs,Indian,Beverages,Biryani,Punjabi,Seafood,Afghani,Thalis,Combo,Snacks,Barbecue,Home Food,Lucknowi",28.6942,77.131,Locality (matched)
9755,Pitam Pura,Delhi,Shake Square,250,3.9,"Ice Cream,Beverages,Fast Food,Italian,Desserts",28.6942,77.131,Locality (matched)
9757,Pitam Pura,Delhi,Shut Up & Eat,250,4.1,Indian,28.6942,77.131,Locality (matched)
9777,Near Rupbani Cinema,Kolkata,Koshe Kosha-Hatibagan,500,4.4,Bengali,22.5726,88.3639,City-level (approximate fallback)
9781,Bhowanipore,Kolkata,Bikers Cafe,1100,4.2,"Italian,Desserts,Continental",22.527,88.345,Locality (matched)
9782,Bidhannagar,Kolkata,Legacy Of China,400,4.1,"North Indian,Chinese,Fast Food",22.585,88.418,Locality (matched)
9786,East Kolkata Township,Kolkata,Royal Jade,450,4.5,Chinese,22.535,88.415,Locality (matched)
9850,Thousand Lights,Chennai,The Marina,1500,4.4,Seafood,13.0569,80.254,Locality (matched)
9862,Santacruz East,Mumbai,Pizza Hut,300,3.8,"Pizzas,Fast Food",19.0822,72.8416,Locality (matched)
9883,Vadapalani,Chennai,Hotel Pandia'S,400,4.2,"Chettinad,North Indian,Chinese,South Indian,Biryani",13.0503,80.2121,Locality (matched)
9911,Ashok Nagar,Bangalore,Fresh Pressery Cafe,1000,4.2,"Italian,Salads,Healthy Food,French",12.9843,77.5936,Locality (matched)
9923,Thousand Lights,Chennai,Bombay Brasserie,900,4.3,Indian,13.0569,80.254,Locality (matched)
9932,Mylapore,Chennai,Kaidi Kitchen,900,4.5,"North Indian,Chinese,Mexican,Italian,Thai,Lebanese",13.0339,80.2695,Locality (matched)
9979,South Kolkata,Kolkata,Chopstick - Ballygunge,400,3.7,Chinese,22.5,88.345,Locality (matched)
9984,Lake Town,Kolkata,Chennai Xpress,300,4.1,"South Indian,North Indian,Chinese,Beverages",22.605,88.395,Locality (matched)
10062,Somajiguda,Hyderabad,Kritunga Restaurant,500,4,"Biryani,Andhra,Rayalaseema,South Indian,North Indian,Chinese",17.423,78.459,Locality (matched)
10085,Murad Nagar,Hyderabad,Bakers Street,250,4.2,Bakery  Continental,17.376,78.485,Locality (matched)
10094,Pulikeshi Nagar,Bangalore,Delicacy,400,4.2,"Chinese,Thai",12.995,77.61,Locality (matched)
10113,Anna Nagar,Chennai,Coco Jaunt 1728,500,4.3,"Bakery,Cafe",13.085,80.2101,Locality (matched)
10178,Kilpauk,Chennai,Parfait Cakes N Bakes,300,3.5,"Bakery,Desserts",13.085,80.241,Locality (matched)
10186,Kilpauk,Chennai,Wangs Kitchen,350,4.1,"Chinese,Fast Food,Asian",13.085,80.241,Locality (matched)
10208,Rohini,Delhi,Burger King,350,4.3,"American,Fast Food",28.7041,77.1025,Locality (matched)
10212,Ashok Nagar,Bangalore,Hotel Tom'S Restaurant,400,4.4,"Mangalorean,Biryani,Seafood,Chinese,North Indian,Desserts,South Indian,Combo",12.9843,77.5936,Locality (matched)
10238,Ashok Nagar,Bangalore,Smoke House Deli,800,4.5,"European,Italian,American,Pastas,Salads,Juices,Desserts,Combo",12.9843,77.5936,Locality (matched)
10275,Anna Nagar,Chennai,Kim Ling,800,4.4,Chinese,13.085,80.2101,Locality (matched)
10285,Rohini,Delhi,Bombay Indianese Treat,300,2.9,Chinese,28.7041,77.1025,Locality (matched)
10298,Sector 7 Rohini,Delhi,Chalte Firte Momos & Special Foods,200,3.8,"Chinese,Fast Food,North Indian",28.718,77.122,Locality (matched)
10312,Sector 8 Rohini,Delhi,Patiala Shahi Chicken Corner,400,4.1,"North Indian,Beverages",28.713,77.126,Locality (matched)
10323,Prashant Vihar Rohini,Delhi,Subway,350,4.1,"Fast Food,Salads,Snacks,Desserts,Beverages",28.705,77.135,Locality (matched)
10327,Sector 14 Rohini,Delhi,Pooran'S Ambala Wale,250,4,"North Indian,Chinese",28.73,77.125,Locality (matched)
10336,Rohini,Delhi,Chit Chat,300,4.3,"North Indian,Chinese",28.7041,77.1025,Locality (matched)
10362,Shyam Bazar,Kolkata,Aminia- Hatibagan,500,4.3,"Biryani,Mughlai,North Indian,Indian,Kebabs,Tandoor",22.599,88.372,Locality (matched)
10367,Shyam Bazar,Kolkata,Pizza Hut,350,4.1,Fast Food  Pizzas,22.599,88.372,Locality (matched)
10376,Jodhpur Park,Kolkata,Hanglaatherium,350,4.3,"Biryani,Indian",22.503,88.362,Locality (matched)
10389,Prashant Vihar Rohini,Delhi,Bombay Bar-Be-Que,400,4.2,Indian,28.705,77.135,Locality (matched)
10475,Kachiguda,Hyderabad,Urban Munchies,150,2.9,"Ice Cream,Desserts",17.3843,78.5013,Locality (matched)
10485,Visharant Wadi,Pune,Rk Pure Veg,300,3.8,"Mughlai,North Indian,Chinese",18.567,73.872,Locality (matched)
10502,Visharant Wadi,Pune,Afc American Fried Chicken,300,4,Fast Food,18.567,73.872,Locality (matched)
10522,Park Street Area,Kolkata,Flurys Park Street,1000,4.5,Continental,22.552,88.352,Locality (matched)
10525,Ballygunge,Kolkata,The Wall,1300,4.1,"Chinese,Seafood,Thai,Japanese",22.528,88.366,Locality (matched)
10537,Mylapore,Chennai,Grill Box,600,4.3,"Tandoor,North Indian,Chinese,South Indian",13.0339,80.2695,Locality (matched)
10549,Bkc,Mumbai,Brijwasi Sweets Original Since 1946,150,4.2,"Street Food,Desserts,Sweets",19.0668,72.8681,Locality (matched)
10575,Langford Gardens,Bangalore,Pizza Hut,600,3.8,"Pizzas,Fast Food",12.955,77.6023,Locality (matched)
10601,Ballygunge,Kolkata,6 Ballygunge Place Ballygunge,1000,4.5,Bengali,22.528,88.366,Locality (matched)
10730,Banjara Hills,Hyderabad,Radisson Blu Plaza Delivery,1200,3.7,"Chinese,Biryani,North Indian",17.4156,78.4347,Locality (matched)
10731,Near 7 Point Crossing,Kolkata,Arsalan Park Circus,700,4.3,Biryani  Mughlai  North Indian  Indian  Kebabs  Tandoor  Awadhi,22.5726,88.3639,City-level (approximate fallback)
10750,Lakdikapul,Hyderabad,Shahji Ka Dhaba,400,4.3,"North Indian,Chinese",17.403,78.465,Locality (matched)
10806,Andheri East,Mumbai,Gurukripa,500,4.3,North Indian  Chinese  Seafood,19.1136,72.8697,Locality (matched)
10834,T. Nagar,Chennai,Basil With A Twist,1500,4.1,"Continental,European,Salads,Italian",13.0418,80.2341,Locality (matched)
10847,Gultekdi,Pune,Kaveri,500,4.2,"Maharashtrian,Punjabi,Seafood",18.488,73.867,Locality (matched)
10852,Hadapsar,Pune,Indian Tadka - Taste Punjab Da,300,3.9,"North Indian,Indian,Biryani,Chinese,Punjabi",18.5089,73.926,Locality (matched)
10855,Ballygunge,Kolkata,Wise Owl Steak House,1000,4,"Continental,European",22.528,88.366,Locality (matched)
10951,Mumbai,Mumbai,Hanuman Restaurant,700,4.5,"Street Food,North Indian,Chinese,South Indian,Fast Food",19.076,72.8777,Locality (matched)
10972,Andheri East,Mumbai,Cocoon - Dragonfly Hotel,400,4.4,North Indian  Chinese,19.1136,72.8697,Locality (matched)
11043,Alwarpet,Chennai,Truly Scrumptious,350,4.5,"Ice Cream,Desserts,Bakery",13.0339,80.254,Locality (matched)
11051,Kodambakkam,Chennai,Midnight Masala,300,3.8,"North Indian,Chinese,Biryani",13.05,80.2241,Locality (matched)
11092,Banjara Hills,Hyderabad,Karachi Bakery Banjara,200,4.1,"Bakery,Pizzas,Snacks,Chinese,Italian,American,Sweets,Desserts,Beverages",17.4156,78.4347,Locality (matched)
11162,Dilsukhnagar,Hyderabad,Desi Pizza,200,3.9,Pizzas,17.3687,78.5247,Locality (matched)
11188,Bibwewadi,Pune,Khushboo,500,4.3,"North Indian,Chinese,Fast Food",18.475,73.863,Locality (matched)
11316,Anna Nagar,Chennai,Mainland China,850,4.3,"Chinese,Oriental,Thai,Pan-Asian,Seafood,Asian,Desserts",13.085,80.2101,Locality (matched)
11322,Kodambakkam,Chennai,Kairali Kerala Mess,200,4.1,Kerala,13.05,80.2241,Locality (matched)
11510,Khar West,Mumbai,Cairo Grill,400,3.8,Lebanese  Middle Eastern,19.0696,72.8355,Locality (matched)
11553,Habsiguda,Hyderabad,Suruchi - The Family Restaurant,500,4.2,"Biryani,North Indian,Chinese",17.4055,78.546,Locality (matched)
11615,Park Street Area,Kolkata,The 6 Russell Street,300,3.8,"Street Food,Chinese",22.552,88.352,Locality (matched)
11723,Gandhi Nagar,Chennai,Swiss Hutte,1200,2.9,"Mediterranean,Seafood,Thai",13.008,80.257,Locality (matched)
11834,Punjabi Bagh,Delhi,Grillz N Gravy,500,2.9,"Chinese,Mughlai,Indian",28.665,77.131,Locality (matched)
11858,Ballygunge,Kolkata,The Corner Courtyard,1100,3.6,"Italian,Continental",22.528,88.366,Locality (matched)
11929,Chembur,Mumbai,Blisss,300,4.3,Desserts  Fast Food  Bakery,19.0522,72.9006,Locality (matched)
11941,Chembur,Mumbai,The Golden Wok,1200,4.2,"Chinese,Seafood",19.0522,72.9006,Locality (matched)
11943,Chembur,Mumbai,Singh Saab,600,4.1,"North Indian,Chinese,Biryani,Punjabi,Desserts,Pan-Asian,Tandoor,Combo,Beverages,Indian,Grill",19.0522,72.9006,Locality (matched)
12020,Sector 11 Rohini,Delhi,U.S. Burger Point,200,3.7,Italian,28.718,77.11,Locality (matched)
12046,Himayatnagar,Hyderabad,Subway,350,4.3,"Fast Food,Salads,Snacks,Desserts,Beverages",17.4008,78.4813,Locality (matched)
12054,Wanowrie,Pune,The Garage Grill,400,4.3,"Mughlai,Street Food",18.4934,73.889,Locality (matched)
12181,Kasba Peth,Pune,Coconut Grove,1000,2.9,"Chettinad,North Indian,Mangalorean,Seafood",18.517,73.857,Locality (matched)
12401,Ashok Nagar,Bangalore,Portland Steak House,1500,4.1,"American,European",12.9843,77.5936,Locality (matched)
12434,Mumbai,Mumbai,J.J Jalebi,100,3.6,"Desserts,Sweets",19.076,72.8777,Locality (matched)
12457,Park Street Area,Kolkata,Flavours Of China,1000,4.5,"North Indian,Chinese",22.552,88.352,Locality (matched)
12458,Park Street Area,Kolkata,One Step Up,800,4.6,Continental,22.552,88.352,Locality (matched)
12468,Mylapore,Chennai,The Brew Room,700,4.7,Continental,13.0339,80.2695,Locality (matched)
12614,Royapettah,Chennai,Hotel Millath,350,4.4,"Chinese,South Indian",13.0569,80.265,Locality (matched)
12624,Thousand Lights,Chennai,Amadora Gourmet Ice Creams,300,4.7,"Ice Cream,Desserts",13.0569,80.254,Locality (matched)
12785,Sector 10 Rohini,Delhi,Pind Balluchi,400,3.8,"Mughlai,North Indian",28.72,77.115,Locality (matched)
12952,Ballygunge,Kolkata,Zeeshan Park Circus,400,4.1,"Desserts,Mughlai,Indian,Tandoor",22.528,88.366,Locality (matched)
12953,College Square,Kolkata,Food Station College Street,500,4.5,Indian  Chinese  South Indian  Continental,22.575,88.363,Locality (matched)
13008,Anna Nagar,Chennai,Pantry D'Or,850,4.2,"Italian,Continental",13.085,80.2101,Locality (matched)
13079,Shalimar Bagh,Delhi,Chawla'S (Shalimar Bagh),400,4.2,"North Indian,Chinese",28.71,77.158,Locality (matched)
13103,Sector 10 Rohini,Delhi,Berco'S,600,4.1,"Chinese,Thai,Asian,Beverages,Desserts,Oriental,Seafood,Pan-Asian",28.72,77.115,Locality (matched)
13179,Kothapet,Hyderabad,Kritunga Restaurant,500,4,"Biryani,Andhra,Rayalaseema,South Indian,North Indian,Chinese",17.3745,78.531,Locality (matched)
13219,Koramangala,Bangalore,Bistro Oui,800,4.2,Continental,12.9352,77.6245,Locality (matched)
13320,Nungambakkam,Chennai,Kumarakom,450,4.3,"North Indian,Chinese,Kerala",13.0569,80.2425,Locality (matched)
13434,Masab Tank,Hyderabad,Cafe 555 & Aqeeq Restaurant,300,3.9,"Biryani,North Indian,Chinese",17.402,78.453,Locality (matched)
13488,Alwarpet,Chennai,Frootster,150,4.1,"Healthy Food,Fast Food,Beverages",13.0339,80.254,Locality (matched)
13500,Gopalapuram,Chennai,Mandarin Chinese Restaurant,350,4,Chinese,13.045,80.257,Locality (matched)
13506,Thousand Lights,Chennai,Rangi'S,500,4.3,Chinese,13.0569,80.254,Locality (matched)
13552,Banjara Hills,Hyderabad,Shadab Go,500,4.1,"North Indian,Biryani,Chinese",17.4156,78.4347,Locality (matched)
13571,Ballygunge,Kolkata,Haji Saheb Park Circus,800,4.2,"Mughlai,North Indian,Chinese",22.528,88.366,Locality (matched)
13578,Bidhannagar,Kolkata,The Sonnet,1200,2.9,"Indian,Chinese,Continental",22.585,88.418,Locality (matched)
13713,Thousand Lights,Chennai,Little Italy,1200,4.3,"Pizzas,Salads,Combo,Italian,Mexican,Desserts,Beverages",13.0569,80.254,Locality (matched)
13806,Santacruz East,Mumbai,Mr. Chows,800,4.4,"Chinese,Asian,Thai,Seafood",19.0822,72.8416,Locality (matched)
13940,Himayatnagar,Hyderabad,Eagles Pizza,150,3.7,Pizzas,17.4008,78.4813,Locality (matched)
14002,Jayamahal,Bangalore,Five Star Chicken,300,4.3,Biryani,12.9989,77.5959,Locality (matched)
14017,Thousand Lights,Chennai,Haagen Dazs,500,4.2,"Ice Cream,Desserts",13.0569,80.254,Locality (matched)
14107,Alwarpet,Chennai,Cafe De Paris,500,2.9,Continental,13.0339,80.254,Locality (matched)
14108,Alwarpet,Chennai,Sushi In A Box,1500,4.4,Japanese,13.0339,80.254,Locality (matched)
14133,New Alipore,Kolkata,New Punjabi Hotel Ajanta,300,4.2,"North Indian,Chinese",22.51,88.332,Locality (matched)
14160,Kondhwa,Pune,Shee Chinese,400,4.3,"Chinese,Asian,Thai",18.4633,73.893,Locality (matched)
14333,Andheri East,Mumbai,Cafe Coffee Day,300,3.9,Beverages  Snacks  Desserts,19.1136,72.8697,Locality (matched)
14725,Chetpet,Chennai,Le Wrap Factorie,200,4.4,"Mexican,Continental",13.07,80.244,Locality (matched)
14894,Madhura Nagar,Hyderabad,Rk Sweets And Juices,200,4.2,Sweets  Desserts  Bakery  Beverages,17.433,78.443,Locality (matched)
14920,Mylapore,Chennai,Pedreno'S,1000,4.1,"Italian,Italian-American,American",13.0339,80.2695,Locality (matched)
14941,Aminjikarai,Chennai,Cafe Toastie Express,250,4.2,Fast Food,13.073,80.226,Locality (matched)
15012,Lake Town,Kolkata,The Pind Punjabi Dhaba,500,4.3,"Punjabi,North Indian,Tandoor,Biryani,Combo",22.605,88.395,Locality (matched)
15071,Wanowrie,Pune,The Fat And The Sexy Chef,500,3.9,"American,Mexican",18.4934,73.889,Locality (matched)
15083,Wadgaon Sheri,Pune,The Bohemian Kitchen,300,4.5,"American,Italian,Fast Food",18.554,73.911,Locality (matched)
15089,Anand Nagar,Pune,One Way Paratha,250,4.3,"North Indian,Fast Food",18.5,73.86,Locality (matched)
15092,Anand Nagar,Pune,Pizza & Soup,500,2.9,"Italian,Pizzas,Fast Food",18.5,73.86,Locality (matched)
15121,Kothrud,Pune,Sudit Su'S Chinese,350,4,Chinese,18.5074,73.8077,Locality (matched)
15234,Paschim Vihar,Delhi,Hong Kong Express,450,4.3,"Chinese,Thai",28.6692,77.1013,Locality (matched)
15265,Beleghata,Kolkata,Bake O Cake,400,4.2,"Bakery,Continental,Fast Food,Desserts",22.562,88.39,Locality (matched)
15268,Bhowanipore,Kolkata,The Country House,500,4.3,Continental  Italian  Fast Food  Beverages  Desserts,22.527,88.345,Locality (matched)
15287,Andheri East,Mumbai,Punjab Depot,249,3.9,"North Indian,Tandoor,Mughlai,Biryani,Snacks,Desserts,Beverages,Combo",19.1136,72.8697,Locality (matched)
15367,Chembur,Mumbai,Art House - The Fern Residency,800,2.9,Chinese  North Indian  Continental  Pan-Asian  Italian  American  Tandoor  Fast Food  Desserts,19.0522,72.9006,Locality (matched)
15372,Sion,Mumbai,Central Peninsula,400,4.4,"North Indian,Chinese,South Indian",19.0448,72.8619,Locality (matched)
15409,Dum Dum,Kolkata,Noodle Oodle,600,4.1,Chinese,22.642,88.42,Locality (matched)
15420,Elgin,Kolkata,Handa'S Restaurant,300,3,Indian  Chinese  Fast Food,22.538,88.352,Locality (matched)
15553,Poongavanapuram,Chennai,Anjappar,600,4,"North Indian,Chinese,Chettinad,South Indian,Seafood",13.0827,80.2707,City-level (approximate fallback)
15567,Egmore,Chennai,Ponnusamy Hotel,600,4.2,"Biryani,South Indian,Tandoor",13.0732,80.2609,Locality (matched)
15617,Yerawada,Pune,Exotica,1100,4.1,"North Indian,Chinese,Mediterranean,Continental",18.558,73.883,Locality (matched)
15666,Rohini,Delhi,Behrouz Biryani,500,4.2,"Biryani,Mughlai,Lucknowi,Hyderabadi,Kebabs,North Indian,Persian,Desserts",28.7041,77.1025,Locality (matched)
15706,Park Street Area,Kolkata,Oasis,900,4.3,"Indian,Chinese,Continental",22.552,88.352,Locality (matched)
15794,Sion,Mumbai,Hazara Restaurant & Bar,600,4,Mughlai  North Indian  Chinese  Seafood,19.0448,72.8619,Locality (matched)
15837,Bandra Area,Mumbai,Pizzaexpress,1000,4.2,"Pizzas,Pastas,Italian,European,Salads,Continental,Desserts,Beverages",19.0596,72.8295,Locality (matched)
15846,Rohini,Delhi,Faasos,200,4.1,"Combo,Snacks,Beverages,Desserts,Indian",28.7041,77.1025,Locality (matched)
15923,Choolaimedu,Chennai,Cafe Chef'S Paradise,450,4.2,"Italian,Chinese,Continental,Indian",13.064,80.228,Locality (matched)
15955,Sadashiv Peth,Pune,Hotel Malwani Solkadi,500,2.9,Maharashtrian,18.5122,73.852,Locality (matched)
15963,T. Nagar,Chennai,New Andhra Meals Hotel,400,4.4,"Andhra,South Indian",13.0418,80.2341,Locality (matched)
16022,New Nallakunta,Hyderabad,New Astoria Restaurant,450,3.8,"Chinese,Biryani",17.403,78.495,Locality (matched)
16102,Taltala,Kolkata,Kasturi Restaurant,500,4.1,Bengali,22.562,88.358,Locality (matched)
16107,Ballygunge,Kolkata,Kasturi Restaurant,500,4.3,Bengali,22.528,88.366,Locality (matched)
16118,Kondhwa,Pune,Cafe Zam Zam,250,4.1,"Mughlai,North Indian,Chinese,Fast Food,Biryani",18.4633,73.893,Locality (matched)
16119,Anand Nagar,Pune,One Way Paratha,250,4.3,"North Indian,Fast Food",18.5,73.86,Locality (matched)
16141,T. Nagar,Chennai,Moonlight Takeaway & Delivery,250,4,"Indian,Chinese,Tandoor",13.0418,80.2341,Locality (matched)
16275,Sangamvadi,Pune,Taste Of Hyderabad,350,3.8,"Biryani,Hyderabadi,North Indian,Chinese,Beverages",18.533,73.876,Locality (matched)
16281,Shivajinagar,Pune,Fountain Family Rest O Bar,500,4.4,"North Indian,Chinese",18.5308,73.8478,Locality (matched)
16296,Gopalapuram,Chennai,Sera - The Tapas Bar & Restaurant,1000,4.1,"Chinese,Continental,Spanish",13.045,80.257,Locality (matched)
16328,Shobhabazar,Kolkata,C/O. Bangali,700,4.2,"Indian,Bengali,Continental",22.597,88.362,Locality (matched)
16341,Tangra,Kolkata,Kim Ling,600,4.3,"Chinese,Asian,Oriental,Pan-Asian,Thai,Seafood",22.546,88.396,Locality (matched)
16344,Tangra,Kolkata,Beijing,1200,4.2,"Chinese,Asian,Oriental,Pan-Asian,Thai,Seafood",22.546,88.396,Locality (matched)
16392,Richmond Town,Bangalore,Kabab Magic,400,3.3,"North Indian,Chinese",12.9611,77.6033,Locality (matched)
16394,Banjara Hills,Hyderabad,Exotica,1000,4.5,"Indian,Chinese,North Indian,Punjabi,Tandoor,Kebabs,Biryani,Seafood,Oriental,Desserts,Sweets,Beverages,Combo",17.4156,78.4347,Locality (matched)
16448,Kothrud,Pune,Mirch Masala Resto Bar,800,4.5,"North Indian,Chinese",18.5074,73.8077,Locality (matched)
16472,Opp Padmashree Movie Hall,Kolkata,The Silk Route,400,3.5,Chinese,22.5726,88.3639,City-level (approximate fallback)
16489,Sarat Bose Rd,Kolkata,My Big Fat Belly,600,4.3,"Italian,American",22.5726,88.3639,City-level (approximate fallback)
16493,Kalighat,Kolkata,Overdose,400,3.9,Chinese,22.519,88.342,Locality (matched)
16498,Rajajinagar,Bangalore,Chickpet Donne Biriyani House,200,3.8,"Indian,Chinese",12.9905,77.5554,Locality (matched)
16506,Alwarpet,Chennai,Chap Chay - The Raintree,1200,4.4,"Chinese,Thai,Malaysian",13.0339,80.254,Locality (matched)
16536,Koregaon Park,Pune,Murphies,1100,3.9,"European,Italian,Continental,Healthy Food,Salads,Pizzas,Beverages",18.5362,73.8938,Locality (matched)
16561,Purasaiwakkam,Chennai,Tibbs Frankie,100,3.8,Fast Food,13.085,80.254,Locality (matched)
16577,Habsiguda,Hyderabad,Blr Food Kourt,250,4.1,"Biryani,Chinese,North Indian",17.4055,78.546,Locality (matched)
16617,Purasaiwakkam,Chennai,Ganga Sweets,250,4.5,"North Indian,South Indian,Sweets",13.085,80.254,Locality (matched)
16637,Bandra Area,Mumbai,Capital Social,500,4.3,"Indian,Chinese,South Indian,American,Kebabs,Mughlai,Biryani,Combo",19.0596,72.8295,Locality (matched)
16640,Santacruz East,Mumbai,Behrouz Biryani,500,4.1,"Biryani,Mughlai,Lucknowi,Hyderabadi,Kebabs,North Indian,Persian,Desserts",19.0822,72.8416,Locality (matched)
16659,Ballygunge,Kolkata,Chili'S American Grill & Bar,900,4.4,"American,Salads,Mexican,Italian,Steakhouse",22.528,88.366,Locality (matched)
16696,Gariahat,Kolkata,Fresh-N-Up,450,4.4,Chinese,22.519,88.363,Locality (matched)
16770,Koti,Hyderabad,Palace Heights,1700,3.8,"North Indian,Chinese,Biryani,Continental,Mughlai",17.3833,78.4794,Locality (matched)
16866,Rohini,Delhi,Pizza Hut,350,3.6,Pizzas,28.7041,77.1025,Locality (matched)
16930,Ballygunge,Kolkata,Azad Hind Dhaba-Ballygunge,400,4.3,North Indian,22.528,88.366,Locality (matched)
16974,Cit Nagar,Chennai,Karaikudi Chettinadu Restaurant,300,3.6,"Chettinad,Chinese,South Indian,Biryani,Tandoor",13.04,80.234,Locality (matched)
17106,Bhowanipore,Kolkata,Tgi Fridays,1000,4.2,"American,Mexican",22.527,88.345,Locality (matched)
17118,Ashok Nagar,Bangalore,Church Street Social,500,4.2,"Indian,Chinese,South Indian,American,Fast Food,Kebabs,Mughlai,Biryani,Combo",12.9843,77.5936,Locality (matched)
17150,Annanagar East,Chennai,Southern Chinese Restaurant,400,3.9,Chinese,13.087,80.22,Locality (matched)
17155,Chennai,Chennai,Olive And Basil,500,3.8,Chinese,13.0827,80.2707,Locality (matched)
17167,Indiranagar,Bangalore,Punjabi Rasoi,800,4.1,North Indian,12.9719,77.6412,Locality (matched)
17182,Nagole,Hyderabad,Amaravathi Family Restaurant,500,4.1,"Indian,Chinese,Tandoor",17.38,78.559,Locality (matched)
17183,Kothapet,Hyderabad,Spicy Hub,500,4,"North Indian,Chinese",17.3745,78.531,Locality (matched)
17196,Ghatkopar East,Mumbai,Oasiss Cakes & Icecreams,150,3.9,"Ice Cream,Desserts,Bakery",19.0857,72.9083,Locality (matched)
17304,Ganganagar,Bangalore,Kfc,400,3.9,"American,Fast Food,Snacks",13.0362,77.5921,Locality (matched)
17345,Huda Complex,Hyderabad,Papadams Blue,500,3.9,"Biryani,Chinese,Andhra,North Indian,South Indian,Tandoor",17.413,78.446,Locality (matched)
17346,Huda Complex,Hyderabad,Papadams Restaurant,500,3.8,"Biryani,Chinese,Andhra,North Indian,South Indian,Tandoor",17.413,78.446,Locality (matched)
17376,Ashok Nagar,Bangalore,Glen'S Bakehouse,500,4.3,"Desserts,Bakery",12.9843,77.5936,Locality (matched)
17395,Sadashiv Peth,Pune,Masemari - The Fishing,1000,2.9,"Maharashtrian,Malwani,Mangalorean,Goan,Konkan",18.5122,73.852,Locality (matched)
17407,Indiranagar,Bangalore,Cafe Terra,299,4.3,Continental,12.9719,77.6412,Locality (matched)
17456,Anna Nagar,Chennai,Sigree,700,4.4,"North Indian,Mughlai,Kebabs,Mediterranean,Greek,Turkish,Lebanese",13.085,80.2101,Locality (matched)
17466,Ramesh Nagar,Delhi,Nando'S,450,4.1,"Fast Food,Portuguese,African,Grill,Salads",28.654,77.112,Locality (matched)
17499,Santacruz East,Mumbai,Faasos,200,4.2,"Combo,Snacks,Beverages,Desserts,Indian",19.0822,72.8416,Locality (matched)
17595,Tangra,Kolkata,Khichdi Khichri,350,4.3,Indian,22.546,88.396,Locality (matched)
17602,Taltala,Kolkata,Don Giovanni'S,1300,4.2,"North Indian,Chinese,Italian,Pizzas,Thai",22.562,88.358,Locality (matched)
17629,New Tippasandra,Bangalore,Chakum Chukum,400,4.3,Chinese,12.9744,77.6511,Locality (matched)
17632,New Tippasandra,Bangalore,Waffle Magic,200,4.2,"Beverages,Desserts,Continental",12.9744,77.6511,Locality (matched)
17702,Santacruz East,Mumbai,Dumpling Khang,250,3.7,"Chinese,Tibetan,Street Food,Fast Food,Beverages",19.0822,72.8416,Locality (matched)
17895,Tiljala,Kolkata,Red Bamboo Shoot Restaurant,500,4.1,"Chinese,Thai",22.53,88.387,Locality (matched)
17901,Near City Centre 1 Petrol Pump,Kolkata,De Sovrani,800,2.9,"Indian,Chinese,Continental",22.5726,88.3639,City-level (approximate fallback)
17906,West Mambalam,Chennai,Chop 'N' Stix,500,4.3,Chinese,13.035,80.22,Locality (matched)
17907,Egmore,Chennai,Abid'S,700,4.5,"Arabian,Biryani,Chinese,Grill,Hyderabadi,Indian,North Indian,Tandoor",13.0732,80.2609,Locality (matched)
18007,Kachiguda,Hyderabad,Cafe Coffee Day,300,4.5,"Beverages,Snacks,Desserts",17.3843,78.5013,Locality (matched)
18012,Basheer Bagh,Hyderabad,Cafe Coffee Day,300,4.1,Beverages  Snacks  Desserts,17.4001,78.474,Locality (matched)
18049,Delhi,Delhi,Giri Momos Centre & Chinese Fast Food,300,3.9,Chinese,28.6139,77.209,Locality (matched)
18085,Narhe,Pune,Masala Mantra,500,4.3,"Maharashtrian,North Indian",18.446,73.811,Locality (matched)
18086,Kondhwa,Pune,Pizzarella,800,4,"Italian,Pizzas",18.4633,73.893,Locality (matched)
18087,Kothrud,Pune,Golden Dragon,400,4.1,Chinese,18.5074,73.8077,Locality (matched)
18090,Shivajinagar,Pune,Bamboo House,1000,4,"Mughlai,North Indian,Continental",18.5308,73.8478,Locality (matched)
18107,Bentinck St.,Kolkata,Bhojohori Manna,900,4.1,Bengali,22.567,88.355,Locality (matched)
18114,Shyambazar Crossing,Kolkata,Anir'S,500,4.2,"Indian,Chinese,Tandoor,Biryani,Fast Food,North Indian,Snacks",22.5726,88.3639,City-level (approximate fallback)
18182,Saki Naka,Mumbai,Hotel Dashmesh Punjab,500,2.9,North Indian  Chinese  Seafood,19.1073,72.8873,Locality (matched)
18333,T. Nagar,Chennai,Chocolate Fantasy,200,4.1,"Bakery,Desserts,American,Italian,Beverages",13.0418,80.2341,Locality (matched)
18359,Near Gurudas Park,Kolkata,Apu'S Kitchen Phool Bagan,300,4.2,"Indian,Chinese",22.5726,88.3639,City-level (approximate fallback)
18360,Elgin,Kolkata,Little Pleasures - Loudon Street,300,4.6,Desserts,22.538,88.352,Locality (matched)
18464,Indiranagar,Bangalore,Fresh Bites,200,4.1,"North Indian,South Indian,Chinese,Fast Food,Juices,Tandoor",12.9719,77.6412,Locality (matched)
18518,Machuabazar,Kolkata,Wow! Momo,300,4.3,"Tibetan,Healthy Food,Asian,Chinese,Snacks,Continental,Desserts,Beverages",22.585,88.361,Locality (matched)
18551,Nandanam,Chennai,Chamiers Cafe,1000,4.5,"Continental,Italian",13.033,80.242,Locality (matched)
18591,New Alipore,Kolkata,The Sushi Oke,1000,3.5,"Japanese,Sushi,Thai",22.51,88.332,Locality (matched)
18614,Sinhgad Road,Pune,Maurya Multi Cuisine Family Restaurant And Bar,1000,2.9,"North Indian,Chinese,Mexican,Continental,Mughlai,Thai",18.47,73.825,Locality (matched)
18620,Mangawadi,Pune,Akshay Court,550,2.9,"North Indian,Chinese,Seafood,Biryani",18.5204,73.8567,City-level (approximate fallback)
18693,Khar West,Mumbai,Shiv Sagar,250,4.4,South Indian  Continental  Beverages  Ice Cream,19.0696,72.8355,Locality (matched)
18808,Shaniwar Peth,Pune,Faasos,200,4.3,"Combo,Snacks,Beverages,Desserts,Indian",18.517,73.85,Locality (matched)
18828,Kondhwa,Pune,Cafe India,200,4.3,"Snacks,Fast Food,Street Food,Beverages",18.4633,73.893,Locality (matched)
18837,T. Nagar,Chennai,Zuka,800,4.5,"Desserts,Bakery",13.0418,80.2341,Locality (matched)
18846,Anna Nagar,Chennai,Parambriym,600,4.2,"Biryani,South Indian,Indian",13.085,80.2101,Locality (matched)
18851,Bowbazar,Kolkata,Masala Wok Bar & Kitchen,600,2.9,"Indian,Chinese",22.567,88.36,Locality (matched)
18853,Lake Town,Kolkata,Aatithya,400,2.9,"Chinese,Bengali",22.605,88.395,Locality (matched)
18856,Alipore,Kolkata,Red Kitchen & Lounge,1000,4,"North Indian,Chinese",22.533,88.33,Locality (matched)
18857,Ballygunge,Kolkata,Red Hot Chilli Pepper,1000,4.4,Chinese,22.528,88.366,Locality (matched)
18861,East Kolkata Township,Kolkata,The Howrah Bridge,250,4.2,"North Indian,Chinese,Fast Food,South Indian",22.535,88.415,Locality (matched)
18879,Central Market Punjabi Bagh,Delhi,Dimsum Vs Sushi,1100,4,"Japanese,Pan-Asian,Chinese",28.665,77.131,Locality (matched)
18945,Ghatkopar West,Mumbai,Rk Wine And Dine,700,4.3,"Mughlai,North Indian,Chinese",19.0864,72.9047,Locality (matched)
18981,Koramangala,Bangalore,Sultans Of Spice,599,4.3,"North Indian,Chinese,Biryani",12.9352,77.6245,Locality (matched)
18987,Indiranagar,Bangalore,Nandhana Palace,500,4.1,"Biryani,Andhra,South Indian,North Indian",12.9719,77.6412,Locality (matched)
19000,Anna Nagar,Chennai,Cafe Arabica,700,4.4,"Italian,Continental,Arabian,Bakery",13.085,80.2101,Locality (matched)
19009,Andheri East,Mumbai,Dimsum (Momo) Express,200,4.1,Asian,19.1136,72.8697,Locality (matched)
19172,Koramangala,Bangalore,30 Square,300,2.9,Chinese,12.9352,77.6245,Locality (matched)
19187,Anna Nagar West Extension,Chennai,Hotel Pentagon,350,4.1,"Chinese,North Indian,South Indian",13.087,80.197,Locality (matched)
19197,Ballygunge,Kolkata,China Whites,1000,4.1,"Indian,Chinese",22.528,88.366,Locality (matched)
19200,Park Street Area,Kolkata,Gabbar'S Bar & Kitchen,1400,2.9,"North Indian,Chinese",22.552,88.352,Locality (matched)
19212,Delhi,Delhi,Sfc Soya Chaap ( Shalimar Bagh),200,4.1,"Snacks,North Indian,Chinese,Fast Food,Indian,Kebabs",28.6139,77.209,Locality (matched)
19221,Sector 8 Rohini,Delhi,Rolls 57 By Vhc,150,2.9,"Italian,Snacks,Desserts,Continental,Beverages,Combo",28.713,77.126,Locality (matched)
19228,Paschim Vihar,Delhi,Sunil Momos.Com,300,3.3,Fast Food,28.6692,77.1013,Locality (matched)
19344,Kurla,Mumbai,Deluxe Restaurant,400,4.2,"Mughlai,Chinese",19.0728,72.8826,Locality (matched)
19450,Gariahat,Kolkata,Hungry Tide,350,4.5,"Chinese,Continental,Fast Food,Snacks",22.519,88.363,Locality (matched)
19515,Taltala,Kolkata,Mezban Ripon Street,300,3.9,"Indian,Biryani,Chinese,Tandoor",22.562,88.358,Locality (matched)
19518,Bhowanipore,Kolkata,Deli Cravings,650,4.2,"Italian,Steakhouse,Continental",22.527,88.345,Locality (matched)
19521,Taltala,Kolkata,Tea Junction,150,4,Beverages  Snacks  Desserts,22.562,88.358,Locality (matched)
19532,Aundh,Pune,Sarjaa Restaurant & Bar,1100,4.3,"Mughlai,North Indian,Chinese,Seafood",18.559,73.808,Locality (matched)
19580,Old Sangvi,Pune,Mukul'S Eastern Spice,300,4,"North Indian,Chinese",18.585,73.833,Locality (matched)
19643,Powai,Mumbai,Hoddogs,250,3.7,"American,Fast Food",19.1176,72.906,Locality (matched)
19870,Chembur,Mumbai,Malvan Tadka,250,4.2,"North Indian,Chinese,Malwani,Maharashtrian",19.0522,72.9006,Locality (matched)
19871,Sion,Mumbai,Aparna,750,4.5,"Mughlai,North Indian,Chinese,South Indian",19.0448,72.8619,Locality (matched)
19917,Anna Nagar,Chennai,Asian Station,1400,4.5,Asian,13.085,80.2101,Locality (matched)
19927,Teynampet,Chennai,New Seoul,1500,4.3,"Japanese,Korean",13.0418,80.254,Locality (matched)
19939,Bidhannagar,Kolkata,10 Downing Street,1000,4,"North Indian,Chinese,Continental",22.585,88.418,Locality (matched)
19940,Bidhannagar,Kolkata,Calcutta 64,550,4.4,Continental,22.585,88.418,Locality (matched)
19942,Sreebhumi,Kolkata,Anir'S,400,4.2,"Mughlai,Chinese,Tandoor,Biryani,Fast Food",22.5726,88.3639,City-level (approximate fallback)
19952,Mumbai,Mumbai,Sindhi Society Gymkhana( Aparna Caters),400,4.1,North Indian,19.076,72.8777,Locality (matched)
19981,Tilak Nagar,Delhi,Dunkin Donuts,250,4.3,"Desserts,Bakery,Beverages,Fast Food,Combo",28.639,77.092,Locality (matched)
20058,Sadashiv Peth,Pune,Sp'S Biryani House,600,4.2,"Biryani,North Indian,Indian,Maharashtrian",18.5122,73.852,Locality (matched)
20154,Erandwane,Pune,Nisarg,1200,4.4,"North Indian,Seafood,Malwani",18.5089,73.83,Locality (matched)
20166,Thousand Lights,Chennai,Kabab Corner,350,4.4,"Mughlai,North Indian",13.0569,80.254,Locality (matched)
20194,Karve Nagar,Pune,Nation 52,300,4.3,"North Indian,Chinese",18.49,73.8163,Locality (matched)
20234,Tangra,Kolkata,Sigree Global Grill,700,3.8,"North Indian,Biryani",22.546,88.396,Locality (matched)
20330,Karve Nagar,Pune,Bhujbal Bandhu-Hotel Apulki,400,4.1,Maharashtrian,18.49,73.8163,Locality (matched)
20435,Chembur,Mumbai,Krishnaa Leela,450,4.3,"Street Food,North Indian,Chinese,Beverages,South Indian",19.0522,72.9006,Locality (matched)
20438,Chembur,Mumbai,Kumar Lunch Home (Bar & Restaurant),400,3.7,"North Indian,Chinese,Punjabi,Biryani,Tandoor",19.0522,72.9006,Locality (matched)
20440,Chembur,Mumbai,Kings Snack Bar,500,3.9,"Mughlai,North Indian,Chinese",19.0522,72.9006,Locality (matched)
20486,Wanowrie,Pune,Hite Bar,200,4.3,Fast Food,18.4934,73.889,Locality (matched)
20501,Chembur,Mumbai,Zaika,250,3.9,"Mughlai,North Indian,Chinese,Biryani",19.0522,72.9006,Locality (matched)
20510,Machuabazar,Kolkata,Mushroom,500,4.4,"Indian,Chinese,Tandoor",22.585,88.361,Locality (matched)
20513,Shobhabazar,Kolkata,Fusion,500,4.6,"Indian,Chinese,Tandoor",22.597,88.362,Locality (matched)
20514,Shobhabazar,Kolkata,Lebanese Junction - Steak House,350,4.4,"Lebanese,Continental",22.597,88.362,Locality (matched)
20526,Sector 3 Rohini,Delhi,Sahni Fish Corner,700,4.2,Indian,28.722,77.1,Locality (matched)
20568,Bibwewadi,Pune,Koffee Villa,200,2.9,"Pizzas,Italian,Pastas",18.475,73.863,Locality (matched)
20570,Kondhwa,Pune,Tahari House,200,4.4,North Indian,18.4633,73.893,Locality (matched)
20637,Banashankari,Bangalore,Szechuan Dragon,500,4.1,"Chinese,Thai",12.9255,77.5468,Locality (matched)
20646,Ghatkopar West,Mumbai,Shloka Dining Bar,600,4.3,North Indian  Malwani  Continental  South Indian  Chinese  Asian  Mughlai,19.0864,72.9047,Locality (matched)
20653,Basavanagudi,Bangalore,Cafe Mondo,500,4.4,"Pizzas,Italian",12.9422,77.576,Locality (matched)
20732,Ballygunge,Kolkata,Cafe Drifter,650,2.9,Continental,22.528,88.366,Locality (matched)
20747,T. Nagar,Chennai,Rottu Kadai Food Court,250,4.1,"Chettinad,South Indian",13.0418,80.2341,Locality (matched)
20760,Rohini,Delhi,Kukki Da Dhaba,300,4.2,North Indian,28.7041,77.1025,Locality (matched)
20812,Andheri East,Mumbai,Sai Fast Food & Chinese Corner,300,4.1,"Chinese,Fast Food",19.1136,72.8697,Locality (matched)
20855,Domlur,Bangalore,Suryawanshi,600,4.1,"Maharashtrian,Seafood",12.961,77.6387,Locality (matched)
20929,T. Nagar,Chennai,Nasi Kandar Pelita,500,4.5,"North Indian,South Indian,Malaysian,Indian",13.0418,80.2341,Locality (matched)
20961,Mohammed Wadi,Pune,Fabio Food Court,350,4.1,"Indian,Chinese,North Indian,Tandoor",18.46,73.92,Locality (matched)
20970,Rohini,Delhi,Oven Story Pizza,600,3.6,"Pizzas,Italian",28.7041,77.1025,Locality (matched)
21001,Shivajinagar,Pune,Pizza Hut,350,3.9,"Pizzas,Fast Food",18.5308,73.8478,Locality (matched)
21032,Vadapalani,Chennai,Ksg Queen Pizza,150,3.2,Fast Food,13.0503,80.2121,Locality (matched)
21058,Bidhannagar,Kolkata,The Steak & Grill,1100,4.2,"Continental,European",22.585,88.418,Locality (matched)
21077,Kurla West,Mumbai,Hotel Dashmesh Punjab,400,2.9,"Mughlai,Chinese,Seafood",19.07,72.879,Locality (matched)
21105,Sainik Vihar,Delhi,Punjabi'S Eating Hub,400,4.2,"Mughlai,North Indian",28.69,77.117,Locality (matched)
21180,Chembur,Mumbai,Wok Hei,400,4.2,"Chinese,Asian,Thai,Tibetan,Mongolian,Combo,Vietnamese,Burmese,Pan-Asian",19.0522,72.9006,Locality (matched)
21227,Chembur,Mumbai,Hotel Grand Central,1100,4.5,"North Indian,Chinese,Seafood,Biryani,Asian",19.0522,72.9006,Locality (matched)
21232,Balavinayagar Nagar,Chennai,Hotel Arafa,400,4,"South Indian,Biryani,Kebabs",13.0827,80.2707,City-level (approximate fallback)
21238,Thousand Lights,Chennai,Dhaba Estd 1986 Delhi,900,4.2,"Biryani,Hyderabadi,North Indian,Indian,Tandoor,Punjabi",13.0569,80.254,Locality (matched)
21257,Chembur,Mumbai,East End Deli,400,4.4,"Beverages,Desserts",19.0522,72.9006,Locality (matched)
21404,Indiranagar,Bangalore,Dhaba Estd 1986 Delhi,900,4.2,"Biryani,Hyderabadi,North Indian,Indian,Tandoor,Punjabi",12.9719,77.6412,Locality (matched)
21435,Kothrud,Pune,The Oyster,900,2.9,"Continental,Chinese,North Indian",18.5074,73.8077,Locality (matched)
21545,Koregaon Park,Pune,The Sassy Spoon,1200,4.3,"European,Continental,American,Fast Food,Asian,Desserts",18.5362,73.8938,Locality (matched)
21552,Rohini,Delhi,Metro Grill,500,2.9,"North Indian,Chinese",28.7041,77.1025,Locality (matched)
21630,Dilsukhnagar,Hyderabad,The Shawarma'S,200,4.1,Lebanese,17.3687,78.5247,Locality (matched)
21633,Dilsukhnagar,Hyderabad,A-1 Chicken Pakoda,250,4.1,"Biryani,Chinese,Mughlai",17.3687,78.5247,Locality (matched)
21739,Chembur,Mumbai,Cafe Udipi,500,4.3,"Street Food,North Indian,Chinese,South Indian",19.0522,72.9006,Locality (matched)
21780,Arumbakkam,Chennai,Achu'S Cakes & Bakes,150,2.9,Bakery,13.073,80.21,Locality (matched)
21785,Vadapalani,Chennai,The Waterfall Restaurant,500,3.9,"Indian,Chinese,Andhra,Tandoor",13.0503,80.2121,Locality (matched)
21851,Tagore Garden Extension,Delhi,Imly,500,3.6,"Continental,South Indian,Street Food,Maharashtrian,Snacks,Mughlai,North Indian,Thalis,Desserts,Beverages,Sweets",28.642,77.093,Locality (matched)
21855,Krishna Park Tilak Nagar,Delhi,Khalsa Restaurant,300,4.1,"North Indian,Chinese",28.639,77.092,Locality (substring match: 'tilak nagar')
21892,Erandwane,Pune,Abhishek Non Veg Restaurant,800,4.3,"North Indian,Chinese,Seafood",18.5089,73.83,Locality (matched)
21921,Beleghata,Kolkata,Dinner House,500,4.4,"Indian,Chinese,Tandoor",22.562,88.39,Locality (matched)
21966,Somajiguda,Hyderabad,Verandah-The Park Hyderabad,550,4,"Indian,Chinese,Biryani,Snacks,Desserts",17.423,78.459,Locality (matched)
22127,Pitam Pura,Delhi,Kesar (Sainik Vihar),400,4.2,"North Indian,Chinese,Fast Food",28.6942,77.131,Locality (matched)
22234,Choolaimedu,Chennai,Naga Reju Fast Food,300,4.3,"Naga,Chinese,Continental",13.064,80.228,Locality (matched)
22380,Gokhalenagar,Pune,Vaibhav Restaurant,200,3.3,"North Indian,Chinese",18.529,73.828,Locality (matched)
22382,Lullanagar,Pune,Arkie'S Born Bakers,300,4.4,"Fast Food,Bakery",18.489,73.88,Locality (matched)
22399,Nungambakkam,Chennai,Movenpick Ice Cream Boutique,500,4.5,"Ice Cream,Beverages,Desserts",13.0569,80.2425,Locality (matched)
22427,Kalighat,Kolkata,Bachan'S Tandoori Club,250,4.5,Tandoor,22.519,88.342,Locality (matched)
22483,Kothrud,Pune,Gavkari,400,4.1,Maharashtrian,18.5074,73.8077,Locality (matched)
22490,Sector 3 Rohini,Delhi,Pikwik Since 1991,600,4.1,"Indian,Chinese,Continental,Mexican,Asian",28.722,77.1,Locality (matched)
22512,Pitam Pura,Delhi,Culinaria By Pikwik,200,4.2,"North Indian,Continental,Home Food,Indian",28.6942,77.131,Locality (matched)
22581,Kurla,Mumbai,Kesas,300,3.8,"Arabian,Lebanese,Pastas,American,Biryani,North Indian,Snacks,Chinese,Beverages",19.0728,72.8826,Locality (matched)
22642,Indiranagar,Bangalore,Nando'S,450,4.3,"Fast Food,Portuguese,African,Grill,Salads",12.9719,77.6412,Locality (matched)
22660,Chembur,Mumbai,Aditya,850,4.2,Mughlai  North Indian  Chinese,19.0522,72.9006,Locality (matched)
22743,Banjara Hills,Hyderabad,Dunkin Donuts,250,4.3,"Desserts,Bakery,Beverages,Fast Food,Combo",17.4156,78.4347,Locality (matched)
22766,Range Hills,Pune,The Chef'S Way Cafe,500,2.9,"Mexican,Italian,American,French",18.549,73.838,Locality (matched)
22772,Cit Nagar,Chennai,Dezire Sugar Free Health Cafe,150,4.4,"Bakery,Desserts,Sweets",13.04,80.234,Locality (matched)
22791,Bidhannagar,Kolkata,Pappu Chaiwalla,200,4.3,Continental  Fast Food  North Indian  Street Food,22.585,88.418,Locality (matched)
22799,Chiriamore,Kolkata,Abar Khaboo,300,4,"Chinese,Biryani,Indian,Oriental",22.635,88.43,Locality (matched)
22820,Sinthee,Kolkata,Foodpath,400,4.1,"Italian,Snacks,Chinese,Desserts,Ice Cream,Indian,Combo,Beverages,Kebabs,Healthy Food,Continental",22.622,88.383,Locality (matched)
22823,Dum Dum,Kolkata,Sabita Restaurant,300,4,"North Indian,Chinese,Bengali,Biryani,Indian,Tandoor",22.642,88.42,Locality (matched)
22834,Kolkata,Kolkata,Gurudev Restaurant,300,4.3,"Indian,Chinese,South Indian,Biryani",22.5726,88.3639,Locality (matched)
22964,Banjara Hills,Hyderabad,Haiku,1500,4.4,"Japanese,Asian,Thai",17.4156,78.4347,Locality (matched)
22990,Nampally,Hyderabad,Al-Tazaj Fried Chicken,200,4,"Italian,Beverages,Fast Food",17.39,78.468,Locality (matched)
23065,Jayanagar,Bangalore,Gufha,1400,2.9,"North Indian,Biryani,Afghani",12.925,77.5938,Locality (matched)
23090,Kankurgachi,Kolkata,Hoppipola,1500,4.2,"Fast Food,Combo,Salads,Pizzas,Italian,Continental,European,Mediterranean,Desserts",22.585,88.39,Locality (matched)
23093,Ashok Nagar,Bangalore,Hoppipola,600,2.9,"Fast Food,Combo,Salads,Pizzas,Italian,Continental,European,Mediterranean,Desserts",12.9843,77.5936,Locality (matched)
23151,Erandwane,Pune,Pk Biryani House Main Branch (Mhatre Bridge),400,4,"Biryani,Maharashtrian,North Indian,Seafood",18.5089,73.83,Locality (matched)
23180,Aundh,Pune,Polka Dots,1100,4.3,"North Indian,Mexican,Continental,Italian,Mediterranean,European",18.559,73.808,Locality (matched)
23210,Chetpet,Chennai,Cafe Adoniya,500,4.3,"Bakery,Fast Food,Desserts",13.07,80.244,Locality (matched)
23226,Park Street Area,Kolkata,Sher-E-Punjab,500,4.3,"North Indian,Chinese",22.552,88.352,Locality (matched)
23325,Saki Naka,Mumbai,Supreme Pizza Kitchen,350,2.9,"Pizzas,Italian,Pastas,Chinese",19.1073,72.8873,Locality (matched)
23341,Chembur,Mumbai,Le Cafe (Jewel Of Chembur),1200,4.3,"Mediterranean,Chinese,European,Continental,Lebanese,Italian",19.0522,72.9006,Locality (matched)
23342,Chembur,Mumbai,Via Bombay (Jewel Of Chembur),1000,4.3,"Indian,Asian,Oriental,Tandoor,Biryani,Desserts",19.0522,72.9006,Locality (matched)
23438,Kalina,Mumbai,Theeram,600,4.3,Kerala,19.079,72.85,Locality (matched)
23445,Antop Hill,Mumbai,Khaana Khazana,400,4.1,North Indian  Chinese,19.0224,72.858,Locality (matched)
23490,Machuabazar,Kolkata,Royal Spoon,100,4.1,Chinese,22.585,88.361,Locality (matched)
23496,Choolaimedu,Chennai,Cake Max,100,4.2,"Bakery,Desserts,Pizzas,Beverages",13.064,80.228,Locality (matched)
23506,Maharshi Nagar,Pune,Vishwakamal,500,2.9,"North Indian,Chinese",18.498,73.872,Locality (matched)
23548,Chembur,Mumbai,Lucky Restaurant (Chembur),500,4.3,"Biryani,North Indian,Kebabs,Chinese",19.0522,72.9006,Locality (matched)
23607,Banjara Hills,Hyderabad,Flying Spaghetti Monster,1500,4.3,"Italian,Pizzas",17.4156,78.4347,Locality (matched)
23658,Santacruz East,Mumbai,Two Star,600,4,"Mughlai,North Indian,Chinese,Seafood",19.0822,72.8416,Locality (matched)
23707,Himayatnagar,Hyderabad,Mcdonald'S,400,4.2,"American,Fast Food",17.4008,78.4813,Locality (matched)
23719,Shivajinagar,Pune,Mcdonald'S,400,4.3,"American,Fast Food",18.5308,73.8478,Locality (matched)
23777,Mukti Nagar,Mumbai,Shivsu Chinese Restuarant,400,4.2,Chinese,19.076,72.8777,City-level (approximate fallback)
23781,Kalina,Mumbai,Smokin Joe'S,400,3.8,Pizzas,19.079,72.85,Locality (matched)
23783,Andheri East,Mumbai,Uttam Da Dhaba,550,4.3,"North Indian,Chinese,Seafood,Combo",19.1136,72.8697,Locality (matched)
23847,Central Bangalore,Bangalore,Domino'S Pizza,400,4.1,Pizzas,12.9767,77.5993,Locality (matched)
24004,Aundh,Pune,Cafe Old Skool,300,4.7,"Desserts,Cafe",18.559,73.808,Locality (matched)
24030,Bidhannagar,Kolkata,The Orient,1000,4.2,"Chinese,Japanese,Thai,Burmese,Tibetan,Thalis",22.585,88.418,Locality (matched)
24052,Ballygunge,Kolkata,Charcoal Grill,600,4.2,"Indian,Chinese,Seafood",22.528,88.366,Locality (matched)
24058,Kolkata,Kolkata,Just Baked,250,2.9,Desserts  Bakery  Sweets,22.5726,88.3639,Locality (matched)
24064,Bidhannagar,Kolkata,Rendezvous - Monotel,500,4.4,"Italian,Chinese,Desserts,Continental,Indian",22.585,88.418,Locality (matched)
24075,Dhankawadi,Pune,Cafe Momos,200,4.3,"Fast Food,Beverages",18.457,73.847,Locality (matched)
24086,Machuabazar,Kolkata,Zoya Biriyani,150,4,"Mughlai,Biryani",22.585,88.361,Locality (matched)
24087,Bidhannagar,Kolkata,Courting Coffees,300,4.6,Continental,22.585,88.418,Locality (matched)
24162,Rohini,Delhi,Domino'S Pizza,400,4.3,Pizzas,28.7041,77.1025,Locality (matched)
24274,Kilpauk,Chennai,The Creams,200,4.4,"Bakery,Ice Cream,Desserts",13.085,80.241,Locality (matched)
24461,Khar West,Mumbai,Chef Kong,650,4,Chinese  Thai,19.0696,72.8355,Locality (matched)
24463,Kurla West,Mumbai,Domino'S Pizza,400,4,Pizzas,19.07,72.879,Locality (matched)
24656,Nungambakkam,Chennai,Grill House,300,4,"North Indian,Biryani,Kebabs,Indian,Grill,Juices,Seafood,Tandoor",13.0569,80.2425,Locality (matched)
24692,Lullanagar,Pune,Sapna Pav Bhaji,300,4,"Maharashtrian,Street Food,Chinese,Beverages,Desserts",18.489,73.88,Locality (matched)
24726,Maniktala Main Rd,Kolkata,Appetizer,200,4,Fast Food,22.587,88.376,Locality (matched)
24730,Kalighat,Kolkata,Pappadam Coastal Delicacies,750,4.3,Coastal,22.519,88.342,Locality (matched)
24744,Gobra,Kolkata,Fast Bite,250,4.4,Tandoor,22.545,88.376,Locality (matched)
24749,Park Street Area,Kolkata,Jimmy'S Kitchen,1400,4.4,Chinese,22.552,88.352,Locality (matched)
24784,Chembur,Mumbai,China Magic,350,2.9,Chinese,19.0522,72.9006,Locality (matched)
24798,Behra Enclave Paschim Vihar,Delhi,Pakwan,300,3.7,"Mughlai,North Indian,Chinese",28.6692,77.1013,Locality (substring match: 'paschim vihar')
24872,Powai Area,Mumbai,Mahesh Lunch Home,900,4.3,"Seafood,Chinese,Mangalorean,Biryani",19.1176,72.906,Locality (matched)
24997,Powai,Mumbai,Mangalore Tadka,500,4.3,"Chinese,Seafood,South Indian",19.1176,72.906,Locality (matched)
25133,Kalighat,Kolkata,Biryanishk By The Biryani Company,700,4.1,"Indian,Biryani",22.519,88.342,Locality (matched)
25140,Entally,Kolkata,Zam Zam Restaurant,200,4.4,"Mughlai,Biryani",22.562,88.372,Locality (matched)
25158,Santacruz West,Mumbai,Hot Seekh,220,4.1,Tandoor  Arabian  Grill  Lucknowi  Chinese  Indian  Beverages  Mughlai  Awadhi  Lebanese,19.0822,72.834,Locality (matched)
25164,Powai,Mumbai,Sitaram Restaurant,450,4.4,Indian  Chinese  Seafood,19.1176,72.906,Locality (matched)
25222,Koramangala,Bangalore,China Pearl,1100,4.5,"Chinese,Asian",12.9352,77.6245,Locality (matched)
25232,Jyothi Nagar,Hyderabad,Sindhura East Court,300,3.7,"North Indian,Chinese,South Indian,Tandoor",17.385,78.4867,City-level (approximate fallback)
25251,Punjagutta,Hyderabad,Meridian Restaurant,400,4.1,"Biryani,Chinese,North Indian,Kebabs",17.4256,78.453,Locality (matched)
25288,Koramangala,Bangalore,Cafe Medley,450,3.6,"Desserts,American,Continental,Italian,Bakery,Beverages",12.9352,77.6245,Locality (matched)
25312,Chennai,Chennai,Le Cafe Et Gateaux,400,4.1,"American,Bakery",13.0827,80.2707,Locality (matched)
25443,Pulikeshi Nagar,Bangalore,Aroma Of Asia,400,4.2,Chinese,12.995,77.61,Locality (matched)
25522,Vadgaon Budruk,Pune,Pk Dum Biryani House,350,4.1,"Biryani,North Indian,Maharashtrian",18.463,73.81,Locality (matched)
25525,Dhankawadi,Pune,Roll Point,200,3.6,Chinese,18.457,73.847,Locality (matched)
25562,Matunga,Mumbai,New Punjab Restaurant & Bar (King Circle),750,4.3,Mughlai  North Indian  Chinese  Seafood,19.027,72.848,Locality (matched)
25622,Taltala,Kolkata,Barista,350,4.1,"Beverages,Snacks,Desserts",22.562,88.358,Locality (matched)
25633,Chembur,Mumbai,Barista,350,4.3,"Beverages,Snacks,Desserts,Cafe",19.0522,72.9006,Locality (matched)
25643,Khairtabad,Hyderabad,Barista,350,2.9,"Beverages,Snacks",17.411,78.462,Locality (matched)
25726,Royapettah,Chennai,Salem Rr Restaurant,300,4.1,"North Indian,Chinese,South Indian,Biryani",13.0569,80.265,Locality (matched)
25799,Tarnaka,Hyderabad,Ayaan'S Bbq & Mataam Mandi,400,4.1,Arabian  Biryani  Mughlai,17.426,78.534,Locality (matched)
25804,Chembur,Mumbai,Krishna Lunch Home,500,2.9,"North Indian,Chinese,South Indian,Seafood",19.0522,72.9006,Locality (matched)
25833,Range Hills,Pune,Fish N Rolls,250,4.2,Seafood,18.549,73.838,Locality (matched)
25844,Koregaon Park,Pune,Sassy Teaspoon,800,4.6,"Ice Cream,Desserts,Bakery",18.5362,73.8938,Locality (matched)
25850,Karve Nagar,Pune,Red Chinese & Momos,200,3.8,Chinese,18.49,73.8163,Locality (matched)
25923,Kalyani Nagar,Pune,Mineority By Saby,600,2.9,"North Indian,Continental,Indian,Tandoor,Oriental,Chinese,Pastas,Pizzas",18.5479,73.9014,Locality (matched)
26122,Bopodi,Pune,Saathee Restaurant & Bar,200,4,"North Indian,Chinese",18.567,73.828,Locality (matched)
26235,Sion,Mumbai,New Madras,650,4.3,Mughlai  North Indian  Chinese  South Indian,19.0448,72.8619,Locality (matched)
26301,Mehdipatnam,Hyderabad,Italian Pizzeria Creamato,400,4.2,"Italian,Desserts,American",17.3952,78.438,Locality (matched)
26418,Erandwane,Pune,Level 5 Bistro & Bar,600,4.4,"Continental,Pan-Asian,Italian,North Indian,Beverages",18.5089,73.83,Locality (matched)
26467,Bhowanipore,Kolkata,Asian Cloud Kitchen,400,4.7,"Chinese,Burmese,Thai",22.527,88.345,Locality (matched)
26468,Ultadanga,Kolkata,Diamond Hotel And Restaurant,350,4,Mughlai  Indian  Chinese  Tandoor,22.598,88.39,Locality (matched)
26517,Ruby Area  Kasba  East Kolkata Township,Kolkata,Street Cafe,250,2.9,American  Fast Food  Italian  Mexican  Beverages,22.535,88.415,Locality (substring match: 'east kolkata township')
26618,Anna Nagar,Chennai,Kolapasi Takeaway,300,4.1,"South Indian,Biryani",13.085,80.2101,Locality (matched)
26619,Chetpet,Chennai,Hotel Rolex,400,3.9,"Biryani,Chinese,Desserts,Grill,Juices,Kebabs,North Indian,Seafood,Tandoor",13.07,80.244,Locality (matched)
26723,Rohini,Delhi,Kfc,400,4.3,"American,Snacks",28.7041,77.1025,Locality (matched)
26814,Banashankari,Bangalore,Just Bake - Bakery Desserts Cakes & Confectioners,400,3.9,Desserts,12.9255,77.5468,Locality (matched)
26865,Lullanagar,Pune,Paul'S,300,2.9,"North Indian,Chinese",18.489,73.88,Locality (matched)
26869,Mundhwa,Pune,Shisha Jazz Cafe,600,2.9,"North Indian,Persian",18.539,73.921,Locality (matched)
26901,Agarkar Nagar,Pune,Madhav Veg Non Veg,350,4.2,"North Indian,Chinese",18.533,73.879,Locality (matched)
26919,Dhankawadi,Pune,Rk Biryani House,500,4,"North Indian,Biryani,Thalis,Kebabs,Maharashtrian,Malwani",18.457,73.847,Locality (matched)
26925,Chetla,Kolkata,Bangali Bhoj,250,3.9,Bengali,22.517,88.335,Locality (matched)
27077,Toli Chowki,Hyderabad,Mr. Faddy,300,4.2,American,17.4001,78.418,Locality (matched)
27081,Banjara Hills,Hyderabad,Aromas Of Asia,1000,4.1,"Pan-Asian,Chinese",17.4156,78.4347,Locality (matched)
27259,Bhowanipore,Kolkata,Fabbrica,1200,4.3,Italian,22.527,88.345,Locality (matched)
27265,Central Kolkata,Kolkata,Kebab-E-Que - The Astor Hotel,1000,2.9,"Italian,Indian",22.57,88.355,Locality (matched)
27274,Ashok Nagar,Pune,Symphony,300,4.6,"Indian,Chinese,Continental",18.522,73.876,Locality (matched)
27405,Andheri East,Mumbai,Apna Dhaba,500,4.4,Indian,19.1136,72.8697,Locality (matched)
27552,Kalyani Nagar,Pune,Bread Story,200,4.3,Bakery,18.5479,73.9014,Locality (matched)
27658,Tagore Garden Extension,Delhi,Satguru Tiffin Service,200,3.5,"North Indian,Chinese,Desserts,Fast Food",28.642,77.093,Locality (matched)
27665,New Nallakunta,Hyderabad,Pista House,200,4.3,"Bakery,Pizzas,Snacks,Desserts",17.403,78.495,Locality (matched)
27677,Ashok Nagar,Bangalore,Leon Grill,400,4.4,"Arabian,Beverages,Desserts,American",12.9843,77.5936,Locality (matched)
27690,Himayath Nagar,Hyderabad,Lazeez Khaana,350,2.9,"Chinese,Biryani,Mughlai,North Indian,Haleem",17.4008,78.4813,Locality (matched)
27739,Redhills,Hyderabad,Cafe Niloufer Classic,150,4.5,Bakery,17.402,78.461,Locality (matched)
27926,Kothrud,Pune,Hotel Durga,300,4.5,Fast Food,18.5074,73.8077,Locality (matched)
27934,Aundh,Pune,The Meal House,200,4.1,"Thalis,North Indian,Punjabi,Combo",18.559,73.808,Locality (matched)
27963,Bhowanipore,Kolkata,Fnp Cakes,300,4.3,"Desserts,Bakery",22.527,88.345,Locality (matched)
27974,Jadavpur,Kolkata,Bawarchi Fast Food- Jadavpur,120,4.4,Fast Food,22.499,88.371,Locality (matched)
27991,T. Nagar,Chennai,Latitude - The Park,1400,2.9,"Salads,Desserts,Italian,Juices,Beverages,Grill",13.0418,80.2341,Locality (matched)
28020,Andheri East,Mumbai,Minks - The Nagpur Saoji Treat,450,3.7,"Maharashtrian,Indian,Beverages",19.1136,72.8697,Locality (matched)
28037,Pitam Pura,Delhi,Subs N Shakes,250,3.5,"American,Salads,Beverages,Mexican,Desserts,Chinese,Combo",28.6942,77.131,Locality (matched)
28067,Banjara Hills,Hyderabad,Sahib Sindh Sultan,1000,4.2,"North Indian,Biryani",17.4156,78.4347,Locality (matched)
28135,Bandra West,Mumbai,Bandra Grillz,350,2.9,Chinese  Lebanese  Kebabs  Mughlai  Indian,19.0596,72.8295,Locality (matched)
28305,Kalyani Nagar,Pune,Elephant & Co.,1100,4,"Continental,Pizzas,American,Italian",18.5479,73.9014,Locality (matched)
28316,Rasta Peth,Pune,Cinnamon By Shantai,600,4.4,"North Indian,Chinese,Continental",18.517,73.865,Locality (matched)
28358,Taltala,Kolkata,Jimmy'S Restaurant,1200,4.4,Chinese,22.562,88.358,Locality (matched)
28365,Kolkata,Kolkata,Banglar Rannaghar,300,4,"Bengali,Indian,Chinese",22.5726,88.3639,Locality (matched)
28370,Selimpur,Kolkata,Marhaba,400,4.2,"Mughlai,Indian,Tandoor,Biryani",22.506,88.373,Locality (matched)
28376,Egmore,Chennai,City Sqaure Cafeteria,300,4,"Arabian,Ice Cream,Beverages,Desserts",13.0732,80.2609,Locality (matched)
28378,South Dumdum,Kolkata,Food Junction,300,4,"Indian,Chinese,Tandoor,Biryani,Combo,Snacks",22.63,88.403,Locality (matched)
28405,Santacruz East,Mumbai,Chinese Wok (Wok Express),250,4.1,"Chinese,Asian,Tibetan,Desserts",19.0822,72.8416,Locality (matched)
28416,Andheri East,Mumbai,Littoo - Pure Veg,200,4.2,"Snacks,Fast Food,Bihari,North Eastern,Thalis,Desserts,Beverages",19.1136,72.8697,Locality (matched)
28541,Banjara Hills,Hyderabad,Ofen,300,4.3,"European,Italian,Continental,Desserts",17.4156,78.4347,Locality (matched)
28567,Chembur,Mumbai,New Khalsa Punjab,450,2.9,Mughlai  North Indian  Chinese,19.0522,72.9006,Locality (matched)
28570,Koramangala,Bangalore,Royal Treat,193,4.1,"North Indian,Chinese,Seafood,Biryani",12.9352,77.6245,Locality (matched)
28721,Santacruz East,Mumbai,Oven Story Pizza,600,3.8,"Pizzas,Italian",19.0822,72.8416,Locality (matched)
28768,Kachiguda,Hyderabad,Domino'S Pizza,400,4.4,Pizzas,17.3843,78.5013,Locality (matched)
28854,Koregaon Park,Pune,Cafe Rolls Inn,200,4.3,Fast Food,18.5362,73.8938,Locality (matched)
28876,Bentinck St.,Kolkata,The Central Grub Club,400,4.4,"Chinese,Thai",22.567,88.355,Locality (matched)
28897,Sion,Mumbai,Sbarro - New York Pizza,600,3.7,Italian  Pizzas  Desserts  Beverages  Combo,19.0448,72.8619,Locality (matched)
28913,Saki Naka,Mumbai,Sbarro - New York Pizza,600,3.4,"Italian,Pizzas,Desserts,Beverages,Combo",19.1073,72.8873,Locality (matched)
28949,Kurla,Mumbai,Denish The Cake Shop,200,4.1,"Desserts,Bakery",19.0728,72.8826,Locality (matched)
28961,Pitam Pura,Delhi,Gulab Wala,350,4.3,"North Indian,Desserts,South Indian,Street Food,Sweets,Beverages,Snacks,Indian",28.6942,77.131,Locality (matched)
29023,Raja Annamalai Puram,Chennai,Hotel Marina Park,400,3.8,"Indian,Biryani,Arabian,Grill,South Indian",13.03,80.262,Locality (matched)
29063,Ashok Nagar,Bangalore,Misu,1300,4.4,"Pan-Asian,Chinese,Vietnamese,Malaysian,Desserts,Singaporean,Sushi",12.9843,77.5936,Locality (matched)
29064,T Nagar,Chennai,Ferraree,850,2.9,"North Indian,Chinese,South Indian,Continental",13.0418,80.2341,Locality (matched)
29065,Cit Nagar,Chennai,Fryyo,300,4.2,Fast Food,13.04,80.234,Locality (matched)
29070,Shivaji Nagar,Bangalore,Eden Park,1000,4.2,"North Indian,Chinese,Seafood,Andhra,Biryani,Desserts,Jain,Mughlai,South Indian,Coastal,Beverages",12.9855,77.6057,Locality (matched)
29071,Jayanagar,Bangalore,Cakewala,450,4.3,Desserts,12.925,77.5938,Locality (matched)
29163,Karve Nagar,Pune,Shraddha Restaurant,300,2.9,"South Indian,Chinese,Fast Food",18.49,73.8163,Locality (matched)
29425,Bidhannagar,Kolkata,Momo I Am,350,4.4,"Asian,Chinese,Tibetan",22.585,88.418,Locality (matched)
29444,Andheri East,Mumbai,Blossoms - Hotel Suncity,800,4.4,North Indian  Chinese  Continental  Mughlai  Seafood,19.1136,72.8697,Locality (matched)
29510,Pashan,Pune,Hotel Shivanjali,500,4.4,"North Indian,Chinese,Seafood",18.537,73.797,Locality (matched)
29534,Malleswaram,Bangalore,Chung Wah,700,4,"Chinese,Snacks",13.0035,77.5647,Locality (fuzzy match: 'malleshwaram')
29540,Santacruz East,Mumbai,China Bite,400,4,"Chinese,Thai",19.0822,72.8416,Locality (matched)
29639,Shivajinagar,Pune,Eatsome,250,4.2,"North Indian,Biryani,Street Food,Fast Food,Combo,Beverages",18.5308,73.8478,Locality (matched)
29666,Sion,Mumbai,Sion Lunch Home,450,4.4,"Mangalorean,Chinese,North Indian,Seafood",19.0448,72.8619,Locality (matched)
29709,Beniapukur,Kolkata,Sanjha Chulha,400,4.4,"North Indian,Biryani,Indian,Chinese",22.546,88.368,Locality (matched)
29711,Kolkata,Kolkata,Chinese Wall,100,4.2,"Chinese,Snacks",22.5726,88.3639,Locality (matched)
29781,Santacruz East,Mumbai,Mandarin Oak- The Heavenly Chinese,350,4.3,"Chinese,Asian,Thai",19.0822,72.8416,Locality (matched)
29784,Domlur,Bangalore,Cakezone,200,4.3,"Desserts,Bakery,Sweets,Ice Cream,Beverages,Juices,Bengali",12.961,77.6387,Locality (matched)
29822,Bandra Area,Mumbai,Sodabottleopenerwala,600,4.3,"Parsi,Biryani,Beverages,Indian,Desserts,Street Food,Bakery",19.0596,72.8295,Locality (matched)
29851,Rohini,Delhi,Firangi Bake,400,4.1,"Italian,Mexican,Pastas",28.7041,77.1025,Locality (matched)
30034,Sivanchetti Gardens,Bangalore,Mani'S Dum Biryani,499,4.3,Biryani,12.9605,77.601,Locality (matched)
30083,Central Banglore,Bangalore,California Burrito,250,4.5,"Mexican,American,Salads,Continental,Keto,Healthy Food",12.9767,77.5993,Locality (fuzzy match: 'central bangalore')
30163,Bidhannagar,Kolkata,Goutam'S - City Centre 1,250,4.1,"Chinese,Fast Food,Beverages",22.585,88.418,Locality (matched)
30218,Sector 11 Rohini,Delhi,Handi Chic-Fish,500,3.8,"North Indian,Chinese",28.718,77.11,Locality (matched)
30306,Aundh,Pune,Tea Trails,350,2.9,Continental,18.559,73.808,Locality (matched)
30359,Andheri East,Mumbai,Benzy'S Restaurant,500,4.4,North Indian  Chinese  Mughlai  Seafood,19.1136,72.8697,Locality (matched)
30529,Pulikeshi Nagar,Bangalore,Karama,400,4.2,"Arabian,Biryani,Desserts,Mughlai,North Indian",12.995,77.61,Locality (matched)
30615,Powai,Mumbai,Punjabi Roots,250,2.9,"North Indian,Biryani,Kebabs,Chinese,Punjabi,Combo,Thalis,Desserts,Sweets,Beverages",19.1176,72.906,Locality (matched)
30677,Sector 9 Rohini,Delhi,Noodle House,300,4,"Chinese,Thai,Japanese,Tibetan",28.715,77.121,Locality (matched)
30731,Seshadripuram,Bangalore,24/7 - The Lalit Ashok Bangalore,600,3.7,"American,Asian,Chinese,Continental,North Indian,Pan-Asian",12.9924,77.5773,Locality (matched)
30732,Koramangala,Bangalore,The Rendezvous,600,4,"Continental,Italian,Indian,Chinese",12.9352,77.6245,Locality (matched)
30791,Perambur,Chennai,Tasty Kitchen,300,4.2,"Biryani,South Indian,Chinese,Fast Food,North Indian",13.1155,80.234,Locality (matched)
30826,Bhowanipore,Kolkata,Haji Shaheb,400,4.3,"Mughlai,Biryani,Indian,Fast Food,Tandoor",22.527,88.345,Locality (matched)
30864,Karam Pura,Delhi,Guru Rakha (Karampura),500,4.3,"North Indian,Mughlai,Chinese,Tandoor",28.656,77.142,Locality (matched)
30941,Adikmet,Hyderabad,Urban Munchies (Us Pizza),300,3.2,Fast Food  Pizzas  Beverages  Desserts,17.401,78.506,Locality (matched)
30947,Vadgaon Budruk,Pune,Meenakshi Garden Veg And Non-Veg Restaurant,300,3.8,"North Indian,South Indian,Chinese",18.463,73.81,Locality (matched)
30962,Zamistanpur,Hyderabad,Crispy Hub,250,3.8,"American,Pizzas,Continental",17.391,78.499,Locality (matched)
31017,Kothrud,Pune,La Gustosa,500,4.2,"Italian,Fast Food,Desserts,Pastas",18.5074,73.8077,Locality (matched)
31084,Kurla - Mumbai,Mumbai,Pop Tate'S,1000,3.5,"Continental,Italian,European,Mexican",19.0728,72.8826,Locality (substring match: 'kurla')
31251,Chembur,Mumbai,Malhaar Family Restaurant,600,4.4,North Indian  Mughlai  Chinese  Seafood,19.0522,72.9006,Locality (matched)
31265,Sector 7 Rohini,Delhi,The Cake Cafe,350,4.1,"Bakery,Chinese",28.718,77.122,Locality (matched)
31516,Tilak Nagar,Delhi,Street Foods By Punjab Grill,350,3.8,"North Indian,Indian,Biryani,Punjabi,Fast Food,Kebabs,Mughlai,Desserts",28.639,77.092,Locality (matched)
31561,Bidhannagar,Kolkata,Mrs. Magpie,500,4.2,Bakery  Continental,22.585,88.418,Locality (matched)
31667,Kalyani Nagar,Pune,Kwality Family Resto,500,3.9,"North Indian,Seafood,Chinese,Continental,Biryani",18.5479,73.9014,Locality (matched)
31696,Shankarapura,Bangalore,Little Cafe,300,3.7,"Beverages,Chinese,Continental,Desserts,Ice Cream,Italian,Jain",12.945,77.572,Locality (matched)
31698,Koramangala,Bangalore,Little Kolkata,300,4.1,"North Indian,Bengali,Chinese",12.9352,77.6245,Locality (matched)
31760,Chembur,Mumbai,Food Villa,300,4.2,"Bakery,Desserts",19.0522,72.9006,Locality (matched)
31775,Bandra East,Mumbai,Subway,350,4.3,Fast Food  Salads  Snacks  Desserts  Beverages,19.0596,72.841,Locality (matched)
31949,Ballygunge,Kolkata,Juice Factory,200,4.1,Juices,22.528,88.366,Locality (matched)
31959,Shivajinagar,Pune,Culture Express,800,2.9,"Continental,North Indian,Italian,European,Biryani,Indian,Chinese",18.5308,73.8478,Locality (matched)
31965,Saki Naka,Mumbai,Hotel Gurukrupa'S Mast Malvani,300,2.9,"Fast Food,Street Food,Maharashtrian,Seafood",19.1073,72.8873,Locality (matched)
31970,Himayatnagar,Hyderabad,Mandilicious,450,3.9,"Arabian,Indian,Chinese",17.4008,78.4813,Locality (matched)
31974,Sivanchetti Gardens,Bangalore,Monsoon,700,4.5,"Andhra,Asian,Bengali,Biryani,Chettinad,Coastal,Continental,Desserts,Fast Food,Italian,Mughlai,North Indian,Pan-Asian,Seafood,South Indian",12.9605,77.601,Locality (matched)
31990,Ballygunge,Kolkata,Ammini,500,4.3,"South Indian,Kerala",22.528,88.366,Locality (matched)
31993,Broad Street,Kolkata,Prity'S Kitchen,300,4.2,"Chinese,Thai",22.548,88.363,Locality (matched)
32003,Himayatnagar,Hyderabad,Rice Bowl,200,4,"North Indian,South Indian",17.4008,78.4813,Locality (matched)
32129,Himayatnagar,Hyderabad,Burger King,350,4.2,American  Fast Food,17.4008,78.4813,Locality (matched)
32258,Entally,Kolkata,Cit Cafe,600,4.3,Chinese,22.562,88.372,Locality (matched)
32263,Choolaimedu,Chennai,Hot Sandwich,200,4.3,Fast Food,13.064,80.228,Locality (matched)
32399,Santacruz East,Mumbai,Mcdonald'S,400,4.3,American,19.0822,72.8416,Locality (matched)
32432,Kurla,Mumbai,Delhi Drum,300,3.8,"Mughlai,Chinese",19.0728,72.8826,Locality (matched)
32499,Khar West,Mumbai,Rajasthan,400,4,Biryani  Desserts  North Indian  Chinese  Ice Cream  Mughlai  Fast Food,19.0696,72.8355,Locality (matched)
32510,Ashok Nagar,Bangalore,Toscano,1200,4.3,"Italian,Pizzas,Pastas,Continental,Salads,Desserts,Beverages,Combo",12.9843,77.5936,Locality (matched)
32513,Sarvagnanagar,Bangalore,Mma Kabab & Rolls,200,4,"Biryani,Chinese,Mughlai,Arabian",13.0,77.622,Locality (matched)
32566,Khairtabad,Hyderabad,Salt & Pepper-The Central Court Hotel,250,2.9,"North Indian,Chinese,Continental,Seafood",17.411,78.462,Locality (matched)
32576,Bkc,Mumbai,Starbucks Coffee,400,4.2,"Beverages,Ice Cream",19.0668,72.8681,Locality (matched)
32611,College Square,Kolkata,Bindass Food Plaza,200,4.5,"Indian,Chinese,Tandoor",22.575,88.363,Locality (matched)
32709,Bandra East,Mumbai,Garam Masala Rest-O-Bar,500,3.9,"Chinese,North Indian,Biryani",19.0596,72.841,Locality (matched)
32713,Adikmet,Hyderabad,Rammy Fast Food,200,4,Fast Food,17.401,78.506,Locality (matched)
32724,Koregaon Park,Pune,The Burger House,300,4,"American,Fast Food",18.5362,73.8938,Locality (matched)
32725,Koregaon Park,Pune,China Park,250,4,Chinese,18.5362,73.8938,Locality (matched)
32734,Bn Reddy Nagar,Hyderabad,N Village,700,4,"North Indian,Chinese,South Indian,Biryani",17.345,78.545,Locality (matched)
32775,Chembur,Mumbai,Pizza Caprina,600,4,"Pizzas,Fast Food",19.0522,72.9006,Locality (matched)
32840,Powai,Mumbai,Aamchi Mumbai Snacks,200,4.2,Fast Food,19.1176,72.906,Locality (matched)
32842,Chembur,Mumbai,Belly Darbar,400,4.3,North Indian  Chinese  Biryani  Kebabs  Punjabi  Desserts  Indian  Asian  Pizzas  Thai  Jain,19.0522,72.9006,Locality (matched)
32858,Sector 9 Rohini,Delhi,Wong'S Kitchen,250,3.8,"Chinese,Fast Food,Asian",28.715,77.121,Locality (matched)
32902,Aundh,Pune,Grill Royale,450,2.9,North Indian,18.559,73.808,Locality (matched)
32907,Banjara Hills,Hyderabad,Fitmeals,500,4.2,Continental  Lebanese,17.4156,78.4347,Locality (matched)
32911,Indiranagar,Bangalore,Salt Mango Tree,300,4.2,"Kerala,South Indian,Seafood,Biryani,Indian",12.9719,77.6412,Locality (matched)
32960,Entally,Kolkata,Zafran,250,4.3,"Mughlai,Biryani,Kebabs",22.562,88.372,Locality (matched)
33026,Koregaon Park,Pune,Buddha Paradise,250,4.6,"South Indian,Fast Food,Chinese",18.5362,73.8938,Locality (matched)
33038,Baner,Pune,The Greedy Man Pizzeria,1000,4.1,"Italian,Desserts,Italian-American",18.559,73.7868,Locality (matched)
33093,Paikpara,Kolkata,Ice & Spice,300,3.9,"Indian,Chinese,Biryani,North Indian,Combo,Beverages,Desserts",22.61,88.368,Locality (matched)
33121,Thousand Lights,Chennai,Amethyst,1000,4.6,"Italian,Continental",13.0569,80.254,Locality (matched)
33127,Kavadiguda,Hyderabad,Star Hotel,300,3.4,"Hyderabadi,Mughlai,Biryani",17.406,78.497,Locality (matched)
33207,George Town,Chennai,Pizza Square (Mint 2),500,2.9,"American,Pizzas",13.094,80.287,Locality (matched)
33209,Haltu,Kolkata,Wasabee,1000,4.2,"Japanese,Chinese,Thai,Singaporean,Burmese",22.503,88.385,Locality (matched)
33212,Chembur,Mumbai,The J,300,4.4,"American,Fast Food,Snacks,Desserts",19.0522,72.9006,Locality (matched)
33237,Somajiguda,Hyderabad,Kathmandu Momo,150,4.4,Fast Food,17.423,78.459,Locality (matched)
33253,Ashok Nagar,Bangalore,Happy Belly Bakes- Cakes And Desserts,350,4.7,"Desserts,Bakery,Beverages",12.9843,77.5936,Locality (matched)
33290,Nungambakkam,Chennai,The Table,350,4.5,Desserts,13.0569,80.2425,Locality (matched)
33434,Nungambakkam,Chennai,Ponnusamy Hotels,300,4,"Tandoor,Indian,Mughlai",13.0569,80.2425,Locality (matched)
33456,Selimpur,Kolkata,Tandoor Park,600,4.4,"Indian,Tandoor,Chinese",22.506,88.373,Locality (matched)
33457,Purasaiwakkam,Chennai,Buhari,600,3.8,"Biryani,North Indian,Chinese,South Indian,Arabian",13.085,80.254,Locality (matched)
33514,Dum Dum,Kolkata,Farest Kitchen,250,3.7,Chinese,22.642,88.42,Locality (matched)
33520,Bidhannagar,Kolkata,Flambe - Hotel The Sojourn,800,2.9,"Indian,Chinese,Continental",22.585,88.418,Locality (matched)
33525,Sheela Vihar Colony,Pune,Nagpur Saoji,300,2.9,Maharashtrian,18.5204,73.8567,City-level (approximate fallback)
33671,Kalighat,Kolkata,Drunken Monkey,250,4.2,"Healthy Food,Beverages,Juices",22.519,88.342,Locality (matched)
33753,Saki Naka,Mumbai,Urban Tadka,800,3.9,North Indian,19.1073,72.8873,Locality (matched)
33807,Deccan Gymkhana,Pune,Top In Town,400,4.6,"Bengali,Indian,Chinese",18.5162,73.8397,Locality (matched)
33849,Baner,Pune,Origin Bistro,400,4.4,"Continental,Italian,European",18.559,73.7868,Locality (matched)
33875,Tingre Nagar,Pune,Mad Pav Bhaji,400,2.9,Street Food,18.557,73.893,Locality (matched)
33913,Saki Naka,Mumbai,Cinnabon & Aunt Annes,400,2.9,Fast Food,19.1073,72.8873,Locality (matched)
33930,Santacruz East,Mumbai,Firangi Bake,400,2.9,"Italian,Mexican,Pastas",19.0822,72.8416,Locality (matched)
33938,Shaniwar Peth,Pune,Firangi Bake,400,4.4,"Italian,Mexican,Pastas",18.517,73.85,Locality (matched)
34020,Chembur,Mumbai,Indigo Grill,400,3.9,"North Indian,Chinese,Mughlai,Biryani,Tandoor,Combo",19.0522,72.9006,Locality (matched)
34028,Ameerpet,Hyderabad,Vellanki Foods,200,4.4,Sweets  Desserts,17.4374,78.4487,Locality (matched)
34058,Kondhwa,Pune,Degchi'S Biryani Cafe,300,3.7,"North Indian,Mughlai,Biryani,Desserts",18.4633,73.893,Locality (matched)
34072,Sector 14 Rohini,Delhi,Crispy Bites,400,3.7,"North Indian,Italian",28.73,77.125,Locality (matched)
34147,Narayanguda,Hyderabad,K&C Bakers &Confectioners,200,4,Bakery,17.4013,78.4913,Locality (matched)
34166,Nungambakkam,Chennai,Rahman Biriyani Formerly Known As Bismi Biriyani,350,4.2,"Biryani,Chinese,Grill,Indian,North Indian,South Indian,Tandoor",13.0569,80.2425,Locality (matched)
34269,Shivaji Nagar,Bangalore,Hamza Hotel,300,4.2,"Continental,Fast Food,Street Food",12.9855,77.6057,Locality (matched)
34312,T. Nagar,Chennai,Chin Chin - The Residency,1900,4.3,Chinese,13.0418,80.2341,Locality (matched)
34313,T. Nagar,Chennai,The Right Place - The Residency,1000,2.9,"Indian,Continental",13.0418,80.2341,Locality (matched)
34463,Sector 7 Rohini,Delhi,Demould,400,4.1,"Desserts,Bakery",28.718,77.122,Locality (matched)
34634,Toli Chowki,Hyderabad,Shah Ghouse Cafe & Restaurant,350,4,Biryani  North Indian  Chinese  Mughlai  Tandoor,17.4001,78.418,Locality (matched)
34715,Deccan Gymkhana,Pune,Kok Pa Chinese,250,3.9,"Chinese,Asian",18.5162,73.8397,Locality (matched)
34803,Kurla,Mumbai,Waffles & More,300,4.3,"Desserts,Beverages,Pizzas,Italian",19.0728,72.8826,Locality (matched)
35008,Basheer Bagh,Hyderabad,Alex'S Kitchen,350,4.2,Chinese,17.4001,78.474,Locality (matched)
35242,Sector 9 Rohini,Delhi,Tikka Junction (Rohini),400,3.8,"North Indian,Chinese",28.715,77.121,Locality (matched)
35307,Koramangala,Bangalore,Chaat Street Express,150,2.9,"Fast Food,Snacks,Chaat,Street Food,Beverages,Combo,North Indian,Indian,Maharashtrian,Rajasthani",12.9352,77.6245,Locality (matched)
35324,Bidhannagar,Kolkata,Mondal Food Junction,250,3.9,Indian  Chinese,22.585,88.418,Locality (matched)
35330,Dumdum,Kolkata,Qfc - Quality Fried Chicken,200,4.3,"Fast Food,Combo,Chinese",22.642,88.42,Locality (matched)
35433,T. Nagar,Chennai,Momo,100,4.1,Chinese,13.0418,80.2341,Locality (matched)
35521,Santacruz East,Mumbai,Sweet Truth - Cake And Desserts,450,3.9,"Ice Cream,Bakery,Desserts,Beverages",19.0822,72.8416,Locality (matched)
35669,Saki Naka,Mumbai,Coffee Culture,400,2.9,"Pizzas,Pastas,Italian,Indian,American,Chinese,Fast Food,Mexican,Beverages,Desserts,Healthy Food,Snacks,Salads,Combo",19.1073,72.8873,Locality (matched)
35755,Navrangpura,Ahmedabad,R.K. Omlet Centre,200,4.3,"Fast Food,Mughlai,Snacks",23.0365,72.561,Locality (matched)
35791,Navrangpura,Ahmedabad,D'Tallii Egg,400,4.5,Indian,23.0365,72.561,Locality (matched)
35835,Rohini,Delhi,Sweet Truth - Cake And Desserts,450,4.3,"Ice Cream,Bakery,Desserts,Beverages",28.7041,77.1025,Locality (matched)
35873,Shaniwar Peth,Pune,Sweet Truth - Cake And Desserts,450,4.5,"Bakery,Desserts,Beverages",18.517,73.85,Locality (matched)
35954,Bidhannagar,Kolkata,Chin Thai,300,4.2,"Chinese,Thai,Indian",22.585,88.418,Locality (matched)
35971,Ellisbridge,Ahmedabad,Foodinn - Fine Dine,800,4,"Indian,Chinese,Continental",23.023,72.568,Locality (matched)
35981,University Area,Ahmedabad,Sandwichworkz - The Fusion Street Cafe,300,4.3,"South Indian,Continental",23.033,72.545,Locality (matched)
36092,Tagore Garden Extension,Delhi,Kafilla,300,3.7,"Tandoor,North Indian,Chinese,Beverages",28.642,77.093,Locality (matched)
36159,Bkc,Mumbai,Devil'S Kitchen,200,2.9,Fast Food,19.0668,72.8681,Locality (matched)
36174,University Area,Ahmedabad,Sphere Lounge,550,4.3,"Mexican,Italian,Indian",23.033,72.545,Locality (matched)
36186,Navrangpura,Ahmedabad,Daawat-E-Khaas,400,4.4,"North Indian,Mughlai,Chinese",23.0365,72.561,Locality (matched)
36191,Vastrapur,Ahmedabad,R.K. Egg Eatery,300,4,"Fast Food,Indian,Mughlai,Snacks",23.039,72.529,Locality (matched)
36195,Kothrud,Pune,Barometer,1100,4.6,"Continental,Asian,Italian,North Indian",18.5074,73.8077,Locality (matched)
36333,Vastrapur,Ahmedabad,The Blue Oven,600,4.5,"Continental,Pizzas,Cafe,Pastas,Desserts",23.039,72.529,Locality (matched)
36461,Chembur,Mumbai,Freshmenu,250,4.1,Chinese  Continental  Italian  Mediterranean  Thai  Lebanese  American  Asian  Beverages  Bakery  Biryani  Desserts  Mexican  North Indian  Salads  Pizzas,19.0522,72.9006,Locality (matched)
36493,Koramangala,Bangalore,Chaska Bun,178,4.4,Street Food,12.9352,77.6245,Locality (matched)
36520,Rohini,Delhi,Ase China,150,3.8,Chinese,28.7041,77.1025,Locality (matched)
36553,East Kolkata Township,Kolkata,Mughal Shughal By The Way,500,3.9,"Mughlai,North Indian",22.535,88.415,Locality (matched)
36556,Bidhannagar,Kolkata,Terminal 11,1100,4.3,"Italian,Mexican,Continental",22.585,88.418,Locality (matched)
36589,Amberpet,Hyderabad,Habeeb'S Fast Food,300,4.1,"Fast Food,Chinese,Mughlai",17.398,78.513,Locality (matched)
36654,Memnagar,Ahmedabad,Hyderabadi Hut,350,4,"Hyderabadi,North Indian,Biryani,Mughlai",23.049,72.547,Locality (matched)
36670,Navrangpura,Ahmedabad,Azad Sweets & Restaurant,200,3.8,"Fast Food,North Indian,Gujarati,Sweets",23.0365,72.561,Locality (matched)
36862,Koramangala,Bangalore,Dice N Dine,500,4,"American,Asian,Chinese,Continental,Desserts,Italian,Jain,Mexican",12.9352,77.6245,Locality (matched)
36969,Ellisbridge,Ahmedabad,Domino'S Pizza,400,4.4,Pizzas,23.023,72.568,Locality (matched)
36995,College Street,Kolkata,Sufi Palace,250,4.4,"Mughlai,North Indian,Chinese",22.575,88.363,Locality (matched)
37027,Benson Town,Bangalore,7 Plates,350,4.3,"Biryani,Chinese,North Indian",13.0016,77.6144,Locality (matched)
37039,Vadapalani,Chennai,Salt Indian Restaurant & Grill,1500,4.1,"North Indian,Biryani,Combo",13.0503,80.2121,Locality (matched)
37067,Kilpauk,Chennai,Subway,350,4.4,"Fast Food,Salads,Snacks,Desserts,Beverages",13.085,80.241,Locality (matched)
37086,Sector 2 Rohini,Delhi,Your'S Pizza,400,3.5,Italian,28.715,77.098,Locality (matched)
37116,Ellisbridge,Ahmedabad,Tandoorworkz,450,2.8,"Indian,Tandoor",23.023,72.568,Locality (matched)
37121,Ramdev Nagar,Ahmedabad,Mainland China,900,4.3,"Chinese,Oriental,Thai,Pan-Asian,Seafood,Asian,Desserts",23.033,72.524,Locality (matched)
37122,Navrangpura,Ahmedabad,Yash'S Gbt,700,2.9,"Fast Food,Continental",23.0365,72.561,Locality (matched)
37136,Vishnu Garden,Delhi,The Pizza Pie,500,2.9,"Pizzas,Snacks,Italian,Beverages",28.639,77.094,Locality (matched)
37217,Ballygunge,Kolkata,Delish Dhaba,400,3.8,"North Indian,Chinese,Mughlai",22.528,88.366,Locality (matched)
37272,Ramdev Nagar,Ahmedabad,Fire On Wheels,400,4.3,Fast Food,23.033,72.524,Locality (matched)
37298,Usmanpura,Ahmedabad,Cafe 1St Story,600,2.9,"Indian,Chinese,North Indian,Biryani,Punjabi,Pan-Asian,Mughlai,Thalis,Asian,Combo",23.048,72.572,Locality (matched)
37352,Lal Bazar,Kolkata,The Bhoj Company,500,4.3,"Bengali,Chinese",22.568,88.351,Locality (matched)
37358,Gandhi Nagar,Bangalore,Hotel Karavali Beach,300,2.9,Seafood,12.9784,77.5773,Locality (matched)
37474,University Area,Ahmedabad,Momoman,250,4.1,Chinese,23.033,72.545,Locality (matched)
37488,Navrangpura,Ahmedabad,The Chocolate Room,400,3.8,"Desserts,Beverages,Pizzas,Snacks,Fast Food",23.0365,72.561,Locality (matched)
37618,Jodhpur Park,Kolkata,Abar Baithak,550,4.5,Fast Food,22.503,88.362,Locality (matched)
37684,Ellisbridge,Ahmedabad,Behrouz Biryani,500,4.2,"Biryani,Mughlai,Lucknowi,Hyderabadi,Kebabs,North Indian,Persian,Desserts",23.023,72.568,Locality (matched)
37689,Ellisbridge,Ahmedabad,Mcdonald'S,400,4.3,"American,Fast Food",23.023,72.568,Locality (matched)
37709,Paschim Vihar,Delhi,Quality Cake Shop,250,4.1,"Desserts,Italian,Chinese,Beverages",28.6692,77.1013,Locality (matched)
37726,Paschim Vihar,Delhi,Waffle Lust,200,4,"Desserts,Beverages",28.6692,77.1013,Locality (matched)
37733,Vastrapur,Ahmedabad,Sweet Truth - Cake And Desserts,450,4.2,"Ice Cream,Bakery,Desserts,Beverages",23.039,72.529,Locality (matched)
37739,Kondhwa,Pune,Jashn,500,4,"Indian,Chinese,Italian,American",18.4633,73.893,Locality (matched)
37746,Adugodi,Bangalore,Salt - Indian Restaurant Bar & Grill,1300,4.4,"North Indian,Biryani,Thalis,Desserts",12.942,77.6136,Locality (matched)
37747,Kothrud,Pune,Community Cafe,300,3.8,Cafe,18.5074,73.8077,Locality (matched)
37817,University Area,Ahmedabad,Cakes N Bakes,350,3.9,"Desserts,Bakery",23.033,72.545,Locality (matched)
37853,Powai Area,Mumbai,All Stir Fry - Waterstones Hotel,1000,4,Asian  Chinese  Pan-Asian  Thai  Oriental  Indonesian  Seafood  Desserts  Combo,19.1176,72.906,Locality (matched)
37933,Vastrapur,Ahmedabad,Faasos - Wraps & Rolls,200,4.2,"Combo,Snacks,Beverages,Desserts,Indian",23.039,72.529,Locality (matched)
37972,Anna Salai,Chennai,Mcdonald'S,400,4.3,"American,Fast Food",13.06,80.261,Locality (matched)
37998,Tangra,Kolkata,Papa Chow,200,3.9,"Chinese,Tibetan",22.546,88.396,Locality (matched)
38127,Pashan,Pune,Hotel Green Park,1200,4.4,"North Indian,Chinese,Continental,Thai,Mexican,Seafood",18.537,73.797,Locality (matched)
38154,Alwarpet,Chennai,Pumpkin Tales,950,4.6,"Asian,Bakery,Continental",13.0339,80.254,Locality (matched)
38158,Perambur,Chennai,Iftar Corner,400,4.1,"Arabian,Asian,Chinese",13.1155,80.234,Locality (matched)
38177,Kalighat,Kolkata,Apanjan,300,2.9,Bengali,22.519,88.342,Locality (matched)
38178,Paikpara,Kolkata,Steaming Mug,250,4.4,Italian,22.61,88.368,Locality (matched)
38179,Park Street Area,Kolkata,Saima Restaurant - Mughlai And North Indian,300,4.1,"North Indian,Mughlai,Snacks",22.552,88.352,Locality (matched)
38187,Aminjikarai,Chennai,Jasmine Restaurant,250,4.1,"Biryani,Chettinad",13.073,80.226,Locality (matched)
38294,Kothrud,Pune,New Poona Bakery And Cafe,300,4.1,Bakery,18.5074,73.8077,Locality (matched)
38462,Lake Gardens,Kolkata,Fresh And Food,200,3.7,"Indian,Bengali",22.506,88.355,Locality (matched)
38467,Sastri Nager,Chennai,Madras Biriyani,500,3.9,"Biryani,Mughlai",13.0827,80.2707,City-level (approximate fallback)
38502,Shivaji Nagar,Pune,Pop Tate'S,500,2.9,"North Indian,Chinese,Continental,Italian,Desserts",18.5308,73.8478,Locality (matched)
38590,Kodungaiyur,Chennai,J J Juicy World,250,4.1,"Chaat,Juices",13.133,80.254,Locality (matched)
38633,Ulsoor,Bangalore,Cafe Felix,1000,4,"American,Continental,Desserts,Pizzas,Pastas",12.9815,77.6205,Locality (matched)
38665,Gokhalenagar,Pune,Ws Bakers,150,2.9,Bakery,18.529,73.828,Locality (matched)
38678,Banjara Hills,Hyderabad,Royal Tiffin Centre,150,4,Indian,17.4156,78.4347,Locality (matched)
38691,Mehdipatnam,Hyderabad,Mohammedia Shawarma,300,3.8,Arabian  Street Food,17.3952,78.438,Locality (matched)
38692,Triplicane,Chennai,Five Star Chicken,350,2.9,Fast Food,13.057,80.276,Locality (matched)
38773,Ellisbridge,Ahmedabad,Cafe Coffee Day,300,4.4,"Beverages,Snacks,Desserts",23.023,72.568,Locality (matched)
38986,Bidhannagar,Kolkata,Kouzina Mining Co.,1200,4.2,"North Indian,Biryani,Chinese,Italian,Healthy Food,Kebabs,Beverages,Desserts",22.585,88.418,Locality (matched)
39012,Chembur,Mumbai,Kilo King By Kook,500,2.9,"Indian,Chinese",19.0522,72.9006,Locality (matched)
39026,Antop Hill,Mumbai,The Punjab Tandoor & Fish Fry,600,3.9,Tandoor  Indian,19.0224,72.858,Locality (matched)
39043,Koregaon Park,Pune,Mocha,800,4.4,"Continental,Asian",18.5362,73.8938,Locality (matched)
39063,Majestic,Bangalore,Hotel Navayuga,400,4.3,Andhra,12.9767,77.5713,Locality (matched)
39070,Andheri East,Mumbai,Top China Delight,550,2.9,Chinese,19.1136,72.8697,Locality (matched)
39164,Bidhannagar,Kolkata,Awesome,600,4.4,"Chinese,Thai",22.585,88.418,Locality (matched)
39170,Koramangala,Bangalore,Smokey Tribe,700,4.3,"Naga,Continental,Seafood",12.9352,77.6245,Locality (matched)
39187,Santacruz East,Mumbai,King Chilli Chindian Fusion,400,4.1,Chinese  Pan-Asian  Asian  Beverages  Desserts,19.0822,72.8416,Locality (matched)
39272,Ellisbridge,Ahmedabad,Oven Story Pizza,600,4,"Pizzas,Italian",23.023,72.568,Locality (matched)
39276,Ellisbridge,Ahmedabad,Firangi Bake,400,4.2,"Italian,Mexican,Pastas",23.023,72.568,Locality (matched)
39302,Old Malakpet,Hyderabad,Al Madina Mandi House,400,3.9,"Biryani,Arabian,Fast Food",17.3735,78.498,Locality (matched)
39323,Malakpet,Hyderabad,De' Cafe Studio,300,3.4,"Continental,American,Italian",17.3735,78.498,Locality (matched)
39325,Malakpet,Hyderabad,The Royal Palace,300,3.9,"Chinese,Mughlai,Tandoor,Biryani",17.3735,78.498,Locality (matched)
39447,Egmore,Chennai,Cake Park,150,2.9,"Bakery,Desserts",13.0732,80.2609,Locality (matched)
39522,Andheri East,Mumbai,New Food Inn,300,4,"Indian,Chinese",19.1136,72.8697,Locality (matched)
39547,Central Kolkata,Kolkata,Floriana,800,2.9,"Indian,Continental",22.57,88.355,Locality (matched)
39549,Park Street Area,Kolkata,Waldorf,700,3.8,Chinese,22.552,88.352,Locality (matched)
39550,Taltala,Kolkata,Moulin Rouge,800,4.4,"Italian,North Indian",22.562,88.358,Locality (matched)
39578,Kothapet,Hyderabad,Hotel Nakshatra Grand,350,3.8,"North Indian,Chinese,Biryani,South Indian",17.3745,78.531,Locality (matched)
39579,Banjara Hills,Hyderabad,Silver Salt,1000,3.9,"Hyderabadi,Biryani,North Indian",17.4156,78.4347,Locality (matched)
39583,Perambur,Chennai,Grill & Barbeque,300,4,"Chinese,Fast Food,Grill,North Indian",13.1155,80.234,Locality (matched)
39620,Vastrapur,Ahmedabad,No Mad Baker - The Pizzeria,600,4,Pizzas,23.039,72.529,Locality (matched)
39721,Ballygunge,Kolkata,Breakfast 4 U By Jharna'S Kitchen,200,4.5,Fast Food,22.528,88.366,Locality (matched)
39755,Mohammed Wadi,Pune,Between Your Buns,400,4.4,"Fast Food,Continental,Italian,Combo,Beverages",18.46,73.92,Locality (matched)
39920,Paikpara,Kolkata,Tandoor-E-Punjab,350,4.1,"Indian,Tandoor,Mughlai,Snacks,Chinese,North Indian",22.61,88.368,Locality (matched)
40154,Wadgaon Sheri,Pune,Philly Fried Chicken,500,4.5,"Continental,American",18.554,73.911,Locality (matched)
40184,Bodakdev,Ahmedabad,M.A.D By Tomato'S,1200,4.4,"Indian,Chinese,Continental",23.043,72.506,Locality (matched)
40239,Powai,Mumbai,Ruchi Restaurant,300,3.9,North Indian  Chinese  Biryani  South Indian  Fast Food,19.1176,72.906,Locality (matched)
40288,Chetpet,Chennai,Bayleaf Otg (On The Go),300,4.3,"North Indian,Bengali,Biryani,Street Food",13.07,80.244,Locality (matched)
40297,Kankurgachi,Kolkata,Soul Cafe,250,2.9,"Italian,Bakery",22.585,88.39,Locality (matched)
40466,Ameerpet,Hyderabad,Hari Dosa,200,3.8,Indian  South Indian  Chinese,17.4374,78.4487,Locality (matched)
40469,Pulikeshi Nagar,Bangalore,The Deagh,500,4.1,"Indian,Chinese,Mughlai,Seafood",12.995,77.61,Locality (matched)
40473,Perambur,Chennai,Sri Guru Fast Food,250,3.9,"Fast Food,North Indian",13.1155,80.234,Locality (matched)
40605,Erandwane,Pune,Baba'S Veg Non Veg,250,4.1,"North Indian,Chinese",18.5089,73.83,Locality (matched)
40613,Wanowrie,Pune,Step-In,500,2.9,"Chinese,North Indian",18.4934,73.889,Locality (matched)
40619,Kothrud,Pune,Kinara'S Maratha Darbar,350,4.1,"Biryani,South Indian,North Indian",18.5074,73.8077,Locality (matched)
40707,Tiretti,Kolkata,D'Ley Chinese Restaurant,300,4.5,Chinese,22.575,88.358,Locality (matched)
40740,Maharshi Nagar,Pune,Kolhapuri Katta,400,4.1,"Maharashtrian,Thalis,North Indian",18.498,73.872,Locality (matched)
40803,Kurla West,Mumbai,Delhi Zaika,800,4,"Indian,Chinese",19.07,72.879,Locality (matched)
40819,Punjabi Bagh,Delhi,Everest Momos & Chinese Fast Food,200,3.9,Chinese,28.665,77.131,Locality (matched)
40831,Navrangpura,Ahmedabad,Subway,350,4,"Fast Food,Healthy Food,Salads,Snacks,Desserts,Beverages",23.0365,72.561,Locality (matched)
40908,Mylapore,Chennai,Classic Shawarma And Grill,250,4.1,"Arabian,Fast Food",13.0339,80.2695,Locality (matched)
40928,Saki Naka,Mumbai,Eataeria,300,2.9,Fast Food,19.1073,72.8873,Locality (matched)
40942,Kalighat,Kolkata,Sare Chuattar,450,4.2,Bengali,22.519,88.342,Locality (matched)
40957,Taltala,Kolkata,Up Bihar,200,4.2,"North Indian,Mughlai",22.562,88.358,Locality (matched)
41079,Sion,Mumbai,Chef Kitchen,500,3.8,"Indian,Chinese",19.0448,72.8619,Locality (matched)
41100,Ashok Nagar,Bangalore,Nagarjuna,600,4.4,"Andhra,South Indian,Biryani,Combo,Beverages,Desserts",12.9843,77.5936,Locality (matched)
41172,Bandra Area,Mumbai,Elementaria Bakery & Cafe,800,4.5,"Snacks,Desserts,Beverages",19.0596,72.8295,Locality (matched)
41247,Chembur,Mumbai,S P Burger,200,4.2,"Fast Food,Pizzas",19.0522,72.9006,Locality (matched)
41264,Bhowanipore,Kolkata,Raviz,400,4,"North Indian,Chinese",22.527,88.345,Locality (matched)
41306,Chembur,Mumbai,Red Spice,300,4,"Chinese,Tandoor,Indian,Biryani,Kebabs",19.0522,72.9006,Locality (matched)
41397,Old Washermanpet,Chennai,Frozen Smoothies,350,4,"Beverages,Ice Cream,Juices,Desserts,Snacks",13.114,80.282,Locality (matched)
41471,Saki Naka,Mumbai,Wow! Momo,300,4,"Tibetan,Healthy Food,Asian,Chinese,Snacks,Continental,Desserts,Beverages",19.1073,72.8873,Locality (matched)
41635,Santacruz East,Mumbai,Stove - The Vegetarian Kitchen,250,4.2,"Gujarati,Rajasthani,North Indian,Chinese,Indian",19.0822,72.8416,Locality (matched)
41700,Gariahat,Kolkata,Ruma'S Kitchen,250,4,"Bengali,Thalis,Indian,Chinese",22.519,88.363,Locality (matched)
41741,Poongavanapuram,Chennai,Lassi Shop,100,3.9,Beverages,13.0827,80.2707,City-level (approximate fallback)
41776,Sivanchetti Gardens,Bangalore,Naachiyar'S,600,4.2,"Biryani,Chettinad",12.9605,77.601,Locality (matched)
41818,Sangamvadi,Pune,Reddy'S Fast Food,400,3.7,"North Indian,Chinese",18.533,73.876,Locality (matched)
41848,Koramangala,Bangalore,Tall Blonde French,250,4.2,"American,European",12.9352,77.6245,Locality (matched)
41981,Camp,Pune,Cafe 52,200,2.9,Fast Food,18.5122,73.879,Locality (matched)
42031,Kolkata,Kolkata,Snackups,200,3.5,Chinese  Fast Food,22.5726,88.3639,Locality (matched)
42032,Bidhannagar,Kolkata,Shawarma City Express,200,3.7,Lebanese,22.585,88.418,Locality (matched)
42048,Bandra Area,Mumbai,Yauatcha Patisserie,400,4.5,"Desserts,Beverages,Bakery,Sweets",19.0596,72.8295,Locality (matched)
42116,Paldi,Ahmedabad,Amdos Kitchen,300,4.4,"Tibetan,Chinese,Fast Food",23.013,72.562,Locality (matched)
42222,Juhapura,Ahmedabad,Dana Panee,400,4.1,"Indian,Mughlai,Chinese",22.987,72.533,Locality (matched)
42265,Kurla,Mumbai,Sheetal Restaurant,400,4,"Indian,Chinese,Maharashtrian,Biryani,Seafood",19.0728,72.8826,Locality (matched)
42282,Chembur,Mumbai,Trupti Farsan,200,4.4,"Desserts,Bakery,Chaat",19.0522,72.9006,Locality (matched)
42330,Gopalapuram,Chennai,Sri Ganesh Chettinadu Hotel,400,4.1,"Fast Food,South Indian",13.045,80.257,Locality (matched)
42337,Raja Annamalai Puram,Chennai,Fromage,1000,4.3,"Italian,Continental",13.03,80.262,Locality (matched)
42380,Rohini,Delhi,Lala'S(Khao Or Khane Do),400,2.9,"Italian,Chinese,Fast Food",28.7041,77.1025,Locality (matched)
42422,Kurla,Mumbai,Khan'S Flavour,600,3.3,"Indian,Chinese",19.0728,72.8826,Locality (matched)
42423,Andheri East,Mumbai,Ching Asia,600,4.5,Pan-Asian,19.1136,72.8697,Locality (matched)
42439,Andheri East,Mumbai,Square Pizza,400,4.2,"Pizzas,Desserts,Fast Food",19.1136,72.8697,Locality (matched)
42581,Shivajinagar,Pune,Burger King,350,4.2,"American,Fast Food",18.5308,73.8478,Locality (matched)
42603,Khar West,Mumbai,Aradhana Coastal Delight,750,4.4,Seafood  Malwani  Indian,19.0696,72.8355,Locality (matched)
42784,Karve Nagar,Pune,Malabar,400,3.9,"North Indian,Chinese",18.49,73.8163,Locality (matched)
42832,Choolaimedu,Chennai,Al Dari Biryani,350,3.6,"Biryani,Indian",13.064,80.228,Locality (matched)
42885,Santacruz East,Mumbai,Rolls Mania,200,4.2,"Indian,Fast Food",19.0822,72.8416,Locality (matched)
43128,Kondhwa,Pune,Yumme Tumme,200,2.9,Fast Food,18.4633,73.893,Locality (matched)
43131,Baner,Pune,Abhiman Pure Veg,450,4.4,"North Indian,Chinese",18.559,73.7868,Locality (matched)
43142,Ramdev Nagar,Ahmedabad,Singh'S Kitchen By Gch,300,2.9,North Indian,23.033,72.524,Locality (matched)
43183,Prashant Vihar Rohini,Delhi,Nutriobox,450,4.2,"Salads,Continental,Juices,Healthy Food",28.705,77.135,Locality (matched)
43185,Egmore,Chennai,Palmshore,400,4,Arabian,13.0732,80.2609,Locality (matched)
43189,Balavinayagar Nagar,Chennai,Cake Waves,300,2.9,"Bakery,Desserts",13.0827,80.2707,City-level (approximate fallback)
43206,Ashok Nagar,Bangalore,Cafe Azzure,1000,2.9,"American,Italian",12.9843,77.5936,Locality (matched)
43634,Bopodi,Pune,Rosso Bianco,500,4.8,"Italian,Pizzas",18.567,73.828,Locality (matched)
43652,Kothapet,Hyderabad,Suruchi Biryani House,300,3.4,"North Indian,Chinese,Biryani,Hyderabadi",17.3745,78.531,Locality (matched)
43727,Sector 13 Rohini,Delhi,Prashant Roll,200,4.1,Snacks,28.728,77.12,Locality (matched)
43794,Sri Hanuman Nagar Colony,Hyderabad,Hotel Shubham Palace - Dhanturi Hospitality,300,3.9,"Biryani,Chinese,South Indian,North Indian,Tandoor",17.385,78.4867,City-level (approximate fallback)
43836,Ashok Nagar,Bangalore,Mcdonald'S,400,4.2,"American,Fast Food",12.9843,77.5936,Locality (matched)
43863,Dhakuria,Kolkata,Moonlight Sonata,250,4,"Indian,Chinese",22.509,88.367,Locality (matched)
43889,Saki Naka,Mumbai,Anil Wine N Dine,300,4.4,"North Indian,Chinese,Biryani,South Indian",19.1073,72.8873,Locality (matched)
43958,Chanchalguda,Hyderabad,Hotel Sohail Waves,500,4.1,"Arabian,Tandoor,Mughlai,Biryani,North Indian",17.378,78.498,Locality (matched)
44000,Royapettah,Chennai,Madurai Pandian Mess,300,4.2,South Indian,13.0569,80.265,Locality (matched)
44058,Budh Vihar,Delhi,Wah Ji Wah ( Budhvihar),250,3.8,"Indian,Chinese",28.716,77.085,Locality (matched)
44141,Chennai,Chennai,Arul Chettinadu Hotel,350,4,"Chettinad,Chinese,South Indian,Seafood,Biryani",13.0827,80.2707,Locality (matched)
44184,Shivajinagar,Pune,Dragon,450,2.9,"North Indian,Chinese",18.5308,73.8478,Locality (matched)
44206,Santacruz East,Mumbai,What The Fries,250,3.9,Fast Food,19.0822,72.8416,Locality (matched)
44238,Ashok Nagar,Bangalore,The Rice Bowl,450,4.2,Chinese,12.9843,77.5936,Locality (matched)
44246,Annanagar East,Chennai,Roll Baby Roll,250,4.4,Indian,13.087,80.22,Locality (matched)
44255,Jadavpur,Kolkata,Spice 2 Go,200,4,"Indian,Chinese",22.499,88.371,Locality (matched)
44257,Jadavpur,Kolkata,Gupta Eating House,150,4.2,"Indian,Chinese,Fast Food",22.499,88.371,Locality (matched)
44261,Anna Nagar,Chennai,Urban Spatula,1000,4.3,"Arabian,Asian,Biryani,Continental,Italian,Kebabs,North Indian,Seafood",13.085,80.2101,Locality (matched)
44282,Gokhalenagar,Pune,Vaibhav'S- Biryani House,400,2.9,"North Indian,Biryani",18.529,73.828,Locality (matched)
44579,A Unit Of M/S Cohort  Ruby Area,Kolkata,The Tasty Bites,300,4.2,"Asian,Indian,Tandoor,Tibetan,Chinese",22.514,88.398,Locality (substring match: 'ruby area')
44640,Teynampet,Chennai,Chit Chat,100,2.9,"Desserts,Ice Cream,Snacks",13.0418,80.254,Locality (matched)
45037,Gulbai Tekra,Ahmedabad,Mocha,700,4.2,"Indian,Jain,American,Bakery,Beverages,Continental,Desserts,Fast Food,Pastas,Pizzas,Thai",23.033,72.554,Locality (matched)
45103,Taltala,Kolkata,Kfc,450,4.4,"American,Snacks",22.562,88.358,Locality (matched)
45703,Paschim Vihar,Delhi,Hot Spot Roll Corner,150,4.3,Fast Food,28.6692,77.1013,Locality (matched)
45757,Koramangala,Bangalore,Pipabu,250,4,"Pizzas,Italian,American,Continental,Salads,Desserts",12.9352,77.6245,Locality (matched)
45761,Jayanagar,Bangalore,Chung Wah Opus,300,3.8,"Chinese,Pan-Asian",12.925,77.5938,Locality (matched)
45830,Shivajinagar,Pune,The Quick Wok,300,4,"Chinese,Fast Food,Thai",18.5308,73.8478,Locality (matched)
45838,Bandra Area,Mumbai,Kitchen Garden By Suzette,1100,4.6,"Snacks,Beverages",19.0596,72.8295,Locality (matched)
45843,Chembur,Mumbai,Cafe Alvi,500,3.6,Cafe,19.0522,72.9006,Locality (matched)
45846,Asalpha,Mumbai,Swagat,650,4.3,"Indian,Chinese",19.093,72.903,Locality (matched)
45951,Tiretti,Kolkata,Mio Amore - The Cake Shop,150,4.6,"Desserts,Bakery,Snacks",22.575,88.358,Locality (matched)
46092,T. Nagar,Chennai,Shaik Shack Shawarma,200,4.1,Fast Food,13.0418,80.2341,Locality (matched)
46126,Ballygunge,Kolkata,Tara'S Kitchen,200,2.9,"Bengali,Thalis,North Indian,Snacks,Combo,Healthy Food,Indian",22.528,88.366,Locality (matched)
46127,Kalighat,Kolkata,Taste-Ride,500,3.9,"Chinese,Indian,Continental",22.519,88.342,Locality (matched)
46137,Perambur,Chennai,Dolphin Fast Food,300,4.1,"South Indian,North Indian,Chinese,Fast Food",13.1155,80.234,Locality (matched)
46166,Kalas,Pune,Yashda Restaurant,600,4.2,"North Indian,Chinese",18.582,73.899,Locality (matched)
46248,Perambur,Chennai,Burger Cafe,250,4.2,"American,Beverages,Fast Food",13.1155,80.234,Locality (matched)
46284,Danilimda,Ahmedabad,The Kebabish,250,3.8,"North Indian,Mughlai",22.993,72.61,Locality (matched)
46377,Ahmedabad,Ahmedabad,Prithvi Hotel,350,4.1,"Indian,Chinese,Continental",23.0225,72.5714,Locality (matched)
46460,Triplicane,Chennai,Rizwan Biriyani And Kabab Center,300,4.1,"Biryani,Fast Food,Kebabs",13.057,80.276,Locality (matched)
46593,Kothrud,Pune,Hotel Surya Biryani,200,2.9,"Punjabi,Chinese,Maharashtrian",18.5074,73.8077,Locality (matched)
46650,Seshadripuram,Bangalore,Richie Rich,500,4.4,"Desserts,Snacks,Chaat,Ice Cream",12.9924,77.5773,Locality (matched)
46772,Elgin,Kolkata,Monkey Bar,1000,4.2,"North Indian,American,European,Asian",22.538,88.352,Locality (matched)
46773,Teynampet,Chennai,Ente Keralam,750,4.5,Kerala,13.0418,80.254,Locality (matched)
46864,Rohini,Delhi,China Town Kathi Rolls,250,4.6,Fast Food,28.7041,77.1025,Locality (matched)
46872,Malakpet,Hyderabad,Paradise Biryani,400,3.8,"Biryani,North Indian,Chinese",17.3735,78.498,Locality (matched)
46880,Bkc,Mumbai,Chai Point,150,4.2,"Bakery,Combo,Beverages,Maharashtrian,Snacks,Street Food,South Indian,Punjabi,Fast Food",19.0668,72.8681,Locality (matched)
46909,Nungambakkam,Chennai,Hotel Crescent,450,4.3,"Kerala,South Indian,Chinese,North Indian",13.0569,80.2425,Locality (matched)
47004,Purasaiwakkam,Chennai,Hotel Deccan,400,4.3,"Biryani,Chettinad,South Indian,Chinese",13.085,80.254,Locality (matched)
47009,Toli Chowki,Hyderabad,Kabul Darbar,850,4.3,"Afghani,Arabian,Indian,Tandoor",17.4001,78.418,Locality (matched)
47022,Powai,Mumbai,Rice Diaries,300,3.7,"Mughlai,Chinese,Combo",19.1176,72.906,Locality (matched)
47025,Erandwane,Pune,Roll Club,200,2.9,Fast Food,18.5089,73.83,Locality (matched)
47070,Kasba,Kolkata,Parathawala,250,3.7,"North Indian,South Indian,Punjabi",22.514,88.38,Locality (matched)
47137,Paschim Vihar,Delhi,Da Pizza Makers,400,3.4,"Pizzas,Italian,Snacks",28.6692,77.1013,Locality (matched)
47295,Koregaon Park,Pune,Yummy Momos,200,2.9,Chinese,18.5362,73.8938,Locality (matched)
47314,Camp,Pune,Raje Chinese,400,4.1,Chinese,18.5122,73.879,Locality (matched)
47421,Gurukul,Ahmedabad,Cocoa Drama,150,4.2,Desserts,23.043,72.528,Locality (matched)
47446,Malleshwaram,Bangalore,Tasty Paradise,330,3.9,"Andhra,Chinese,Mughlai,North Indian,Seafood",13.0035,77.5647,Locality (matched)
47458,Gopalapuram,Chennai,Hotel Safari,450,4.3,"North Indian,South Indian,Chinese,Biryani",13.045,80.257,Locality (matched)
47583,Chembur,Mumbai,Lazeez Desi Tadka,500,2.9,"Indian,North Indian",19.0522,72.9006,Locality (matched)
47587,Bodakdev,Ahmedabad,Curries,850,4.1,"Indian,Chinese,Continental",23.043,72.506,Locality (matched)
47589,Navrangpura,Ahmedabad,Pizza Hut,350,4,"Fast Food,Pizzas",23.0365,72.561,Locality (matched)
47602,Bodakdev,Ahmedabad,Angithi By Mirch Masala,1100,4.3,"Indian,North Indian,Chinese,Punjabi,Beverages",23.043,72.506,Locality (matched)
47693,Elgin,Kolkata,8Th Day Cafe & Bakery,700,4.5,Continental  Italian,22.538,88.352,Locality (matched)
47696,Beleghata,Kolkata,Drumstick,400,4.2,"Indian,Chinese,Continental,Tandoor,Bengali",22.562,88.39,Locality (matched)
47697,Bidhannagar,Kolkata,Orko'Ss Restaurant & Lounge Bar,1200,2.9,"Indian,Bengali,Chinese",22.585,88.418,Locality (matched)
47771,Kondhwa,Pune,Foodies 365,200,2.9,Fast Food,18.4633,73.893,Locality (matched)
47788,Ellisbridge,Ahmedabad,The Westend Hotel (Mayflower),450,4.4,"Indian,Chinese",23.023,72.568,Locality (matched)
47833,Kurla West,Mumbai,Persian Darbar,1100,4,"Mughlai,North Indian,Chinese,Biryani",19.07,72.879,Locality (matched)
47964,Salt Lake Area,Kolkata, Momozon,200,3.9,"Chinese,Tibetan",22.585,88.418,Locality (matched)
48030,Kurla,Mumbai,Sahara Hotel - Kurla,650,4.2,"North Indian,Chinese,Mughlai,Beverages",19.0728,72.8826,Locality (matched)
48051,Yerawada,Pune,Andhra Biryani,300,2.9,"Biryani,Chinese,North Indian",18.558,73.883,Locality (matched)
48076,Koramangala,Bangalore,Lot Like Crepes,600,4.4,"Desserts,Continental,Cafe,Fast Food",12.9352,77.6245,Locality (matched)
48127,Andheri East,Mumbai,The Chinese Spot,350,4,"Chinese,Indian,Tandoor,Biryani",19.1136,72.8697,Locality (matched)
48128,Powai,Mumbai,Foodie Central,300,4.3,"Fast Food,Snacks",19.1176,72.906,Locality (matched)
48146,Andheri East,Mumbai,Eva'S Pizza,500,4,"Pizzas,Italian,Salads",19.1136,72.8697,Locality (matched)
48339,Ulsoor,Bangalore,Royce' Chocolate,750,4.9,"Desserts,Sweets,Snacks",12.9815,77.6205,Locality (matched)
48390,Vastrapur,Ahmedabad,Anjoy Late Night Meals,250,4.1,Indian,23.039,72.529,Locality (matched)
48410,Domlur,Bangalore,Le Gateau - The Cake Shop,400,4.3,Desserts,12.961,77.6387,Locality (matched)
48446,Bhowanipore,Kolkata,Green Palace,600,4.3,"Chinese,North Indian",22.527,88.345,Locality (matched)
48556,Shivaji Nagar,Bangalore,Imperial Restaurant,400,4.2,"Arabian,Chinese,Desserts,Mughlai,North Indian,Seafood,South Indian",12.9855,77.6057,Locality (matched)
48630,Teynampet,Chennai,Hot Pan,200,3.5,"Pizzas,Chinese,Juices",13.0418,80.254,Locality (matched)
48742,Chembur,Mumbai,230 Celsius,1,4.1,Italian  Continental,19.0522,72.9006,Locality (matched)
48756,Chembur,Mumbai,Yug Family Restaurant,500,2.9,"Indian,Chinese",19.0522,72.9006,Locality (matched)
48780,Bidhannagar,Kolkata,Xspicy - Indismart Hotel,300,4.7,"Indian,Chinese,Continental,Italian,Thai,South Indian,Desserts,Combo,Thalis",22.585,88.418,Locality (matched)
48948,Nagole,Hyderabad,The Chocolate Room,500,3.7,Desserts,17.38,78.559,Locality (matched)
49007,Ashok Vihar,Delhi,Cake 24X7,200,2.9,Bakery,28.695,77.177,Locality (matched)
49025,Bandra Area,Mumbai,Taftoon Bar & Kitchen,1000,4.7,North Indian,19.0596,72.8295,Locality (matched)
49032,Kurla,Mumbai,Chunkies,250,4,"Fast Food,American,Indian",19.0728,72.8826,Locality (matched)
49078,Pulikeshi Nagar,Bangalore,Lazio Steaks & More,800,4.5,"Steakhouse,Pastas,American,Pizzas,Italian,Desserts,Chinese",12.995,77.61,Locality (matched)
49122,Bhowanipore,Kolkata,Denzong Kitchen,250,4.2,"Tibetan,Chinese",22.527,88.345,Locality (matched)
49133,Poongavanapuram,Chennai,Karim Biryani,300,3.8,"Biryani,South Indian",13.0827,80.2707,City-level (approximate fallback)
49163,Triplicane,Chennai,Hotel Sangam - Mount Road,300,4.1,"Biryani,North Indian,Chinese",13.057,80.276,Locality (matched)
49320,Powai Area,Mumbai,Tunga Restaurant,300,2.9,Indian  Chinese  Mangalorean,19.1176,72.906,Locality (matched)
49332,Vastrapur,Ahmedabad,Caffix The Tech Cafe,450,4.6,"Chinese,North Indian,Continental",23.039,72.529,Locality (matched)
49355,Tangra,Kolkata,Quality Fast Food,250,2.9,"Indian,Chinese",22.546,88.396,Locality (matched)
49578,Annanagar East,Chennai,Daily Treat,200,3.8,"American,Juices,Street Food,Pizzas",13.087,80.22,Locality (matched)
49592,Kondhwa,Pune,Desi Handi,300,2.9,"North Indian,Chinese,Biryani",18.4633,73.893,Locality (matched)
49593,Kondhwa,Pune,Dhaba Curry,300,3.2,"North Indian,Chinese,Biryani",18.4633,73.893,Locality (matched)
49600,Chembur,Mumbai,Bro'S Kitchen,200,2.9,Snacks,19.0522,72.9006,Locality (matched)
49628,Central Market Punjabi Bagh,Delhi,Dashi - Dimsum & Sushi Bar,1000,4.3,"Japanese,Chinese,Pan-Asian,Sushi",28.665,77.131,Locality (matched)
49739,Banjara Hills,Hyderabad,Waffle House,400,3.9,Cafe  Desserts  Beverages,17.4156,78.4347,Locality (matched)
49811,Royapettah,Chennai,Hot Breads,150,4.4,Bakery,13.0569,80.265,Locality (matched)
49931,Perambur,Chennai,Arafa Biriyani & Kebab Point,250,3.8,"Biryani,Chinese",13.1155,80.234,Locality (matched)
49939,Aminjikarai,Chennai,Deen Biryani,400,3.8,"Biryani,Chinese",13.073,80.226,Locality (matched)
50057,Santosh Nagar,Hyderabad,Khismat Restaurant,250,3.6,"Chinese,Indian,Mughlai",17.36,78.498,Locality (matched)
50060,Warje,Pune,Chicken Xperience By Venky'S (Warje),200,4.5,"Fast Food,Beverages,Desserts,Biryani",18.478,73.806,Locality (matched)
50064,Jm Road,Pune,Amhi Kolhapuri - Shivajinagar Canteen,200,3.7,"Maharashtrian,Indian,Biryani,Beverages",18.525,73.842,Locality (matched)
50091,Saidabad,Hyderabad,Tipsy Topsy,250,3.7,"Chinese,Italian,Desserts,Bakery,Fast Food",17.35,78.509,Locality (matched)
50111,Bandra Area,Mumbai,Hitchki,600,4,"North Indian,Mughlai,Indian,Punjabi,Tandoor,Biryani",19.0596,72.8295,Locality (matched)
50119,Bandra Area,Mumbai,Nara Thai,800,4.4,"Thai,Asian,Salads,Seafood,Pan-Asian",19.0596,72.8295,Locality (matched)
50138,Thousand Lights,Chennai,Old Madras Baking Company,300,4.6,"Bakery,Desserts",13.0569,80.254,Locality (matched)
50148,University Area,Ahmedabad,Upper Crust,500,4.3,"Indian,Chinese,Continental,Bakery",23.033,72.545,Locality (matched)
50158,Khokhra,Ahmedabad,Spicia Restaurant,350,4.2,"North Indian,Chinese",23.018,72.612,Locality (matched)
50216,Nungambakkam,Chennai,Drunken Monkey,400,4.2,"Healthy Food,Beverages,Juices",13.0569,80.2425,Locality (matched)
50266,Dilsukhnagar,Hyderabad,Mr.Pulao,200,3.6,"Andhra,South Indian,Biryani",17.3687,78.5247,Locality (matched)
50319,Ahmedabad,Ahmedabad,Fish Express,450,4.6,"Indian,Tandoor,Seafood,Chinese",23.0225,72.5714,Locality (matched)
50356,Navrangpura,Ahmedabad,Mirch Masala,700,4.2,"Indian,Mughlai",23.0365,72.561,Locality (matched)
50363,Ellisbridge,Ahmedabad,Tomato'S,1200,4.4,"Indian,Chinese,Continental",23.023,72.568,Locality (matched)
50461,Topsia,Kolkata,Shimla Biryani-Topsia,350,4.2,"Chinese,Indian,Biryani",22.541,88.383,Locality (matched)
50620,Garfa,Kolkata,Happizzaa,350,4,"Pizzas,Italian",22.504,88.382,Locality (matched)
50773,West Mambalam,Chennai,Vijay'S Delhi Chat,150,4.3,"Chinese,North Indian,Chaat",13.035,80.22,Locality (matched)
50934,Navrangpura,Ahmedabad,Choice Snack Bar,450,4.4,Beverages,23.0365,72.561,Locality (matched)
50973,Kilpauk,Chennai,Buhari Vintage Hotel - Kilpauk,400,4.4,"Biryani,North Indian,Chinese",13.085,80.241,Locality (matched)
51119,Khokhra,Ahmedabad,Masala Kitchen,450,4.2,"Indian,Chinese,Continental",23.018,72.612,Locality (matched)
51158,Anna Nagar,Chennai,Hyderabad Mughal Biriyani,500,3.9,"North Indian,Chinese",13.085,80.2101,Locality (matched)
51230,Triplicane,Chennai,Umar Biriyani,400,2.9,"Biryani,Chinese,Arabian",13.057,80.276,Locality (matched)
51263,Ambawadi,Ahmedabad,Harshu'S Late Night Munchies,450,4.2,"Fast Food,Italian,Chinese,Snacks",23.027,72.549,Locality (matched)
51317,Chennai,Chennai,Pally Tastei Food (Perambur),250,3.9,"Chinese,North Indian,South Indian",13.0827,80.2707,Locality (matched)
51329,Ballygunge,Kolkata,Minihut,500,4.6,Chinese,22.528,88.366,Locality (matched)
51492,Purasaiwakkam,Chennai,Ritz,650,2.9,"North Indian,Chinese",13.085,80.254,Locality (matched)
51495,Baranagar,Kolkata,Kolkata Fries,200,4.4,"Fast Food,American,Biryani,Lebanese,Indian",22.642,88.372,Locality (matched)
51543,Ejipura,Bangalore,Momo Rice Noodles,350,4.2,"Chinese,Thai",12.9382,77.628,Locality (matched)
51561,Chembur,Mumbai,Ratnagiri Restaurant & Bar,600,4.3,"Indian,Chinese,Coastal,Malwani",19.0522,72.9006,Locality (matched)
51621,Nungambakkam,Chennai,Mishwar Restaurant,750,3.9,"Kerala,South Indian,Arabian,Chinese",13.0569,80.2425,Locality (matched)
51832,Royapuram,Chennai,Pandia'S Avenue,500,4.1,"Chettinad,South Indian,North Indian,Chinese",13.113,80.294,Locality (matched)
51833,Old Washermanpet,Chennai,Bakers Spring,250,4.3,"Bakery,Desserts,Fast Food",13.114,80.282,Locality (matched)
51863,George Town,Chennai,Sea Shore,500,3.8,"North Indian,Chettinad,Chinese,Seafood",13.094,80.287,Locality (matched)
51932,Rohini,Delhi,Khalsa Dhaba,500,2.9,North Indian,28.7041,77.1025,Locality (matched)
52024,George Town,Chennai,Hotel Zum Zum 1965,300,3.7,"North Indian,South Indian,Chettinad",13.094,80.287,Locality (matched)
52045,Anna Nagar,Chennai,Little Hut (Shanthi Colony),300,4.3,"North Indian,Chinese,Fast Food,Arabian",13.085,80.2101,Locality (matched)
52054,Salunkhe Vihar,Pune,Souk By Cafe Arabia,300,4.3,"Lebanese,Middle Eastern,Mediterranean,Fast Food",18.485,73.902,Locality (matched)
52151,Old Washermanpet,Chennai,Atho Man,350,4,"Burmese,Indian,Chinese,Arabian",13.114,80.282,Locality (matched)
52204,Bn Reddy Nagar,Hyderabad,Amaravathi Restaurant,400,4,"North Indian,Chinese",17.345,78.545,Locality (matched)
52207,Vadapalani,Chennai,Asima Briyani,400,4,"Biryani,Indian,Chinese,North Indian,South Indian,Grill,Barbecue,Tandoor",13.0503,80.2121,Locality (matched)
52250,Erandwane,Pune,Pathan Laziz Biryani House,300,2.9,"Biryani,North Indian",18.5089,73.83,Locality (matched)
52338,Paschim Vihar,Delhi,Da Pizza Bakers,400,2.9,"Pizzas,Fast Food",28.6692,77.1013,Locality (matched)
52344,Bidhannagar,Kolkata,Anytime Pizza,300,2.9,"Italian,Desserts",22.585,88.418,Locality (matched)
52364,Kalyani Nagar,Pune,The French Window Patisserie,500,2.9,"Desserts,Bakery",18.5479,73.9014,Locality (matched)
52368,Wadgaon Sheri,Pune,Burger 11,500,4.5,"American,Fast Food,Keto,Beverages",18.554,73.911,Locality (matched)
52419,Himayatnagar,Hyderabad,Roll Zone,150,4.1,"Snacks,Fast Food",17.4008,78.4813,Locality (matched)
52460,Bidhannagar,Kolkata,Aahar Restaurant,400,4.3,"Indian,Chinese",22.585,88.418,Locality (matched)
52463,Shivaji Nagar,Bangalore,Utse Kitchen,500,4.2,"Chinese,Tibetan,Nepalese,Pan-Asian",12.9855,77.6057,Locality (matched)
52533,Karve Nagar,Pune,Fish Land,500,3.9,Seafood,18.49,73.8163,Locality (matched)
52548,George Town,Chennai,Dindigul Thalappakatti,400,3.9,"Biryani,Barbecue,South Indian,Chinese,North Indian",13.094,80.287,Locality (matched)
52566,Rohini,Delhi,Jw Solitaire,800,2.9,"North Indian,Chinese,Continental",28.7041,77.1025,Locality (matched)
52604,Chennai,Chennai,Pizza Cottage,450,4.1,"Pizzas,Fast Food",13.0827,80.2707,Locality (matched)
52686,Ashok Nagar,Bangalore,Chung Wah,800,4.3,Chinese,12.9843,77.5936,Locality (matched)
52712,Paldi,Ahmedabad,Decent Restaurant,650,2.9,"North Indian,Chinese",23.013,72.562,Locality (matched)
52725,Royapettah,Chennai,Kozhi Idli,200,4.4,South Indian,13.0569,80.265,Locality (matched)
52767,Saki Naka,Mumbai,Kfc,400,4.3,"American,Fast Food,Snacks",19.1073,72.8873,Locality (matched)
53007,Mehdipatnam,Hyderabad,Prince Restaurant,200,3.9,"Biryani,North Indian,Tandoor,Hyderabadi,Kebabs,Chinese",17.3952,78.438,Locality (matched)
53009,Humayun Nagar,Hyderabad,Prince Hotel,200,4,"Biryani,North Indian,Tandoor",17.403,78.447,Locality (matched)
53211,Kothrud,Pune,Kimaya Veg Restaurant,300,4.3,"Chinese,South Indian,Indian",18.5074,73.8077,Locality (matched)
53261,Toli Chowki,Hyderabad,4 Seasons,800,4.1,"Mediterranean,Lebanese,Mughlai,North Indian,Chinese,Salads",17.4001,78.418,Locality (matched)
53503,Ashok Nagar,Bangalore,Brik Oven,1000,4.5,"Pizzas,Italian,Desserts,Beverages",12.9843,77.5936,Locality (matched)
53659,Bidhannagar,Kolkata,Pour House,1200,2.9,"Indian,Italian,Chinese,Continental",22.585,88.418,Locality (matched)
53710,Chennai,Chennai,Chef Express,250,4,Italian,13.0827,80.2707,Locality (matched)
53815,Choolaimedu,Chennai,Zam Zam Biriyani & Fast Food,250,3.8,"Biryani,Fast Food",13.064,80.228,Locality (matched)
53884,Kilpauk,Chennai,Wraps & Rolls,150,4.1,"Street Food,Fast Food,Pizzas,Italian,Desserts",13.085,80.241,Locality (matched)
53934,Purasaiwakkam,Chennai,Ibaco,800,4.7,"Ice Cream,Desserts",13.085,80.254,Locality (matched)
53985,Juhapura,Ahmedabad,Zaika Darbar,350,3.9,"Indian,Chinese",22.987,72.533,Locality (matched)
54309,Navrangpura,Ahmedabad,Ristretto Behind The Rods,700,4,"Continental,Pizzas,Chinese,North Indian,Desserts,Punjabi,Indian,Healthy Food,Pastas,Beverages",23.0365,72.561,Locality (matched)
54314,Elgin,Kolkata,The Salt House,1200,4.5,"Continental,Italian",22.538,88.352,Locality (matched)
54326,Dumdum,Kolkata,Eat & Treat,250,3.3,Continental,22.642,88.42,Locality (matched)
54378,Sadashiv Peth,Pune,Hotel Ashirwad,200,4.1,"Maharashtrian,North Indian",18.5122,73.852,Locality (matched)
54424,Chembur,Mumbai,Nothing But Chicken,400,4.4,"Salads,Raw meats",19.0522,72.9006,Locality (matched)
54488,Andheri East,Mumbai,Indigo Burger Project,350,4.4,American,19.1136,72.8697,Locality (matched)
54585,Taltala,Kolkata,Brother'S Snack,200,2.9,"Indian,Chinese,Fast Food",22.562,88.358,Locality (matched)
54605,New Nallakunta,Hyderabad,Lucky'S Biryani House,400,4,"Biryani,Chinese",17.403,78.495,Locality (matched)
54668,George Town,Chennai,Cool Biz,100,4,"Beverages,Juices",13.094,80.287,Locality (matched)
54698,Rajajinagar,Bangalore,Sri Maruthi Miltry Hotel,250,3.8,"Biryani,South Indian,Combo",12.9905,77.5554,Locality (matched)
54728,Bandra West,Mumbai,The Serial Griller - Burgers Plus,450,3.9,American,19.0596,72.8295,Locality (matched)
54735,Kilpauk,Chennai,Saleem Biryani,300,3.6,"Biryani,Chinese,North Indian",13.085,80.241,Locality (matched)
54801,Raja Annamalai Puram,Chennai,Broken Bridge Cafe,1100,4.5,"Indian,Continental",13.03,80.262,Locality (matched)
54824,Bhowanipore,Kolkata,French Loaf,400,4.6,Fast Food,22.527,88.345,Locality (matched)
54889,Vishrantwadi,Pune,Baba Biryani,250,3.5,"Biryani,Indian,Chinese",18.567,73.872,Locality (matched)
54917,Bandra Area,Mumbai,All Elements,800,4.4,Pizzas  Pastas  Italian  Snacks  Continental  Desserts  American  Salads,19.0596,72.8295,Locality (matched)
54972,George Town,Chennai,Hotel Kalyana Bhavan,250,2.9,Biryani,13.094,80.287,Locality (matched)
54973,Royapettah,Chennai,Sathyam Cinemas,250,4.4,"Fast Food,Snacks,Desserts,Beverages",13.0569,80.265,Locality (matched)
55080,Gulbai Tekra,Ahmedabad,The Mad House Cafe,350,4.4,"Fast Food,Indian",23.033,72.554,Locality (matched)
55192,Taltala,Kolkata,Kareem'S - Park Street,1100,4.3,"Biryani,North Indian,Mughlai",22.562,88.358,Locality (matched)
55195,Tarnaka,Hyderabad,Nrs Hotel Sanman,150,4.1,"South Indian,North Indian",17.426,78.534,Locality (matched)
55334,Teynampet,Chennai,The Summer House Eatery,1000,4.3,"Italian,Continental,French,Japanese,Korean,Thai",13.0418,80.254,Locality (matched)
55369,Koregaon Park,Pune,Boteco - Restaurante Brasileiro,800,4.3,"South American,Fast Food",18.5362,73.8938,Locality (matched)
55531,Jayanagar,Bangalore,Andhra Ruchulu,500,4.2,"Andhra,Chettinad,Chinese,Desserts,North Indian,Seafood",12.925,77.5938,Locality (matched)
55625,Golpark,Kolkata,The Chaiwala,350,4.3,American  Continental  Italian  Pastas  Snacks  Desserts  Beverages,22.517,88.363,Locality (matched)
55702,New Mallepally,Hyderabad,Al Arabian Shawarma,150,4.2,Arabian,17.396,78.468,Locality (matched)
55746,Purasaiwakkam,Chennai,The Cake World,250,2.9,"Bakery,Desserts",13.085,80.254,Locality (matched)
55795,Tilak Nagar,Delhi,Chili'S American Grill & Bar,900,4.2,"American,Salads,Mexican,Italian,Steakhouse",28.639,77.092,Locality (matched)
55875,Lakdikapul,Hyderabad,Hotel Azizia,300,3.9,"North Indian,Biryani,Chinese",17.403,78.465,Locality (matched)
56066,Chembur,Mumbai,Sanjay Restaurant,450,4,Indian,19.0522,72.9006,Locality (matched)
56118,Erandwane,Pune,Kollage Food Court,300,4.4,"North Indian,Punjabi,Indian,Continental",18.5089,73.83,Locality (matched)
56130,Annanagar East,Chennai,Shri Balaajee Bhavan,250,4.5,"South Indian,North Indian",13.087,80.22,Locality (matched)
56233,Koramangala,Bangalore,Khawa Karpo,178,4.6,Chinese,12.9352,77.6245,Locality (matched)
56268,Punjagutta,Hyderabad,The Belgian Waffle Co.,200,4.5,Desserts  Beverages,17.4256,78.453,Locality (matched)
56491,Andheri East,Mumbai,Sangeeta'S Kitchen,500,3.8,Indian,19.1136,72.8697,Locality (matched)
56497,Indiranagar,Bangalore,Maravanthe,800,4.3,Seafood,12.9719,77.6412,Locality (matched)
56553,Kalighat,Kolkata,Kolkata Kitchen,300,4.2,"Indian,Chinese",22.519,88.342,Locality (matched)
56627,Purasaiwakkam,Chennai,Chaicup,200,4.3,"Beverages,Snacks,Bakery",13.085,80.254,Locality (matched)
56722,Bidhannagar,Kolkata,Sly Fox Gastro Club,1200,4.2,"Continental,Chinese,Indian,Italian,European",22.585,88.418,Locality (matched)
56756,Aundh,Pune,Big Ms,400,2.9,"American,Cafe,Fast Food,Beverages,Italian,Mexican",18.559,73.808,Locality (matched)
56972,Entally,Kolkata,Alishan Biryani,200,4,Biryani,22.562,88.372,Locality (matched)
57004,Anna Nagar,Chennai,Kings Kitchen,249,2.9,"Chinese,Kebabs,North Indian",13.085,80.2101,Locality (matched)
57048,Nungambakkam,Chennai,Chicking,350,4.3,"Fast Food,Continental",13.0569,80.2425,Locality (matched)
57113,Washermanpet,Chennai,Atho Grillz - G A Road,350,4,"Burmese,Indian,Chinese,Arabian",13.114,80.282,Locality (matched)
57224,Chembur,Mumbai,Grandmama'S Cafe,900,4.2,"American,Italian,Continental,Indian",19.0522,72.9006,Locality (matched)
57231,Bandra Area,Mumbai,Blue Tokai Coffee Roasters,800,4.8,"Healthy Food,American,Lebanese,Mediterranean,European,Juices,Middle Eastern",19.0596,72.8295,Locality (matched)
57426,Bhowanipore,Kolkata,Mavericks Cafe,450,4,"Italian,Chinese,Indian",22.527,88.345,Locality (matched)
57428,Seshadripuram,Bangalore,Happy Hours,300,2.9,"Desserts,Beverages",12.9924,77.5773,Locality (matched)
57566,Golpark,Kolkata,Coffee World,400,4.2,Desserts,22.517,88.363,Locality (matched)
57673,Purasaiwakkam,Chennai,Lite Tiffin,300,4.1,South Indian,13.085,80.254,Locality (matched)
57856,Anna Nagar,Chennai,Superstar Pizza,500,4.2,"Pizzas,Fast Food",13.085,80.2101,Locality (matched)
57868,Mylapore,Chennai,Viswanathan Chettinadu Hotel,200,4.1,South Indian,13.0339,80.2695,Locality (matched)
57903,New Malakpet,Hyderabad,Capital Multi Cuisine Restaurant,500,3.8,"Haleem,Arabian,Biryani,Tandoor,Chinese,Indian,Desserts,Kebabs,Mughlai",17.3735,78.498,Locality (matched)
58049,Chennai,Chennai,Perambur Sri Srinivasa Sweets And Snacks,300,4.3,"South Indian,North Indian",13.0827,80.2707,Locality (matched)
58070,Film Nagar,Hyderabad,Sofrehh Persian Bistro,400,4.1,Fast Food  Middle Eastern  Cafe,17.413,78.426,Locality (matched)
58088,Ellisbridge,Ahmedabad,Timpani Radisson Blu,600,2.9,"North Indian,Chinese",23.023,72.568,Locality (matched)
58090,Beleghata,Kolkata,Cakes  Phoolbagan,200,4.4,Bakery  Desserts,22.562,88.39,Locality (matched)
58119,Aundh,Pune,L'Apicio,800,4.2,"European,Mediterranean,Continental,Desserts",18.559,73.808,Locality (matched)
58120,Pashan,Pune,Mothers Meal,300,3.8,"Chinese,Maharashtrian,North Indian",18.537,73.797,Locality (matched)
58195,Ashok Nagar,Bangalore,Amadora Gourmet Ice Cream & Sorbet,450,4.5,Desserts,12.9843,77.5936,Locality (matched)
58197,Sivanchetti Gardens,Bangalore,Shanti Sagar,200,4.3,South Indian,12.9605,77.601,Locality (matched)
58289,Punjagutta,Hyderabad,Baguette Salads,200,3.8,"Healthy Food,North Indian,Beverages",17.4256,78.453,Locality (matched)
58568,Ashok Nagar,Bangalore,Sweet Chariot,50,2.9,Desserts,12.9843,77.5936,Locality (matched)
58607,Ghatkopar West,Mumbai,Bharat Cafe,600,4,"Indian,Chinese,Beverages",19.0864,72.9047,Locality (matched)
58632,Choolaimedu,Chennai,New Loyola Fast Foods,250,4.2,"Chinese,Biryani",13.064,80.228,Locality (matched)
58818,Motera,Ahmedabad,Test Of Spice,200,4.1,"North Indian,Fast Food,South Indian",23.103,72.596,Locality (matched)
58858,Kodungaiyur,Chennai,Madras Pizza,200,4.1,"Pizzas,Juices,Beverages",13.133,80.254,Locality (matched)
58955,Sion,Mumbai,Koliwada Chicken & Fish Fry Corner,300,3.4,"Indian,Chinese",19.0448,72.8619,Locality (matched)
58990,Chembur,Mumbai,Blend N Brew,800,4.3,"Indian,Chinese,North Indian,Tandoor,Biryani,Kebabs,Punjabi",19.0522,72.9006,Locality (matched)
59008,Shivajinagar,Pune,Turkish Delight,350,4.3,"Arabian,Turkish",18.5308,73.8478,Locality (matched)
59141,Ashok Nagar,Bangalore,Wow! Momo,250,4.3,"Tibetan,Fast Food,Healthy Food,Asian,Chinese,Snacks,Continental,Desserts,Beverages",12.9843,77.5936,Locality (matched)
59439,Paldi,Ahmedabad,Vadilal Scoop Shop,300,4.4,"Ice Cream,Desserts",23.013,72.562,Locality (matched)
59550,Gopalapuram,Chennai,The Grand Sweets And Snacks - Amirtham Restaurant,200,4.7,"Sweets,Snacks",13.045,80.257,Locality (matched)
59555,T. Nagar,Chennai,The Grand Sweets And Snacks - Amirtham Restaurant,400,4.7,"Sweets,Snacks",13.0418,80.2341,Locality (matched)
59662,Thaltej,Ahmedabad,Silver Leaf,600,2.9,"Indian,Continental",23.047,72.499,Locality (matched)
59771,Andheri East,Mumbai,Bombay Kitchen,350,2.9,Indian  Chinese  Pizzas  Pastas  Snacks  Biryani  Continental  Beverages  Desserts,19.1136,72.8697,Locality (matched)
59810,Santoshpur,Kolkata,Mamasan,900,4.1,Oriental,22.49,88.38,Locality (matched)
59815,Bidhannagar,Kolkata,Urmila,300,2.9,"Indian,Chinese,Tandoor,Mughlai",22.585,88.418,Locality (matched)
59864,Thousand Lights,Chennai,Palm Jumeira,400,3.9,"Indian,Chinese,Arabian,Biryani,Beverages,Desserts",13.0569,80.254,Locality (matched)
59971,Anna Nagar,Chennai,Kebabery,400,4.3,"Afghani,Biryani",13.085,80.2101,Locality (matched)
60071,Old Malakpet,Hyderabad,Karachi Bakery,400,4.2,"Bakery,Pizzas,Fast Food,Chinese,Italian,American,Sweets,Desserts,Beverages",17.3735,78.498,Locality (matched)
60074,Santacruz East,Mumbai,Oriental Combo Box,300,4.2,Chinese,19.0822,72.8416,Locality (matched)
60104,Kalina,Mumbai,Tip Top Kabab Corner,150,4.3,Indian,19.079,72.85,Locality (matched)
60152,Sector 8 Rohini,Delhi,Chinese Fiesta (Since 1998),150,3.6,"Chinese,Continental,Snacks,Beverages,Italian,Desserts",28.713,77.126,Locality (matched)
60214,New Malakpet,Hyderabad,Tower Bavarchi Multi Cuisine Restaurant,300,3.2,"North Indian,Chinese,Biryani",17.3735,78.498,Locality (matched)
60303,Beniapukur,Kolkata,The Burping Panda,350,4.1,"Chinese,North Indian",22.546,88.368,Locality (matched)
60323,Vastrapur,Ahmedabad,Brothers Brand,550,4.2,"Indian,Chinese,Continental,North Indian,Biryani,Punjabi,Thalis,Tandoor,Combo,Pastas,Snacks,Beverages,Street Food",23.039,72.529,Locality (matched)
60347,Mylapore,Chennai,27 Culinary Street,300,2.9,"North Indian,South Indian,Chinese,Indian,Mongolian,Continental",13.0339,80.2695,Locality (matched)
60357,Subhash Nagar Petrol Pump,Delhi,Momos Corner,300,4.2,"Chinese,Pan-Asian",28.639,77.108,Locality (matched)
60471,Uttam Nagar,Delhi,Rolls Mania,200,3.6,Beverages,28.622,77.059,Locality (matched)
60555,Ballygunge,Kolkata,Haze,800,2.9,"Italian,Continental",22.528,88.366,Locality (matched)
60731,Andheri East,Mumbai,Nayak'S Restaurant,550,3.9,Indian  Chinese,19.1136,72.8697,Locality (matched)
60794,Kothrud,Pune,Green Food,300,4.3,"North Indian,South Indian,Chinese",18.5074,73.8077,Locality (matched)
61000,Teynampet,Chennai,Truffle Delight,200,3.9,"Bakery,Desserts,Beverages,Snacks,Juices,Pizzas",13.0418,80.254,Locality (matched)
61005,Dumdum,Kolkata,Hesel Food Court,300,4.1,"Chinese,Indian",22.642,88.42,Locality (matched)
61028,Ramesh Nagar,Delhi,Papajii & Sons (Punjabi Bagh),250,3.8,"Indian,Chinese,Mughlai",28.654,77.112,Locality (matched)
61115,Bandra Area,Mumbai,Copper Chimney,800,4.2,"North Indian,Indian,Biryani,Punjabi,Kebabs,Grill,Mughlai,Desserts",19.0596,72.8295,Locality (matched)
61128,Kurla,Mumbai,Hotel Sunny,700,4.4,"Indian,Thalis",19.0728,72.8826,Locality (matched)
61196,Bibwewadi,Pune,Biryani Kebabs & Co,250,2.9,"Biryani,Lebanese,Kebabs",18.475,73.863,Locality (matched)
61238,Paschim Vihar,Delhi,For God'S Cake,300,3.9,"Bakery,Desserts,Beverages,Pizzas,Pastas,Snacks,Fast Food,American",28.6692,77.1013,Locality (matched)
61290,Ramesh Nagar,Delhi,Papaji & Sons,250,2.9,"Mughlai,Chinese,Continental,Indian,Italian",28.654,77.112,Locality (matched)
61315,Banjara Hills,Hyderabad,Chai Point,150,4.2,"Bakery,Combo,Beverages,Maharashtrian,Snacks,Street Food,South Indian,Punjabi,Fast Food",17.4156,78.4347,Locality (matched)
61561,West Mambalam,Chennai,Fnp Cakes 'N' More,200,3.7,Desserts,13.035,80.22,Locality (matched)
61597,Seshadripuram,Bangalore,Sagar Restaurant,500,4.3,"Chinese,South Indian,North Indian",12.9924,77.5773,Locality (matched)
61607,Ballygunge,Kolkata,Purple Haze,300,4,"Chinese,Italian,Fast Food,Desserts,Beverages",22.528,88.366,Locality (matched)
61790,Koramangala,Bangalore,Sardarji Londonwaley,350,4,"Indian,North Indian,Punjabi,Chinese,Biryani",12.9352,77.6245,Locality (matched)
61834,Navrangpura,Ahmedabad,Just Live Restaurant,450,4.4,"North Indian,Chinese,Continental,Mexican",23.0365,72.561,Locality (matched)
61910,Poongavanapuram,Chennai,Hotel Khaja Empire,300,4,"Chinese,North Indian",13.0827,80.2707,City-level (approximate fallback)
61931,Lakdikapul,Hyderabad,Al Yousufain Fast Food,300,4.1,"Indian,Fast Food",17.403,78.465,Locality (matched)
62231,Shivajinagar,Pune,Vrudheshwar Pure Veg,300,4.3,North Indian,18.5308,73.8478,Locality (matched)
62267,Kothrud,Pune,Biryani Express 100% Home Made,200,3.9,Biryani,18.5074,73.8077,Locality (matched)
62408,Kothrud,Pune,Jayesh A1 Sandwiches,200,4.2,Fast Food,18.5074,73.8077,Locality (matched)
62456,Amberpet,Hyderabad,Bakers 'Q',300,4,Bakery,17.398,78.513,Locality (matched)
62482,Navrangpura,Ahmedabad,Raju Omlet,250,4.1,Indian,23.0365,72.561,Locality (matched)
62509,Banjara Hills,Hyderabad,Ohri'S Cake Nation,600,4.1,Desserts  Bakery,17.4156,78.4347,Locality (matched)
62557,Shivajinagar,Pune,Tgi Fridays,1000,2.9,"American,Mexican",18.5308,73.8478,Locality (matched)
62679,Anna Nagar,Chennai,Ambur Star Briyani,500,4.3,Biryani,13.085,80.2101,Locality (matched)
62695,Ghatkopar West,Mumbai,Hrezzo,1000,4.3,"Continental,Indian,Chinese",19.0864,72.9047,Locality (matched)
62758,Jayanagar,Bangalore,Chefmaster,300,4.1,"South Indian,Kerala,Seafood",12.925,77.5938,Locality (matched)
62836,Govandi East,Mumbai,Js Burger,250,3.2,"American,Pizzas,Fast Food,Biryani,Snacks,Combo",19.047,72.913,Locality (matched)
62876,Rohini,Delhi,Lunchbox,200,4.1,"North Indian,Punjabi,Combo,Biryani,Healthy Food,Jain,Thalis,Indian,Mughlai,Desserts",28.7041,77.1025,Locality (matched)
62894,Santacruz East,Mumbai,Lunchbox - Meals And Thalis,200,4.2,"North Indian,Punjabi,Combo,Biryani,Healthy Food,Jain,Thalis,Indian,Mughlai,Desserts",19.0822,72.8416,Locality (matched)
62934,Narayan Peth,Pune,Lunchbox,200,4.1,"North Indian,Punjabi,Combo,Biryani,Healthy Food,Jain,Thalis,Indian,Mughlai,Desserts",18.514,73.853,Locality (matched)
62979,Ellisbridge,Ahmedabad,Lunchbox,200,4,"North Indian,Punjabi,Combo,Biryani,Healthy Food,Jain,Thalis,Indian,Mughlai,Desserts",23.023,72.568,Locality (matched)
63042,Bandra Area,Mumbai,Toast & Tonic,900,2.9,"European,Continental",19.0596,72.8295,Locality (matched)
63048,Pulikeshi Nagar,Bangalore,Sharief Bhai,400,4.1,"Biryani,North Indian,Kebabs,Mughlai,Grill,Fast Food,Beverages,Combo,Sweets,Desserts",12.995,77.61,Locality (matched)
63049,Koregaon Park,Pune,Tvum,1000,2.9,North Indian,18.5362,73.8938,Locality (matched)
63156,Vyasarpadi,Chennai,Meat And Eat,400,4.2,Fast Food,13.116,80.247,Locality (matched)
63617,Salt Lake City,Kolkata,Scone (Multicuisine Unit),300,4.4,"Indian,Chinese",22.585,88.418,Locality (matched)
63673,Koregaon Park,Pune,Wicked China,400,4.2,"Chinese,Oriental,Asian,Pan-Asian,Thai,Seafood,Fast Food",18.5362,73.8938,Locality (matched)
63705,Kodambakkam,Chennai,Hotel Hollywood,500,4.3,"North Indian,Biryani,Seafood,South Indian",13.05,80.2241,Locality (matched)
63891,Amberpet,Hyderabad,Down Town House,250,2.6,Ice Cream  Beverages  Fast Food,17.398,78.513,Locality (matched)
63957,Koramangala,Bangalore,Madeena Hotel,250,4.1,"Biryani,Mughlai,Indian,Beverages",12.9352,77.6245,Locality (matched)
63960,Ghatkopar East,Mumbai,Leo 89 - Chembur (Indian Chinese),400,4.2,"Indian,Chinese",19.0857,72.9083,Locality (matched)
64234,Chembur,Mumbai,Liplick Pizzeria,200,3.9,"Pizzas,Italian",19.0522,72.9006,Locality (matched)
64592,Kurla,Mumbai,Gd'S Fast Food,450,4.3,"North Indian,Chinese",19.0728,72.8826,Locality (matched)
64595,Narayanguda,Hyderabad,The Bhimavaram Boys,300,3.7,South Indian,17.4013,78.4913,Locality (matched)
64640,Ahmedabad,Ahmedabad,Grill N Rice Restaurant,200,3.6,"Indian,Chinese",23.0225,72.5714,Locality (matched)
64758,Khanpur,Ahmedabad,Simran,650,4,"Indian,Chinese",23.027,72.585,Locality (matched)
64772,Lal Darwaja,Ahmedabad,Hotel Zk,700,3.8,"Indian,Chinese",23.025,72.592,Locality (matched)
64776,Laldarwaja,Ahmedabad,Alif Sandburg,300,2.9,Snacks,23.025,72.592,Locality (matched)
64883,Santacruz East,Mumbai,Hotel Sadichha,550,4.2,North Indian  Chinese,19.0822,72.8416,Locality (matched)
64956,Camp,Pune,Mahesh Lunch Home,900,4.2,"Seafood,Indian,Chinese",18.5122,73.879,Locality (matched)
64972,Banjara Hills,Hyderabad,24/7 Gallery Cafe - Hyatt Place Hyderabad,1500,2.9,"Italian,Indian,Continental",17.4156,78.4347,Locality (matched)
64979,Modi Colony,Pune,Cafe Taiba,250,3.9,"Indian,Mughlai,Chinese,Biryani",18.5,73.876,Locality (matched)
65004,Sagrampura,Surat,Sugar N Spice - Non Veg,350,4.1,"Indian,Punjabi,Chinese,Mughlai,Biryani,Tandoor,Pizzas,Thalis",21.195,72.818,Locality (matched)
65006,Erandwane,Pune,Best Belgian Waffle,250,4.2,"Desserts,Bakery,Beverages",18.5089,73.83,Locality (matched)
65028,Athwa,Surat,Subway,350,4.2,"Fast Food,Healthy Food,Salads,Snacks,Desserts,Beverages",21.178,72.793,Locality (matched)
65033,Cossipore,Kolkata,Chandigarh Hotel,300,4.1,Indian,22.618,88.372,Locality (matched)
65039,Bhadra,Ahmedabad,Paramount Restaurant,750,4.1,"Indian,Chinese,Continental,Desserts,Beverages",23.022,72.585,Locality (matched)
65046,Lal Darwaja,Ahmedabad,Food Inn,700,4.5,North Indian,23.025,72.592,Locality (matched)
65075,Koramangala,Bangalore,Homely,200,4.3,"Home Food,North Indian,South Indian,Beverages,Chettinad,Combo,Desserts,Hyderabadi,Indian,Lucknowi,Maharashtrian,Mangalorean,Punjabi,Rajasthani,Snacks,Sweets,Thalis",12.9352,77.6245,Locality (matched)
65178,Kalighat,Kolkata,Bijoli Grill Foods Corner,300,4,"Indian,Fast Food,Chinese,Tandoor,Snacks,Biryani",22.519,88.342,Locality (matched)
65181,Machuabazar,Kolkata,Hungry Monkzzz,250,4,"Chinese,Tibetan",22.585,88.361,Locality (matched)
65183,Elgin,Kolkata,Mintelaa,1000,3.9,"Indian,Chinese,Continental",22.538,88.352,Locality (matched)
65184,Bidhannagar,Kolkata,Sonar Tori,800,4.1,"Bengali,Indian,Bangladeshi",22.585,88.418,Locality (matched)
65188,Taltala,Kolkata,Best Of Gupta'S,400,4.3,"Indian,Chinese,Tandoor",22.562,88.358,Locality (matched)
65189,Ashok Nagar,Bangalore,The Chinese Food Company,300,4,"Chinese,Seafood,Pan-Asian,Vietnamese,Malaysian,Singaporean,Thai",12.9843,77.5936,Locality (matched)
65221,Powai Area,Mumbai,The Barn Grill,900,4.5,American  Continental,19.1176,72.906,Locality (matched)
65319,Block Gg1 Vikaspuri,Delhi,Muradabadi Biryani,150,4,North Indian,28.639,77.068,Locality (substring match: 'vikaspuri')
65404,Athwa,Surat,Vegji'S,200,4,"Continental,Fast Food,Lebanese,North Indian,Chinese",21.178,72.793,Locality (matched)
65483,Himayath Nagar,Hyderabad,Istah - Shawarma And Biryani,250,4.4,"Arabian,Lebanese,Mediterranean,Biryani",17.4008,78.4813,Locality (matched)
65530,Seshadripuram,Bangalore,Mama Mia!,200,2.9,"Desserts,Ice Cream",12.9924,77.5773,Locality (matched)
65569,Shahpur,Ahmedabad,New Bombay Biryani,160,3.8,Biryani,23.033,72.581,Locality (matched)
65758,Khanpur,Ahmedabad,Silver Leaf - Cama Hotel,600,2.9,"Indian,Chinese,Continental",23.027,72.585,Locality (matched)
65879,Saki Naka,Mumbai,Supreme Restaurant,400,4.1,"Lebanese,Turkish,Arabian,Fast Food,Healthy Food,Beverages",19.1073,72.8873,Locality (matched)
65912,Piplod,Surat,Kathi Junction,200,4.2,"Indian,Mughlai,North Indian,Combo",21.166,72.777,Locality (matched)
65921,Film Nagar,Hyderabad,Wokstars,400,4.2,"Asian,Chinese",17.413,78.426,Locality (matched)
65960,Barabazar Market,Kolkata,New Punjab Khalsa Hindu Hotel,250,2.9,North Indian,22.572,88.351,Locality (matched)
66018,Yerawada,Pune,Baraza Bars & Bites,700,2.9,"North Indian,Kebabs,Biryani,Chinese,Continental,Fast Food,Mughlai",18.558,73.883,Locality (matched)
66119,Andheri East,Mumbai,Freshmenu,250,4.1,"Chinese,Continental,Italian,Mediterranean,Thai,Lebanese,American,Asian,Beverages,Bakery,Biryani,Desserts,Mexican,North Indian,Salads,Pizzas",19.1136,72.8697,Locality (matched)
66166,Piplod,Surat,Masala Canteen,300,4.1,"Indian,Chinese",21.166,72.777,Locality (matched)
66229,Ballygunge,Kolkata,Mom'S Breakfast Magic By Adele,300,4.5,Fast Food  Beverages  Thalis,22.528,88.366,Locality (matched)
66378,Chembur,Mumbai,Stars Parade,700,4.4,"Indian,Chinese,Thai",19.0522,72.9006,Locality (matched)
66424,Basavanagudi,Bangalore,Bombay Kulfis,100,4.7,"North Indian,Desserts,Fast Food",12.9422,77.576,Locality (matched)
66474,Shankarapura,Bangalore,Twiststick House,300,4.3,"Jain,North Indian,Continental,Fast Food,Italian,Beverages,Thai",12.945,77.572,Locality (matched)
66490,Bandra Area,Mumbai,Punjab Grill,900,4.3,"North Indian,Indian,Biryani,Punjabi,Kebabs,Mughlai,Desserts",19.0596,72.8295,Locality (matched)
66509,Santacruz East,Mumbai,Thotrin Cafe,500,4.4,"Indian,Chinese",19.0822,72.8416,Locality (matched)
66602,Basavanagudi,Bangalore,J K Fish Land,300,4.1,"Coastal,Seafood",12.9422,77.576,Locality (matched)
66666,Lakdikapul,Hyderabad,Stop N Go,200,4.3,"Fast Food,Bakery",17.403,78.465,Locality (matched)
66936,Banjara Hills,Hyderabad,Cafe Graffiti Pizzeria,450,3.9,"Fast Food,Italian,Beverages",17.4156,78.4347,Locality (matched)
67108,Khar West,Mumbai,Sindhful,700,4.4,Sindhi  North Indian  Snacks,19.0696,72.8355,Locality (matched)
67148,Bandra Area,Mumbai,Celini - Grand Hyatt Mumbai,1800,2.9,"Italian,Continental,North Indian,Mughlai,Pizzas,Bakery",19.0596,72.8295,Locality (matched)
67283,Kodambakkam,Chennai,Rahmas Biryani,300,3.8,Biryani,13.05,80.2241,Locality (matched)
67296,Toli Chowki,Hyderabad,Shalimar Sweets,300,4.1,Sweets,17.4001,78.418,Locality (matched)
67411,Kondhwa,Pune,Cafe Samosa Corner,100,4.4,"Indian,Fast Food,Biryani,Tandoor,Sweets,Beverages,Street Food",18.4633,73.893,Locality (matched)
67575,Thousand Lights,Chennai,Savoury Sea Shell,400,4.3,"Arabian,Indian,Chinese",13.0569,80.254,Locality (matched)
67618,Kothrud,Pune,Lean Life Bistro,300,4.7,Fast Food,18.5074,73.8077,Locality (matched)
67652,Kalighat,Kolkata,Chilly Culture,500,4.3,"Chinese,Thai,North Indian",22.519,88.342,Locality (matched)
67659,Erandwane,Pune,Nitrobuzz,400,2.9,"Cafe,Desserts,Ice Cream,Beverages,Pastas,Salads",18.5089,73.83,Locality (matched)
67716,Golpark,Kolkata,Indthalia,700,3.9,"Continental,Chinese,Indian",22.517,88.363,Locality (matched)
67717,Elgin,Kolkata,Kookie Jar,350,4.6,Desserts  Snacks  Bakery,22.538,88.352,Locality (matched)
67787,Bandra Area,Mumbai,O Pedro,1800,4.4,"Goan,Portuguese",19.0596,72.8295,Locality (matched)
67903,Matunga,Mumbai,Pomona Cafe,500,4,Italian-American  European  Continental,19.027,72.848,Locality (matched)
68020,Khokhra,Ahmedabad,Yummy Fast Food Corner,300,3.3,Fast Food,23.018,72.612,Locality (matched)
68055,Matunga,Mumbai,Classic Fast Food,500,4.3,Indian  Chinese  Continental,19.027,72.848,Locality (matched)
68100,Sector 7 Rohini,Delhi,Kake Da Hotel,600,4.1,"North Indian,Mughlai,Punjabi",28.718,77.122,Locality (matched)
68276,Lullanagar,Pune,Signature,600,4.4,"North Indian,Mughlai,Seafood,Chinese,Tandoor",18.489,73.88,Locality (matched)
68512,Ulsoor,Bangalore,The Cafe By Foodhall,1000,4,"Fast Food,Pan-Asian,Continental",12.9815,77.6205,Locality (matched)
68544,Vikhroli,Mumbai,Hotel Sadguru,300,4.5,Indian  Chinese,19.1053,72.929,Locality (matched)
69274,Ashok Nagar,Bangalore,Chai Point,150,4.5,"Bakery,Combo,Beverages,Maharashtrian,Snacks,Street Food,South Indian,Punjabi,Fast Food",12.9843,77.5936,Locality (matched)
69354,Ashok Nagar,Bangalore,No.10 Fort Cochin,250,4.2,"Seafood,Kerala,Biryani",12.9843,77.5936,Locality (matched)
69489,Kodambakkam,Chennai,The Juice Shop @ Arab Street,150,2.9,"Juices,Desserts,Beverages",13.05,80.2241,Locality (matched)
69531,Annanagar,Chennai,6Th Avenue,250,3.7,"Indian,Chinese,Continental",13.085,80.2101,Locality (matched)
69876,Ashok Nagar,Bangalore,Subway,350,4.4,"Fast Food,Salads,Snacks,Desserts,Beverages",12.9843,77.5936,Locality (matched)
69959,Varachha,Surat,Sher-E-Punjab,300,3.9,"North Indian,Chinese",21.214,72.842,Locality (matched)
69991,Bharthana,Surat,Crave In,200,3.8,"Fast Food,Chinese,Indian,Desserts,Punjabi,Asian",21.15,72.77,Locality (matched)
69992,Piplod,Surat,Ministry Of Eggs,300,3.8,"Fast Food,Chinese,Indian,Desserts,Punjabi,Asian",21.166,72.777,Locality (matched)
70016,Amberpet,Hyderabad,Sampradaya Foods,450,4.5,"Sweets,Desserts",17.398,78.513,Locality (matched)
70054,Bowenpally,Hyderabad,Sweet Heart Family Restaurant,300,3.7,North Indian  Chinese  Biryani,17.465,78.482,Locality (matched)
70344,Ayanavaram,Chennai,Udupi Hotel Venkateswara,300,4.3,"South Indian,North Indian,Chinese",13.105,80.232,Locality (matched)
70400,Sector 8 Rohini,Delhi,Kc Restaurant,200,4.1,"Chinese,Street Food,Fast Food",28.713,77.126,Locality (matched)
70522,Begampura,Surat,Taste Of Bhagwati,330,4,"North Indian,Chinese,Oriental,Continental,Desserts",21.198,72.825,Locality (matched)
70570,Powai Area,Mumbai,Shalimar,700,4.1,"Indian,Chinese",19.1176,72.906,Locality (matched)
70574,Sion Bhakti Park,Mumbai,Hotel Sagar,600,4.3,Indian,19.043,72.868,Locality (matched)
70577,Khairtabad,Hyderabad,The Just Biryani,200,4.3,"Chinese,South Indian,North Indian",17.411,78.462,Locality (matched)
70681,Kasba,Kolkata,3 Idiots Dhaba,300,3.3,"Indian,Chinese",22.514,88.38,Locality (matched)
70691,Lake Gardens,Kolkata,Snacking,500,4.5,"Continental,Chinese,Combo,Beverages",22.506,88.355,Locality (matched)
70761,Begampura,Surat,Chhote Miyan,300,4.2,North Indian,21.198,72.825,Locality (matched)
70846,Aundh,Pune,Basilio,500,2.9,Italian,18.559,73.808,Locality (matched)
70894,Dilsukhnagar,Hyderabad,Chinese By Sahadeva Reddy,200,4.2,"Chinese,Fast Food",17.3687,78.5247,Locality (matched)
70942,Dilsukhnagar,Hyderabad,Sahadeva Reddy'S Chinese Kitchen,250,4,"Chinese,Fast Food",17.3687,78.5247,Locality (matched)
71071,Sector 9 Rohini,Delhi,Moroca (Rohini),250,4,Fast Food,28.715,77.121,Locality (matched)
71152,Pitam Pura,Delhi,Vikas Foods,400,4.3,North Indian,28.6942,77.131,Locality (matched)
71260,Raja Bazar,Kolkata,Lazeez Biryani,250,3.5,"Biryani,Mughlai",22.582,88.367,Locality (matched)
71267,Kolkata,Kolkata,Red Chillies,250,4.2,Chinese,22.5726,88.3639,Locality (matched)
71328,Varachha,Surat,Jeevandhara Hotels,250,2.9,"Punjabi,Fast Food",21.214,72.842,Locality (matched)
71359,Adajan,Surat,Level 5 Terrace Resturant,600,4.3,"Punjabi,North Indian,Chinese,South Indian,Fast Food",21.196,72.78,Locality (matched)
71361,Purasaiwakkam,Chennai,Shree Konar Vilas,300,4.1,"South Indian,Chettinad",13.085,80.254,Locality (matched)
71392,Pitam Pura,Delhi,Bobby Punjabi Rasoi,300,4.2,"Indian,Mughlai,Chinese",28.6942,77.131,Locality (matched)
71591,Banjara Hills,Hyderabad,Sandwich Eatery,250,4,Fast Food  Beverages,17.4156,78.4347,Locality (matched)
71596,Karkhana,Hyderabad,Tea Kettle,300,4.5,Beverages  Fast Food,17.447,78.5,Locality (matched)
71645,Mehdipatnam,Hyderabad,Hotel City Diamond,300,4.3,"Biryani,Hyderabadi",17.3952,78.438,Locality (matched)
72003,Saki Naka,Mumbai,Cafe Delhi Heights,2000,2.9,"Asian,Continental",19.1073,72.8873,Locality (matched)
72156,Bibwewadi,Pune,Spice Garden Family Resto & Bar,500,4.3,"North Indian,Chinese,Mughlai",18.475,73.863,Locality (matched)
72165,Kothrud,Pune,Moonlight Real Chinese,500,2.9,"North Indian,Chinese",18.5074,73.8077,Locality (matched)
72236,Teynampet,Chennai,Cafe Cakebee,700,4.3,"Cafe,Italian,Bakery,Desserts",13.0418,80.254,Locality (matched)
72264,Chembur,Mumbai,Raj Restaurant,700,4.3,"Indian,Chinese",19.0522,72.9006,Locality (matched)
72566,Yousufguda,Hyderabad,Eat N Joy Bakers,200,4.1,Bakery,17.426,78.43,Locality (matched)
72605,Athwa,Surat,Pizza Hut,350,3.7,"Pizzas,Fast Food",21.178,72.793,Locality (matched)
72625,Raja Annamalai Puram,Chennai,Ciclo Life,500,4.5,"Salads,Continental,Oriental,Beverages",13.03,80.262,Locality (matched)
72637,Vastrapur,Ahmedabad,Drunken Monkey,250,4.3,"Healthy Food,Beverages,Juices",23.039,72.529,Locality (matched)
72650,Vastrapur,Ahmedabad,Tgih- Thank God Its Healthy,900,4.3,"Continental,Healthy Food,Thai,Juices,Mexican,Mediterranean,Lebanese,Greek",23.039,72.529,Locality (matched)
72893,Kothrud,Pune,7Th Heaven Cake Shop,400,4.5,"Bakery,Desserts",18.5074,73.8077,Locality (matched)
72959,Lal Darwaja,Ahmedabad,Green House - The House Of Mg,1500,2.9,"Gujarati,Snacks",23.025,72.592,Locality (matched)
73475,Choolai,Chennai,Snackart,200,3.5,Snacks,13.093,80.268,Locality (matched)
73574,Egmore,Chennai,Brownie Heaven,200,4.6,Desserts,13.0732,80.2609,Locality (matched)
73603,Chembur,Mumbai,Lamba,600,4.2,"North Indian,Chinese,Biryani,Tandoor",19.0522,72.9006,Locality (matched)
73619,Ghorpadi,Pune,Punjabi Darbaar,550,4.1,"North Indian,Chinese",18.505,73.886,Locality (matched)
73662,Annanagar East,Chennai,Mozza,0,2.9,"Continental,Chinese,Italian,Mexican",13.087,80.22,Locality (matched)
73665,Kolathur,Chennai,Bismillah Briyani & Fast Food,300,3.8,"Tandoor,Chinese,Biryani,Indian",13.12,80.22,Locality (matched)
73682,Sector 7 Rohini,Delhi,Biryani Blues,400,4.1,"Biryani,Hyderabadi,Lucknowi,Kebabs,Desserts,Beverages",28.718,77.122,Locality (matched)
73720,Kilpauk,Chennai,Hotel Paramount,500,4.3,"North Indian,South Indian,Chinese,Seafood,Biryani",13.085,80.241,Locality (matched)
73924,Koramangala,Bangalore,Sonar Bangla,256,3.7,"Bengali,North Indian",12.9352,77.6245,Locality (matched)
73980,Mohammed Wadi,Pune,Dessertto,200,4,"Bakery,Ice Cream,Beverages",18.46,73.92,Locality (matched)
74130,Kothrud,Pune,Mad About Chinese,300,3.2,Chinese,18.5074,73.8077,Locality (matched)
74137,Sanjeeva Reddy Nagar,Hyderabad,Sai Brundavan Tiffins,200,4.3,South Indian  Chinese,17.438,78.44,Locality (matched)
74340,Himayatnagar,Hyderabad,Amantran Bengali Restaurant,200,4.1,"Bengali,North Indian,Chinese,Home Food,Thalis,Beverages",17.4008,78.4813,Locality (matched)
74361,Sector 8 Rohini,Delhi,Instapizza,400,4.1,"Pizzas,Italian,Fast Food,Beverages,Desserts",28.713,77.126,Locality (matched)
74365,Ballygunge,Kolkata,Roadhouzz,900,4.3,"Continental,Italian,Oriental,Tandoor",22.528,88.366,Locality (matched)
74549,Chembur,Mumbai,Sahara Restaurant,300,4,"Indian,Chinese,Tandoor,Mughlai,Biryani,Desserts",19.0522,72.9006,Locality (matched)
74628,Vijayanagar,Bangalore,Swathi Greenland,400,4.4,"Chinese,North Indian,Desserts,Andhra,Beverages,Seafood,Punjabi,Hyderabadi",12.9719,77.5372,Locality (matched)
74644,Bharthana,Surat,Burger King,350,4.2,"American,Fast Food",21.15,72.77,Locality (matched)
74646,Vijaya Nagar Colony,Hyderabad,Riyan Hotel,300,3.5,"Hyderabadi,Mughlai,Biryani,Indian,Chinese",17.427,78.446,Locality (matched)
74668,Elgin,Kolkata,Govinda'S,750,4.3,"Indian,Chinese",22.538,88.352,Locality (matched)
74870,Old Washermanpet,Chennai,Nypfc - New York Pizza & Fried Chicken,350,4.2,"Fast Food,Pizzas",13.114,80.282,Locality (matched)
74979,Adarsh Nagar,Hyderabad,Ohri'S Cake Nation,600,4.3,"Desserts,Bakery",17.403,78.47,Locality (matched)
76208,Sector 8  Rohini,Delhi,Chinese Palace By Vhc,150,2.9,"Chinese,Beverages,Snacks,Ice Cream,Combo,Thalis",28.713,77.126,Locality (matched)
76475,Adajan,Surat,Jakaas Chinese Food,300,4.3,Chinese,21.196,72.78,Locality (matched)
76601,Banjara Hills,Hyderabad,Skypark Cafe,500,4,"Cafe,Chinese,Continental",17.4156,78.4347,Locality (matched)
76649,Aundh,Pune,Karolbaug- Dawat-E-Mehfil,600,4.3,North Indian,18.559,73.808,Locality (matched)
76702,Egmore,Chennai,The Red Box,400,4,Chinese,13.0732,80.2609,Locality (matched)
76775,Chembur,Mumbai,Vasanti Vilas,450,2.9,"Indian,Chinese",19.0522,72.9006,Locality (matched)
76997,Govandi East,Mumbai,Badri'S,500,4.3,Indian,19.047,72.913,Locality (matched)
77106,Khamasa,Ahmedabad,Anwar E Hilal Restaurant,250,4,Indian,23.025,72.585,Locality (matched)
77182,Shivaji Nagar,Pune,Hot Momo'S And Burger,250,4.2,"Fast Food,Chinese",18.5308,73.8478,Locality (matched)
77217,Kalina,Mumbai,King Chilli,400,4.3,"Chinese,Asian,Fast Food",19.079,72.85,Locality (matched)
77340,New Alipore,Kolkata,Mamamomo,300,4.2,Chinese,22.51,88.332,Locality (matched)
77371,Powai,Mumbai,The Bowl Project,650,4.1,"Oriental,Italian-American,Indian,Asian",19.1176,72.906,Locality (matched)
77646,Ashok Nagar,Delhi,Dilli Darbar,300,3.6,"Mughlai,Indian",28.651,77.13,Locality (matched)
77719,Kasba,Kolkata,The Biryani Inc.,350,4.3,"Biryani,Mughlai,Kebabs,North Indian",22.514,88.38,Locality (matched)
77726,Bhowanipore,Kolkata,Little Pleasures,300,4.6,"Bakery,Desserts",22.527,88.345,Locality (matched)
77736,Koregaon Park,Pune,1441 Pizzeria,400,3.9,"Italian,Pizzas,Pastas,Desserts,Beverages",18.5362,73.8938,Locality (matched)
77740,Shivajinagar,Pune,Cafe Peter,350,3.5,Continental,18.5308,73.8478,Locality (matched)
77875,Moghalpura,Hyderabad,Al - Akbar Fast Food Corner,200,4.2,"North Indian,Chinese",17.36,78.466,Locality (matched)
77876,Lal Darwaza,Hyderabad,Al Hashmi Arabian Shawarma House,250,3,"Street Food,Arabian",17.372,78.483,Locality (matched)
78036,Santacruz East,Mumbai,Burger King,350,4.2,American,19.0822,72.8416,Locality (matched)
78085,Santacruz East,Mumbai,Grand,500,4.4,"North Indian,Chinese,Mughlai,Tandoor,Seafood",19.0822,72.8416,Locality (matched)
78172,Charminar,Hyderabad,House Of Milkshake,200,4.1,"Ice Cream,Beverages,Fast Food",17.3616,78.4747,Locality (matched)
78244,Ghorpadi,Pune,Saffron Exotic Family Restaurant,500,4.3,"North Indian,Biryani,Chinese,Tandoor,Seafood,Snacks,Kebabs",18.505,73.886,Locality (matched)
78335,Athwa,Surat,Cream 'N' Crust,150,2.9,"Desserts,Ice Cream",21.178,72.793,Locality (matched)
78434,Erandwane,Pune,Kalinga Veg Gourmet Kitchen,400,4.3,"North Indian,European,Continental,Fast Food,Mangalorean",18.5089,73.83,Locality (matched)
78478,Masab Tank,Hyderabad,Diamond Pan Shop,1000,4.4,"Biryani,Tandoor,Chinese,Indian",17.402,78.453,Locality (matched)
78684,Bandra East,Mumbai,Flavors Of China,850,4.2,Chinese,19.0596,72.841,Locality (matched)
79000,Raikhad,Ahmedabad,Arabian Hub,350,3.8,Arabian,23.021,72.588,Locality (matched)
79184,Wadgaon Sheri,Pune,Tulja Bhavani Chinese Corner,150,4.2,Chinese,18.554,73.911,Locality (matched)
79234,Ashok Nagar,Bangalore,Airlines Hotel,500,4.3,"South Indian,North Indian",12.9843,77.5936,Locality (matched)
79595,Alwarpet,Chennai,Hutong,800,3.5,"Chinese,Pan-Asian,Combo",13.0339,80.254,Locality (matched)
79693,Powai,Mumbai,Maheshwari Kitchen,300,2.9,Indian  Chinese,19.1176,72.906,Locality (matched)
79850,Chembur,Mumbai,Greens N Leans,300,4.1,"Fast Food,Keto,Continental,Salads,Mexican,European,Italian,Mediterranean,Combo,Thai,Desserts,Indian,Biryani,Healthy Food",19.0522,72.9006,Locality (matched)
79855,Taltala,Kolkata,Grill Sandwich And Juice,100,4.1,Fast Food  Italian  Beverages,22.562,88.358,Locality (matched)
80118,Central Bangalore,Bangalore,Taco Bell,300,4.2,Mexican,12.9767,77.5993,Locality (matched)
80142,Saki Naka,Mumbai,Butter Chicken Factory,1100,2.9,"Indian,Biryani,Tandoor,Desserts,Beverages",19.1073,72.8873,Locality (matched)
80349,Paldi,Ahmedabad,Asharfi Kulfi,200,4.4,Indian,23.013,72.562,Locality (matched)
80398,Anna Nagar,Chennai,Rosewater,800,4.2,"Indian,Chinese,Continental,Asian",13.085,80.2101,Locality (matched)
80488,Kothapet & Dilsukhnagar,Hyderabad,Homely,200,4.1,"Home Food,South Indian,North Indian,Thalis",17.37,78.528,Locality (matched)
80504,Khairtabad,Hyderabad,Indira Darshini,200,4.1,"Chinese,South Indian,Fast Food,Hyderabadi",17.411,78.462,Locality (matched)
80517,Pulikeshi Nagar,Bangalore,Savoury,800,4.4,"Biryani,Mughlai,Kebabs,Desserts",12.995,77.61,Locality (matched)
80593,Kalyani Nagar,Pune,Kerala Cafe,800,4,"South Indian,Kerala",18.5479,73.9014,Locality (matched)
80840,Andheri East,Mumbai,Mystery Box,400,4.2,Chinese  Thai  Indonesian  Combo,19.1136,72.8697,Locality (matched)
81049,Banjara Hills,Hyderabad,Creamy N Creamy Ice Stone,150,3.8,"Desserts,Fast Food,Beverages,Hyderabadi",17.4156,78.4347,Locality (matched)
81114,Purasaiwakkam,Chennai,Courtallam Border Rahmath Kadai,500,4.1,South Indian,13.085,80.254,Locality (matched)
81270,Kalina,Mumbai,Shawarma'S & More,200,4.1,"Lebanese,Fast Food,Tibetan,Pizzas,Pastas",19.079,72.85,Locality (matched)
81392,Toli Chowki,Hyderabad,Ice Magic,250,4.5,Pizzas,17.4001,78.418,Locality (matched)
81489,Begampura,Surat,Cinera Hotel,300,4.1,"Chinese,North Indian,Biryani,Seafood",21.198,72.825,Locality (matched)
81574,Gopipura,Surat,Kasmiri Restaurant,400,3.6,"Chinese,Tandoor,Beverages",21.19,72.828,Locality (matched)
81616,Bidhannagar,Kolkata,Superstar Haji Biryani,300,3.8,"Biryani,Tandoor",22.585,88.418,Locality (matched)
81650,Old Washermanpet,Chennai,Taj Multi Cuisine Restaurant,300,3.9,"Indian,Chinese,Tandoor",13.114,80.282,Locality (matched)
81725,Gopipura,Surat,Sagar Restaurant,400,3.4,"Tandoor,North Indian",21.19,72.828,Locality (matched)
81776,Rohini,Delhi,Bonfire,200,3.5,North Indian,28.7041,77.1025,Locality (matched)
81814,Ellisbridge,Ahmedabad,Burger King,350,4.2,"American,Fast Food",23.023,72.568,Locality (matched)
81944,Koramangala,Bangalore,Nasi And Mee,1200,4.6,"Pan-Asian,Singaporean,Malaysian,Japanese,Asian,Chinese,Indonesian",12.9352,77.6245,Locality (matched)
81984,Koramangala,Bangalore,Dalma,197,4.2,"Oriya,Seafood,Thai",12.9352,77.6245,Locality (matched)
81992,Kurla,Mumbai,Sips N Bite,350,2.9,"American,Fast Food,Beverages",19.0728,72.8826,Locality (matched)
82022,Rohini,Delhi,Pifi Pizza,350,3.8,"Italian,Mexican,Beverages",28.7041,77.1025,Locality (matched)
82089,Khanpur,Ahmedabad,Mirza Fry & Chinese,300,4.2,Indian,23.027,72.585,Locality (matched)
82160,Chamrajpet,Bangalore,Shree Mahalakshmi Sweets,200,4.1,"Sweets,Snacks",12.9573,77.5677,Locality (matched)
82375,Vadgaon Budruk,Pune,Hotel Lazeez,500,3.9,Seafood,18.463,73.81,Locality (matched)
82407,Toli Chowki,Hyderabad,Hotel Rumaan,300,4.2,"Biryani,Tandoor,North Indian,Chinese,Kebabs,Mughlai",17.4001,78.418,Locality (matched)
82499,Domlur,Bangalore,Ubq By Barbeque Nation,300,3.9,"North Indian,Mughlai,Seafood,Biryani,Desserts,Kebabs",12.961,77.6387,Locality (matched)
82509,Ghatkopar West,Mumbai,Deepa,400,4.2,"Hyderabadi,North Indian,Tandoor,Chinese",19.0864,72.9047,Locality (matched)
82634,Chembur,Mumbai,Guddu Daa Dhaba,350,3.8,North Indian,19.0522,72.9006,Locality (matched)
82818,Abids,Hyderabad,Lavish Corner,120,3.9,"Chinese,Indian,Beverages,Snacks",17.3915,78.4756,Locality (matched)
82844,Mehdipatnam,Hyderabad,Al Baik Shawarma,200,4.2,Arabian,17.3952,78.438,Locality (matched)
82875,Padmarao Nagar,Hyderabad,Reddy Military Hotel,250,3.7,"South Indian,Hyderabadi,Chinese,North Indian,Andhra",17.427,78.497,Locality (matched)
82956,Jamalia,Chennai,A R Rahman Bistro,300,4.2,"North Indian,Arabian,Chinese",13.09,80.274,Locality (matched)
83041,Kothrud,Pune,Lassi Wassi,150,4.6,Beverages,18.5074,73.8077,Locality (matched)
83078,Central Kolkata,Kolkata,Awadhi Biryani Darbar,400,2.9,Mughlai  Biryani  Indian  Tandoor  North Indian,22.57,88.355,Locality (matched)
83081,Kalighat,Kolkata,Sweetish House Mafia,400,4.5,"Desserts,Beverages,Ice Cream,Bakery,Sweets",22.519,88.342,Locality (matched)
83230,Old Malakpet,Hyderabad,Al Baik Shawarma & Juice Point,250,4.1,"Juices,Fast Food",17.3735,78.498,Locality (matched)
83293,Vesu,Surat,Kitchens Badshah,400,4.3,"North Indian,Punjabi",21.14,72.777,Locality (matched)
83296,Narayan Peth,Pune,Pk Biryani House (Deccan),200,4.1,"Biryani,Maharashtrian,North Indian,Mughlai,Hyderabadi,Indian",18.514,73.853,Locality (matched)
83488,Golf Green,Kolkata,Cookies & Cakes,200,4.4,Desserts,22.496,88.354,Locality (matched)
83516,Bhowanipore,Kolkata,Artsy Coffee & Culture,700,4.3,"Continental,European,Asian",22.527,88.345,Locality (matched)
83528,Rohini,Delhi,Canteen Central - Burgers Pastas And More,300,4,"American,Pastas,Fast Food,Snacks,Desserts,Beverages,Asian,Italian,Tibetan,North Indian",28.7041,77.1025,Locality (matched)
83822,Palanpur,Surat,Saffron Restaurant Banquet,250,4.4,"Indian,Punjabi,Chinese",21.183,72.783,Locality (matched)
83833,Bidhannagar,Kolkata,Burger Cafe,200,2.8,Fast Food,22.585,88.418,Locality (matched)
83837,Bidhannagar,Kolkata,Shawarma City,200,3.6,Lebanese,22.585,88.418,Locality (matched)
83839,Ballygunge,Kolkata,Cocoa Bakery- Ballygunge,500,4.5,Desserts  Continental  Italian,22.528,88.366,Locality (matched)
84139,T. Nagar,Chennai,Chai Kanth,150,4.1,Beverages,13.0418,80.2341,Locality (matched)
84140,Kodungaiyur,Chennai,Yunoos Restaurant,300,4.2,"South Indian,Chinese",13.133,80.254,Locality (matched)
84174,Antop Hill,Mumbai,Jaybharat Bar & Restaurant,500,2.9,North Indian,19.0224,72.858,Locality (matched)
84222,Taltala,Kolkata,Taj Biryani And Restaurant,250,4.1,"Biryani,Mughlai",22.562,88.358,Locality (matched)
84264,Powai,Mumbai,Fuel Up,250,2.9,Healthy Food  Salads  Continental,19.1176,72.906,Locality (matched)
84340,Kasba,Kolkata,Kasba Korner,300,3.8,"Indian,Chinese,Combo,Biryani",22.514,88.38,Locality (matched)
84417,Karve Nagar,Pune,Rassaa - Jasa Hava Tassaa,500,2.9,"North Indian,Indian",18.49,73.8163,Locality (matched)
84836,Kothapet,Hyderabad,Mithaiwala,400,4.3,"Sweets,Desserts,Snacks,Chaat",17.3745,78.531,Locality (matched)
84962,Bidhannagar,Kolkata,Curry Nation,500,2.9,"Indian,Chinese",22.585,88.418,Locality (matched)
85218,Paschim Vihar,Delhi,Grills And Buns,200,3.8,"Fast Food,Snacks,Combo,Italian,Beverages,Continental",28.6692,77.1013,Locality (matched)
85253,Andheri East,Mumbai,Live Bakers,300,4.1,Desserts,19.1136,72.8697,Locality (matched)
85642,Topsia,Kolkata,Albela Biryani,200,4.1,"Biryani,Tandoor",22.541,88.383,Locality (matched)
85719,Athwa,Surat,Klassic Restaurant,450,4.4,"North Indian,Chinese,Punjabi",21.178,72.793,Locality (matched)
85848,Kalighat,Kolkata,Banani'S Kitchen,200,3.3,"Indian,Bengali,Fast Food,Snacks,Home Food,Pastas",22.519,88.342,Locality (matched)
85971,Banjara Hills,Hyderabad,Burgasm,350,4.3,"Fast Food,American",17.4156,78.4347,Locality (matched)
86078,Dhankawadi,Pune,Kraks N Bruns,350,3.8,"Continental,Desserts,Bakery",18.457,73.847,Locality (matched)
86084,Kondhwa,Pune,Karim'S Cafe,250,4.3,"Chinese,Fast Food,Beverages",18.4633,73.893,Locality (matched)
86087,Jodhpur Village,Ahmedabad,Xocolat Chocolatiers Cafe & Bakery,250,2.9,"Desserts,Beverages,Fast Food",23.026,72.522,Locality (matched)
86175,Baguihati,Kolkata,Chinese Plaza Momo Centre,300,4.1,"Chinese,Fast Food",22.612,88.418,Locality (matched)
86248,Bandra East,Mumbai,Siddhivinayak Tiffin,300,4.3,"Indian,Punjabi",19.0596,72.841,Locality (matched)
86477,Ambawadi,Ahmedabad,Umami By Curries,850,4.4,"Indian,Chinese",23.027,72.549,Locality (matched)
86724,Thousand Lights,Chennai,Nasi And Mee,1200,4.5,"Pan-Asian,Singaporean,Malaysian,Japanese,Asian,Thai,Chinese,Indonesian",13.0569,80.254,Locality (matched)
86834,Jodhpur Park,Kolkata,Wok Up,350,4.2,"Chinese,Thai,Seafood,Asian",22.503,88.362,Locality (matched)
87071,Sion,Mumbai,Only Bhuna,400,2.9,North Indian,19.0448,72.8619,Locality (matched)
87077,Andheri East,Mumbai,Frisbees,300,3.7,American  Fast Food,19.1136,72.8697,Locality (matched)
87100,Indiranagar,Bangalore,Akkad Bakkad - Kids Meals,400,2.9,"North Indian,Punjabi,Street Food,South Indian",12.9719,77.6412,Locality (matched)
87112,Tingre Nagar,Pune,Uncle'S Kitchen.,400,3.9,"Chinese,North Indian,Italian",18.557,73.893,Locality (matched)
87296,New Magdalla,Surat,Yadav Omlet Center,300,2.9,"Thalis,Combo",21.158,72.765,Locality (matched)
87551,Royapuram,Chennai,Banana Leaf,300,3.8,"South Indian,Biryani,Chinese",13.113,80.294,Locality (matched)
87903,Khamasa,Ahmedabad,Iqbal Hotel,350,4,"Indian,Chinese,Mughlai,North Indian,Desserts,Fast Food",23.025,72.585,Locality (matched)
87975,Ballygunge,Kolkata,Fusion Fantasea,800,4.2,"Coastal,Arabian,Tribal",22.528,88.366,Locality (matched)
88022,Powai,Mumbai,Global Foodie,500,2.9,"Italian,Chinese,Burmese,Pan-Asian,Thai,Malaysian,Oriental,Italian-American,Pastas",19.1176,72.906,Locality (matched)
88070,Padmarao Nagar,Hyderabad,Lucky'S Biryani House,400,3.8,Biryani  Chinese,17.427,78.497,Locality (matched)
88325,Parvati Paytha,Pune,Mehfil Restaurant & Bar,300,4.4,"Chinese,North Indian",18.493,73.846,Locality (matched)
88440,Ghansi Bazaar,Hyderabad,Hotel Shadab,400,4.1,"Biryani,North Indian,Chinese,Kebabs",17.362,78.474,Locality (matched)
88503,Kalyani Nagar,Pune,Steakhouse,300,4.6,Continental,18.5479,73.9014,Locality (matched)
88532,Aliabad,Hyderabad,Al Hashmi Arabian Shawarma & Fast Food,150,3.6,Fast Food,17.356,78.478,Locality (matched)
88650,Malleswaram,Bangalore,D-Zaprino,300,3.9,"North Indian,Continental,American,Desserts,Fast Food,Italian,Beverages,Seafood",13.0035,77.5647,Locality (fuzzy match: 'malleshwaram')
88711,Old Washermanpet,Chennai,Nizam Biryani Catering,400,4.2,"Biryani,Chinese",13.114,80.282,Locality (matched)
88745,Shivajinagar,Pune,Fc Road Social,600,3.9,"Indian,Chinese,South Indian,American,Fast Food,Kebabs,Mughlai,Biryani,Combo",18.5308,73.8478,Locality (matched)
88858,Paschim Vihar,Delhi,Pizza Pepper,500,2.9,"Fast Food,Italian",28.6692,77.1013,Locality (matched)
88966,Mehdipatnam,Hyderabad,Sri Vasavi Grand,150,4,"South Indian,Chinese",17.3952,78.438,Locality (matched)
89254,Madannapet Colony,Hyderabad,Redaan Restaurant,250,3.8,"Chinese,Biryani,Kebabs,Haleem",17.365,78.5,Locality (matched)
89378,Saki Naka,Mumbai,The Spot,300,2.8,Fast Food,19.1073,72.8873,Locality (matched)
89571,Rohini,Delhi,Ubq By Barbeque Nation,300,3.9,"North Indian,Mughlai,Seafood,Biryani,Desserts,Kebabs",28.7041,77.1025,Locality (matched)
89648,Ballygunge,Kolkata,Saiqa Restaurant,200,4.1,"Indian,Mughlai,Fast Food",22.528,88.366,Locality (matched)
89691,Anna Nagar,Chennai,Cheesy Juicy Burgers,450,3.9,"Fast Food,Continental",13.085,80.2101,Locality (matched)
90306,Umarwada,Surat,Cafe Coffee Day,300,4.6,"Beverages,Snacks,Desserts",21.205,72.833,Locality (matched)
90317,Kondhwa,Pune,Lazeez Fast Food,450,2.9,Chinese,18.4633,73.893,Locality (matched)
90466,Andheri East,Mumbai,Gluttony,500,4,"Bakery,Desserts,Fast Food,Beverages",19.1136,72.8697,Locality (matched)
90561,New Malakpet,Hyderabad,Lassi Corner Malakpet,150,3.7,Beverages,17.3735,78.498,Locality (matched)
90694,Anna Nagar,Chennai,Happy Cake Stories,350,3.8,Bakery,13.085,80.2101,Locality (matched)
90712,Thousand Lights,Chennai,Ubq By Barbeque Nation,300,3.9,"North Indian,Mughlai,Seafood,Biryani,Desserts,Kebabs",13.0569,80.254,Locality (matched)
90842,Kalighat,Kolkata,Peep Inn,400,3.9,"Chinese,North Indian",22.519,88.342,Locality (matched)
90900,Andheri East,Mumbai,Afra Mughlai Darbar,450,4.5,Indian  Chinese  Desserts  Juices,19.1136,72.8697,Locality (matched)
90911,Chennai,Chennai,Chennai Rawther Biriyani,300,4.2,"Chinese,North Indian,Biryani",13.0827,80.2707,Locality (matched)
91215,Ballygunge,Kolkata,Beefy Affair,300,4,"Tibetan,Italian,Mughlai,Chinese,Kerala",22.528,88.366,Locality (matched)
91216,Ballygunge,Kolkata,Stoner'S Paradise,200,3.8,"Desserts,Fast Food,American,Beverages,Combo",22.528,88.366,Locality (matched)
91289,Bidhannagar,Kolkata,Snacky Chicken,250,4.1,"American,Biryani,Pastas,Combo,Continental,Tibetan,Fast Food,Beverages,Salads",22.585,88.418,Locality (matched)
91305,Kalighat,Kolkata,Wasabee Deshapriya Park,1000,3.9,"Japanese,Chinese,Thai,Malaysian,Indonesian,Burmese,Singaporean",22.519,88.342,Locality (matched)
91323,Baguihati,Kolkata,Raksahb,300,4.4,"Indian,Chinese,Tandoor",22.612,88.418,Locality (matched)
91408,Toli Chowki,Hyderabad,Mohammed'S Shawarma,150,4,Arabian,17.4001,78.418,Locality (matched)
91458,Kothrud,Pune,Sugardough,300,2.9,"Continental,American,Desserts,Fast Food,Bakery",18.5074,73.8077,Locality (matched)
91629,Pulikeshi Nagar,Bangalore,Sheeshkebab,600,4.2,"Persian,Arabian,Indian,Middle Eastern,Biryani",12.995,77.61,Locality (matched)
91699,Uppal,Hyderabad,Master Chef Restaurant,300,3.8,"Chinese,Biryani,Mughlai,North Indian",17.4062,78.559,Locality (matched)
91758,Behala,Kolkata,Dough Knots,200,4.1,Desserts  Bakery  Snacks,22.499,88.313,Locality (matched)
91781,Annanagar East,Chennai,Italian Pizza,200,3.4,"Italian,Continental",13.087,80.22,Locality (matched)
91817,Pitampura,Delhi,Burgrill - The Win Win Burger,250,4.4,"Salads,Fast Food,Desserts,Continental,Beverages,American",28.6942,77.131,Locality (matched)
91969,Deccan Gymkhana,Pune,Venky'S Xprs (Shivaji Nagar),300,4.5,Fast Food,18.5162,73.8397,Locality (matched)
92151,Sadashiv Peth,Pune,Cafe Durga,100,4.2,Fast Food,18.5122,73.852,Locality (matched)
92270,Redhills,Hyderabad,Khan-E-Khaas,200,4.3,Fast Food,17.402,78.461,Locality (matched)
92282,Langar Houz,Hyderabad,Dairy Den,200,4.2,Ice Cream  Desserts  Beverages,17.376,78.43,Locality (matched)
92384,Indiranagar,Bangalore,Ambur Star Briyani Since 1890,600,4.3,"Biryani,Chettinad,Andhra,Beverages,Seafood",12.9719,77.6412,Locality (matched)
92403,Kilpauk,Chennai,Juice Junction,150,4.6,"Juices,Beverages",13.085,80.241,Locality (matched)
92796,Perambur,Chennai,Riyas Briyani,250,4,"Biryani,Tandoor,Chinese,North Indian",13.1155,80.234,Locality (matched)
92830,Padmarao Nagar,Hyderabad,1D Cafe,200,3.7,Cafe,17.427,78.497,Locality (matched)
93035,Khilwat,Hyderabad,Dairy Den,200,3.5,"Desserts,Ice Cream,Beverages",17.355,78.477,Locality (matched)
93152,Adajan,Surat,Bhai Bhai Omelette,300,4.3,Biryani,21.196,72.78,Locality (matched)
93430,Adajan,Surat,Veera'S Kitchen,500,4.2,"Biryani,Mughlai,North Indian,Indian,Chinese,Tandoor,Hyderabadi",21.196,72.78,Locality (matched)
93439,Andheri East,Mumbai,Swad Desi,200,2.9,Asian  Fast Food  Chinese  Combo,19.1136,72.8697,Locality (matched)
93695,Piplod,Surat,Shree Ganesh Omlet,300,2.9,Fast Food,21.166,72.777,Locality (matched)
93802,Ashok Nagar,Bangalore,Anupams Coast Ii Coast,1200,4,"Mangalorean,Chinese,North Indian,Mughlai,Punjabi,Awadhi",12.9843,77.5936,Locality (matched)
94075,Balavinayagar Nagar,Chennai,Vigrama Hotel,250,4.1,South Indian,13.0827,80.2707,City-level (approximate fallback)
94091,Jam Bagh,Hyderabad,Nrs Mamatha Darshini,150,4.3,"South Indian,Chinese",17.386,78.478,Locality (matched)
94363,Vastrapur,Ahmedabad,Tuli'S Restaurant,200,3.9,"Bengali,North Indian,Biryani,Tandoor",23.039,72.529,Locality (matched)
94366,Koramangala - Bangalore,Bangalore,Kitchens Of Punjab,350,2.9,"Punjabi,North Indian,Thalis,Desserts,Beverages",12.9352,77.6245,Locality (substring match: 'koramangala')
94417,Punjab Bagh,Delhi,The Pizza Dough,200,2.7,"Continental,American,Fast Food,Italian,Mexican,Beverages",28.665,77.131,Locality (matched)
94438,Ballygunge,Kolkata,Adil Biryani Centre,200,4.1,Biryani,22.528,88.366,Locality (matched)
94441,Baranagar,Kolkata,'@69 Food Zone,200,3.8,"Fast Food,Indian,Chinese",22.642,88.372,Locality (matched)
94782,Machuabazar,Kolkata,New Zoya Biryani,200,3.7,Mughlai,22.585,88.361,Locality (matched)
94832,Sion,Mumbai,Suraj Chinese Corner,250,4.1,Chinese  Beverages,19.0448,72.8619,Locality (matched)
94908,Ghatkopar West,Mumbai,Decent Restaurant,400,3.8,Chinese  North Indian,19.0864,72.9047,Locality (matched)
95206,Choolaimedu,Chennai,Mujiba Restaurant,300,2.9,"Indian,Chinese",13.064,80.228,Locality (matched)
95278,Topsia,Kolkata,Delhi Cake Point,200,4.3,"Bakery,Fast Food",22.541,88.383,Locality (matched)
95365,Koregaon Park,Pune,Chafa Cafe And Studio,900,4.6,"Italian-American,Fast Food,Continental",18.5362,73.8938,Locality (matched)
95862,Satellite,Ahmedabad,Goodluck Chicken Hub,500,2.9,"North Indian,Chinese,Tandoor,Biryani",23.027,72.507,Locality (matched)
96020,Amberpet,Hyderabad,Papaji-Da-Dhaba,200,4,"North Indian,Chinese,Tandoor",17.398,78.513,Locality (matched)
96386,Shahpore,Surat,Favourite Pizza And Grill,200,4.3,"Pizzas,Fast Food,Street Food,Indian,Mughlai",21.198,72.818,Locality (matched)
96618,Saki Naka,Mumbai,Chakra,600,4.3,"Indian,Chinese",19.1073,72.8873,Locality (matched)
96619,Saki Naka,Mumbai,Sudarshan Veg Restaurant,700,4.4,"Indian,Chinese,South Indian",19.1073,72.8873,Locality (matched)
96989,Kondhwa,Pune,Rasoi Punjab,400,3.5,"North Indian,Seafood",18.4633,73.893,Locality (matched)
96990,Kondhwa,Pune,Hotel Malabar,400,3.3,"Chinese,North Indian",18.4633,73.893,Locality (matched)
97000,Baner,Pune,Hotel Mahabaleshwar,500,4.5,North Indian,18.559,73.7868,Locality (matched)
97132,Visharant Wadi,Pune,Kirti Restaurant & Bar,400,3.8,"Chinese,North Indian,Desserts,Fast Food,Beverages,Seafood",18.567,73.872,Locality (matched)
97413,Paikpara,Kolkata,Abar Bangali,300,3.8,Bengali,22.61,88.368,Locality (matched)
97418,Teynampet,Chennai,Sweetsoul Buddha Bowls,1100,4.5,"Healthy Food,Salads,Desserts",13.0418,80.254,Locality (matched)
97485,Basheer Bagh,Hyderabad,The Thick Shake Factory,250,4.3,Beverages,17.4001,78.474,Locality (matched)
97522,Kankurgachi,Kolkata,Flame & Grill,900,4.5,"North Indian,Continental",22.585,88.39,Locality (matched)
97859,Tiretti,Kolkata,Ayan Fast Food Center,200,3.6,Indian,22.575,88.358,Locality (matched)
97890,Andheri East,Mumbai,180 Bistro,500,2.9,"Indian,Beverages,Biryani,Fast Food",19.1136,72.8697,Locality (matched)
98255,Andheri East,Mumbai,De Goa Kitchen,700,4.2,Goan  Seafood,19.1136,72.8697,Locality (matched)
98257,Chembur,Mumbai,Pot Pourri,1000,4.1,Italian  Continental  Indian  Mexican,19.0522,72.9006,Locality (matched)
98288,Guru Nanak Nagar,Pune,Aufside @ Hotfut,400,4.4,"North Indian,Continental,American,Fast Food,Chinese,Pizzas,Desserts",18.5,73.87,Locality (matched)
98351,Saki Naka,Mumbai,The Bombay Rasoi (North Indian Chinese),300,2.9,"North Indian,Chinese,Tandoor,Combo",19.1073,72.8873,Locality (matched)
98817,Annanagar East,Chennai,Chennai Rawther,300,3.9,"Biryani,South Indian,North Indian,Chinese",13.087,80.22,Locality (matched)
98822,Karve Nagar,Pune,Pramit Veg Non Veg,300,2.9,"North Indian,Fast Food",18.49,73.8163,Locality (matched)
98927,Kurla,Mumbai,Urban Jalsa,400,4.3,"Fast Food,Continental,Chinese,Special Discount from (The Scoop)",19.0728,72.8826,Locality (matched)
99085,Ayanavaram,Chennai,Hotel Noor,350,4.2,Indian,13.105,80.232,Locality (matched)
99297,Paldi,Ahmedabad,Pickmeal,500,4.2,Indian,23.013,72.562,Locality (matched)
99304,Kankurgachi,Kolkata,Jungle Safari,900,4.3,North Indian,22.585,88.39,Locality (matched)
99341,Gopalapuram,Chennai,Cafe Clock,200,4.7,"Beverages,Ice Cream",13.045,80.257,Locality (matched)
99494,Kondhwa,Pune,Grub Jars,700,4,Fast Food,18.4633,73.893,Locality (matched)
99901,Kondhwa,Pune,Double Tea Cafe,200,4.1,"Chinese,Fast Food",18.4633,73.893,Locality (matched)
100185,New Magdalla,Surat,Cookie Man,140,2.9,"Bakery,Desserts,Australian,Snacks,Cafe",21.158,72.765,Locality (matched)
100325,Kondhwa,Pune,Filli Bites,200,4.3,"Arabian,Snacks,Fast Food",18.4633,73.893,Locality (matched)
100398,Topsia,Kolkata,Momo'S Point,150,3.6,"Chinese,Tibetan,Snacks",22.541,88.383,Locality (matched)
100721,Khatodra Wadi,Surat,Mcdonald'S,400,4.3,"American,Fast Food",21.175,72.83,Locality (matched)
100748,Andheri East,Mumbai,Spice Of Kerala,450,4.1,Kerala,19.1136,72.8697,Locality (matched)
100749,Chembur,Mumbai,Oye Kiddan,300,4,North Indian,19.0522,72.9006,Locality (matched)
100853,Jodhpur Park,Kolkata,The Tavern Cafe,600,2.9,"Italian,Chinese,Continental",22.503,88.362,Locality (matched)
100942,Somajiguda,Hyderabad,Lucky Multicuisine Restaurant,350,3.9,"North Indian,South Indian,Tandoor,Biryani",17.423,78.459,Locality (matched)
100958,Teynampet,Chennai,Pizza Shop,400,3.7,"Pizzas,Italian,Continental,American,Chinese,Snacks,Desserts,Beverages",13.0418,80.254,Locality (matched)
101421,College Square,Kolkata,Mughal Arsalan Biryani,200,4,"Indian,Biryani",22.575,88.363,Locality (matched)
101438,Ballygunge,Kolkata,Crystaline,400,4.4,"North Indian,Chinese,Tandoor",22.528,88.366,Locality (matched)
101496,Pitam Pura,Delhi,Oriental Mom,600,4.2,"Asian,Chinese,Thai,Burmese",28.6942,77.131,Locality (matched)
101568,Tolichowki,Hyderabad,Tasty Fish Fry Point,200,4.1,Italian,17.4001,78.418,Locality (matched)
101631,Egmore,Chennai,Zam Zam Fast Food,300,3.9,Fast Food,13.0732,80.2609,Locality (matched)
101652,Annanagar East,Chennai,Get Diety,500,4.1,"Healthy Food,Continental,Salads,American,Italian,Seafood,Indian,Snacks,Keto,Juices",13.087,80.22,Locality (matched)
101751,Koramangala,Bangalore,Fiero! Pizzeria,400,3.9,"Pizzas,Italian,Pastas,Desserts,Beverages",12.9352,77.6245,Locality (matched)
101968,Koramangala,Bangalore,The Bier Library,600,4.3,"Continental,North Indian,Pizzas,American,Mexican,Italian,Beverages",12.9352,77.6245,Locality (matched)
102148,Koramangala,Bangalore,Terra Bites,700,4.4,"Continental,American,Italian,Mexican",12.9352,77.6245,Locality (matched)
102263,T. Nagar,Chennai,Shawarma Kadai,180,4.1,Arabian,13.0418,80.2341,Locality (matched)
102633,Dum Dum,Kolkata,Downtown Foodstop,300,4,"North Indian,Mughlai",22.642,88.42,Locality (matched)
103112,Powai,Mumbai,Ranjana'S Rannaghor - The Bengali Kitchen,200,4,"Bengali,North Indian,Biryani,Mughlai,Indian,Desserts,Seafood,Snacks,Beverages,Tandoor,Kebabs,Afghani,Thalis,Combo,Barbecue",19.1176,72.906,Locality (matched)
103420,Ambawadi,Ahmedabad,Food Mistri,350,4.1,"North Indian,Middle Eastern,Chinese",23.027,72.549,Locality (matched)
103504,Nanpura,Surat,Chicken Hut,500,3.9,"Mughlai,Chinese,Biryani,Fast Food",21.19,72.814,Locality (matched)
104017,Kurla West,Mumbai,Konkan Swad,250,3.7,"Konkan,Seafood",19.07,72.879,Locality (matched)
104293,Kasba,Kolkata,Burger In Law,350,4.3,"American,Fast Food,Beverages",22.514,88.38,Locality (matched)
104321,Tagore Garden Extension,Delhi,Empress Delhi,800,2.9,"Chinese,North Indian,Continental",28.642,77.093,Locality (matched)
104409,Chembur,Mumbai,Sai Darshan,600,2.9,Indian,19.0522,72.9006,Locality (matched)
104527,Boudhanagar Colony,Hyderabad,Meena Bakery,250,4.4,"Bakery,Fast Food",17.385,78.4867,City-level (approximate fallback)
104544,Kachiguda,Hyderabad,Nikhils Hot&Spice Chinees Fast Food,300,4,Chinese,17.3843,78.5013,Locality (matched)
104836,Bandra East,Mumbai,Devi Prasad,450,2.9,"Chinese,North Indian",19.0596,72.841,Locality (matched)
105252,Narayan Peth,Pune,Ubq By Barbeque Nation,300,4,"North Indian,Mughlai,Seafood,Biryani,Desserts,Kebabs",18.514,73.853,Locality (matched)
105268,Memnagar,Ahmedabad,Ubq By Barbeque Nation,300,3.7,"North Indian,Mughlai,Seafood,Biryani,Desserts,Kebabs",23.049,72.547,Locality (matched)
105483,Lakdikapul,Hyderabad,Suprabath Tiffins,300,4.2,South Indian,17.403,78.465,Locality (matched)
105485,Humayun Nagar,Hyderabad,50 Fruits,150,4.3,"Juices,Beverages,Healthy Food",17.403,78.447,Locality (matched)
105657,Chembur,Mumbai,Chembur Gymkhana (Phase 1),400,4.2,Indian,19.0522,72.9006,Locality (matched)
105822,Kondhwa,Pune,Spice Culture,500,4.1,"Chinese,North Indian,Biryani,Continental,Thai,Pizzas,Pastas",18.4633,73.893,Locality (matched)
105853,Gopipura,Surat,Abu Baba Pizza Corner,400,4.1,"Fast Food,North Indian",21.19,72.828,Locality (matched)
105909,Kurla,Mumbai,Minar Restaurant,500,2.9,Chinese,19.0728,72.8826,Locality (matched)
105990,Dahin Nagar,Surat,Lk Master Non-Veg,350,4.2,Gujarati,21.185,72.838,Locality (matched)
106058,Camp,Pune,Fit Food Company,500,4.2,"Healthy Food,Salads,Continental,Juices,Seafood,Beverages",18.5122,73.879,Locality (matched)
106200,Adajan,Surat,Lovely Chicken Corner,500,4.2,"North Indian,Chinese",21.196,72.78,Locality (matched)
106202,Adajan,Surat,Bhandaris Tandoor,400,4.1,"North Indian,Chinese",21.196,72.78,Locality (matched)
106419,Begumpet,Hyderabad,A One Home Foods,220,3.7,South Indian  North Indian  Mughlai,17.44,78.465,Locality (matched)
106587,Ahmedabad,Ahmedabad,Mom'S Kitchen,600,2.9,"Chinese,North Indian",23.0225,72.5714,Locality (matched)
106615,Vadgaon Budruk,Pune,Deep Roll & Bhurji Centre,200,2.9,"North Indian,South Indian,Snacks,Fast Food,Beverages",18.463,73.81,Locality (matched)
106722,Central Kolkata,Kolkata,Royal Singh Da Dhaba,200,3.3,Biryani  Indian  Mughlai,22.57,88.355,Locality (matched)
106763,Kurla West,Mumbai,Rangoon Zaika,400,3.6,"Indian,Chinese",19.07,72.879,Locality (matched)
106768,Kurla West,Mumbai,Golden Palace,450,2.9,"North Indian,Chinese",19.07,72.879,Locality (matched)
106927,Ejipura,Bangalore,Lazeez Ambur Dum Biryani,250,2.9,"Biryani,Chinese,North Indian,Punjabi,Snacks,Fast Food",12.9382,77.628,Locality (matched)
107032,Kondhwa,Pune,Kolhapuri Mirchi,300,4.3,"Maharashtrian,Thalis,Indian,Beverages",18.4633,73.893,Locality (matched)
107194,Jayanagar,Bangalore,Cake Paradise,400,2.9,Bakery,12.925,77.5938,Locality (matched)
107648,Basheer Bagh,Hyderabad,Ghrelin - Cafe And Patisserie,450,4.3,"Desserts,Bakery",17.4001,78.474,Locality (matched)
107763,Prashant Vihar Rohini,Delhi,Haq Se Punjab,300,4.3,"North Indian,Continental",28.705,77.135,Locality (matched)
107820,Sector 37,Delhi,Pizza Burger Point,200,2.9,"Burmese,Pizzas,North Indian,Fast Food,Chinese,Italian,Beverages",28.6139,77.209,City-level (approximate fallback)
107823,Sector 37,Delhi,Italiano Kitchen,200,2.9,"Italian,North Indian,Chinese,Fast Food,Beverages",28.6139,77.209,City-level (approximate fallback)
108561,Powai,Mumbai,Temptationz Cakes & More,500,3.9,Desserts  Bakery  Fast Food,19.1176,72.906,Locality (matched)
108565,Khar West,Mumbai,Fat Kongg,500,4.2,Chinese  Continental  Thai,19.0696,72.8355,Locality (matched)
108808,Hindustan Park,Kolkata,The Green House Cafe,500,2.9,"Italian,Chinese",22.522,88.362,Locality (matched)
109060,Kasba,Kolkata,Officer'S Kitchen,250,4.2,"Chinese,Indian,Tandoor",22.514,88.38,Locality (matched)
109119,Bidhannagar,Kolkata,Empty Stomach,250,2.9,"Chinese,Indian",22.585,88.418,Locality (matched)
109168,Santosh Nagar,Hyderabad,Al Rabea Al Arabi Cafeteria,250,4.3,"Lebanese,Arabian,Fast Food",17.36,78.498,Locality (matched)
109763,Varachha,Surat,Taaza Restaurant,300,2.9,"Indian,Chinese",21.214,72.842,Locality (matched)
109787,Ashok Nagar,Bangalore,Chianti,1250,4.7,"Italian,Pizzas,Salads,Pastas,Desserts",12.9843,77.5936,Locality (matched)
109791,Rohini,Delhi,Tandoori Chubara,400,4.2,Tandoor,28.7041,77.1025,Locality (matched)
110135,Wanwadi,Pune,Cafe Good Day,250,2.9,"Fast Food,Beverages",18.495,73.878,Locality (matched)
110314,Andheri East,Mumbai,Paa G,400,2.9,North Indian  Chinese  Italian,19.1136,72.8697,Locality (matched)
110376,Somajiguda,Hyderabad,Headquarters,1100,2.9,"Continental,Italian,North Indian,Chinese",17.423,78.459,Locality (matched)
110743,Himayatnagar,Hyderabad,Black Pearl - Hotel Central Park,300,3.3,North Indian  Chinese  Indian,17.4008,78.4813,Locality (matched)
110791,Punjagutta,Hyderabad,By The Bay,1200,3.7,"Indian,Asian,Italian,European",17.4256,78.453,Locality (matched)
110797,Beleghata,Kolkata,Pangong,250,4.5,"Chinese,Indian,Fast Food",22.562,88.39,Locality (matched)
110855,Chembur,Mumbai,Slice Of Italy,400,2.9,Fast Food,19.0522,72.9006,Locality (matched)
110996,Kodihalli,Bangalore,Chai Days,200,4.4,"Beverages,Snacks,Combo,Bakery",12.9611,77.6486,Locality (matched)
111164,Anna Nagar West Extension,Chennai,Chennai Cakes,200,4.2,Bakery,13.087,80.197,Locality (matched)
111250,Indiranagar,Bangalore,Viceroy'S Sarathi,600,2.9,"Chinese,North Indian,Beverages,Seafood",12.9719,77.6412,Locality (matched)
111360,Perambur,Chennai,Dharani Home Mades,200,4.1,"Snacks,Fast Food",13.1155,80.234,Locality (matched)
111518,Kurla West,Mumbai,Kurla Juicy Hut,300,4.1,"Beverages,Desserts",19.07,72.879,Locality (matched)
111536,Saki Naka,Mumbai,Royal Darbar,400,2.9,Chinese,19.1073,72.8873,Locality (matched)
111795,Shalimar Bagh,Delhi,Mandarin Oak- The Heavenly Chinese,350,4.2,"Chinese,Asian,Thai",28.71,77.158,Locality (matched)
112286,Ejipura,Bangalore,Ghar Ka Tadka,400,4,"North Indian,Home Food,South Indian",12.9382,77.628,Locality (matched)
112315,Indiranagar,Bangalore,Candice'S Gourmet Sandwiches,650,4.4,"Continental,American",12.9719,77.6412,Locality (matched)
113377,Amberpet,Hyderabad,Hotel Mukrram,300,4.1,Biryani,17.398,78.513,Locality (matched)
113643,Kondhwa,Pune,Ya Habibi Fatayer,400,2.9,Arabian,18.4633,73.893,Locality (matched)
113649,Ballygunge,Kolkata,Rajshahi Restaurant,200,3.8,Indian,22.528,88.366,Locality (matched)
113657,Koramangala,Bangalore,Halli Donne Biryani,200,3.7,South Indian,12.9352,77.6245,Locality (matched)
114143,Kalighat,Kolkata,The Masala Club,250,4.6,"Fast Food,Chinese",22.519,88.342,Locality (matched)
114176,Saki Naka,Mumbai,The Spot.,500,2.8,Fast Food,19.1073,72.8873,Locality (matched)
114370,Rohini,Delhi,Barista,350,3.5,"Beverages,Snacks,Desserts",28.7041,77.1025,Locality (matched)
114463,Begampura,Surat,Pizza & Plus,250,2.9,"Chinese,Pizzas,Combo,North Indian",21.198,72.825,Locality (matched)
114615,Antop Hill,Mumbai,New Punjab Restaurant,200,3.9,Indian,19.0224,72.858,Locality (matched)
114637,Ballygunge,Kolkata,Al Helal Restaurant,150,4.2,Biryani  Mughlai,22.528,88.366,Locality (matched)
114733,Begampura,Surat,Nasiri Chilli 'N' Spice,300,3.7,"Chinese,North Indian",21.198,72.825,Locality (matched)
115089,Bidhannagar,Kolkata,New Simla Restaurant,150,3.9,Biryani,22.585,88.418,Locality (matched)
115093,Lake Town,Kolkata,Oudh 1590,1000,4.3,"Biryani,Mughlai,North Indian,Awadhi,Kebabs,Lucknowi",22.605,88.395,Locality (matched)
115274,Vesu,Surat,Paan Casa,200,2.9,"Fast Food,Beverages",21.14,72.777,Locality (matched)
115437,Srirampura,Bangalore,Karnataka Biryani Point,250,4.1,Biryani,12.9979,77.5735,Locality (matched)
115486,Tiljala,Kolkata,Yummy Paratha,300,4.3,"North Indian,Beverages,Desserts,Biryani,Indian",22.53,88.387,Locality (matched)
115490,Bidhannagar,Kolkata,Jaluk,300,4.3,Assamese,22.585,88.418,Locality (matched)
115662,Mehdipatnam,Hyderabad,Amfah Hotel,200,4.2,"Biryani,North Indian,Chinese",17.3952,78.438,Locality (matched)
115705,Entally,Kolkata,Kolkata Bites,300,4,"Indian,Snacks,Chinese,Desserts,Beverages,Pizzas,Pastas,Biryani",22.562,88.372,Locality (matched)
115730,Indiranagar,Bangalore,Biryani Khazana,250,3.7,Biryani,12.9719,77.6412,Locality (matched)
116899,Santacruz East,Mumbai,Shekhar Family Restaurant,350,3.8,Chinese  North Indian,19.0822,72.8416,Locality (matched)
116985,Asalpha,Mumbai,Modern Kitchen,500,2.9,"Indian,Chinese",19.093,72.903,Locality (matched)
117031,Sayedpura,Surat,Spice Chinese Aloopuri-Khavsa,200,3.8,Fast Food,21.198,72.825,Locality (matched)
117211,Adajan,Surat,Barbecue Chicken,300,4.2,"Chinese,Mughlai",21.196,72.78,Locality (matched)
117221,Shivajinagar,Pune,The Deccan Bid Capital,1200,2.9,"North Indian,Continental",18.5308,73.8478,Locality (matched)
117303,T. Nagar,Chennai,Mambalam Annashree,250,4.1,"South Indian,North Indian,Chinese",13.0418,80.2341,Locality (matched)
117454,Kurla,Mumbai,Mahesh Lunch Home & Bar,500,4.3,Indian,19.0728,72.8826,Locality (matched)
117757,Deccan Gymkhana,Pune,Monginis,150,2.9,Fast Food,18.5162,73.8397,Locality (matched)
117871,Ashok Nagar,Bangalore,Green Onion Chinese,450,4.4,Chinese,12.9843,77.5936,Locality (matched)
118074,Himayatnagar,Hyderabad,Barcenos Pizza,300,3.8,"Pizzas,Beverages",17.4008,78.4813,Locality (matched)
118195,Govandi East,Mumbai,Unique Chinese Point,400,3.9,Chinese,19.047,72.913,Locality (matched)
118380,Ballygunge,Kolkata,Sfc Food Funda,250,2.9,"Fast Food,Biryani",22.528,88.366,Locality (matched)
118454,Azad Nagar,Bangalore,Hotel Bilal Biriyani Centre,180,3.9,Biryani,12.955,77.5716,Locality (matched)
118571,Taltala,Kolkata,Ather Biryani,200,2.9,Mughlai,22.562,88.358,Locality (matched)
118807,Ashok Nagar,Bangalore,The Bar Stock Exchange,800,2.9,"Chinese,North Indian,Continental,Pan-Asian,Thai",12.9843,77.5936,Locality (matched)
118885,Adajan,Surat,Baba Omlet Center,200,4.3,Fast Food,21.196,72.78,Locality (matched)
118925,Budhwar Peth,Pune,Tiranga Budhwar Peth (Main Branch),400,4.1,"Biryani,Maharashtrian,North Indian",18.514,73.856,Locality (matched)
118994,Tangra,Kolkata,Uddta Punjab By Don Gio (Science City),900,3.8,"North Indian,Fast Food",22.546,88.396,Locality (matched)
119056,Thirunagar Signal Vadapalani,Chennai,Nalan Restaurant,300,3.6,"North Indian,South Indian,Indian",13.0503,80.2121,Locality (matched)
119181,Pashan,Pune,Pie - Pan India Eatery,500,2.9,"North Indian,Chinese",18.537,73.797,Locality (matched)
119701,Begampura,Surat,Classic Chicken Mamna (Tandoori & Paratha),350,3.7,"North Indian,Biryani,Kebabs,Tandoor,Combo,Mughlai,Afghani,Seafood",21.198,72.825,Locality (matched)
119895,Powai,Mumbai,Fisherman'S Cove - Taste On Palate,800,4,Seafood  North Indian  Chinese  Tandoor  Thai,19.1176,72.906,Locality (matched)
119937,Kurla West,Mumbai,Royal Falooda,400,4,"Desserts,Ice Cream",19.07,72.879,Locality (matched)
120088,Golpark,Kolkata,Momo World,300,3.8,"Tibetan,Chinese",22.517,88.363,Locality (matched)
120121,Hadapsar,Pune,Dawat Biryani,250,3.9,"North Indian,Fast Food",18.5089,73.926,Locality (matched)
120638,Adajan,Surat,Sobis Diet Farm,400,4.8,Fast Food,21.196,72.78,Locality (matched)
120807,Kothrud,Pune,Cafe Arabia,300,4.4,"Lebanese,Middle Eastern,Mediterranean",18.5074,73.8077,Locality (matched)
121149,Toli Chowki,Hyderabad,Zafar'S Fine Dine,400,4,"Arabian,Mughlai,North Indian",17.4001,78.418,Locality (matched)
121182,Ballygunge,Kolkata,Chez - Pan Oriental Kitchen,350,4.4,"Chinese,Pan-Asian,Asian,Burmese,Thai",22.528,88.366,Locality (matched)
121264,Annamalai Colony,Chennai,Little India,200,4.2,"North Indian,South Indian,Chinese",13.0827,80.2707,City-level (approximate fallback)
121307,Hyderabad,Hyderabad,Phulkaas,200,3.8,North Indian,17.385,78.4867,Locality (matched)
121512,South Dumdum,Kolkata,Combo.Com,300,3.9,"Combo,Chinese,Tandoor,North Indian,Biryani,Mughlai",22.63,88.403,Locality (matched)
121689,Santacruz East,Mumbai,Santosh Lunch Home,450,4.2,Indian,19.0822,72.8416,Locality (matched)
121807,Aminjikarai,Chennai,The Brownie Studio,300,4.7,"Bakery,Desserts,Snacks,Ice Cream,Beverages",13.073,80.226,Locality (matched)
121933,Wadgaon Budruk Tilak Road,Pune,Ankur Biryanis,300,2.9,"Biryani,Indian",18.5204,73.8567,City-level (approximate fallback)
121992,Gurukul,Ahmedabad,Eggs & Eggs,200,4.4,Fast Food,23.043,72.528,Locality (matched)
122249,Kondhwa,Pune,Lucky Chinese And Snacks Centre,300,2.9,Chinese,18.4633,73.893,Locality (matched)
122423,Indiranagar,Bangalore,New Life Kerala Mess,200,4.3,South Indian,12.9719,77.6412,Locality (matched)
122437,Teynampet,Chennai,The Bark,500,4.6,"Italian,Mexican,Continental",13.0418,80.254,Locality (matched)
122477,Old Malakpet,Hyderabad,Zam Zam Arabian Mandi,300,3.7,Arabian,17.3735,78.498,Locality (matched)
122713,Santacruz East,Mumbai,Chan Su Chinese,400,2.9,Chinese,19.0822,72.8416,Locality (matched)
122746,Dum Dum,Kolkata,A1 Haji Fast Food Centre,300,4.2,"Biryani,North Indian,Street Food",22.642,88.42,Locality (matched)
122773,Amroli,Surat,Raja Omelette 2,200,2.9,Fast Food,21.235,72.828,Locality (matched)
122863,Egmore,Chennai,Juice Forest,250,4.4,"Healthy Food,Juices,Beverages,Desserts",13.0732,80.2609,Locality (matched)
122909,Tala,Kolkata,Kaviar,200,4,"North Indian,Chinese",22.612,88.369,Locality (matched)
123348,Ashok Nagar,Bangalore,The Flying Squirrel,450,2.9,Cafe,12.9843,77.5936,Locality (matched)
123390,Sector 7 Rohini,Delhi,Bingers Biryani,200,2.9,"Biryani,Fast Food",28.718,77.122,Locality (matched)
123459,Sovabazar,Kolkata,Ganguram-Beadon Street,200,4.4,Sweets  Desserts,22.597,88.362,Locality (matched)
123889,Ashok Nagar,Bangalore,Frosty Crumble,450,4.9,"Desserts,Ice Cream,Beverages",12.9843,77.5936,Locality (matched)
123985,Srirampura,Bangalore,Hyderabad Biriyani House,500,4.2,"Biryani,Chinese,Hyderabadi,Andhra,Fast Food",12.9979,77.5735,Locality (matched)
124105,Dhankawadi,Pune,Cafe Pizza Bites,300,3.5,Fast Food,18.457,73.847,Locality (matched)
124165,Banjara Hills,Hyderabad,Starbucks Coffee,400,4.2,Beverages  Ice Cream,17.4156,78.4347,Locality (matched)
124178,Ashok Nagar,Bangalore,Starbucks Coffee,400,4.2,Beverages,12.9843,77.5936,Locality (matched)
125148,New Rander Road,Surat,Super Tandoor,400,3.6,"Fast Food,North Indian",21.205,72.79,Locality (matched)
125150,Begampura,Surat,Raj Fast Food,250,2.9,Indian,21.198,72.825,Locality (matched)
125298,Egmore,Chennai,Writer'S Cafe,400,4.4,"Continental,Italian",13.0732,80.2609,Locality (matched)
125535,Sayedpura,Surat,Super Seekh Paratha And Chinese,400,4.1,Fast Food,21.198,72.825,Locality (matched)
125546,Karve Nagar,Pune, Hotel Rangda,200,2.9,Indian,18.49,73.8163,Locality (matched)
126042,Vastrapur,Ahmedabad,Chaska Punjab Da,450,2.9,"North Indian,Chinese,Biryani,Continental,Punjabi,Italian,Fast Food,European,Mexican,Thai,Thalis,Indian",23.039,72.529,Locality (matched)
126405,Koregaon Park,Pune,Dhaba Shaba Veg Bistro,550,4.4,"North Indian,Biryani,Chinese,Combo,Thalis,Snacks,Desserts",18.5362,73.8938,Locality (matched)
126445,Palanpur Jakatnaka,Surat,Noman Amdawadi Tawafry,250,4.1,"Mughlai,North Indian,Indian,Chinese,Tandoor,Hyderabadi",21.183,72.783,Locality (matched)
126480,Andheri East,Mumbai,Marol Darbar,300,3.8,North Indian  Chinese  Mughlai  Fast Food  Desserts  Juices,19.1136,72.8697,Locality (matched)
126671,Rander,Surat,Lijjat Tawa Fry,350,4,"North Indian,Biryani,Mughlai",21.21,72.783,Locality (matched)
126943,Rohini,Delhi,Slurppy- The Shake Factory,400,2.9,"Fast Food,Italian,Beverages,Desserts,Continental,Pastas",28.7041,77.1025,Locality (matched)
127056,Topsia,Kolkata,Blue Star Restaurant,300,4.3,Mughlai,22.541,88.383,Locality (matched)
127143,Koregaon Park,Pune,Yonies Pizza,550,4.6,"Pizzas,Italian",18.5362,73.8938,Locality (matched)
127199,Royapettah,Chennai,Oh My Shawarma,200,4.4,Arabian,13.0569,80.265,Locality (matched)
127237,Andheri East,Mumbai,More'S Family Restaurant & Bar,500,4,North Indian  Chinese,19.1136,72.8697,Locality (matched)
127508,Danilimda,Ahmedabad,Sab Kabab,450,4.2,North Indian,22.993,72.61,Locality (matched)
127596,Chowk Bazar,Surat,Sabir Chicken,300,4.1,"Mughlai,North Indian,Punjabi,Barbecue,Combo",21.195,72.828,Locality (matched)
127657,Wanowrie,Pune,Vishal Restaurant,200,4.2,"North Indian,Indian,Punjabi,Tandoor,Chinese,Biryani,Kerala,Snacks,Beverages",18.4934,73.889,Locality (matched)
127798,Ballygunge,Kolkata,Julie'S Kitchen,250,2.9,Indian,22.528,88.366,Locality (matched)
128084,Banjara Hills,Hyderabad,Ubq By Barbeque Nation,300,3.7,"North Indian,Chinese,Biryani",17.4156,78.4347,Locality (matched)
128170,Bopodi,Pune,Mm Restaurant,200,4.2,"Indian,Chinese",18.567,73.828,Locality (matched)
128468,Elgin,Kolkata,Dariole,150,4.7,Desserts,22.538,88.352,Locality (matched)
128589,Sector 8 Rohini,Delhi,Shakes House By Vhc,150,2.9,"Beverages,Continental,Italian,Combo,Desserts,Snacks",28.713,77.126,Locality (matched)
128775,Saki Naka,Mumbai,Supreme Chinese,250,3.3,"Chinese,North Indian,Biryani,Thai",19.1073,72.8873,Locality (matched)
128802,Mahadev Nagar Tekra,Ahmedabad,Krishna Chinese Bhajipav & Punjabi,200,3.6,"South Indian,Chinese,Fast Food",23.0225,72.5714,City-level (approximate fallback)
128889,Saki Naka,Mumbai,Supreme Kitchen,350,3.4,"Indian,Chinese,Pizzas",19.1073,72.8873,Locality (matched)
128953,Old Washermanpet,Chennai,Star Biriyani And Fast Food,200,2.9,"North Indian,Biryani,Kebabs",13.114,80.282,Locality (matched)
129409,Saki Naka,Mumbai,Supreme Biryani,200,3,"Biryani,Chinese",19.1073,72.8873,Locality (matched)
129538,Domlur,Bangalore,Rang De Basanti Dhaba,300,4.2,"North Indian,Kebabs,Biryani,Snacks,Combo,Punjabi,Desserts,Tandoor,Indian",12.961,77.6387,Locality (matched)
129561,Banjara Hills,Hyderabad,Combo Stories By 10D Express,200,4.1,"Chinese,Indian,Thalis,North Indian,Pan-Asian,Oriental,Kebabs,Tandoor,Fast Food,Desserts,Asian,Combo,Grill,Hyderabadi,Lucknowi,Mughlai,Bowl Company, Keventers & more",17.4156,78.4347,Locality (matched)
129725,Purasaiwakkam,Chennai,Hotel Farook,450,4.3,"South Indian,Arabian",13.085,80.254,Locality (matched)
129922,Arumbakkam,Chennai,Go Grill,300,4.1,"North Indian,Grill,Biryani,Snacks",13.073,80.21,Locality (matched)
130055,Koregaon Park,Pune,The Cheesecake Pops,300,4.5,"Desserts,Bakery",18.5362,73.8938,Locality (matched)
130423,Gandhi Nagar,Chennai,Al Souk,400,4.3,"Juices,Grill,Arabian",13.008,80.257,Locality (matched)
130502,Nungambakkam,Chennai,Nolita,1200,4.1,"Italian,Beverages,Ice Cream,Pizzas,Snacks,Desserts,Pastas,Greek,Salads,Continental",13.0569,80.2425,Locality (matched)
130507,Perambur,Chennai,Lassi Nation,200,3.7,Beverages,13.1155,80.234,Locality (matched)
130631,Chandrayangutta,Hyderabad,Ruby Restaurant,250,3.6,Biryani  Indian  Hyderabadi  Fast Food  Haleem,17.33,78.479,Locality (matched)
131042,Koregaon Park,Pune,Grandmama'S Cafe,900,3.7,"American,Italian,Continental,Indian",18.5362,73.8938,Locality (matched)
131057,Andheri East,Mumbai,Al Hamdan Restaurant,400,3.6,North Indian  Mughlai  Biryani  Beverages  Afghani  Desserts,19.1136,72.8697,Locality (matched)
131059,Powai Area,Mumbai,Roots Of India,1000,4,"North Indian,Chinese,Biryani,Kebabs,Mughlai,Asian,Oriental",19.1176,72.906,Locality (matched)
131167,Anna Nagar,Chennai,Bib -  English Breakfast In The Box,300,4.4,Continental,13.085,80.2101,Locality (matched)
131176,Anna Nagar,Chennai,Omleterian,250,4.3,"Healthy Food,Snacks",13.085,80.2101,Locality (matched)
131247,Adajan,Surat,Mahesh Bhandari Chicken Center,200,3.7,North Indian,21.196,72.78,Locality (matched)
131321,Triplicane,Chennai,Hotel Rhiya,300,2.9,"South Indian,Indian,Fast Food,Biryani,Chinese",13.057,80.276,Locality (matched)
131394,Thousand Lights,Chennai,Blind Ch3Mistry,600,4.1,"Italian,Beverages,Asian",13.0569,80.254,Locality (matched)
131453,Shivaji Nagar,Bangalore,Metropole Restaurant,300,2.9,"South Indian,North Indian,Chinese,Fast Food",12.9855,77.6057,Locality (matched)
131637,Bibwewadi,Pune,Roll Bites,200,2.9,"Fast Food,Beverages",18.475,73.863,Locality (matched)
131758,Kodambakkam,Chennai,Sri Saikarthi Andhara Curries And Snacks,150,4,"Kerala,Chettinad,Andhra",13.05,80.2241,Locality (matched)
131862,Kalighat,Kolkata,Burnt Garlic,1100,2.9,"Continental,Chinese,Italian,American",22.519,88.342,Locality (matched)
131864,Koramangala,Bangalore,Kerala Food Club,250,4.2,"Kerala,Chinese,Biryani,Seafood,South Indian",12.9352,77.6245,Locality (matched)
131870,Kavadiguda,Hyderabad,4M Biryani House,250,4.1,"Biryani,North Indian,Chinese",17.406,78.497,Locality (matched)
131933,Maniktala Main Rd,Kolkata,Story Of Food,200,4.4,"Bengali,Snacks,Beverages,Combo,Thalis",22.587,88.376,Locality (matched)
132077,Habsiguda,Hyderabad,Amul Hav Mor @ Ice Crm Den,200,4.1,"Ice Cream,Desserts,Beverages",17.4055,78.546,Locality (matched)
132574,Kalina,Mumbai,Al-Kabeer Arabian Shawarma & Momos,200,4.2,"Tibetan,Lebanese,Fast Food,Tandoor",19.079,72.85,Locality (matched)
132818,Egmore,Chennai,Basheer Bai Briyani,200,4,"South Indian,Indian,Biryani",13.0732,80.2609,Locality (matched)
132820,Bibwewadi,Pune,Shawarma Spot,200,3.5,"Lebanese,Fast Food",18.475,73.863,Locality (matched)
133012,Dilsukhnagar,Hyderabad,Sahadeva Reddy'S Southern Spice,200,4.3,South Indian,17.3687,78.5247,Locality (matched)
133233,Erandwane,Pune,Sai Chinese,250,3.2,Chinese,18.5089,73.83,Locality (matched)
133301,Shivajinagar,Pune,Surve'S Pure Non-Veg,550,4,Maharashtrian,18.5308,73.8478,Locality (matched)
133408,Sion Bhakti Park,Mumbai,Venus Pure Veg,300,4.3,Indian,19.043,72.868,Locality (matched)
133409,Dharavi,Mumbai,Sudarshan Lunch Home,350,2.9,"Indian,Tandoor ,indian",19.038,72.8538,Locality (matched)
133417,Ghatkopar,Mumbai,Malvani Chaska,300,4.2,North Indian  Seafood,19.0857,72.9083,Locality (matched)
133492,Baranagar,Kolkata,A1 Haji Fast Food,300,3.9,"Mughlai,Indian,Chinese",22.642,88.372,Locality (matched)
133550,Narayan Peth,Pune,New Apurwai Non Veg,350,2.9,Indian,18.514,73.853,Locality (matched)
133777,Chennai,Chennai,Madurai Sri Thevar Hotel,300,3.8,South Indian,13.0827,80.2707,Locality (matched)
133781,George Town,Chennai,Srb Hyderabad Biryani,300,2.9,"Fast Food,Biryani,Chinese,Grill,Arabian",13.094,80.287,Locality (matched)
133886,Bowbazar,Kolkata,Star Zoya Biryani,200,3.8,Biryani,22.567,88.36,Locality (matched)
133893,Ashok Nagar,Chennai,Bbq Bro'S,350,4,"Barbecue,Snacks,Beverages,Lebanese,Fast Food",13.035,80.21,Locality (matched)
134395,Sivanchetti Gardens,Bangalore,Mrs Hotel,200,2.9,North Indian,12.9605,77.601,Locality (matched)
134404,Royapettah,Chennai,Aks Kabab,300,4.1,"South Indian,Indian,Fast Food,Street Food,Kebabs,Mughlai",13.0569,80.265,Locality (matched)
134552,Athwa,Surat,Amdavadi Tawa Fry,300,4.4,Fast Food,21.178,72.793,Locality (matched)
134559,Piplod,Surat,Shawarma Shop-Amdavadi Tawa Fry,300,4.4,Snacks,21.166,72.777,Locality (matched)
135333,Kestopur,Kolkata,Bangaliyna,200,3.7,"North Indian,Chinese,Biryani,Bengali",22.602,88.426,Locality (matched)
135489,Nungambakkam,Chennai,Crisp Cafe,400,4.6,"North Indian,Italian,Beverages,Juices,Ice Cream,Pizzas,Desserts,Pastas,Cafe",13.0569,80.2425,Locality (matched)
135887,Dhankawadi,Pune,New Arabian Grills,500,4,"Arabian,Biryani,Indian",18.457,73.847,Locality (matched)
135902,Taltala,Kolkata,The Cooking Co.,600,2.9,"Thai,Chinese",22.562,88.358,Locality (matched)
135975,Sector 9 Rohini,Delhi,Wat-A-Burger! - India Ka Burger,200,4,"Fast Food,American,Indian,Snacks,Desserts,Beverages",28.715,77.121,Locality (matched)
136111,Indiranagar,Bangalore,Bob'S Bar,300,4.3,"South Indian,North Indian,Fast Food,Desserts",12.9719,77.6412,Locality (matched)
136394,Baranagar,Kolkata,24 Grains,500,4.2,"Indian,Chinese,Biryani,Tandoor,North Indian,Kebabs,Middle Eastern",22.642,88.372,Locality (matched)
136461,Darulshifa,Hyderabad,Pista House,200,4.1,Bakery  Pizzas  Haleem,17.365,78.474,Locality (matched)
136524,Old Malakpet,Hyderabad,Lassi Shop - Malakpet,100,3.5,Ice Cream,17.3735,78.498,Locality (matched)
136701,Rohini,Delhi,Binger'S Tandoori Momos,250,2.9,Chinese,28.7041,77.1025,Locality (matched)
136793,Pitam Pura,Delhi,Second Wife,300,2.9,"Fast Food,Italian",28.6942,77.131,Locality (matched)
136796,Pitam Pura,Delhi,Grand Peshawari,400,2.9,"North Indian,Mughlai",28.6942,77.131,Locality (matched)
136798,Pitam Pura,Delhi,Bad Food,200,2.9,"Italian,American,Beverages",28.6942,77.131,Locality (matched)
136902,Banjara Hills,Hyderabad,Seasons Xprs,200,4.1,"Lebanese,Arabian",17.4156,78.4347,Locality (matched)
137284,Yakutpura,Hyderabad,Lazzat Restaurant,400,4,"Biryani,North Indian,Chinese,Fast Food,Haleem",17.363,78.47,Locality (matched)
137675,Koregaon Park,Pune,Huber & Holly,500,4.6,"Desserts,Ice Cream,Snacks,Pizzas,Pastas",18.5362,73.8938,Locality (matched)
138618,Andheri East,Mumbai,Sahara Family Restaurant,400,4,North Indian  Chinese  Biryani  Desserts,19.1136,72.8697,Locality (matched)
138770,Begampura,Surat,Ahmedi Hotel,200,4,"Mughlai,Desserts",21.198,72.825,Locality (matched)
138863,Begampura,Surat,Mp Partha And Omlette,200,4.1,North Indian,21.198,72.825,Locality (matched)
138866,Begampura,Surat,Huseni Restaurant,200,2.9,Indian,21.198,72.825,Locality (matched)
139114,Shivaji Nagar,Bangalore,Main Lassi Shop,250,3.8,"Beverages,Juices,Ice Cream,Pizzas,Desserts",12.9855,77.6057,Locality (matched)
139168,Vadapalani,Chennai,Vivikta Chapati Shop,150,2.9,South Indian,13.0503,80.2121,Locality (matched)
140101,Saki Naka,Mumbai,Jamie'S Pizzeria By Jamie Oliver,800,3.9,"Pizzas,Italian,European,Salads",19.1073,72.8873,Locality (matched)
140151,Adajan,Surat,Hot Sauce Chinese,250,2.9,Chinese,21.196,72.78,Locality (matched)
140309,Saijpur Bogha,Ahmedabad,Lajawab Dry & Fry,250,3.8,"North Indian,Biryani,Mughlai,Combo",23.08,72.628,Locality (matched)
140381,Bhimrad,Surat,Midnight Chicken Center,300,4.1,"North Indian,Mughlai,Chinese",21.165,72.79,Locality (matched)
140409,Piplod,Surat,Dinesh Health Kitchen,300,3.8,"Healthy Food,Fast Food",21.166,72.777,Locality (matched)
140454,Saki Naka,Mumbai,Hunger Point,400,2.7,Fast Food,19.1073,72.8873,Locality (matched)
140465,Express Avenue Mall,Chennai,Jonah'S Bistro,600,4.5,"Italian,Continental,Pastas",13.059,80.264,Locality (matched)
140498,Shyam Bazar,Kolkata,North Pole,200,2.9,Fast Food  Beverages,22.599,88.372,Locality (matched)
140524,Raja Annamalai Puram,Chennai,Radio Room,1200,4.2,Indian,13.03,80.262,Locality (matched)
141274,Rohini,Delhi,Tasty Tasty Home Made Food,200,2.9,North Indian,28.7041,77.1025,Locality (matched)
141364,Thousand Lights,Chennai,Starbucks Coffee,400,4.4,"Beverages,Ice Cream",13.0569,80.254,Locality (matched)
141433,Shenoy Nagar,Chennai,The Fat Boy,400,4.4,"Italian,Beverages,Juices,Pizzas",13.08,80.228,Locality (matched)
141648,Rohini,Delhi,Tandoori Momos Wala,200,2.9,Chinese,28.7041,77.1025,Locality (matched)
141698,Ayanavaram,Chennai,Arabian Grills,150,3.6,"Chinese,Arabian",13.105,80.232,Locality (matched)
141938,Rohini,Delhi,Khana Khazana Food Van,300,3.4,Chinese,28.7041,77.1025,Locality (matched)
142037,Rohini,Delhi,Pizza Paradise By Vhc,150,4.8,"Pizzas,Beverages,Italian,Continental,Biryani,Desserts,Combo",28.7041,77.1025,Locality (matched)
142149,Yerawada,Pune,Hotel Sindhusagar,300,4.4,North Indian,18.558,73.883,Locality (matched)
142565,Choolaimedu,Chennai,Juice Park,100,4.4,Juices,13.064,80.228,Locality (matched)
142642,Wanwadi,Pune,Swad Punjab Da,350,4.1,"North Indian,Chinese",18.495,73.878,Locality (matched)
142670,Hyderabad,Hyderabad,Shah Ghouse Cafe & Restaurant,350,4.1,"Biryani,Chinese,Tandoor,Mughlai,North Indian",17.385,78.4867,Locality (matched)
142703,Bidhannagar,Kolkata,Saanvi'S Kitchen,350,3.9,South Indian  Chinese  Fast Food  Continental  North Indian  Biryani  Mughlai  Snacks,22.585,88.418,Locality (matched)
142880,Moti Nagar,Delhi,Budget Bite,300,2.9,"Chinese,Snacks,Fast Food",28.656,77.145,Locality (matched)
142955,East Kolkata Township,Kolkata,Millie'S,300,4.5,Bakery  Desserts,22.535,88.415,Locality (matched)
143064,Annanagar East,Chennai,Silver Spoon,500,4.3,"North Indian,South Indian,Indian,Grill,Arabian,Kebabs,Tandoor",13.087,80.22,Locality (matched)
143361,Dhankawadi,Pune,Hotel Chandralok,200,2.9,"Chinese,Snacks",18.457,73.847,Locality (matched)
143664,Banjara Hills,Hyderabad,Ocean'S Basket,1500,3.8,Seafood,17.4156,78.4347,Locality (matched)
143934,Sudhama Nagar,Bangalore,Hotel Revoli Inn,400,4,"Indian,Chinese,Tandoor,South Indian",12.9611,77.599,Locality (matched)
144132,Shahpur,Ahmedabad,Lajawab Restaurant,500,3.4,"Mughlai,Indian",23.033,72.581,Locality (matched)
144659,Agarkar Nagar,Pune,Sagar,550,4.6,"North Indian,South Indian,Chinese",18.533,73.879,Locality (matched)
144692,Annanagar East,Chennai,Desi Street,200,4.2,"North Indian,Indian,Grill,Street Food,Kebabs,Tandoor,Chaat,Biryani",13.087,80.22,Locality (matched)
144698,Arumbakkam,Chennai,Halal Kattu Biryani,250,4.1,"Indian,Biryani,Chinese",13.073,80.21,Locality (matched)
144828,Thousand Lights,Chennai,Taco Bell,300,4.3,Mexican,13.0569,80.254,Locality (matched)
145240,Pathar Gatti,Hyderabad,Al Akbar Fast Food,200,4.2,"Chinese,North Indian",17.36,78.472,Locality (matched)
145688,Shenoy Nagar,Chennai,Indian Biriyani House,300,4,"Indian,Biryani,Chinese",13.08,80.228,Locality (matched)
146037,Chembur,Mumbai,Bistro89,400,2.9,"Indian,Italian,Chinese",19.0522,72.9006,Locality (matched)
146059,Choolai,Chennai,Best Fast Food,250,3.9,Chinese,13.093,80.268,Locality (matched)
146069,Mohammed Wadi,Pune,Largo Pizzeria,600,3.6,"Pizzas,Beverages",18.46,73.92,Locality (matched)
146304,Victoria Layout,Bangalore,Hyderabad Biryaani House,499,4.3,Indian,12.9829,77.613,Locality (matched)
146526,Sector 6 Rohini,Delhi,Veerji Malai Chaap Wale (Rohini),400,3.8,"North Indian,Snacks",28.71,77.118,Locality (matched)
146609,Hatibagan,Kolkata,Monginis - Girish Park,150,4.1,Desserts,22.594,88.367,Locality (matched)
146866,Entally,Kolkata,Chokherkhida,150,4.3,"Fast Food,Chinese",22.562,88.372,Locality (matched)
146954,Dum Dum,Kolkata,Khawabo Jatane,200,4.2,Thalis,22.642,88.42,Locality (matched)
147082,Teynampet,Chennai,Hotel Ananda,300,4.5,"North Indian,South Indian,Beverages",13.0418,80.254,Locality (matched)
147225,Adajan,Surat,Pizza Village,300,4,"Pizzas,Pastas,Chinese,Italian,American,Fast Food,Indian,Desserts",21.196,72.78,Locality (matched)
147485,Purasaiwakkam,Chennai,Kaapi House,250,2.9,Beverages,13.085,80.254,Locality (matched)
147545,Bibwewadi,Pune,Nimantran Restaurant & Bar,1000,4.5,"North Indian,Chinese,Seafood,Fast Food",18.475,73.863,Locality (matched)
147639,Ellisbridge,Ahmedabad,429 Restaurant,300,3.9,"North Indian,Chinese,Mughlai",23.023,72.568,Locality (matched)
147722,Sangvi,Pune,Nimrah Biryani,250,2.9,"North Indian,Biryani,Chinese",18.582,73.829,Locality (matched)
147986,Sector 8 Rohini,Delhi,Royal Burger By Vhc,150,2.9,"Beverages,Snacks,Combo,Chinese,Continental,Italian,Pastas",28.713,77.126,Locality (matched)
148131,Haripura,Surat,Bhavin Omlet Centre,200,3.9,Fast Food,21.192,72.833,Locality (matched)
148175,Deccan Gymkhana,Pune,Cafe Kathaa,550,2.9,"Continental,Healthy Food,Beverages",18.5162,73.8397,Locality (matched)
148279,George Town,Chennai,Kanishka Kulfi,150,3.8,Ice Cream,13.094,80.287,Locality (matched)
148455,Jodhpur Park,Kolkata,Chinise Mini Hut,300,4.4,Chinese,22.503,88.362,Locality (matched)
148916,Bidhannagar,Kolkata,Abcos Food Plaza,1200,4.3,"Bengali,Continental,North Indian,Chinese",22.585,88.418,Locality (matched)
149749,Lake Town,Kolkata,Swad Bodol,300,3.9,"North Indian,Chinese",22.605,88.395,Locality (matched)
150132,Ballygunge,Kolkata,Faasos - Wraps & Rolls,200,4.3,Combo  Snacks  Beverages  Desserts  Indian,22.528,88.366,Locality (matched)
150384,Andheri East,Mumbai,Shawarma Street,200,4.2,Fast Food,19.1136,72.8697,Locality (matched)
150456,Gaddiannaram,Hyderabad,Bahar Biryani Cafe,350,4,"Biryani,North Indian,Chinese",17.362,78.517,Locality (matched)
150470,Wanowrie,Pune,New Vishal Restaurant,300,3.9,North Indian,18.4934,73.889,Locality (matched)
150582,Kuber Nagar,Ahmedabad,New Krishna Bakery,200,2.9,Bakery,23.073,72.618,Locality (matched)
150802,Sector 13 Rohini,Delhi,Prashant Momos & Special Chinese Foods (Pure Veg),200,3.9,Chinese,28.728,77.12,Locality (matched)
151036,Koramangala,Bangalore,Punjabi Unplugged,300,3.9,"North Indian,Chinese,Indian,Mughlai",12.9352,77.6245,Locality (matched)
151079,New Magdalla,Surat,Zhingalala,900,4.1,"Seafood,Healthy Food,North Indian,Chinese",21.158,72.765,Locality (matched)
151172,Powai,Mumbai,Tangra House - Food Of Kolkata,300,2.9,"Bengali,Chinese,Mughlai,Snacks",19.1176,72.906,Locality (matched)
151192,Pitam Pura,Delhi,Deem Seem,20,2.9,North Indian,28.6942,77.131,Locality (matched)
151578,Aundh,Pune,Burger Craft,1000,4.5,"Fast Food,American,Beverages,Desserts",18.559,73.808,Locality (matched)
151703,Saki Naka,Mumbai,Sk Spice,300,3.1,"North Indian,Chinese",19.1073,72.8873,Locality (matched)
151712,Saki Naka,Mumbai,Supreme Bbq Kitchen,350,3,"North Indian,Chinese,Biryani",19.1073,72.8873,Locality (matched)
152271,Himayatnagar,Hyderabad,Asian Pizzeria,300,3,"Fast Food,Pizzas,Continental,Beverages,Desserts",17.4008,78.4813,Locality (matched)
152458,Shalimar Bagh,Delhi,Curry Company,600,2.9,"Mughlai,Chinese",28.71,77.158,Locality (matched)
152984,Kothrud,Pune,Oye Kiddan,200,4.1,"Punjabi,North Indian,Desserts,Thalis,Combo",18.5074,73.8077,Locality (matched)
153036,Sagrampura,Surat,Mukesh Egg Center,300,2.9,Fast Food,21.195,72.818,Locality (matched)
153039,Surat,Surat,Tawakal Biryani Center,300,3.8,Fast Food,21.1702,72.8311,Locality (matched)
153046,Himayatnagar,Hyderabad,Huber & Holly,500,4.2,"Pizzas,Beverages,Desserts,Ice Cream,Italian,Pastas",17.4008,78.4813,Locality (matched)
153074,Malleshwaram,Bangalore,A-1 Biriyani Combo 75,260,3.5,"Biryani,South Indian",13.0035,77.5647,Locality (matched)
153244,Chembur,Mumbai,Famous Paratha Fast Food,300,2.9,Indian,19.0522,72.9006,Locality (matched)
153330,Kondhwa,Pune,Biryani Bowl,400,3.1,"Biryani,North Indian",18.4633,73.893,Locality (matched)
153348,Mumbai,Mumbai,Nawab Seekh Corner,550,4.4,North Indian,19.076,72.8777,Locality (matched)
154343,Basavanagudi,Bangalore,Sandwich Guru,99,4.3,"Snacks,Beverages",12.9422,77.576,Locality (matched)
154484,Teynampet,Chennai,Juice Cafe,300,4.1,"Juices,Pizzas,American,Biryani,Chinese,Snacks,Desserts,Beverages",13.0418,80.254,Locality (matched)
154694,Shivajinagar,Pune,Hotel Subhadraa,500,4.5,North Indian,18.5308,73.8478,Locality (matched)
154826,Adajan,Surat,Swaad-E-Darbar,200,2.9,Fast Food,21.196,72.78,Locality (matched)
155090,Sector 1 Rohini,Delhi,Guruh Cakes (100% Veg),150,3.7,"Bakery,Desserts,Fast Food,Chinese,Snacks",28.716,77.095,Locality (matched)
155434,Shaniwar Peth,Pune,The Good Bowl,400,4.4,"North Indian,Punjabi,Biryani,Combo,Chinese,Beverages,Desserts,Jain,Indian,Hyderabadi,Mughlai",18.517,73.85,Locality (matched)
155638,Khar West,Mumbai,Just Frys,200,2.9,Fast Food,19.0696,72.8355,Locality (matched)
155642,Khar West,Mumbai,The Punjabi Co.,250,3.6,North Indian  Punjabi  Street Food  Mughlai  Biryani  Tandoor  Arabian,19.0696,72.8355,Locality (matched)
155656,Khar West,Mumbai,Punjabi Meal Box,350,3.9,North Indian  Punjabi  Street Food  Mughlai  Biryani  Tandoor  Arabian,19.0696,72.8355,Locality (matched)
156117,Tagore Garden Extension,Delhi,Dashmesh Tiffin Service,300,2.9,"North Indian,Beverages",28.642,77.093,Locality (matched)
156134,Santacruz East,Mumbai,The Good Bowl,400,4.2,"North Indian,Punjabi,Biryani,Combo,Chinese,Beverages,Desserts,Jain,Indian,Hyderabadi,Mughlai",19.0822,72.8416,Locality (matched)
156457,Ellisbridge,Ahmedabad,The Good Bowl,400,4.1,"North Indian,Punjabi,Biryani,Combo,Chinese,Beverages,Desserts,Jain,Indian,Hyderabadi,Mughlai",23.023,72.568,Locality (matched)
156690,Taltala,Kolkata,Rayyan Biryani,200,3.2,"Biryani,Mughlai",22.562,88.358,Locality (matched)
156822,Paschim Vihar,Delhi,Sandoz Paschim Vihar,300,4.1,"North Indian,Chinese",28.6692,77.1013,Locality (matched)
157267,Sector 9 Rohini,Delhi,Am2Pm Fitness Cafe,200,3.7,"Beverages,Thalis,Indian",28.715,77.121,Locality (matched)
157772,Rohini,Delhi,The Good Bowl,400,4.2,"North Indian,Punjabi,Biryani,Combo,Chinese,Beverages,Desserts,Jain,Indian,Hyderabadi,Mughlai",28.7041,77.1025,Locality (matched)
157809,Satellite,Ahmedabad,Sheeba Delicious,500,4.3,"North Indian,Chinese,Punjabi",23.027,72.507,Locality (matched)
157841,Beleghata,Kolkata,Fryman,350,4.2,"Chinese,South Indian,Combo",22.562,88.39,Locality (matched)
157995,Anna Nagar,Chennai,Ramaas The Hyderabadi,600,4.2,"Hyderabadi,Indian,Tandoor",13.085,80.2101,Locality (matched)
158172,Bandra Area,Mumbai,Butterfly High,300,4.5,"Indian,South Indian,Chinese,Continental,Desserts",19.0596,72.8295,Locality (matched)
158481,Kestopur,Kolkata,Bowl Mein,200,4.1,"Biryani,Indian,Chinese,Bowl Company, Keventers & more",22.602,88.426,Locality (matched)
158630,Isanpur,Ahmedabad,Urban Turban,300,3.9,North Indian,22.97,72.61,Locality (matched)
158993,Piplod,Surat,Masala Street,300,4,"North Indian,Biryani,Desserts",21.166,72.777,Locality (matched)
159235,Gandhi Nagar,Bangalore,Fishland,500,4.4,"Seafood,North Indian,Chinese",12.9784,77.5773,Locality (matched)
159255,New Mallepally,Hyderabad,Turkish Central,200,3.5,"Turkish,Arabian",17.396,78.468,Locality (matched)
159357,Chembur,Mumbai,Shree Prasad,300,4.4,"North Indian,Chinese,Mughlai",19.0522,72.9006,Locality (matched)
159686,Kondhwa,Pune,Hotel Al Madeena,300,3.3,North Indian,18.4633,73.893,Locality (matched)
159913,Kilpauk,Chennai,Chai Kings,150,4.5,"Beverages,Snacks",13.085,80.241,Locality (matched)
160082,Ayanavaram,Chennai,Ginger Garlic,250,4.2,"Chinese,Arabian,Tandoor",13.105,80.232,Locality (matched)
160090,Egmore,Chennai,Ambaram Fast Food,200,3.8,"South Indian,Fast Food",13.0732,80.2609,Locality (matched)
160267,Chembur,Mumbai,Desiknockout,300,2.9,North Indian  Biryani,19.0522,72.9006,Locality (matched)
160297,Vyasarpadi,Chennai,Rihana Burma Foods,150,4.3,Burmese,13.116,80.247,Locality (matched)
160393,Ganga Dham,Pune,Om Pure Veg,300,2.9,"North Indian,Snacks",18.465,73.86,Locality (matched)
160590,Swargate,Pune,Malhar Assal Kolhapuri,450,2.9,"Maharashtrian,North Indian",18.5008,73.8586,Locality (matched)
160718,Warje,Pune,Pranav Chinese,200,2.9,"Chinese,Fast Food",18.478,73.806,Locality (matched)
160865,Ambavadi,Ahmedabad,Mk Sandwich,200,4.4,"Chinese,American,Beverages",23.027,72.549,Locality (matched)
160937,Kasba,Kolkata,Albela Biriyani,200,4.2,Mughlai,22.514,88.38,Locality (matched)
161230,Paschim Vihar,Delhi,The Roll Point,300,2.9,Fast Food,28.6692,77.1013,Locality (matched)
161627,Cossipore,Kolkata,Ziqra Restaurant,300,3.8,Mughlai,22.618,88.372,Locality (matched)
161676,Kurla West,Mumbai,Food King Restaurant,300,3.6,South Indian,19.07,72.879,Locality (matched)
161707,Kurla,Mumbai,Fantasy Cake Shop,400,2.9,Cafe,19.0728,72.8826,Locality (matched)
161933,Ballygunge,Kolkata,The Canteen By Asia House,800,4.3,Asian,22.528,88.366,Locality (matched)
162000,Bandra East,Mumbai,Hotel Triveni,400,2.9,North Indian  Fast Food  Chinese  Tandoor,19.0596,72.841,Locality (matched)
162040,Kurla West,Mumbai,Cafe Sunlight,400,3.9,"Indian,Chinese",19.07,72.879,Locality (matched)
162181,Kondhwa,Pune,Dawat Restaurant,300,3,"North Indian,Chinese",18.4633,73.893,Locality (matched)
162320,Bibwewadi,Pune,Jagdamba Veg - Nonveg,250,4.2,"Maharashtrian,Seafood,North Indian,Fast Food,Punjabi",18.475,73.863,Locality (matched)
162326,Koregaon Park,Pune,Super Burgers,450,3.8,Fast Food,18.5362,73.8938,Locality (matched)
162327,Koregaon Park,Pune,Wow - World Of Wings,300,2.9,Barbecue,18.5362,73.8938,Locality (matched)
162494,Sinthee,Kolkata,Box It Up,200,3.9,"Indian,Bengali,Chinese,Combo,Oriental,Continental,Pizzas,Snacks,Beverages,North Indian,Healthy Food",22.622,88.383,Locality (matched)
162879,Wanwadi,Pune,Noble Bake House,200,4.4,Bakery,18.495,73.878,Locality (matched)
163208,Kondhwa,Pune,Gulbarga Tahari And Biryani,250,4.3,Biryani,18.4633,73.893,Locality (matched)
163212,Rohini,Delhi,The Hungry Pit,250,3.6,"Italian,Continental,Beverages,Fast Food,Combo",28.7041,77.1025,Locality (matched)
163375,Aundh,Pune,Paper Lantern,400,4.3,Asian,18.559,73.808,Locality (matched)
163382,Tad Bun,Hyderabad,New Deccan Bakers And Sweet Shop,100,3.7,"Sweets,North Indian,Bakery",17.385,78.4867,City-level (approximate fallback)
163739,Kodambakkam,Chennai,Mannah Sweets,300,4.6,"Sweets,Snacks,Bakery,Indian",13.05,80.2241,Locality (matched)
163740,Koramangala,Bangalore,Darjeeling Hot Momos,250,4.2,Chinese,12.9352,77.6245,Locality (matched)
163869,Powai,Mumbai,Boston Breadz,400,3.9,"American,Fast Food,Snacks",19.1176,72.906,Locality (matched)
163881,Kurla,Mumbai,The Netrik'S Joint,200,3.1,"Fast Food,Biryani,American,Lebanese,Beverages,Chinese",19.0728,72.8826,Locality (matched)
163888,Karve Nagar,Pune,A1 Chinese,400,3.6,"Chinese,North Indian",18.49,73.8163,Locality (matched)
164182,Kavadiguda,Hyderabad,Azaan Bait Al Mandi,350,3.9,Biryani,17.406,78.497,Locality (matched)
164203,Begampura,Surat,Saladish - Salads & More,200,4.5,"Salads,Fast Food",21.198,72.825,Locality (matched)
164250,Park Circus,Kolkata,Universal Cafe,250,2.9,Fast Food,22.545,88.37,Locality (matched)
164289,Shivaji Nagar,Hyderabad,Eagles Pizza,150,4,Pizzas,17.446,78.498,Locality (matched)
164383,Paikpara,Kolkata,Lalla Biryani Corner,200,4,Biryani,22.61,88.368,Locality (matched)
164440,Kalighat,Kolkata,Biryani Corner,300,4.1,"Biryani,Indian,Chinese,Tandoor",22.519,88.342,Locality (matched)
164446,Baranagar,Kolkata,Tandoor Box,300,4.3,"Tandoor,Kebabs,Combo,Mughlai,North Indian,Thalis",22.642,88.372,Locality (matched)
164455,New Alipore,Kolkata,Shahi Kitchen,300,3.5,"North Indian,Biryani",22.51,88.332,Locality (matched)
164668,Alwarpet,Chennai,Gogo Thai,200,2.9,Fast Food,13.0339,80.254,Locality (matched)
164766,Bandra Area,Mumbai,Cincin,900,4.4,"Pizzas,Italian",19.0596,72.8295,Locality (matched)
164784,Chembur,Mumbai,Momo Bao Dimsum By Golden Wok,400,2.9,"Chinese,Seafood",19.0522,72.9006,Locality (matched)
164984,Kondhwa,Pune,Cafe Bun Maska,250,4,"Snacks,Beverages,Chinese",18.4633,73.893,Locality (matched)
164991,Uppal,Hyderabad,Maggi Bowl,200,2.7,Fast Food,17.4062,78.559,Locality (matched)
165130,Kondhwa,Pune,Frieswalla,200,4,Fast Food,18.4633,73.893,Locality (matched)
165276,Kasba,Kolkata,Arman Biriyani,250,4.1,Biryani,22.514,88.38,Locality (matched)
165286,Baranagar,Kolkata,Dhaka Biryani House,500,4.1,"Biryani,Indian,Mughlai,Chinese",22.642,88.372,Locality (matched)
165375,Paikpara,Kolkata,Shyamali'S Fast Food Centre,200,4.5,"Indian,Chinese",22.61,88.368,Locality (matched)
165658,Kodambakkam,Chennai,Sai Datta Andhra Mess,200,3.8,"South Indian,Fast Food,Chinese",13.05,80.2241,Locality (matched)
165917,Langford Gardens,Bangalore,Shyvan Fast Food,200,4.7,"North Indian,Chinese",12.955,77.6023,Locality (matched)
166189,Varachha,Surat,Makkah Hotel,400,2.9,North Indian,21.214,72.842,Locality (matched)
166390,Shivajinagar,Pune,Burger 69 & More,350,4.1,Fast Food,18.5308,73.8478,Locality (matched)
166728,Nampally,Hyderabad,Balaji Mithai Bhandar,300,4.2,Sweets,17.39,78.468,Locality (matched)
166775,Entally,Kolkata,Be Kebabii,250,2.9,"Kebabs,Combo,Biryani,Mughlai,North Indian,Chinese",22.562,88.372,Locality (matched)
167068,Erandwane,Pune,Chow Chow Chinese,200,3.9,Chinese,18.5089,73.83,Locality (matched)
167252,Sovabazar,Kolkata,Blossoms,250,2.9,"Chinese,Indian",22.597,88.362,Locality (matched)
167437,Ashok Nagar,Bangalore,Zoroy Luxury Chocolates,250,2.9,Desserts,12.9843,77.5936,Locality (matched)
167489,Golpark,Kolkata,Puchkaman,150,3.5,Fast Food,22.517,88.363,Locality (matched)
167503,Dhankawadi,Pune,Bowls Of China (B.O.C),200,3.9,"Chinese,Beverages,Combo,Street Food,Pan-Asian,Tibetan,North Indian,Biryani,Punjabi",18.457,73.847,Locality (matched)
167544,Kalighat,Kolkata,My Hangout,500,2.9,"Chinese,Continental,Italian,Seafood",22.519,88.342,Locality (matched)
167556,Triplicane,Chennai,Sealord Restaurant,450,4,"South Indian,Fast Food,Biryani,Chinese",13.057,80.276,Locality (matched)
167614,Thousand Lights,Chennai,Hotel Sennthur,300,4.4,"North Indian,South Indian",13.0569,80.254,Locality (matched)
167670,Ashok Nagar,Bangalore,Easy Bites By Hotel Empire,200,2.9,"Snacks,American",12.9843,77.5936,Locality (matched)
167945,Kurla,Mumbai,Jhakas Family Restaurant,300,2.9,"Indian,Chinese",19.0728,72.8826,Locality (matched)
167970,Old Washermanpet,Chennai,Biriyani Brothers,250,4.3,"Indian,Biryani",13.114,80.282,Locality (matched)
168043,Sector 7 Rohini,Delhi,Burger Singh (Big Punjabi Burgers),250,4,"Snacks,Fast Food,Indian,American,Beverages,Desserts,Mughlai,North Indian,Biryani,Tibetan,Chinese,Continental",28.718,77.122,Locality (matched)
168348,Hedua,Kolkata,Ronit Dhaba,150,3.1,"Indian,Mughlai",22.592,88.363,Locality (matched)
168353,Guttahalli,Bangalore,London Dairy,250,2.9,Ice Cream,13.0037,77.5776,Locality (matched)
168361,Dumdum,Kolkata,Chacha'S Kitchen,200,4.3,"Fast Food,Biryani,Chinese,Combo,Snacks",22.642,88.42,Locality (matched)
168509,Sector 51,Delhi,Shakes And Chinese,250,2.9,"Indian,Chinese",28.6139,77.209,City-level (approximate fallback)
168602,Alwarpet,Chennai,Gongura,350,3.1,"Biryani,Andhra",13.0339,80.254,Locality (matched)
168668,Alwarpet,Chennai,Dal Rotti,300,4.1,North Indian,13.0339,80.254,Locality (matched)
168713,Annanagar East,Chennai,Pulusu ( Anna Nagar ),300,4.1,"Andhra,Biryani,Chettinad,South Indian,Desserts,Beverages",13.087,80.22,Locality (matched)
169086,Ayanavaram,Chennai,Oliver Garden Cater,100,2.9,Fast Food,13.105,80.232,Locality (matched)
169450,Chembur,Mumbai,Loving Paratha And Roll,200,2.9,"Indian,Fast Food",19.0522,72.9006,Locality (matched)
169611,Himayatnagar,Hyderabad,Trupthi Deluxe Mess,200,3.5,South Indian,17.4008,78.4813,Locality (matched)
169803,Annanagar,Chennai,Milda Naturals,250,2.9,Ice Cream,13.085,80.2101,Locality (matched)
170132,Rohini,Delhi,Biryani Kingdom,250,2.9,Chinese,28.7041,77.1025,Locality (matched)
170463,Pitam Pura,Delhi,Bikaner Sweet Corner,300,4.4,"North Indian,Desserts,Sweets",28.6942,77.131,Locality (matched)
170528,Sampangiram Nagar,Bangalore,The Betel Leaf Co.,100,4.5,"Paan,Desserts",12.9707,77.5947,Locality (matched)
170538,Indiranagar,Bangalore,Side Dish,200,4,"Tandoor,North Indian,Chinese,Snacks,Beverages,Desserts",12.9719,77.6412,Locality (matched)
170539,Indiranagar,Bangalore,Donne Biryani Adda,200,3.8,"Biryani,South Indian,Desserts,Beverages",12.9719,77.6412,Locality (matched)
170592,Rohini,Delhi,Cheers Resto Bar,300,2.9,North Indian,28.7041,77.1025,Locality (matched)
170708,Parvat Patiya,Surat,Om Sairam Fastfood,100,2.9,Fast Food,21.185,72.857,Locality (matched)
170891,Begampur,Delhi,Cake 24 7,600,2.9,Bakery,28.535,77.198,Locality (matched)
171093,Saki Naka,Mumbai,Wow! China,400,4,"Tibetan,Fast Food,Chinese,Asian,Snacks,Continental,Desserts,Beverages",19.1073,72.8873,Locality (matched)
171102,Lnt Mall Musarambagh,Hyderabad,Kfc,400,4,"American,Fast Food,Snacks",17.354,78.492,Locality (matched)
171298,Perambur,Chennai,Am Biryani,400,3.6,Biryani,13.1155,80.234,Locality (matched)
171682,Salt Lake,Kolkata,Mast Kalandar Dhaba,350,4,"Indian,Tandoor,Chinese",22.585,88.418,Locality (matched)
171799,Rohini,Delhi,Lazeez Biryani,200,2.9,Indian,28.7041,77.1025,Locality (matched)
172334,Dum Dum,Kolkata,Lucknow Biryani House,200,3.6,Indian,22.642,88.42,Locality (matched)
172448,J.C.Nagar,Bangalore,Shawarma Time,150,4.3,Arabian,13.0067,77.5804,Locality (matched)
172464,Thousand Lights,Chennai,Stix  By Hyatt Regency Chennai,1200,3.8,"Chinese,Continental,Italian,North Indian",13.0569,80.254,Locality (matched)
172471,Jayanagar,Bangalore,Pure & Sure Organic Cafe,350,2.9,"Italian-American,Continental,Juices,Beverages",12.925,77.5938,Locality (matched)
172606,Aminjikarai,Chennai,Bharani Bhavan,300,4.3,South Indian,13.073,80.226,Locality (matched)
172624,Khokhra,Ahmedabad,Shree Bhairavnath Punjabi Bhojnalay,200,2.9,Punjabi,23.018,72.612,Locality (matched)
172891,Adajan,Surat,Bhagvati Dry Fruit Dish Gola,250,4.3,"Desserts,Ice Cream",21.196,72.78,Locality (matched)
173209,Bandra Area,Mumbai,The Bandra Sushiholic,1400,4.2,Sushi,19.0596,72.8295,Locality (matched)
173248,West Mambalam,Chennai,Thanjavur Mess,200,4.4,South Indian,13.035,80.22,Locality (matched)
173256,Chembur,Mumbai,Vaishno Punjab,250,4.2,"Thalis,North Indian",19.0522,72.9006,Locality (matched)
173261,Bhowanipore,Kolkata,Allen Kitchen Saveurs De Calcutta,200,4.2,"Fast Food,North Indian,Mexican,Snacks",22.527,88.345,Locality (matched)
173654,Camp,Pune,Yumma Swami,200,4.2,South Indian,18.5122,73.879,Locality (matched)
173830,Thousand Lights,Chennai,Airborne Carnival,400,2.9,"Fast Food,Beverages",13.0569,80.254,Locality (matched)
173999,New Malakpet,Hyderabad,Taco Bell,300,3.8,Mexican,17.3735,78.498,Locality (matched)
174042,New Nallakunta,Hyderabad,Sri Santosh Family Dhaba,100,4,"Sweets,Fast Food",17.403,78.495,Locality (matched)
174554,Mohammed Wadi,Pune,Immuneaty,200,2.9,Fast Food,18.46,73.92,Locality (matched)
175225,Moti Nagar,Delhi,The Street Bakers,200,4.2,"Bakery,Chinese,Snacks",28.656,77.145,Locality (matched)
175239,Baranagar,Kolkata,Aala Biriyani,200,4,"Indian,Biryani",22.642,88.372,Locality (matched)
175267,Anand Nagar,Surat,Laxmi Egg House,200,4,Fast Food,21.175,72.845,Locality (matched)
175292,Shahpore,Surat,Khapsa House,100,4.1,"Fast Food,Chinese",21.198,72.818,Locality (matched)
175293,Athwa,Surat,Shree Sainath Fast Food,100,2.9,"Fast Food,Pizzas",21.178,72.793,Locality (matched)
175317,Surat,Surat,Prabhu Egg Center,200,2.9,North Indian,21.1702,72.8311,Locality (matched)
175347,Egmore,Chennai,Symphony - Ramada,200,4,"Indian,Chinese,Tandoor",13.0732,80.2609,Locality (matched)
175481,Asalpha,Mumbai,Top Chinese Fast  Food,250,2.9,Indian,19.093,72.903,Locality (matched)
175711,Domlur,Bangalore,Andhra Mess,250,3.7,"Andhra,South Indian,Biryani,Chinese,Hyderabadi",12.961,77.6387,Locality (matched)
175761,Kodambakkam,Chennai,Puducherry Sri Kamatchi.,300,4.3,"South Indian,Chinese",13.05,80.2241,Locality (matched)
175907,Koramangala,Bangalore,Kitchens Of China,350,2.9,"Chinese,Combo,Asian",12.9352,77.6245,Locality (matched)
175914,Banjara Hills,Hyderabad,La Pino'Z Pizza,300,4,Pizzas,17.4156,78.4347,Locality (matched)
176071,Malleshwaram,Bangalore,Brahmins' Thatte Idli,150,4.4,"South Indian,Combo",13.0035,77.5647,Locality (matched)
176222,Varachha,Surat,Krishna Bakery,200,3.9,Desserts,21.214,72.842,Locality (matched)
176412,Wanowrie,Pune,Churro Mania,300,4.6,Desserts,18.4934,73.889,Locality (matched)
176422,Sadashiv Peth,Pune,Jija Pure Veg,150,2.9,Indian,18.5122,73.852,Locality (matched)
176436,Powai Area,Mumbai,Haka,350,4.2,"Chinese,Asian,Seafood",19.1176,72.906,Locality (matched)
176437,Powai Area,Mumbai,Oh! Calcutta,800,4.4,Bengali,19.1176,72.906,Locality (matched)
176453,Palanpur Patia,Surat,Baba Omlet,200,2.9,North Indian,21.183,72.783,Locality (matched)
176725,Triplicane,Chennai,Salem Rr Biriyani Unavagam,400,3.9,"Biryani,Chettinad,Tandoor,Chinese",13.057,80.276,Locality (matched)
176970,Taltala,Kolkata,Edabba,150,4.2,"Combo,Fast Food,North Indian,Chinese,Biryani,Continental,Beverages",22.562,88.358,Locality (matched)
177000,Kothrud,Pune,Sitara Hotel,200,2.9,Indian,18.5074,73.8077,Locality (matched)
177003,Santacruz East,Mumbai,Sabri Hotel,400,3.6,"Chinese,North Indian,Biryani",19.0822,72.8416,Locality (matched)
177016,Gandhi Nagar,Bangalore,Idc Kitchen,150,4.4,"South Indian,North Indian",12.9784,77.5773,Locality (matched)
177042,Rohini,Delhi,Awadhi Biryani,200,2.9,"Chinese,Fast Food,Combo,Biryani,Beverages",28.7041,77.1025,Locality (matched)
177155,Santacruz East,Mumbai,Sadguru Sandwiches Centre,200,4.5,Fast Food,19.0822,72.8416,Locality (matched)
177231,Athwa,Surat,Go Momos,200,2.9,"Chinese,Fast Food,Burmese",21.178,72.793,Locality (matched)
177336,Tondiarpet,Chennai,Delicious Pizza,200,2.9,Fast Food,13.123,80.292,Locality (matched)
177339,West Mambalam,Chennai,Bakya Veg Restaurant,150,4.3,"South Indian,Chinese,North Indian",13.035,80.22,Locality (matched)
177553,Tarnaka,Hyderabad,Rs Fast Food Center,150,3.8,"Chinese,Fast Food",17.426,78.534,Locality (matched)
177661,Piplod,Surat,Pure By Slurrp,400,4.2,"Indian,Continental",21.166,72.777,Locality (matched)
177865,Triplicane,Chennai,Super Bombay Kulfi Natural Ice Cream Milkshake And Chats,200,2.9,"Ice Cream,Beverages",13.057,80.276,Locality (matched)
177927,Althan,Surat,Punjabi Dhaba -The Taste Of Punjab,250,3.4,"Punjabi,North Indian,Chinese,Biryani,Desserts",21.156,72.802,Locality (matched)
178816,Jodhpur Village,Ahmedabad,Juice Pitara,200,4.6,"Juices,Beverages,Healthy Food",23.026,72.522,Locality (matched)
178886,Kothapet,Hyderabad,Vasireddy Swagruha Foods,350,4.2,Sweets  South Indian  North Indian  Snacks,17.3745,78.531,Locality (matched)
179095,Old Malakpet,Hyderabad,Subbayya Gari Hotel,300,4.1,South Indian,17.3735,78.498,Locality (matched)
179337,Moghalpura,Hyderabad,Chinese Hut Fast Food,150,3.6,"Chinese,Fast Food",17.36,78.466,Locality (matched)
179446,Taltala,Kolkata,Silver Spoon,400,3.9,"Chinese,Tibetan",22.562,88.358,Locality (matched)
179449,Motera,Ahmedabad,Jay Ambe Bhajipav And Pulav,200,4,Fast Food,23.103,72.596,Locality (matched)
179457,Ghatkopar East,Mumbai,Agrawals Juice And Fast Food Centre,300,4.7,Fast Food,19.0857,72.9083,Locality (matched)
179474,Richmond Town,Bangalore,Wandercrust,350,2.9,"Pizzas,Italian",12.9611,77.6033,Locality (matched)
179515,Kurla West,Mumbai,Aniruddha'S,250,2.9,"Indian,North Indian,Biryani",19.07,72.879,Locality (matched)
179653,Kurla,Mumbai,Javed Bhai'S,300,4.5,Mughlai,19.0728,72.8826,Locality (matched)
179656,Maharshi Nagar,Pune,Healthy Affairs,300,4.6,"Fast Food,Continental,Desserts",18.498,73.872,Locality (matched)
179665,Amberpet,Hyderabad,Deccan Chinese Fast Food,200,2.9,"Chinese,Fast Food",17.398,78.513,Locality (matched)
179693,Rohini,Delhi,Biryani Empire,300,3,"Indian,Chinese",28.7041,77.1025,Locality (matched)
179816,Rohini,Delhi,Chicken Dum Biryani,300,2.9,"Mughlai,Indian",28.7041,77.1025,Locality (matched)
180161,Rohini,Delhi,Mughlai Biryani,300,2.9,"Indian,Continental,Snacks",28.7041,77.1025,Locality (matched)
180171,Rohini,Delhi,Biryani Zaika,200,2.9,"Biryani,Chinese,North Indian",28.7041,77.1025,Locality (matched)
180345,Vastral,Ahmedabad,Shree Atalji Dining Hall,220,4.2,"Thalis,Punjabi,Gujarati",22.99,72.658,Locality (matched)
180360,Navrangpura,Ahmedabad,Sugarless Life,250,4.2,"Desserts,Sweets,Combo,Italian,Pizzas,Snacks",23.0365,72.561,Locality (matched)
180491,Chembur,Mumbai,Mamaji - Taste Of Katta (Ruia),250,4.2,"North Indian,Chinese,Fast Food",19.0522,72.9006,Locality (matched)
180533,George Town,Chennai,Majeeth Hotel,300,4.1,"South Indian,Chinese,Biryani",13.094,80.287,Locality (matched)
180579,Ayanavaram,Chennai,Green Mango Juice Shop,30,4.2,Juices,13.105,80.232,Locality (matched)
180580,Wadgaon Sheri,Pune,The Choupatiwala Cafe,300,2.9,Fast Food,18.554,73.911,Locality (matched)
180645,Padmarao Nagar,Hyderabad,Nitchal Grand Restaurant,250,2.9,"North Indian,Chinese,Tandoor,Biryani",17.427,78.497,Locality (matched)
180753,Kalyani Nagar,Pune,The Bounty Sizzlers,600,3.9,Continental,18.5479,73.9014,Locality (matched)
180758,Kapodra Patiya,Surat,Kaka Ni Bhajipav & Fastfood,120,4.1,"Fast Food,Punjabi,Chinese",21.175,72.857,Locality (matched)
180847,Malleshwaram,Bangalore,Bombay Vadapav Corner,100,4.4,North Indian,13.0035,77.5647,Locality (matched)
180958,Shivaji Nagar,Bangalore,Bhagatram Sweets,250,3.9,"Indian,Chinese,North Indian,Snacks",12.9855,77.6057,Locality (matched)
181010,Aminjikarai,Chennai,Thulasi Mess,150,3.8,"South Indian,North Indian,Andhra,Biryani",13.073,80.226,Locality (matched)
181088,Jorasanko,Kolkata,Pandey Dhaba,300,2.9,Indian,22.59,88.358,Locality (matched)
181091,Tiljala,Kolkata,Chaccha Jaan - Biryani Kebabs & Curries,400,4.1,"Biryani,North Indian,Mughlai,Kebabs",22.53,88.387,Locality (matched)
181093,Behala,Kolkata,Gharana- The Veg House,200,3.8,North Indian,22.499,88.313,Locality (matched)
181115,Amberpet,Hyderabad,Good Lands Restaurant,300,4.2,"Biryani,North Indian,South Indian,Tandoor,Chinese",17.398,78.513,Locality (matched)
181120,Khairtabad,Hyderabad,The Pani Puri Monster,100,2.9,"Indian,Chinese,South Indian,Chaat",17.411,78.462,Locality (matched)
181240,Yerawada,Pune,G-1 Juice Center,150,2.9,Beverages,18.558,73.883,Locality (matched)
181392,Malleshwaram,Bangalore,The Fast Food,150,4.3,Indian,13.0035,77.5647,Locality (matched)
181435,Bidhannagar,Kolkata,Sundaram Restaurant,200,2.9,"North Indian,South Indian,Chinese",22.585,88.418,Locality (matched)
181708,Toli Chowki,Hyderabad,Dosa Factory,100,4.1,South Indian,17.4001,78.418,Locality (matched)
181807,Marol,Mumbai,Chawlas^2,400,4.2,North Indian  Indian  Punjabi  Tandoor,19.118,72.877,Locality (matched)
181941,Koti,Hyderabad,Svm Grand,300,4.2,"South Indian,North Indian,Chinese",17.3833,78.4794,Locality (matched)
181947,Kothapet,Hyderabad,Royal Fast Food,150,4,Chinese,17.3745,78.531,Locality (matched)
181984,Rohini,Delhi,Biryani Wale,300,3.3,Indian,28.7041,77.1025,Locality (matched)
182139,Baguihati,Kolkata,Chicken Xperience By Venkys,200,2.9,Fast Food,22.612,88.418,Locality (matched)
182585,Alwarpet,Chennai,Havmor,300,4.7,"Ice Cream,Desserts",13.0339,80.254,Locality (matched)
182610,Thousand Lights,Chennai,Sante Spa Cuisine,1300,4.6,"Italian,Continental,Mediterranean,Fast Food",13.0569,80.254,Locality (matched)
182804,Matunga,Mumbai,Waffles By Di Bella,250,4.7,Ice Cream,19.027,72.848,Locality (matched)
182824,Banjara Hills,Hyderabad,Feranoz,500,4.4,"Desserts,Italian,Bakery,Snacks,Pizzas",17.4156,78.4347,Locality (matched)
182933,Camp,Pune,Cake Cart,300,2.9,"Desserts,Bakery",18.5122,73.879,Locality (matched)
183253,Purasaiwakkam,Chennai,Riyas Biriyani,300,3.9,Indian,13.085,80.254,Locality (matched)
183585,Andheri East,Mumbai,Cafe New Ajwa Marol,300,4,"North Indian,Mughlai,Chinese,Fast Food,Desserts",19.1136,72.8697,Locality (matched)
184158,Koramangala,Bangalore,Khichdi Experiment,250,4.5,"Home Food,Indian,Healthy Food,North Indian,Snacks,Maharashtrian,Sweets,South Indian,Combo,Desserts,Beverages,Kebabs",12.9352,77.6245,Locality (matched)
184256,Jubilee Hills,Hyderabad,Panchakattu Dosa,100,4.5,South Indian,17.4325,78.4071,Locality (matched)
184695,Kurla,Mumbai,Shalimar Restaurant & Store,650,4.1,"North Indian,Chinese,Mughlai",19.0728,72.8826,Locality (matched)
184748,Beniapukur,Kolkata,Anokha Baghicha,300,3.9,"Indian,Chinese",22.546,88.368,Locality (matched)
184792,Wilson Garden,Bangalore,Karavali Kolimane,400,3.7,"South Indian,Chinese,Seafood,Tandoor,North Indian",12.9498,77.5934,Locality (matched)
185511,Andheri East,Mumbai,New Cafe Marol,350,3.9,North Indian  Chinese  Mughlai  Tandoor  Desserts  Fast Food  Beverages,19.1136,72.8697,Locality (matched)
186029,Andheri East,Mumbai,Hotel Om Sai,400,2.9,Chinese  Biryani  Indian,19.1136,72.8697,Locality (matched)
186123,Santacruz East,Mumbai,The Biryani Life,250,3.5,"Biryani,Hyderabadi,Lucknowi,North Indian,Mughlai,Combo,Desserts",19.0822,72.8416,Locality (matched)
186141,Begampura,Surat,Taste Of Kolkata Rolls,400,4.3,Fast Food,21.198,72.825,Locality (matched)
186171,Athwa,Surat,Shahi Biryani & Khichda,300,2.9,Biryani,21.178,72.793,Locality (matched)
186196,Rohini,Delhi,The Biryani Life,250,4.2,"Biryani,Hyderabadi,Lucknowi,North Indian,Mughlai,Combo,Desserts",28.7041,77.1025,Locality (matched)
186294,Shivajinagar,Pune,Noodles & Co,300,2.9,Chinese,18.5308,73.8478,Locality (matched)
186873,Sector 8 Rohini,Delhi,Patiala Shahi Kitchen,300,4.1,Indian,28.713,77.126,Locality (matched)
186879,Rohini,Delhi,Shakespeer,300,2.9,"Fast Food,Pizzas,Beverages,Snacks",28.7041,77.1025,Locality (matched)
187384,Shivaji Nagar,Bangalore,Blue Tokai Coffee Roasters,800,4.7,"Healthy Food,American,Lebanese,Mediterranean,European,Juices,Middle Eastern",12.9855,77.6057,Locality (matched)
187550,Kodambakkam,Chennai,Sss Hyderabad Briyani,250,3.9,"Chinese,Indian",13.05,80.2241,Locality (matched)
187580,Phoenix Mall,Mumbai,Tibb'S Frankie,200,2.9,"Fast Food,Snacks,North Indian,Mexican,Beverages",19.076,72.8777,City-level (approximate fallback)
187976,Baner,Pune,Khichdi Experiment,250,4.5,"Home Food,Indian,Healthy Food,North Indian,Snacks,Maharashtrian,Sweets,South Indian,Combo,Desserts,Beverages,Kebabs",18.559,73.7868,Locality (matched)
188019,Mukherjee Nagar,Delhi,Zaika E Dilli 6,300,2.9,Mughlai,28.708,77.21,Locality (matched)
188517,Lake Town,Kolkata,Kathi On The Go,300,3.9,"Biryani,Indian,Kebabs,Mughlai,Fast Food",22.605,88.395,Locality (matched)
188568,Sinthee,Kolkata,Snack 'N' Go,200,3.4,"Indian,Italian,American",22.622,88.383,Locality (matched)
189681,Santacruz East,Mumbai,Lan Lan Restaurant,400,4.2,Chinese,19.0822,72.8416,Locality (matched)
189689,Tollygunge,Kolkata,Food Point,150,3.4,"Biryani,Snacks,Tandoor",22.499,88.345,Locality (matched)
189826,Talab Katta,Hyderabad,Moghal Hot Spot,200,3.2,"Biryani,Chinese",17.372,78.46,Locality (matched)
190360,Gariahat,Kolkata,Purbani Restaurant & Hotel,450,2.9,"Chinese,North Indian",22.519,88.363,Locality (matched)
190656,Baranagar,Kolkata,Maa Karunamoyee Fast Food Centre,250,3.7,Indian,22.642,88.372,Locality (matched)
190694,Indiranagar,Bangalore,Rocket Wok,400,4.2,"Chinese,Thai,Asian,Combo,Vietnamese,Pan-Asian",12.9719,77.6412,Locality (matched)
190721,Central Kolkata,Kolkata,Gupta Dhaba,250,3.3,"Biryani,Indian,Mughlai,North Indian,Chinese",22.57,88.355,Locality (matched)
190827,Ballygunge,Kolkata,Meraz Fast Food,200,3.4,Indian,22.528,88.366,Locality (matched)
190848,Bowenpally,Hyderabad,Trio-La Patisserie.,300,2.9,Desserts,17.465,78.482,Locality (matched)
191132,Scruz Bandra East,Mumbai,Variety Chinese,300,2.9,Chinese,19.075,72.845,Locality (matched)
191390,Koramangala,Bangalore,Brooks And Bonds Brewery,200,2.9,Indian,12.9352,77.6245,Locality (matched)
191430,Santacruz East,Mumbai,Tip Top Chinese,300,2.9,"Chinese,Indian",19.0822,72.8416,Locality (matched)
191431,Santacruz East,Mumbai,Uncle Chinese,300,2.9,"Chinese,Tandoor",19.0822,72.8416,Locality (matched)
191489,Santacruz East,Mumbai,Hong Kong Chinese,200,2.9,"Chinese,Indian",19.0822,72.8416,Locality (matched)
191495,Santacruz East,Mumbai,A One Chinese,400,2.9,"Chinese,Indian",19.0822,72.8416,Locality (matched)
191577,Saki Naka,Mumbai,The Bombay Chopstic,250,2.9,Indian  Chinese,19.1073,72.8873,Locality (matched)
191596,Scruz Bandra East,Mumbai,King Chinese,300,2.9,"Chinese,Tandoor",19.075,72.845,Locality (matched)
191633,Athwa,Surat,Royal Fastfood,220,3.5,"Chinese,Mughlai,Punjabi",21.178,72.793,Locality (matched)
191647,Santacruz East,Mumbai,Your Choice Chinese,350,2.9,"Indian,Chinese",19.0822,72.8416,Locality (matched)
191678,Katraj,Pune,Mother'S Tawa,400,2.9,North Indian,18.453,73.862,Locality (matched)
191798,Alwarpet,Chennai,Crust & Cheese Pizza,400,4.4,"Pizzas,Italian-American",13.0339,80.254,Locality (matched)
191822,Ashok Nagar,Bangalore,Third Wave Coffee,400,4.4,"Beverages,Bakery,Continental",12.9843,77.5936,Locality (matched)
191826,Shah-E-Alam Roja,Ahmedabad,Al-Hamza,300,3.8,"Indian,Mughlai,Afghani",22.999,72.625,Locality (matched)
191857,Chembur,Mumbai,Mamu Ki Biryani,500,2.9,"Indian,North Indian,Tandoor",19.0522,72.9006,Locality (matched)
191901,Scruz Bandra East,Mumbai,Akash Chinese,300,2.9,"Chinese,Tandoor",19.075,72.845,Locality (matched)
191903,Ayanavaram,Chennai,Sri Balaji Fast Food,250,4.1,"Chinese,Indian",13.105,80.232,Locality (matched)
191906,Sadashiv Peth,Pune,Rolls Mania,200,4.3,Fast Food,18.5122,73.852,Locality (matched)
191912,Powai,Mumbai,Kaswa Chicken Shwarma,200,2.9,Lebanese,19.1176,72.906,Locality (matched)
191932,Ganga Dham,Pune,Jay Ganesh Caterering Service,150,3.9,"Chaat,Use code XPRESS121 to avail.",18.465,73.86,Locality (matched)
191985,Toli Chowki,Hyderabad,Mandar Restaurant,500,4.1,"North Indian,Biryani,Chinese",17.4001,78.418,Locality (matched)
192026,Kothapet,Hyderabad,Quik Cakes.,500,2.9,"Bakery,Desserts",17.3745,78.531,Locality (matched)
192029,Koramangala,Bangalore,Tibetan Mother'S Kitchen,250,4.1,"Chinese,Tibetan,Thai",12.9352,77.6245,Locality (matched)
192034,Chembur,Mumbai,Biryaniwala & Co - By Singh Saab,300,3.8,"North Indian,Biryani,Tandoor",19.0522,72.9006,Locality (matched)
192141,Chembur,Mumbai,Spicy Bites,400,2.9,Mughlai  Tandoor  North Indian,19.0522,72.9006,Locality (matched)
192291,Jogupalya,Bangalore,Mccafe By Mcdonald'S,250,2.9,"Beverages,Desserts",12.9707,77.621,Locality (matched)
192305,Shivajinagar,Pune,Mccafe By Mcdonald'S,250,2.9,"Beverages,Desserts",18.5308,73.8478,Locality (matched)
192367,Santacruz East,Mumbai,Mccafe By Mcdonald'S,250,2.9,"Beverages,Desserts",19.0822,72.8416,Locality (matched)
192381,Ellisbridge,Ahmedabad,Mccafe By Mcdonald'S,250,2.9,"Beverages,Desserts",23.023,72.568,Locality (matched)
192575,Scruz Bandra East,Mumbai,Highway Briyani,200,2.9,"Indian,Biryani,Tandoor",19.075,72.845,Locality (matched)
192600,Dum Dum,Kolkata,Aamar Bangla,250,4.2,"Bangladeshi,Bengali",22.642,88.42,Locality (matched)
192846,Ghatkopar West,Mumbai,Sundeep Hotel,500,4.2,Chinese  North Indian  Seafood,19.0864,72.9047,Locality (matched)
193192,Banjara Hills,Hyderabad,Speedy Wong,300,3.8,Chinese,17.4156,78.4347,Locality (matched)
193313,Rajajinagar,Bangalore,Shawarma Grill House,200,2.9,Arabian,12.9905,77.5554,Locality (matched)
193326,Ballygunge,Kolkata,Hindusthan Sweets- Ballygunge,150,4.6,Sweets  Snacks,22.528,88.366,Locality (matched)
193363,Chembur,Mumbai,Jagvi Udipi Fast Food,200,2.9,"Biryani,Indian",19.0522,72.9006,Locality (matched)
193541,Adajan Patiya,Surat,Behrouz Biryani,500,4.4,"Biryani,Mughlai,Lucknowi,Hyderabadi,Kebabs,North Indian,Persian,Desserts",21.196,72.78,Locality (matched)
193563,Indiranagar,Bangalore,Shakers Cafe,200,2.9,"Juices,Desserts,Indian,Fast Food",12.9719,77.6412,Locality (matched)
193571,Himayath Nagar,Hyderabad,The Bowl Company,300,4.1,"Continental,Indian,Pan-Asian,Chinese,Beverages,Desserts",17.4008,78.4813,Locality (matched)
194090,Rajajinagar,Bangalore,Biryani Canteen,400,4,"Biryani,Chinese,North Indian,Tandoor",12.9905,77.5554,Locality (matched)
194552,Khatodra Wadi,Surat,Mccafe By Mcdonald'S,250,2.9,"Beverages,Desserts",21.175,72.83,Locality (matched)
194562,Koti,Hyderabad,Mccafe By Mcdonald'S,250,2.9,"Beverages,Desserts",17.3833,78.4794,Locality (matched)
194761,Santacruz East,Mumbai,Hub Chinese,250,2.9,"Chinese,Tandoor",19.0822,72.8416,Locality (matched)
194877,Yerawada,Pune,Sp Chinese Fast Food,300,3.9,"Chinese,Fast Food,Indian",18.558,73.883,Locality (matched)
195015,Richmond Town,Bangalore,Nutribites,150,4.6,"Healthy Food,Juices",12.9611,77.6033,Locality (matched)
195349,Santacruz East,Mumbai,Slay Coffee,200,4.1,"Beverages,Desserts",19.0822,72.8416,Locality (matched)
195407,Rajajinagar,Bangalore,Paradise Biryani,400,3.9,"Biryani,Kebabs",12.9905,77.5554,Locality (matched)
195504,Kalyani Nagar,Pune,Pergola Kitchen And Bar,1000,2.9,"Continental,North Indian",18.5479,73.9014,Locality (matched)
195513,Andheri East,Mumbai,Al Zaika,250,3.8,North Indian  Chinese  Fast Food  Desserts,19.1136,72.8697,Locality (matched)
196391,Indiranagar,Bangalore,Mandarin Oak- The Heavenly Chinese,350,2.9,"Chinese,Asian,Thai",12.9719,77.6412,Locality (matched)
196512,Bidhannagar,Kolkata,The Melbourne Cafe,300,4.3,Cafe,22.585,88.418,Locality (matched)
196518,Taltala,Kolkata,The Hot Kati Roll,150,3.1,"Indian,Fast Food",22.562,88.358,Locality (matched)
197025,Ghatkopar East,Mumbai,Brijwasi Sweets Original Since 1946 - Gd Group,250,4.1,"Desserts,Sweets",19.0857,72.9083,Locality (matched)
197123,Central Bangalore,Bangalore,Kadamba Foodline,400,2.9,South Indian,12.9767,77.5993,Locality (matched)
197194,Lake Town,Kolkata,Denzong Delight,200,4,"Chinese,Tibetan",22.605,88.395,Locality (matched)
197496,Abids,Hyderabad,Abids Bistro  Royalton Hotel,450,2.9,"Chinese,Kebabs,North Indian,South Indian,Tandoor",17.3915,78.4756,Locality (matched)
197513,Matunga,Mumbai,Coffee By Di Bella,800,4.6,Cafe  Desserts  Chinese,19.027,72.848,Locality (matched)
197699,Annamalai Colony,Chennai,Yakebab - Charcoal Grilled Treat,300,4.2,"Arabian,Biryani,Chinese,North Indian",13.0827,80.2707,City-level (approximate fallback)
197935,Richmond Town,Bangalore,Goodness Grills,350,3.8,"Healthy Food,Continental,Keto,Indian,Salads",12.9611,77.6033,Locality (matched)
197971,Himayath Nagar,Hyderabad,Cfc Chinese Food Court,200,2.9,Chinese,17.4008,78.4813,Locality (matched)
198334,Perambur,Chennai,Ammavin Aduppankarai,400,4.1,"Chettinad,Chinese,South Indian",13.1155,80.234,Locality (matched)
198342,Ponniammanmedu,Chennai,Red Chilly Kitchen,400,4,"Chinese,Fast Food,South Indian",13.13,80.198,Locality (matched)
198344,Ellisbridge,Ahmedabad,The Biryani Life,200,3.9,"Biryani,Hyderabadi,Lucknowi,North Indian,Mughlai,Combo,Desserts",23.023,72.568,Locality (matched)
198476,Andheri East,Mumbai,Cafe Sahar,300,4,North Indian  Chinese  Mughlai  Desserts  Fast Food,19.1136,72.8697,Locality (matched)
198575,Dharavi,Mumbai,New Bismillah Restaurant,500,3.3,"Indian,Tandoor ,indian",19.038,72.8538,Locality (matched)
198881,New Alipore,Kolkata,Agarwal'S Street Cafe,200,2.9,"American,Fast Food,Italian,Snacks",22.51,88.332,Locality (matched)
199142,Taltala,Kolkata,Acs Chinese Flavour,300,4,Chinese,22.562,88.358,Locality (matched)
199253,Kurla,Mumbai,Shizusan,1500,2.9,"Japanese,Asian,Sushi",19.0728,72.8826,Locality (matched)
199317,Himayath Nagar,Hyderabad,Breakfast Express,200,4.3,Continental  North Indian  South Indian  Beverages,17.4008,78.4813,Locality (matched)
199381,Bopodi,Pune,Ganga Chinese Centre,150,2.9,Chinese,18.567,73.828,Locality (matched)
199773,Anna Nagar,Chennai,Vimalam Mess,700,4.3,South Indian,13.085,80.2101,Locality (matched)
200193,Shivajinagar,Pune,Bebe Di Rasoi - Punjabi,300,4.1,"North Indian,Punjabi,Biryani,Kebabs,Mughlai,Desserts,Beverages",18.5308,73.8478,Locality (matched)
200240,Juhapura,Ahmedabad,Bait Al Majlis,350,4.1,"Chinese,Biryani,Afghani,Mughlai,Seafood,Tandoor",22.987,72.533,Locality (matched)
200531,Central Kolkata,Kolkata,Riyasat-E-Hind,400,3.9,"North Indian,Chinese,Kebabs,Mughlai,Continental",22.57,88.355,Locality (matched)
200716,Khar West,Mumbai,Desi Shawarma,200,2.9,Fast Food  Street Food  Arabian,19.0696,72.8355,Locality (matched)
200773,Park Street Area,Kolkata,Fabcafe By Fabindia,1000,4.4,"Indian,Continental,Healthy Food,Beverages,Desserts,Snacks,North Indian",22.552,88.352,Locality (matched)
200790,Teynampet,Chennai,Fabcafe By Fabindia,1000,4.3,"Healthy Food,North Indian,Biryani,Beverages",13.0418,80.254,Locality (matched)
200833,Anna Nagar,Chennai,Momo Sa-Khang By Kailash Kitchen,200,4.7,Chinese,13.085,80.2101,Locality (matched)
200993,Aundh,Pune,Fabcafe By Fabindia,1000,4.4,"North Indian,Healthy Food,Biryani,Beverages",18.559,73.808,Locality (matched)
201122,Andheri East,Mumbai,Mba In Khichdi,300,4.1,"Home Food,Indian,North Indian",19.1136,72.8697,Locality (matched)
201134,Kalina,Mumbai,Sultan'S Shawarma,200,3.6,"Lebanese,Fast Food",19.079,72.85,Locality (matched)
201164,Gopalapuram,Chennai,The Bowl Company,300,4.2,"Continental,North Indian,Pan-Asian,Desserts,American,Asian,Beverages,Biryani,Chinese,Combo,European,Grill,Hyderabadi,Indian,Italian,Kebabs,Lucknowi,Mediterranean,Mexican,Mughlai,Oriental,Pastas,Punjab",13.045,80.257,Locality (matched)
201165,Gopalapuram,Chennai,Homely,200,4.3,"Home Food,North Indian,South Indian,Beverages,Chettinad,Combo,Desserts,Hyderabadi,Indian,Lucknowi,Maharashtrian,Mangalorean,Punjabi,Rajasthani,Snacks,Sweets,Thalis",13.045,80.257,Locality (matched)
201280,Adugodi,Bangalore,Pvr Cafe,400,2.9,"Snacks,Fast Food,American",12.942,77.6136,Locality (matched)
201300,Pitam Pura,Delhi,Khichdi Experiment,250,4.3,"Home Food,Indian,Healthy Food,North Indian,Snacks,Maharashtrian,Sweets,South Indian,Combo,Desserts,Beverages,Kebabs",28.6942,77.131,Locality (matched)
201309,Sakivihar,Mumbai,Khichdi Experiment,250,4.3,"Home Food,Indian,Healthy Food,North Indian,Snacks,Maharashtrian,Sweets,South Indian,Combo,Desserts,Beverages,Kebabs",19.1073,72.8873,Locality (matched)
201389,Powai Area,Mumbai,Saptami - Holiday Inn,550,4.3,"Continental,Indian,Chinese",19.1176,72.906,Locality (matched)
201590,Domlur,Bangalore,Hungry B,250,3.8,"North Indian,Indian,Continental,Biryani,Beverages,Combo",12.961,77.6387,Locality (matched)
201726,Old Washermanpet,Chennai,Spicy Tadka,300,4.3,"Chinese,Indian,Italian,Mexican",13.114,80.282,Locality (matched)
201959,Banjara Hills,Hyderabad,Ohri'S Uppu,400,3,"Andhra,South Indian",17.4156,78.4347,Locality (matched)
202047,Adugodi,Bangalore,Malabar Biriyani World,250,4.3,"Biryani,Kerala,Seafood",12.942,77.6136,Locality (matched)
202182,Ballygunge,Kolkata,Adil Biryani Restaurant,300,4.2,"Biryani,Kebabs,Mughlai",22.528,88.366,Locality (matched)
202631,Toli Chowki,Hyderabad,Adam Bakers,150,3.9,Bakery,17.4001,78.418,Locality (matched)
202723,Wanowrie,Pune,Noble Bake Food,100,4,Bakery,18.4934,73.889,Locality (matched)
202889,Taltala,Kolkata,Tung Fong,1200,4.5,"Asian,Chinese",22.562,88.358,Locality (matched)
203481,Andheri East,Mumbai,Bhayankar Burgers,400,4,American,19.1136,72.8697,Locality (matched)
203485,Lake Town,Kolkata,Meals 'O' Memories,200,4.1,Continental  Indian  Chinese  Snacks  Beverages,22.605,88.395,Locality (matched)
203641,Andheri East,Mumbai,Wakka Makka Chinese,400,3.8,Chinese  Asian  Oriental  Tibetan  Desserts,19.1136,72.8697,Locality (matched)
203703,Bandra East,Mumbai,Great Indian Meals,300,4,Mangalorean  North Indian  South Indian  Malwani,19.0596,72.841,Locality (matched)
203736,Bandra East,Mumbai,Medha Malvan,250,3.8,"Seafood,Malwani",19.0596,72.841,Locality (matched)
203746,Bandra East,Mumbai,Zesty Kitchen,500,4,"North Indian,South Indian,Mangalorean,Seafood,Malwani,Biryani,Bengali",19.0596,72.841,Locality (matched)
203758,Bandra East,Mumbai,Jamai Shoshthi,500,4.2,"Bengali,Biryani",19.0596,72.841,Locality (matched)
203947,Bidhannagar,Kolkata,Hyatt-La Cucina,400,2.9,"Indian,Asian,Italian,Bakery",22.585,88.418,Locality (matched)
204007,Andheri East,Mumbai,The Momo Factory,150,3.1,Chinese,19.1136,72.8697,Locality (matched)
204010,Antop Hill,Mumbai,Mini Punjab,300,3.9,Chinese  North Indian,19.0224,72.858,Locality (matched)
204319,Jogupalya,Bangalore,Earthen Delights,240,4.6,Kerala,12.9707,77.621,Locality (matched)
204330,Erandwane,Pune,Burger It Up,400,4.3,"American,Continental,Beverages,Desserts,Fast Food",18.5089,73.83,Locality (matched)
204535,Kasba,Kolkata,Sampa Snacks,200,3.9,"Chinese,Indian",22.514,88.38,Locality (matched)
204576,Thousand Lights,Chennai,Royal Fast Food,200,3.8,"Chinese,Fast Food,Indian",13.0569,80.254,Locality (matched)
205007,Shivajinagar,Pune,Yolkshire,300,4.3,"Healthy Food,European,Salads,Italian,Desserts,Beverages",18.5308,73.8478,Locality (matched)
205183,Kurla,Mumbai,Mumbai	Eats,300,2.9,Chinese  Tandoor  Biryani,19.0728,72.8826,Locality (matched)
205226,Shyamal,Ahmedabad,R.K. Maggi Pasta And Coffee Bar,300,4.3,"Fast Food,North Indian",23.033,72.515,Locality (matched)
205228,Bidhannagar,Kolkata,Veerji Malai Chaap Wale,350,4,"Indian,North Indian",22.585,88.418,Locality (matched)
205306,Kurla,Mumbai,Tibb'S Frankie (Tilak Nagar),200,4,Fast Food  Snacks  North Indian  Mexican  Beverages,19.0728,72.8826,Locality (matched)
205417,Sayedpura,Surat,Nawab'S Kitchen,300,4.3,"Mughlai,North Indian,Chinese,Biryani,Punjabi",21.198,72.825,Locality (matched)
205475,Domlur,Bangalore,Deja Bowl,300,4.2,"North Indian,Home Food,Combo,Desserts,Indian,Punjabi,Chinese",12.961,77.6387,Locality (matched)
205562,Baranagar,Kolkata,Lokenath Restaurant,250,3.9,Indian,22.642,88.372,Locality (matched)
205609,Tollygunge,Kolkata,New Banglar Rannaghar,200,4.1,Chinese  Indian,22.499,88.345,Locality (matched)
206503,Rohini,Delhi,Rohini Rasoi,250,2.9,"Chinese,Indian",28.7041,77.1025,Locality (matched)
206586,Ponniammanmedu,Chennai,Jannath Chicken,250,2.7,Indian,13.13,80.198,Locality (matched)
207097,Near Lal Gate Ramlal Bazarsapuipara,Kolkata,Kebabs In Roll - Ramlal Bazar,300,4.1,"Kebabs,Biryani,North Indian,Chinese",22.568,88.351,Locality (substring match: 'lal bazar')
207574,Andheri East,Mumbai,Taste Of Kolkata,250,3.8,"Biryani,North Indian,Fast Food,Juices,Beverages",19.1136,72.8697,Locality (matched)
207669,Powai Area,Mumbai,Chimichurri - All Day Asian Diner,1300,4.4,"Asian,Japanese",19.1176,72.906,Locality (matched)
207679,Shyam Bazar,Kolkata,Chows And Rolls,250,3.8,"Chinese,Fast Food",22.599,88.372,Locality (matched)
208031,Athwa,Surat,Ocean Star,300,2.9,"North Indian,Seafood",21.178,72.793,Locality (matched)
208175,Indiranagar,Bangalore,Milano Ice Cream,200,4.7,"Ice Cream,Desserts",12.9719,77.6412,Locality (matched)
208249,Khairtabad,Hyderabad,Al Karam Kalyani Biryani,200,3.1,Biryani,17.411,78.462,Locality (matched)
208556,Gokhalenagar,Pune,The Flame Burger,300,2.9,Snacks,18.529,73.828,Locality (matched)
208720,Kurla,Mumbai,Mad Burgers And Pizza,300,3.5,"Pizzas,Fast Food,Desserts",19.0728,72.8826,Locality (matched)
208734,Dhankawadi,Pune,Burger N More,200,3.2,Indian,18.457,73.847,Locality (matched)
208829,Royapuram,Chennai,Kulfi Treat,200,2.9,Ice Cream,13.113,80.294,Locality (matched)
208859,Kurla,Mumbai,Al Baik Fast Food,250,4.1,Fast Food,19.0728,72.8826,Locality (matched)
208982,Khokhra,Ahmedabad,Food Zone,200,4.3,"North Indian,Snacks",23.018,72.612,Locality (matched)
209225,Chembur,Mumbai,London Dairy,200,2.9,Ice Cream,19.0522,72.9006,Locality (matched)
209502,Kurla,Mumbai,The Kitchen  (Chinese & Grills),300,4.2,"Chinese,Kebabs,Tibetan,Lebanese",19.0728,72.8826,Locality (matched)
209917,Vasanth Nagar,Bangalore,Tata Cha Now Qmin,200,4.2,"Beverages,Bakery,Chaat,Desserts,Fast Food,Home Food,Maharashtrian,Snacks,Street Food,Sweets,Indian,Combo,Parsi",12.9899,77.5926,Locality (matched)
210127,Ashok Nagar,Bangalore,Crazy Pizza,400,2.9,"Fast Food,Italian",12.9843,77.5936,Locality (matched)
210403,Nampally,Hyderabad,Milan Juice Centre,150,4,"Arabian,Juices",17.39,78.468,Locality (matched)
210638,Dapodi,Pune,Lf 91 Cafe And Restaurant,250,2.9,Indian,18.585,73.818,Locality (matched)
210945,Shivaji Nagar,Bangalore,Royal Restaurant,300,3.8,"Chinese,North Indian,Tandoor ,indian",12.9855,77.6057,Locality (matched)
211008,Sion,Mumbai,Modern Lunch Home,600,4.4,"Chinese,Konkan,North Indian,Seafood",19.0448,72.8619,Locality (matched)
211172,Uppal,Hyderabad,Tif In,150,3.5,Snacks  South Indian,17.4062,78.559,Locality (matched)
211185,Periyamet,Chennai,Mcrennett,350,4.3,Bakery,13.1,80.276,Locality (matched)
211444,Santacruz East,Mumbai,Famous Chinese,300,2.9,"Chinese,Fast Food",19.0822,72.8416,Locality (matched)
211814,T Nagar,Chennai,Kommune,350,2.9,"Desserts,Italian,North Indian,Salads",13.0418,80.2341,Locality (matched)
212246,Maninagar,Ahmedabad,Bhimsingh Paties,150,4.1,"Fast Food,Snacks,Street Food",22.996,72.603,Locality (matched)
212592,Cit Nagar,Chennai,Arcot Royal Biriyani And Fastfood,200,3.5,"Biryani,Fast Food",13.04,80.234,Locality (matched)
212615,Jogupalya,Bangalore,New Dillibite,300,2.9,"Bengali,Chinese,Indian",12.9707,77.621,Locality (matched)
212837,Alwarpet,Chennai,Teppan,1000,4.6,Japanese,13.0339,80.254,Locality (matched)
212930,Scruz Bandra East,Mumbai,The Great Chinese,150,2.9,"Chinese,Indian",19.075,72.845,Locality (matched)
213314,Chembur,Mumbai,Tara Punjab,500,3.9,"North Indian,Punjabi,Tandoor",19.0522,72.9006,Locality (matched)
213643,Erandwane,Pune,Slurpy Shakes,200,4.4,"Beverages,Ice Cream,Desserts",18.5089,73.83,Locality (matched)
213645,Erandwane,Pune,Cupcake Bliss Cake & Desserts,150,4.1,"Bakery,Desserts,Ice Cream,American,British,Combo,Snacks",18.5089,73.83,Locality (matched)
213654,Erandwane,Pune,Warmoven Cake & Desserts,200,4.3,"Bakery,Desserts,Ice Cream",18.5089,73.83,Locality (matched)
213655,Erandwane,Pune,Indiana Burgers,200,4.2,"American,Fast Food,Beverages,Healthy Food",18.5089,73.83,Locality (matched)
213934,Erandwane,Pune,Absolute China,200,3.9,Chinese,18.5089,73.83,Locality (matched)
213935,Vijay Nagar Colony,Hyderabad,Roosterville,200,3.7,Indian,17.427,78.446,Locality (matched)
214074,Udhna,Surat,Taste Of Eggs,200,2.9,North Indian,21.15,72.828,Locality (matched)
214175,Pulikeshi Nagar,Bangalore,Green Cravings,350,3.9,"Healthy Food,Continental,Keto,Indian,Salads",12.995,77.61,Locality (matched)
214318,New Malakpet,Hyderabad,Pvr Cafe,400,3.5,"Snacks,Fast Food,American",17.3735,78.498,Locality (matched)
214521,Gopipura,Surat,Chinese Point,200,3.4,Chinese,21.19,72.828,Locality (matched)
214809,Gowliguda,Hyderabad,Hotel Niagara,450,3.9,"Haleem,Arabian,Biryani,Tandoor,Chinese,Indian,Desserts,Kebabs,Mughlai",17.38,78.478,Locality (matched)
214833,Pashan,Pune,Cnp House - Chicken And Paratha,350,3.9,"North Indian,Tandoor,Biryani,Punjabi,Kebabs,Beverages",18.537,73.797,Locality (matched)
214964,Asif Nagar,Hyderabad,Lingaiah Hotel,200,4.5,South Indian,17.396,78.455,Locality (matched)
214967,University Area,Ahmedabad,The Chocolate Heaven,300,2.9,Desserts,23.033,72.545,Locality (matched)
215427,Kurla,Mumbai,Pukhtaan,1900,2.9,"Mughlai,North Indian",19.0728,72.8826,Locality (matched)
215442,Indiranagar,Bangalore,Nanav Stores And Cafe,350,2.9,"Beverages,Fast Food",12.9719,77.6412,Locality (matched)
215922,Pashan,Pune,Chizzlers,700,2.9,Chinese,18.537,73.797,Locality (matched)
216077,Kondhwa,Pune,Fat Panda,250,3.2,"Fast Food,Pizzas",18.4633,73.893,Locality (matched)
216730,Khairtabad,Hyderabad,Anupama Hotel,250,3.7,"Biryani,South Indian",17.411,78.462,Locality (matched)
216980,Vadapalani,Chennai,Masala Street,50,3.5,"Chinese,Continental,South Indian,Italian",13.0503,80.2121,Locality (matched)
217047,Saki Naka,Mumbai,Navratna Hotel,200,4.2,North Indian,19.1073,72.8873,Locality (matched)
217502,Kothrud,Pune,Khandeshi Tadka,250,3.5,Maharashtrian,18.5074,73.8077,Locality (matched)
217781,Alwarpet,Chennai,Ricky'S Cookies,300,4.9,"Cafe,Snacks",13.0339,80.254,Locality (matched)
217836,Santacruz,Mumbai,Canteen Central - Burgers Pastas And More,300,4.2,American  Pastas  Snacks  Desserts  Beverages  North Indian  Asian,19.0822,72.8416,Locality (matched)
217899,Vesu,Surat,Kurtosshhh,500,2.9,Fast Food,21.14,72.777,Locality (matched)
218029,Shahpore,Surat,Royal Crush Pizzas & Burger,300,3.7,"Fast Food,Italian",21.198,72.818,Locality (matched)
218137,Topsia,Kolkata,Nigars Kitchen,200,3.8,"Indian,North Indian,Chinese,Combo,Snacks,Sweets,Beverages",22.541,88.383,Locality (matched)
218142,Andheri East,Mumbai,Arey O Sambhar,350,3.8,South Indian,19.1136,72.8697,Locality (matched)
218183,Vesu,Surat,D Healthy Hobbit,200,4.5,"Continental,Healthy Food",21.14,72.777,Locality (matched)
218353,Karve Nagar,Pune,Biryani King,300,2.9,"Chinese,North Indian",18.49,73.8163,Locality (matched)
218372,Topsia,Kolkata,Afsa Biriyani,200,2.9,Biryani,22.541,88.383,Locality (matched)
218475,Frazer Town,Bangalore,Hotel Zam Zam,250,2.9,"Biryani,North Indian,Chinese",12.9967,77.6127,Locality (matched)
218634,Ayanavaram,Chennai,Food Finger,200,4.2,Indian,13.105,80.232,Locality (matched)
218650,Teynampet,Chennai,Kake Da Punjabi Dhabba,350,4.2,"North Indian,Punjabi,Thalis,Biryani,Combo,Desserts",13.0418,80.254,Locality (matched)
218894,Magarpatta,Pune,Amhi Kolhapuri,200,3.6,"Maharashtrian,North Indian,Chinese,Tandoor",18.515,73.928,Locality (matched)
219201,Indiranagar,Bangalore,Bangalore Mandarin,800,4.3,Chinese,12.9719,77.6412,Locality (matched)
219476,Tagore Garden Extension,Delhi,Cake@99,100,2.9,Bakery,28.642,77.093,Locality (matched)
219586,Althan,Surat,Sainath Omelette,150,2.9,"Fast Food,North Indian",21.156,72.802,Locality (matched)
219711,Indiranagar,Bangalore,The Bowl Life,250,4.3,"Asian,North Indian,Continental,Healthy Food,Punjabi,Home Food,Oriental,Desserts,Beverages,Pan-Asian,Bengali,Mangalorean,Kashmiri,Lucknowi,Chinese,Sweets,Kebabs,Combo,Rajasthani,Awadhi",12.9719,77.6412,Locality (matched)
219718,Pitam Pura,Delhi,Bowlsome,250,3.9,"Asian,North Indian,Continental,Healthy Food,Punjabi,Home Food,Oriental,Desserts,Beverages,Pan-Asian,Bengali,Mangalorean,Kashmiri,Lucknowi,Chinese,Sweets,Kebabs,Combo,Rajasthani,Awadhi",28.6942,77.131,Locality (matched)
219818,Chembur,Mumbai,Mothers Kitchen,400,3.8,"Indian,North Indian,Sindhi",19.0522,72.9006,Locality (matched)
219974,Adajan,Surat,Live Egg Station,300,4.1,"North Indian,Snacks,Beverages,Biryani,Fast Food,Healthy Food,Street Food,Home Food",21.196,72.78,Locality (matched)
220046,Mylapore,Chennai,Food Point,200,4.2,"Juices,Snacks",13.0339,80.2695,Locality (matched)
220133,Aundh,Pune,Blue Dragon Chinese Katta,200,4,Chinese,18.559,73.808,Locality (matched)
220642,Indiranagar,Bangalore,Breakfast Express,200,4.2,"Continental,North Indian,South Indian,American,Beverages,British,Cafe,Combo,European,Desserts",12.9719,77.6412,Locality (matched)
220772,Ashok Nagar,Bangalore,Aubree,800,4.3,"Desserts,Bakery",12.9843,77.5936,Locality (matched)
221076,Paschim Vihar,Delhi,Roll King,300,2.9,Indian,28.6692,77.1013,Locality (matched)
221262,Sector 73,Delhi,Hashtag Foods,400,3.9,"Continental,Italian",28.6139,77.209,City-level (approximate fallback)
221321,Anna Nagar,Chennai,Chai Truck,200,4.1,"Continental,American,Fast Food,Beverages",13.085,80.2101,Locality (matched)
221697,Barabazar Market,Kolkata,Nice Fried Chicken,250,2.9,Chinese,22.572,88.351,Locality (matched)
221798,Annanagar East,Chennai,Madro Cafe,300,4.1,"Italian,Mexican,Continental",13.087,80.22,Locality (matched)
221870,Periyamet,Chennai,Creamee N Spicee,300,2.9,"Fast Food,Pizzas",13.1,80.276,Locality (matched)
222096,Rohini,Delhi,Squeezer Juice And Shakes,250,3.9,"Juices,Beverages,Ice Cream",28.7041,77.1025,Locality (matched)
222404,Andheri East,Mumbai,Oh ! Dum Biryani Taste Bangal,200,3.8,Biryani,19.1136,72.8697,Locality (matched)
222499,Pulikeshi Nagar,Bangalore,Cane Fresh,50,4.4,"Indian,Beverages,Desserts",12.995,77.61,Locality (matched)
222720,Cit Nagar,Chennai,Mandarin Oak- The Heavenly Chinese,350,4.1,"Chinese,Asian,Thai",13.04,80.234,Locality (matched)
222893,Jodhpur Park,Kolkata,Brewbakes Cafe Jodhpur Park,500,4.4,"American,Cafe,Italian,Mexican",22.503,88.362,Locality (matched)
223311,Andheri East,Mumbai,Only Roti'S,250,4.6,Fast Food,19.1136,72.8697,Locality (matched)
223314,Dum Dum,Kolkata,Khawabo Jatane Fast Food,200,4.3,"Chinese,Mughlai,North Indian",22.642,88.42,Locality (matched)
223507,Shivaji Nagar,Pune,Aasing'S Kitchen,150,2.9,Continental,18.5308,73.8478,Locality (matched)
223632,Kondhwa,Pune,Homely Meals @69,150,4,Home Food,18.4633,73.893,Locality (matched)
223936,Triplicane,Chennai,Mamieyaar Veedu,400,4.1,"Chettinad,South Indian",13.057,80.276,Locality (matched)
223939,Himayath Nagar,Hyderabad,Rice++,100,3.9,Healthy Food,17.4008,78.4813,Locality (matched)
223990,Himayath Nagar,Hyderabad,Eggsplode,150,4.2,"Salads,French,Beverages,Combo",17.4008,78.4813,Locality (matched)
223991,Himayath Nagar,Hyderabad,Break The Bread - Sandwiches And Burgers,200,3.8,"Continental,Fast Food",17.4008,78.4813,Locality (matched)
224001,Himayath Nagar,Hyderabad,The Burrito Bowl,200,4.2,Mexican  Beverages,17.4008,78.4813,Locality (matched)
224120,Kodihalli,Bangalore,Lo! - Low Carb And Keto Foods,150,4.5,"Healthy Food,Keto,North Indian,Continental",12.9611,77.6486,Locality (matched)
224125,Andheri East,Mumbai,Hybrid Theory Cafe & Bistro (Coffee Pizza Pasta Sandwiches Burgers & More),450,3.9,"Continental,Pastas,Pizzas,Snacks,Beverages",19.1136,72.8697,Locality (matched)
224130,Banjara Hills,Hyderabad,Lo! - Low Carb And Keto Foods,150,4.3,Healthy Food  Keto  North Indian  Continental,17.4156,78.4347,Locality (matched)
224349,Karve Nagar,Pune,Nawabi Zaika,200,3.8,"Fast Food,Street Food",18.49,73.8163,Locality (matched)
224354,Bhowanipore,Kolkata,Kake D Hatti,400,3.9,North Indian,22.527,88.345,Locality (matched)
224426,Purasaiwakkam,Chennai,Faasos,200,4.2,"Combo,Snacks,Beverages,Desserts,Indian",13.085,80.254,Locality (matched)
224427,Purasaiwakkam,Chennai,Behrouz Biryani,500,4.2,"Biryani,Mughlai,Lucknowi,Hyderabadi,Kebabs,North Indian,Persian,Desserts",13.085,80.254,Locality (matched)
224428,Purasaiwakkam,Chennai,Oven Story Pizza,600,4.1,Pizzas,13.085,80.254,Locality (matched)
224429,Purasaiwakkam,Chennai,Firangi Bake,400,4.3,"Italian,Mexican,Pastas",13.085,80.254,Locality (matched)
224430,Purasaiwakkam,Chennai,Sweet Truth - Cake And Desserts,450,4.2,"Ice Cream,Bakery,Desserts,Beverages",13.085,80.254,Locality (matched)
224431,Purasaiwakkam,Chennai,The Good Bowl,400,4.2,"North Indian,Punjabi,Biryani,Combo,Chinese,Beverages,Desserts,Jain,Indian,Hyderabadi,Mughlai",13.085,80.254,Locality (matched)
224432,Purasaiwakkam,Chennai,The Biryani Life,250,4.1,"Biryani,Hyderabadi,Lucknowi,North Indian,Mughlai,Combo,Desserts",13.085,80.254,Locality (matched)
224476,Vadgaon Budruk,Pune,Hotel Al Madeena,300,2.9,"Chinese,North Indian",18.463,73.81,Locality (matched)
224482,Vadgaon Budruk,Pune,Master Chef,300,4,"Chinese,North Indian",18.463,73.81,Locality (matched)
224601,Egmore,Chennai,Tic Tac Rolls (Since 1981),250,3.7,"Fast Food,Tandoor,Biryani",13.0732,80.2609,Locality (matched)
225047,Jogupalya,Bangalore,Sampurna - The House Of Southern Flavours,200,4.2,"South Indian,Hyderabadi,Andhra,Biryani,Desserts,Snacks",12.9707,77.621,Locality (matched)
225317,Rohini,Delhi,La Pino'Z Pizza,500,3.9,Pizzas,28.7041,77.1025,Locality (matched)
225325,Gopipura,Surat,Delhi Dastarkhwan Restaurant,200,4,Mughlai,21.19,72.828,Locality (matched)
225469,Pashan,Pune,Food China - Momos And Noodles,200,2.9,"Chinese,Tibetan,Fast Food,Snacks,Beverages",18.537,73.797,Locality (matched)
225573,Purasaiwakkam,Chennai,Kekiz - The Cake Shop,200,2.9,"Bakery,Desserts,Beverages",13.085,80.254,Locality (matched)
225614,Dudheshwar,Ahmedabad,Bombay Biryani,250,3.5,Biryani,23.043,72.592,Locality (matched)
225737,Kothrud,Pune,S & B The Cake Factory,450,2.9,"Desserts,Bakery",18.5074,73.8077,Locality (matched)
225911,Purasaiwakkam,Chennai,The Great Wall Of China,300,2.9,Chinese,13.085,80.254,Locality (matched)
225917,Purasaiwakkam,Chennai,Taj Mughalai,300,4.4,"Biryani,North Indian,South Indian,Chinese",13.085,80.254,Locality (matched)
225932,Bhowanipore,Kolkata,Just Fries,250,4.1,"American,Snacks,Fast Food,Ice Cream,Desserts",22.527,88.345,Locality (matched)
226102,Tollygunge,Kolkata,Binge Baefikar,250,4.4,"American,Fast Food,Healthy Food,Indian,Mexican",22.499,88.345,Locality (matched)
226267,Powai,Mumbai,Chai Point,150,4.4,Bakery  Combo  Beverages  Maharashtrian  Snacks  Street Food  South Indian  Punjabi  Fast Food,19.1176,72.906,Locality (matched)
226432,Kothrud,Pune,Wow! China,300,3.9,"Tibetan,Fast Food,Chinese,Asian,Snacks,Continental,Desserts,Beverages",18.5074,73.8077,Locality (matched)
226443,Khar West,Mumbai,Jimmy'S Dhaba,500,2.9,North Indian  Desserts,19.0696,72.8355,Locality (matched)
226467,Kharkhana & Trimulgherry,Hyderabad,Brown Bear,250,3.4,Bakery  Desserts,17.465,78.505,Locality (matched)
226916,Guttahalli,Bangalore,Chinese Nalapaka,200,3.9,"Chinese,Indian",13.0037,77.5776,Locality (matched)
227153,Teynampet,Chennai,Lucky Da Punjabi Dhabba,350,4.2,"Punjabi,North Indian,Thalis,Kebabs,Tandoor",13.0418,80.254,Locality (matched)
227447,Kilpauk,Chennai,Waffle Shack,200,2.9,"Bakery,Desserts",13.085,80.241,Locality (matched)
227535,Kothrud,Pune,Cake Paradise,450,3.5,"Desserts,Bakery",18.5074,73.8077,Locality (matched)
227678,Alwarpet,Chennai,Phuket Street,750,4.4,Thai,13.0339,80.254,Locality (matched)
228089,Kothrud,Pune,Bon Bon Candy Cake Shop,150,2.9,Bakery,18.5074,73.8077,Locality (matched)
228215,Banjara Hills,Hyderabad,Cafe Niloufer Premium Lounge,200,4.5,Bakery  Fast Food  Snacks  Beverages,17.4156,78.4347,Locality (matched)
228227,Dilsukhnagar,Hyderabad,Telangana Inti Ruchulu,200,4.3,"South Indian,Telangana,Home Food",17.3687,78.5247,Locality (matched)
228565,Katad Khana,Pune,Subhanallah Biryani House,200,3.8,"Biryani,Chinese,North Indian,Mughlai,Fast Food,Beverages",18.5204,73.8567,City-level (approximate fallback)
228941,Chembur,Mumbai,Momo Maniacs,300,4,Chinese,19.0522,72.9006,Locality (matched)
228945,Chembur,Mumbai,Khichdi Wala,150,3.9,"Indian,Home Food,North Indian",19.0522,72.9006,Locality (matched)
228948,Chembur,Mumbai,Garnish,600,2.9,"Chinese,Indian,Malwani",19.0522,72.9006,Locality (matched)
229279,Erandwane,Pune,Behrouz Biryani,500,4.2,"Biryani,Mughlai,Lucknowi,Hyderabadi,Kebabs,North Indian,Persian,Desserts",18.5089,73.83,Locality (matched)
229280,Erandwane,Pune,Oven Story Pizza,600,4,Pizzas,18.5089,73.83,Locality (matched)
229286,Erandwane,Pune,Mandarin Oak- The Heavenly Chinese,350,3.8,"Chinese,Asian,Thai",18.5089,73.83,Locality (matched)
229288,Erandwane,Pune,Slay Coffee,200,4.3,"Beverages,Desserts",18.5089,73.83,Locality (matched)
229606,Guru Nanak Nagar,Pune,Gelato Italiano,150,2.9,Desserts,18.5,73.87,Locality (matched)
229718,Kurla,Mumbai,Hashtag 99 The Shawarma Specialist,250,3.1,"Fast Food,Tandoor",19.0728,72.8826,Locality (matched)
229977,Balkampet,Hyderabad,Persis Cafe,300,4.2,Indian,17.427,78.439,Locality (matched)
230287,Golpark,Kolkata,Bake India Dumdum,250,4.3,"Bakery,Indian",22.517,88.363,Locality (matched)
230414,Bhowanipore,Kolkata,35 Bar & Lounge,1000,2.9,"Asian,Continental,Indian",22.527,88.345,Locality (matched)
230976,Indiranagar,Bangalore,The Biryani Experiment,500,3.9,"Biryani,Hyderabadi,Indian,Kebabs,North Indian,South Indian,Andhra,Afghani,Combo,Desserts,Beverages,Punjabi,Kerala,Sweets,Arabian,Lucknowi,Parsi,Tandoor",12.9719,77.6412,Locality (matched)
231270,Sakivihar,Mumbai,Bowlsome,250,4.2,Asian  North Indian  Continental  Healthy Food  Punjabi  Home Food  Oriental  Desserts  Beverages  Pan-Asian  Bengali  Mangalorean  Kashmiri  Lucknowi  Chinese  Sweets  Kebabs  Combo  Rajasthani  Awadhi,19.1073,72.8873,Locality (matched)
231446,Thousand Lights,Chennai,Fresh Pressery Cafe,500,4.5,"Healthy Food,Cafe,Desserts",13.0569,80.254,Locality (matched)
231619,Shivajinagar,Pune,Cafe Madeline,300,2.9,European,18.5308,73.8478,Locality (matched)
231623,Bhowanipore,Kolkata,Cakerica,500,2.9,Bakery,22.527,88.345,Locality (matched)
231669,Himayatnagar,Hyderabad,Cheesiaano Pizza,300,4,"Italian,Pizzas",17.4008,78.4813,Locality (matched)
231740,Vasanth Nagar,Bangalore,Ketogenic Foods,1200,4.2,"Continental,Desserts,Healthy Food",12.9899,77.5926,Locality (matched)
231761,Indiranagar,Bangalore,Vegan Kitchen - By Infinitea,1200,4.5,"Continental,Desserts,Italian,Healthy Food",12.9719,77.6412,Locality (matched)
231946,Vasanth Nagar,Bangalore,Vegan Kitchen,1200,2.9,"Continental,Desserts,Italian,Healthy Food",12.9899,77.5926,Locality (matched)
232006,Adajan Patiya,Surat,Rooster,400,4.2,Pizzas,21.196,72.78,Locality (matched)
232252,Golpark,Kolkata,The Brewing Leaf,300,4.2,"Beverages,Continental,Indian,Thalis,Oriental,Bengali,Snacks",22.517,88.363,Locality (matched)
232278,Pitam Pura,Delhi,Shawarma Wala,300,3.4,North Indian,28.6942,77.131,Locality (matched)
232447,Kondhwa,Pune,Bring It On Cafe,300,2.9,"American,Bakery,Italian",18.4633,73.893,Locality (matched)
232531,Hadapsar,Pune,Punjabi Darbar Rasoi King,350,3.9,"North Indian,Chinese",18.5089,73.926,Locality (matched)
232802,Sector 7 Rohini,Delhi,The Burger Club,250,4.2,"Fast Food,American,Beverages,Desserts",28.718,77.122,Locality (matched)
233050,Abids,Hyderabad,Faasos,200,4,"Combo,Snacks,Beverages,Desserts",17.3915,78.4756,Locality (matched)
233051,Abids,Hyderabad,Behrouz Biryani,500,3.8,"Biryani,Mughlai,Lucknowi,Hyderabadi,Kebabs,North Indian,Persian,Desserts",17.3915,78.4756,Locality (matched)
233052,Abids,Hyderabad,Oven Story Pizza,600,3.9,Pizzas,17.3915,78.4756,Locality (matched)
233053,Abids,Hyderabad,Firangi Bake,400,3.9,"Italian,Mexican,Pastas",17.3915,78.4756,Locality (matched)
233054,Abids,Hyderabad,Sweet Truth - Cake And Desserts,450,3.9,"Ice Cream,Bakery,Desserts,Beverages",17.3915,78.4756,Locality (matched)
233055,Abids,Hyderabad,The Good Bowl,400,3.9,North Indian  Punjabi  Biryani  Combo  Chinese  Beverages  Desserts  Jain  Indian  Hyderabadi  Mughlai,17.3915,78.4756,Locality (matched)
233056,Abids,Hyderabad,The Biryani Life,250,4,"Biryani,North Indian,Chinese",17.3915,78.4756,Locality (matched)
233057,Abids,Hyderabad,Lunchbox,200,4.1,"North Indian,Punjabi,Combo,Biryani,Healthy Food,Jain,Thalis,Indian,Mughlai,Desserts",17.3915,78.4756,Locality (matched)
233117,Anna Nagar,Chennai,Juisome,200,4.2,"Continental,Juices,Beverages",13.085,80.2101,Locality (matched)
233121,Himayath Nagar,Hyderabad,Eggasm,200,4,"Chinese,Indian",17.4008,78.4813,Locality (matched)
233248,Matunga,Mumbai,Breakfast Bistro,500,4,American  European  Continental,19.027,72.848,Locality (matched)
233316,Kondhwa,Pune,Tandoor Point,300,3.1,"Mughlai,North Indian,Chinese",18.4633,73.893,Locality (matched)
233558,Bidhannagar,Kolkata,Delish Bakery,500,2.9,Bakery,22.585,88.418,Locality (matched)
233656,Kothapet,Hyderabad,Palamuru Grill,600,4.1,"South Indian,Kebabs,Biryani",17.3745,78.531,Locality (matched)
233743,George Town,Chennai,Dark Smoke Bbq Restaurant,300,3.9,"Barbecue,Indian",13.094,80.287,Locality (matched)
233766,Vakola,Mumbai,Meal Studio,250,4,"North Indian,Indian,Combo,Desserts,Beverages,Home Food,Healthy Food,Thalis,Maharashtrian",19.079,72.854,Locality (matched)
233819,Chembur,Mumbai,Traditional Chinese,500,3.8,Chinese  Fast Food,19.0522,72.9006,Locality (matched)
233852,Bidhannagar,Kolkata,Haveli,1200,4,Indian,22.585,88.418,Locality (matched)
234274,Gowlipura,Hyderabad,Kitchen Maha Raja,250,4.3,Indian,17.369,78.479,Locality (matched)
234747,Vatva,Ahmedabad,Bombay A-One Bhatiyara,150,3.7,"Biryani,Mughlai",22.96,72.626,Locality (matched)
234811,Scruz Bandra East,Mumbai,Ulta Tawa,250,2.9,Indian,19.075,72.845,Locality (matched)
235693,Ahiritola,Kolkata,Mother Kitchen,100,2.9,Indian,22.597,88.356,Locality (matched)
235817,Bkc,Mumbai,Boss Burger,500,3.6,"American,Continental,Fast Food,Combo",19.0668,72.8681,Locality (matched)
235838,Banjara Hills,Hyderabad,Express By Ab'S,350,3.7,"Biryani,North Indian,Chinese,South Indian",17.4156,78.4347,Locality (matched)
235914,Jodhpur Park,Kolkata,Old Mate'S,500,2.9,"Continental,Chinese",22.503,88.362,Locality (matched)
236168,Andheri East,Mumbai,Hb Brownies,300,2.9,"Bakery,Desserts,Sweets",19.1136,72.8697,Locality (matched)
236435,Piplod,Surat,Starbucks Coffee,400,4.5,"Beverages,Bakery",21.166,72.777,Locality (matched)
236650,Powai,Mumbai,Bismillah Restaurant,500,2.9,"Indian,North Indian",19.1176,72.906,Locality (matched)
236756,Andheri East,Mumbai,Mother'S Touch Gujrati,200,3.2,Indian,19.1136,72.8697,Locality (matched)
236833,Sadar Bazaar,Pune,Red Hot Chinese Center,250,4.3,Indian,18.514,73.879,Locality (matched)
236838,Chembur,Mumbai,Food And You,300,2.9,"Beverages,Fast Food,Juices",19.0522,72.9006,Locality (matched)
236924,Saki Naka,Mumbai,Supreme Combo'S,200,2.9,"Chinese,Combo",19.1073,72.8873,Locality (matched)
236980,Powai,Mumbai,The Manchurian Factory,250,2.9,Chinese  Thai  Asian  Oriental,19.1176,72.906,Locality (matched)
237003,New Malakpet,Hyderabad,Burger King,350,4.1,"American,Fast Food",17.3735,78.498,Locality (matched)
237054,Himayath Nagar,Hyderabad,Cafe Bahar Since 1973,300,4,"Mughlai,Biryani,Indian,Chinese,Tandoor",17.4008,78.4813,Locality (matched)
237165,Lake Town,Kolkata,The London Nail Art & Cafe,300,3.9,"Beverages,Desserts,Pastas,Pizzas,Continental,American,Snacks",22.605,88.395,Locality (matched)
237245,Saki Naka,Mumbai,Pure Veg Chinese,300,2.9,"Chinese,Pan-Asian,Indian,Thai",19.1073,72.8873,Locality (matched)
237387,Tagore Garden Extension,Delhi,The Thali Station,200,3.8,"North Indian,Punjabi,Desserts",28.642,77.093,Locality (matched)
237472,Richmond Town,Bangalore,Edesia By Freshmenu,150,2.9,"Desserts,Bakery,Sweets",12.9611,77.6033,Locality (matched)
237488,Chembur,Mumbai,Edesia By Freshmenu,150,4,"Desserts,Bakery,Sweets",19.0522,72.9006,Locality (matched)
237511,Jogeshwari East,Mumbai,Cafe Safar ( Andheri East ),250,4,Chinese  North Indian  Biryani  Desserts,19.1364,72.8534,Locality (matched)
237526,Richmond Town,Bangalore,Big Biriyani Company,350,2.5,"Biryani,Mughlai",12.9611,77.6033,Locality (matched)
237548,Andheri East,Mumbai,Big Biriyani Company,350,2.9,"Biryani,Mughlai",19.1136,72.8697,Locality (matched)
238013,Kalyani Nagar,Pune,Pune Food Factory,300,4.2,"Chinese,Indian,Maharashtrian,Punjabi",18.5479,73.9014,Locality (matched)
238436,Vastrapur,Ahmedabad,Taco Bell,300,3.8,Mexican,23.039,72.529,Locality (matched)
238506,Alwarpet,Chennai,Grow Fit,300,4.2,"Healthy Food,North Indian,Combo",13.0339,80.254,Locality (matched)
238549,Rohini,Delhi,Nine 11,800,4.1,"Indian,North Indian",28.7041,77.1025,Locality (matched)
238697,Perambur,Chennai,Master Oru Tea,80,3.8,Indian,13.1155,80.234,Locality (matched)
238788,Santacruz East,Mumbai,Wedesi Kitchen,300,4.2,"Chinese,Lebanese,Continental,Pizzas,Snacks",19.0822,72.8416,Locality (matched)
239083,Powai,Mumbai,Noodle Bar,550,2.9,Chinese  Continental,19.1176,72.906,Locality (matched)
239190,Powai,Mumbai,Food Style,400,2.9,Indian,19.1176,72.906,Locality (matched)
239364,Nungambakkam,Chennai,Lo Cal By Dumbell,250,4.2,"Healthy Food,Indian,Keto,Desserts",13.0569,80.2425,Locality (matched)
239413,Indiranagar,Bangalore,Just Shawarma,180,3.9,Arabian,12.9719,77.6412,Locality (matched)
239456,Bidhannagar,Kolkata,Kouzina Express,800,4.2,"North Indian,Chinese,Italian,Biryani,Healthy Food,Kebabs,Beverages,Desserts",22.585,88.418,Locality (matched)
239533,Bidhannagar,Kolkata,Galouti,350,3.8,"Awadhi,Biryani,Kebabs",22.585,88.418,Locality (matched)
239629,Kothrud,Pune,Superman Momos,150,3.9,"Chinese,Tibetan,Nepalese,Tandoor,Pizzas,Snacks,Beverages",18.5074,73.8077,Locality (matched)
239645,Balavinayagar Nagar,Chennai,Mumbai Kulfi,150,4.4,"Ice Cream,Snacks,Beverages",13.0827,80.2707,City-level (approximate fallback)
239650,Egmore,Chennai,Yalla Pizza,250,4.2,"Pizzas,Pastas,Italian",13.0732,80.2609,Locality (matched)
239753,Ellisbridge,Ahmedabad,The Halal Kitchen,250,4.1,"North Indian,Chinese,Afghani,Biryani",23.023,72.568,Locality (matched)
239920,Perambur,Chennai,Chennai Mugil Soup,200,2.9,Fast Food,13.1155,80.234,Locality (matched)
239924,T Nagar,Chennai,Anburaj Resturant Briyani & Fast Food,250,4.1,"Biryani,North Indian",13.0418,80.2341,Locality (matched)
239928,Jodhpur Park,Kolkata,Lukochuri,250,3.7,"Chinese,Indian,Thalis,Salads,Healthy Food,Snacks",22.503,88.362,Locality (matched)
240148,Koramangala,Bangalore,Gudbud,300,4.6,"Ice Cream,Desserts",12.9352,77.6245,Locality (matched)
240217,Kothrud,Pune,Dinewise,200,4.5,Indian,18.5074,73.8077,Locality (matched)
240435,Kilpauk,Chennai,Hungsters,300,4.2,Fast Food,13.085,80.241,Locality (matched)
240445,Saki Naka,Mumbai,Taco Bell,300,3.8,Mexican,19.1073,72.8873,Locality (matched)
240742,New Malakpet,Hyderabad,Mandi King Arabian Restaurant,500,3.9,"Arabian,Tandoor,North Indian,Chinese,Desserts",17.3735,78.498,Locality (matched)
240756,Banjara Hills,Hyderabad,Sauced Up,200,4.4,"American,Fast Food",17.4156,78.4347,Locality (matched)
240758,Madannapet Colony,Hyderabad,Rumaan Restaurant,300,4,"Biryani,Tandoor,North Indian,Chinese,Kebabs,Mughlai",17.365,78.5,Locality (matched)
240828,Kothrud,Pune,Nipr Bar,600,4.6,"Continental,Italian,North Indian",18.5074,73.8077,Locality (matched)
240865,Lakdikapul,Hyderabad,Arabella House Of Arabic & Lebanese Cuisine,1000,3.7,Indian,17.403,78.465,Locality (matched)
240895,Lakdikapul,Hyderabad,Pathemari Kerala Restaurant,300,4.1,"Kerala,South Indian",17.403,78.465,Locality (matched)
240964,Kothrud,Pune,Let'S Order Chinese,250,2.9,"Chinese,Pan-Asian,Nepalese,Fast Food,Combo,Tibetan",18.5074,73.8077,Locality (matched)
240970,Kothrud,Pune,How'S The Bowl,150,3.6,"North Indian,Punjabi,Chinese,Biryani,Seafood,Combo,Desserts,Beverages",18.5074,73.8077,Locality (matched)
241028,Jodhpur Park,Kolkata,Ubuntu Eat,350,4.4,"Healthy Food,Bengali,Chinese,Continental",22.503,88.362,Locality (matched)
241079,Aundh,Pune,The Chinese Box,450,2.9,"Chinese,Indian",18.559,73.808,Locality (matched)
241166,Kalighat,Kolkata,The Daily Cafe,1000,4.5,"Continental,Indian",22.519,88.342,Locality (matched)
241345,Pitam Pura,Delhi,Hong'S Kitchen,250,3.8,"Chinese,Asian,Combo,Tibetan",28.6942,77.131,Locality (matched)
241381,Uppal,Hyderabad,Seema Ruchulu,300,3.6,"Indian,South Indian",17.4062,78.559,Locality (matched)
241496,Aundh,Pune,Zaffraan Indian Kitchen,450,2.9,"Indian,Mughlai",18.559,73.808,Locality (matched)
241844,Powai,Mumbai,Desi Chinese Adda,250,2.9,"Chinese,Fast Food",19.1176,72.906,Locality (matched)
241851,Powai,Mumbai,Aamra Bangali By Ranjana'S Rannaghor,200,3.8,"Bengali,Mughlai",19.1176,72.906,Locality (matched)
242145,Salt Lake,Kolkata,Calcutta King,500,4.1,"Chinese,Asian",22.585,88.418,Locality (matched)
242424,T. Nagar,Chennai,Paradise Biryani,400,4,"Biryani,Kebabs",13.0418,80.2341,Locality (matched)
242429,Elgin,Kolkata,Gelato Italiano,150,2.9,"Desserts,Ice Cream",22.538,88.352,Locality (matched)
242515,Koramangala,Bangalore,Burritos & Bowls Mexican Kitchen,450,4.2,"Mexican,Salads",12.9352,77.6245,Locality (matched)
242554,Old Washermanpet,Chennai,Atho Man Ecstasy,300,2.9,"Chaat,Chinese,Desserts,Fast Food,Ice Cream,Italian,Snacks",13.114,80.282,Locality (matched)
242640,Pulikeshi Nagar,Bangalore,Sigdee,500,2.9,Indian,12.995,77.61,Locality (matched)
243025,Vastrapur,Ahmedabad,After Dark,300,4.2,Indian,23.039,72.529,Locality (matched)
243172,Shivajinagar,Pune,Boss Burger,500,4,"American,Continental,Fast Food,Combo",18.5308,73.8478,Locality (matched)
243195,Old Washermanpet,Chennai,Super Shawarma,250,3.4,Indian,13.114,80.282,Locality (matched)
243213,Kavadiguda,Hyderabad,Tempteas,100,3.4,Beverages  Snacks,17.406,78.497,Locality (matched)
243322,Kankurgachi,Kolkata,Sharma And Sons,250,3.9,Chinese  Indian,22.585,88.39,Locality (matched)
243625,Narayan Peth,Pune,Kfc,400,4.1,"American,Fast Food,Snacks",18.514,73.853,Locality (matched)
243665,Tilak Nagar,Delhi,Asia Seven,350,3.9,"Chinese,Asian,Pan-Asian,Snacks",28.639,77.092,Locality (matched)
243755,Koramangala,Bangalore,154 Breakfast Club,1000,4.4,"Continental,American",12.9352,77.6245,Locality (matched)
243852,Paschim Vihar,Delhi,The Basil Box,1000,4,"Italian,Pizzas,Salads",28.6692,77.1013,Locality (matched)
244401,George Town,Chennai,Srishti Snacks,250,4.3,Indian,13.094,80.287,Locality (matched)
244704,Perambur,Chennai,Cafe Mingles,200,3.8,"Lebanese,Arabian,Beverages",13.1155,80.234,Locality (matched)
244709,Mylapore,Chennai,Srinivasan Andhra Mess,250,3.6,Indian,13.0339,80.2695,Locality (matched)
244717,Salt Lake,Kolkata,Rasna Buzz,250,4.3,"American,Pizzas,Fast Food,Juices,Salads,Pastas,Snacks,Beverages,Street Food",22.585,88.418,Locality (matched)
245280,Scruz Bandra East,Mumbai,Shivs Kitchen,300,2.9,"Beverages,Chinese,Desserts,Indian",19.075,72.845,Locality (matched)
245496,Powai,Mumbai,Abhi'S Kitchen,450,4,Indian,19.1176,72.906,Locality (matched)
245602,Shivajinagar,Pune,Blue Box Biryani,300,2.9,"Biryani,North Indian,Beverages,Desserts",18.5308,73.8478,Locality (matched)
245614,Dhankawadi,Pune,The Chinese Monk,200,3.9,"Chinese,Combo,Tibetan,Healthy Food,Pan-Asian",18.457,73.847,Locality (matched)
245773,Govandi East,Mumbai,Foodies Chinese Corner,250,4.1,Indian,19.047,72.913,Locality (matched)
245821,Kothrud,Pune,Zillionth Bistro,300,4.3,"Chinese,Snacks,Asian,Fast Food",18.5074,73.8077,Locality (matched)
246000,Chembur,Mumbai,Chopstick,600,2.9,"Chinese,Indian,Mughlai",19.0522,72.9006,Locality (matched)
246169,Thousand Lights,Chennai,Batter,300,4.1,"Desserts,Ice Cream",13.0569,80.254,Locality (matched)
246208,Rohini,Delhi,Bikaner Sweet India,200,3.3,Indian,28.7041,77.1025,Locality (matched)
246268,George Town,Chennai,Hotel Prayag,300,3.9,Indian,13.094,80.287,Locality (matched)
246341,Kalighat,Kolkata,Biryan - Flavour Of Nawabs,300,4.1,Biryani,22.519,88.342,Locality (matched)
246410,Chembur,Mumbai,Mughal Darbar,700,2.8,"Chinese,Indian,Mughlai",19.0522,72.9006,Locality (matched)
246536,East Kolkata Township,Kolkata,House Of Bhukkars,300,4.4,"Chinese,Continental,Indian,Seafood",22.535,88.415,Locality (matched)
246644,Rohini,Delhi,Meal Studio,250,3.9,"North Indian,Indian,Combo,Desserts,Beverages,Home Food,Healthy Food,Thalis,Maharashtrian",28.7041,77.1025,Locality (matched)
246810,Rajajinagar,Bangalore,Cake Pastries,500,3.9,Bakery,12.9905,77.5554,Locality (matched)
246826,Thousand Lights,Chennai,Iyer'S Delight - Nungambakkam,200,4.3,South Indian,13.0569,80.254,Locality (matched)
246835,Egmore,Chennai,China Town,500,4.5,Chinese,13.0732,80.2609,Locality (matched)
246946,Begumpet,Hyderabad,Cakes11,200,4,Bakery  Desserts,17.44,78.465,Locality (matched)
247042,Kothrud,Pune,The Burger Project,350,3,"American,Beverages,Desserts,Snacks",18.5074,73.8077,Locality (matched)
247125,Kestopur,Kolkata,Desi Chinese,350,4.2,Chinese,22.602,88.426,Locality (matched)
247131,Southern Avenue Gariahat,Kolkata,House Of Wong By Mamasan,400,4.2,"Asian,Chinese",22.519,88.363,Locality (matched)
247152,New Alipore,Kolkata,95 Degree,600,4.2,Continental  Bakery  Pan-Asian,22.51,88.332,Locality (matched)
247502,Andheri East,Mumbai,Instawich,300,4.3,Fast Food  Snacks  Beverages,19.1136,72.8697,Locality (matched)
247711,Andheri East,Mumbai,Punjab Heritage,300,2.9,North Indian,19.1136,72.8697,Locality (matched)
247716,Indiranagar,Bangalore,Lot Like Crepes Indiranagar,500,4.3,"French,American,Italian,Desserts",12.9719,77.6412,Locality (matched)
247717,Kalighat,Kolkata,Paradise Biryani,400,4.1,Biryani  Kebabs,22.519,88.342,Locality (matched)
247759,Chembur,Mumbai,Mamlekar Nx,200,2.9,"Desserts,Juices",19.0522,72.9006,Locality (matched)
247769,Wanowrie,Pune,Paratha Pind Da,300,2.9,Maharashtrian,18.4934,73.889,Locality (matched)
247814,Wanowrie,Pune,Nawabs Biryani & Kababs,300,2.9,"Maharashtrian,Mughlai",18.4934,73.889,Locality (matched)
248100,East Kolkata Township,Kolkata,Punjabi Zaika,300,3.9,North Indian,22.535,88.415,Locality (matched)
248129,Karve Nagar,Pune,King'S Chinese & Restaurant,150,2.9,Indian,18.49,73.8163,Locality (matched)
248171,Anna Nagar,Chennai,Yaa Mohaideen Biryani,600,3.9,Biryani,13.085,80.2101,Locality (matched)
248216,Koregaon Park,Pune,Moshi Moshi,1255,4.1,"Asian,Chinese,Sushi,Thai,Japanese",18.5362,73.8938,Locality (matched)
248298,Andheri East,Mumbai,Ching Chong Asian,400,3.8,"Chinese,Asian",19.1136,72.8697,Locality (matched)
248367,Chembur,Mumbai,Shawarma House,600,2.9,Indian,19.0522,72.9006,Locality (matched)
248444,Arumbakkam,Chennai,Hotel Pandia'S - (Cmbt),400,4.2,"Biryani,Chettinad,Chinese,South Indian",13.073,80.21,Locality (matched)
248492,Andheri East,Mumbai,Momoguy,400,3.9,"Tibetan,Chinese",19.1136,72.8697,Locality (matched)
248512,Narayanguda,Hyderabad,Miami Shakes & More,300,3,"Beverages,Desserts",17.4013,78.4913,Locality (matched)
248878,Kothapet & Dilshuknagar,Hyderabad,Chung Hua Estd 1983,300,3.9,"Chinese,Asian,Thai,Seafood,Singaporean",17.37,78.528,Locality (matched)
248894,Taltala,Kolkata,New Arafat Restaurant,200,3.8,Indian,22.562,88.358,Locality (matched)
249050,Paschim Vihar,Delhi,Punjabi Dhaba - Paschim Vihar,300,4,"Indian,North Indian",28.6692,77.1013,Locality (matched)
249135,Sakivihar,Mumbai,The Biryani Experiment,500,4.1,"Biryani,Hyderabadi,Indian,Kebabs,North Indian,South Indian,Andhra,Afghani,Combo,Desserts,Beverages,Punjabi,Kerala,Sweets,Arabian,Lucknowi,Parsi,Tandoor",19.1073,72.8873,Locality (matched)
249159,Wanowrie,Pune,Executive Meals,300,2.9,"Maharashtrian,Mughlai",18.4934,73.889,Locality (matched)
249290,Shivajinagar,Pune,Millie'S Cookies,200,2.9,"Cafe,Bakery",18.5308,73.8478,Locality (matched)
249303,New Malakpet,Hyderabad,Melting Pot,400,3.7,"Chinese,North Indian",17.3735,78.498,Locality (matched)
249351,Baranagar,Kolkata,Rosheiya,500,2.9,Indian,22.642,88.372,Locality (matched)
249354,Navsari Bazaar,Surat,Biryani Junction,155,3,Indian,21.19,72.828,Locality (matched)
249538,Benson Town,Bangalore,Britalian Kitchen,600,2.9,"British,Italian,French",13.0016,77.6144,Locality (matched)
249957,Beleghata,Kolkata,Rosoighorer Rohosyo,300,4.2,"Bengali,Thalis,Combo,Snacks,Chinese",22.562,88.39,Locality (matched)
249988,Sinthee,Kolkata,Qfc,250,3.5,Indian,22.622,88.383,Locality (matched)
250077,Bhowanipore,Kolkata,Tadka,400,4.3,"North Indian,Biryani,Kebabs,Snacks,Indian,Desserts",22.527,88.345,Locality (matched)
250244,Malakpet,Hyderabad,Rabiyas Kitchen,250,4.2,Indian,17.3735,78.498,Locality (matched)
250508,Ashok Nagar,Bangalore,Burger And Beyond,250,3.9,"American,Fast Food,Beverages",12.9843,77.5936,Locality (matched)
250683,Himayatnagar,Hyderabad,Zomoz-The Momo Company,150,4.3,"Fast Food,Tibetan,Chinese",17.4008,78.4813,Locality (matched)
250779,Ghatkopar East,Mumbai,Lsd - Love Sugar & Dough,200,3.8,"Bakery,Desserts,Beverages",19.0857,72.9083,Locality (matched)
250918,Chembur,Mumbai,Kilo Party,500,2.9,Indian,19.0522,72.9006,Locality (matched)
250978,Wanowrie,Pune,Sugren Homemade Non Veg,500,4.1,Indian,18.4934,73.889,Locality (matched)
251092,Navsari Bazaar,Surat,Badshahi Biryani,200,3.1,Biryani,21.19,72.828,Locality (matched)
251318,Kodambakkam,Chennai,Rasna Buzz,200,2.9,Beverages,13.05,80.2241,Locality (matched)
251374,Ghatkopar East,Mumbai,The Chocolate Heaven,300,3.9,"Desserts,Italian,Snacks",19.0857,72.9083,Locality (matched)
251375,Gariahat,Kolkata,Jiya Snacks,250,2.9,"Indian,Chinese",22.519,88.363,Locality (matched)
251539,Andheri East,Mumbai,Zoodles,350,2.9,"Fast Food,Pan-Asian,Chinese,Seafood,Thai,Asian,Desserts",19.1136,72.8697,Locality (matched)
251550,Nungambakkam,Chennai,Tandoori Dhaba,350,4.3,"North Indian,Punjabi,Tandoor,Mughlai,Indian,Lucknowi,Combo",13.0569,80.2425,Locality (matched)
251568,Punjagutta,Hyderabad,Cookie Man Next Galleria Punjagutta,200,4.1,Bakery  Desserts  Australian  Snacks,17.4256,78.453,Locality (matched)
251577,Adikmet,Hyderabad,Euphoria,800,4.7,Desserts,17.401,78.506,Locality (matched)
251625,Chembur,Mumbai,Green Cravings,250,4.2,Healthy Food  Continental  Keto  Indian  Salads,19.0522,72.9006,Locality (matched)
252004,Vastrapur,Ahmedabad,Om Food Center - Vastrapur Lake,200,4.1,"Indian,North Indian,Punjabi,Gujarati,Thalis,Combo",23.039,72.529,Locality (matched)
252048,Kalighat,Kolkata,Food Peddler Sandwiches,300,4.5,"Fast Food,Continental,Beverages,Snacks,Healthy Food,Combo",22.519,88.342,Locality (matched)
252213,Koramangala,Bangalore,Lassi Corner,199,3.3,"Beverages,Ice Cream",12.9352,77.6245,Locality (matched)
252386,Antop Hill,Mumbai,The Shawarma And Momo Factory,120,3.9,Fast Food,19.0224,72.858,Locality (matched)
252412,Ashok Nagar,Bangalore,Anjappar,400,4.1,"Chettinad,Thalis,Biryani,Chinese,Tandoor,South Indian,North Indian",12.9843,77.5936,Locality (matched)
252667,Viveka Nagar,Bangalore,Maven Kitchen,199,4.6,"Naga,Chinese",12.928,77.628,Locality (matched)
252761,Chiriamore,Kolkata,Aannaz,350,3.9,"Indian,Chinese,Biryani,Snacks,Thalis,Combo,Pizzas,Juices,North Indian,Fast Food",22.635,88.43,Locality (matched)
252782,Koramangala,Bangalore,Aramane Donne Biriyani,300,4.3,Indian,12.9352,77.6245,Locality (matched)
253046,Khar West,Mumbai,Sadak Chaap,200,4.4,North Indian,19.0696,72.8355,Locality (matched)
253180,Chembur,Mumbai,Foodin,300,4,"Biryani,Chinese,Desserts,North Indian,Tandoor",19.0522,72.9006,Locality (matched)
253448,Kotturpuram,Chennai,Pizzeria By Ciclo,500,4.1,Pizzas,13.027,80.241,Locality (matched)
253578,Saki Naka,Mumbai,Mandarin Oak- The Heavenly Chinese,350,4.2,Chinese  Asian  Thai,19.1073,72.8873,Locality (matched)
253669,Aundh,Pune,Chinese Whinese,300,2.9,"Chinese,Indian",18.559,73.808,Locality (matched)
253671,Aundh,Pune,Lost Heaven,300,2.9,"Chinese,Kebabs",18.559,73.808,Locality (matched)
253683,Aundh,Pune,Yummy China,300,2.9,"Chinese,Indian",18.559,73.808,Locality (matched)
253778,Santacruz East,Mumbai,Amazing Dosa,200,3.8,South Indian,19.0822,72.8416,Locality (matched)
253955,Anna Nagar,Chennai,Curry Box,150,4.3,Indian,13.085,80.2101,Locality (matched)
253978,Adajan,Surat,Slurrp,250,4.5,"Healthy Food,Juices,Beverages,Seafood,Biryani,Lebanese,Pizzas,Pastas,Snacks,Salads,North Indian",21.196,72.78,Locality (matched)
254021,Paschim Vihar,Delhi,Mcdonald'S,400,4.3,American,28.6692,77.1013,Locality (matched)
254048,Banashankari,Bangalore,Momoz,350,3.8,"Chinese,Thai,Seafood,Asian,Combo,Malaysian",12.9255,77.5468,Locality (matched)
254049,Banashankari,Bangalore,Chinese Bae,400,3.7,"Chinese,Thai,Seafood,Asian,Combo,Healthy Food,Beverages",12.9255,77.5468,Locality (matched)
254050,Banashankari,Bangalore,Chopstick,350,3.8,"Chinese,Thai,Seafood,Asian,Combo,Healthy Food,Beverages",12.9255,77.5468,Locality (matched)
254299,Anand Nagar,Pune,China House,200,2.9,Chinese,18.5,73.86,Locality (matched)
254452,Vasanth Nagar,Bangalore,Asian Hawker,350,2.9,"Chinese,Pan-Asian,Desserts,Beverages",12.9899,77.5926,Locality (matched)
254543,Kasba,Kolkata,Ya Burger,300,4.5,"American,Continental,Italian,Snacks,Pastas,Combo",22.514,88.38,Locality (matched)
254861,Baner,Pune,Biryani By Kilo,700,4.2,"Biryani,Mughlai,Kebabs,North Indian,Hyderabadi,Lucknowi,Andhra,South Indian,Bengali",18.559,73.7868,Locality (matched)
254870,Koramangala,Bangalore,Paratha Experiment,200,4.3,"North Indian,Punjabi,Home Food,Indian,Snacks,Combo,Desserts,Beverages,South Indian,Continental,Chettinad,Healthy Food,Chinese,Sweets",12.9352,77.6245,Locality (matched)
254886,Pitam Pura,Delhi,Paratha Experiment,200,3.9,"North Indian,Punjabi,Home Food,Indian,Snacks,Combo,Desserts,Beverages,South Indian,Continental,Chettinad,Healthy Food,Chinese,Sweets",28.6942,77.131,Locality (matched)
254897,Sakivihar,Mumbai,Paratha Experiment,200,4.2,"North Indian,Punjabi,Home Food,Indian,Snacks,Combo,Desserts,Beverages,South Indian,Continental,Chettinad,Healthy Food,Chinese,Sweets",19.1073,72.8873,Locality (matched)
255077,Khairtabad,Hyderabad,Ek Pyali Chai,150,4.2,Beverages  Chaat  Desserts  Fast Food  Juices,17.411,78.462,Locality (matched)
255080,Aundh,Pune,Wahh China,250,2.9,Indian,18.559,73.808,Locality (matched)
255204,Adajan,Surat,The Dango Cake Shop,270,2.9,Bakery,21.196,72.78,Locality (matched)
255332,Taltala,Kolkata,Ichamotee,200,4,"Bengali,Bangladeshi,Combo,Thalis",22.562,88.358,Locality (matched)
255355,Wilson Garden,Bangalore,Namma Kudla Restaurant,300,4.1,Indian,12.9498,77.5934,Locality (matched)
255752,Perambur,Chennai,Dfc Pizza,200,2.9,Italian,13.1155,80.234,Locality (matched)
255891,Salt Lake,Kolkata,Food Point,250,2.9,"Chinese,Tibetan",22.585,88.418,Locality (matched)
255976,Chembur,Mumbai,Poetry By Love & Cheesecake,800,4.7,Bakery  Continental  Salads  Pastas  European  Desserts,19.0522,72.9006,Locality (matched)
256059,Vikhroli West,Mumbai,The South Pavilion,600,4.4,Beverages  Fast Food  North Indian  South Indian,19.1055,72.929,Locality (matched)
256099,Kondhwa Budruk,Pune,Lavish Biryani,300,2.9,Biryani,18.457,73.899,Locality (matched)
256154,Lake Town,Kolkata,Pyarelal,250,4,"Fast Food,Indian,Tandoor",22.605,88.395,Locality (matched)
256298,Barabazar Market,Kolkata,Kaligodam,200,4,North Indian  Sweets,22.572,88.351,Locality (matched)
256371,Dumdum,Kolkata,China Box,300,2.9,Chinese,22.642,88.42,Locality (matched)
256608,Indiranagar,Bangalore,1131 Bar+Kitchen,1200,3.9,Indian,12.9719,77.6412,Locality (matched)
256688,Budh Vihar,Delhi,Mummy Ki Rasoi,300,3.2,Indian,28.716,77.085,Locality (matched)
256784,New Magdalla,Surat,Punjabi Swad,400,2.9,Indian,21.158,72.765,Locality (matched)
256853,Adajan,Surat,Twisted Cake,270,4.6,"Desserts,Sweets",21.196,72.78,Locality (matched)
256880,Koregaon Park,Pune,Hungrezy,400,4.3,"Asian,Continental,Fast Food,Snacks,Combo,Desserts,Chinese,Indian,North Indian",18.5362,73.8938,Locality (matched)
257095,Chetpet,Chennai,Abbys,250,4.1,"South Indian,North Indian,Snacks,Combo,Beverages",13.07,80.244,Locality (matched)
257162,Periyamet,Chennai,The Brooklyn Creamery - Healthy Ice Cream,200,4.7,"Healthy Food,Desserts,Ice Cream",13.1,80.276,Locality (matched)
257408,Athwa,Surat,Lucky Chinese,200,2.9,Indian,21.178,72.793,Locality (matched)
257581,Salt Lake,Kolkata,Chilli Flakes,300,4,"Chinese,Asian",22.585,88.418,Locality (matched)
257701,Gobra,Kolkata,Bowlout,400,4.4,"Healthy Food,Arabian,Continental,Salads",22.545,88.376,Locality (matched)
257776,Bhowanipore,Kolkata,The Noodle Street,300,4.1,"Chinese,Combo",22.527,88.345,Locality (matched)
257962,Saidabad,Hyderabad,Karachi Bakery Santoshnagar,200,4.6,Bakery  Desserts  Fast Food  Snacks,17.35,78.509,Locality (matched)
257989,Alipore,Kolkata,Haji Biryani House,280,2.9,Biryani,22.533,88.33,Locality (matched)
257991,Wanowrie,Pune,Shawarma & Wraps,300,2.9,"Chinese,Indian",18.4934,73.889,Locality (matched)
258116,Ashok Nagar,Bangalore,Aaliyar Ambur Dum Biryani,200,2.9,Indian,12.9843,77.5936,Locality (matched)
258140,Erandwane,Pune,Kaati Zone Rolls & Wraps,150,3.8,"Fast Food,Beverages,Bengali,Biryani,Indian,North Indian,Snacks,Street Food",18.5089,73.83,Locality (matched)
258357,Dabholi,Surat,The Food Parcel Point,240,2.9,"Chinese,Gujarati,Indian",21.158,72.825,Locality (matched)
258419,Athwa Station Road,Surat,Bismillah,200,4.4,"Desserts,Beverages,Ice Cream,Juices",21.175,72.797,Locality (matched)
258539,Banjara Hills,Hyderabad,Nanking C.R - Estd 1957,600,4.3,Indian,17.4156,78.4347,Locality (matched)
258700,Chembur,Mumbai,The Bombay Churros,800,3.6,"Desserts,Spanish",19.0522,72.9006,Locality (matched)
258968,Burrabazar,Kolkata,Machhli Baba Fries,300,4.3,Bengali  Fast Food,22.572,88.351,Locality (matched)
259063,Narayanguda,Hyderabad,Starboy Pizza & Shakes,300,3.6,"Pizzas,American,Fast Food,Desserts,Beverages",17.4013,78.4913,Locality (matched)
259101,Mmda Colony,Chennai,Sandwich Master,250,2.9,"Indian,Snacks,Fast Food",13.064,80.201,Locality (matched)
259560,Bhowanipore,Kolkata,Double Down,200,2.9,Indian,22.527,88.345,Locality (matched)
259572,Bandra Area,Mumbai,Brasserie1935,600,4.4,"North Indian,Chinese,Continental,Pizzas,Salads",19.0596,72.8295,Locality (matched)
259773,Salt Lake,Kolkata,Beijing Bites,300,3.7,"Chinese,Asian",22.585,88.418,Locality (matched)
259841,Lake Town,Kolkata,Kathi Junction,300,4.2,"Indian,Fast Food,North Indian",22.605,88.395,Locality (matched)
260216,Andheri East,Mumbai,Bokchoy Bowl,400,4.5,Pan-Asian  Chinese  Asian  Thai  Malaysian  Tibetan,19.1136,72.8697,Locality (matched)
260220,Vastrapur,Ahmedabad,Fitfuel & Co,600,3.8,Indian,23.039,72.529,Locality (matched)
260557,Kurla West,Mumbai,Deepak Farsan Mart,40,4.4,Indian,19.07,72.879,Locality (matched)
260845,Indiranagar,Bangalore,Orbis Restaurant,400,3.8,"North Indian,Biryani,Arabian,Chinese,Snacks,Beverages,Desserts",12.9719,77.6412,Locality (matched)
260926,Raja Annamalai Puram,Chennai,All Day Breakfast Company,300,4.5,"Beverages,Indian",13.03,80.262,Locality (matched)
261430,Chembur,Mumbai,Jiffy Meals,200,4,Indian,19.0522,72.9006,Locality (matched)
261435,Purasaiwakkam,Chennai,Pizza Square (Pursaiwakkam),300,2.9,Pizzas,13.085,80.254,Locality (matched)
261555,Kalina,Mumbai,Phaksha Mania,400,3.4,Chinese,19.079,72.85,Locality (matched)
261581,Thousand Lights,Chennai,The Samosa Factory,200,4.5,Snacks,13.0569,80.254,Locality (matched)
261634,Kothrud,Pune,Mitran Da Junction,300,4.2,"North Indian,Chinese",18.5074,73.8077,Locality (matched)
261707,Koramangala,Bangalore,Raffaele'S Ristorante Pizzeria,800,4.3,"Pizzas,Continental,Pastas,Fast Food,Beverages",12.9352,77.6245,Locality (matched)
261709,Camp,Pune,Jannat Restaurant,200,4,North Indian,18.5122,73.879,Locality (matched)
261872,Andheri East,Mumbai,Bombay Tandoori,250,3.7,Indian  Tandoor  Chinese  Mughlai,19.1136,72.8697,Locality (matched)
262015,Khar West,Mumbai,Shahi Chulha,300,2.9,North Indian  Punjabi  Street Food  Mughlai  Biryani  Tandoor  Arabian,19.0696,72.8355,Locality (matched)
262087,Redhills,Hyderabad,Imperial Multi-Cuisine Restaurant,400,4,"Biryani,Tandoor,North Indian,Chinese,Kebabs,Mughlai",17.402,78.461,Locality (matched)
262276,Himayatnagar,Hyderabad,Gabru Di Chaap,300,3.9,"Fast Food,North Indian",17.4008,78.4813,Locality (matched)
262390,Nava Vadaj,Ahmedabad,Patel S Cafe Bar,200,2.9,Continental,23.057,72.576,Locality (matched)
262490,Matunga,Mumbai,Sandwich Coffee House,350,4.3,American  Beverages  Fast Food,19.027,72.848,Locality (matched)
263074,Andheri East,Mumbai,Badmash Biryani,350,3.6,"Biryani,Mughlai",19.1136,72.8697,Locality (matched)
263077,Andheri East,Mumbai,Bolo Tara Rara,500,4,"North Indian,Punjabi",19.1136,72.8697,Locality (matched)
263106,Andheri East,Mumbai,Biryani Hazir Ho,400,4.1,"Biryani,Mughlai",19.1136,72.8697,Locality (matched)
263170,Ashok Nagar,Bangalore,Waffle Royale,200,2.9,Desserts,12.9843,77.5936,Locality (matched)
263224,Anna Nagar,Chennai,Reena Paul'S Kitchen (Unit Of Richnrich),300,4.3,Indian,13.085,80.2101,Locality (matched)
263294,Rohini,Delhi,Mr Chicken Changezi,200,3.7,Indian,28.7041,77.1025,Locality (matched)
263353,Tollygunge,Kolkata,Khanti Bangali,200,3.9,"Bengali,Indian,Desserts,Healthy Food,Beverages,Fast Food,Combo,Snacks,Thalis,Pastas",22.499,88.345,Locality (matched)
263360,Jadavpur,Kolkata,Riyasat,1000,4.8,North Indian,22.499,88.371,Locality (matched)
263383,Paschim Vihar,Delhi,Five Star Dhaba,200,3.8,Punjabi,28.6692,77.1013,Locality (matched)
263989,Narolgam,Ahmedabad,Zk Restaurant,450,3.8,"Chinese,Continental,Mangalorean,North Indian",22.97,72.628,Locality (matched)
264058,Lake Town,Kolkata,Pipiz Kitchen,250,3.8,"Home Food,Bengali,Indian,Thalis,Snacks",22.605,88.395,Locality (matched)
264077,Kondhwa,Pune,Grand Alhamdulillah Hotel,300,3.1,"Mughlai,Biryani,Tandoor,Chinese,Indian",18.4633,73.893,Locality (matched)
264201,Vikhroli West,Mumbai,Mandali Swayampak Ghar,500,2.9,Biryani,19.1055,72.929,Locality (matched)
264202,Vikhroli West,Mumbai,Mughal Khabsa,700,2.9,Mughlai  Seafood  Beverages,19.1055,72.929,Locality (matched)
264219,Kilpauk,Chennai,Dindigul Kilappu Kadai,350,4,"South Indian,Biryani,Fast Food",13.085,80.241,Locality (matched)
264223,Dum Dum,Kolkata,Gupta & Sons,100,4.3,Indian  Chinese  Snacks,22.642,88.42,Locality (matched)
264240,Ashok Nagar,Bangalore,Wow! China,300,3.7,"Tibetan,Chinese,Asian,Snacks,Continental,Desserts,Beverages",12.9843,77.5936,Locality (matched)
264248,Gariahat,Kolkata,Mint,300,4.7,Continental  Healthy Food  Indian,22.519,88.363,Locality (matched)
264304,Gaddiannaram,Hyderabad,A-1 Chicken Pakoda,250,4,"Biryani,Kebabs,Indian,Chinese,Mughlai,Fast Food",17.362,78.517,Locality (matched)
264320,Himayatnagar,Hyderabad,The Waffle Co,200,4.1,"Ice Cream,Desserts,Beverages",17.4008,78.4813,Locality (matched)
264420,Kothrud,Pune,Maskawala & Co.,400,4.4,"Snacks,Biryani,Bakery",18.5074,73.8077,Locality (matched)
264544,Koregaon Park,Pune,Drunken Monkey,400,4.5,"Continental,Healthy Food,Beverages",18.5362,73.8938,Locality (matched)
264577,Sector 11 Rohini,Delhi,Uncle'S Junkyard,250,2.9,"Chinese,Pizzas,Snacks",28.718,77.11,Locality (matched)
264634,Bidhannagar,Kolkata,Kloud Kitchen,250,4.1,"Tandoor,Chinese,Continental",22.585,88.418,Locality (matched)
264926,Banjara Hills,Hyderabad,Hard Rock Cafe Hyderabad,900,4,"American,Continental,Indian",17.4156,78.4347,Locality (matched)
265212,Indiranagar,Bangalore,Slay Coffee Bar,200,4.3,"Beverages,Desserts",12.9719,77.6412,Locality (matched)
265679,Anand Nagar,Pune,Riva Gourmet Under The Sky,600,4.4,"Indian,Oriental,Continental",18.5,73.86,Locality (matched)
265808,Kondhwa Budruk,Pune,Queens Maggie Fries,250,2.9,North Indian,18.457,73.899,Locality (matched)
265890,Villivakkam,Chennai,Madras	Shawarma,150,4.4,Snacks,13.103,80.208,Locality (matched)
265913,Paschim Vihar,Delhi,Momos Xpress,300,3.9,Chinese,28.6692,77.1013,Locality (matched)
265925,Khokhra,Ahmedabad,Map'S Meaty Paradise,450,2.9,Fast Food,23.018,72.612,Locality (matched)
266154,Teynampet,Chennai,Canvas By Sketch,1200,4.4,"Continental,Asian,Italian,Indian",13.0418,80.254,Locality (matched)
266165,Gopalapuram,Chennai,Kai Manam,300,4.2,"South Indian,Chettinad,Chinese,Biryani,Combo,Home Food",13.045,80.257,Locality (matched)
266184,Bandra Area,Mumbai,Yauatcha,2000,4.5,Chinese,19.0596,72.8295,Locality (matched)
266388,Pulikeshi Nagar,Bangalore,The Thick Shake Factory,200,4.4,Beverages,12.995,77.61,Locality (matched)
267395,Habsiguda,Hyderabad,R R Fast Food,150,3.2,Chinese,17.4055,78.546,Locality (matched)
267529,Thousand Lights,Chennai,Kcdas,300,4.5,"North Indian,Snacks,Chaat,Sweets",13.0569,80.254,Locality (matched)
267550,Nacharam,Hyderabad,Pizza Paradise,300,4.3,Fast Food,17.418,78.554,Locality (matched)
267821,Triplicane,Chennai,Amrin Biriyani,250,4.3,Biryani,13.057,80.276,Locality (matched)
268138,Marol Sakinaka,Mumbai,Cafe Ayaan,250,2.9,Indian,19.1073,72.8873,Locality (matched)
268311,Rohini,Delhi,Dawat Art Of Cooking,250,2.9,North Indian,28.7041,77.1025,Locality (matched)
268591,Garfa,Kolkata,Cafe Bukpocket,250,4.2,Fast Food,22.504,88.382,Locality (matched)
268713,Indiranagar,Bangalore,Sushiblr,750,2.9,Continental,12.9719,77.6412,Locality (matched)
269001,Thousand Lights,Chennai,Chai Glass,200,3.9,"Desserts,Bakery,Beverages,Snacks,Pastas",13.0569,80.254,Locality (matched)
269113,Pulikeshi Nagar,Bangalore,The Grill And Cheese Cafe,450,4.3,"Snacks,Fast Food,Bakery",12.995,77.61,Locality (matched)
269919,Kothrud,Pune,De Bakers Lounge,400,2.9,Desserts,18.5074,73.8077,Locality (matched)
269958,Banjara Hills,Hyderabad,Iqbatan Restaurant,500,2.9,"Arabian,Mughlai,Indian",17.4156,78.4347,Locality (matched)
270043,Navrangpura,Ahmedabad,Little French House - Bakery & Cafe,500,4.2,Cafe,23.0365,72.561,Locality (matched)
270072,Narayan Peth,Pune,Sanskruti Pure Veg,300,2.9,South Indian,18.514,73.853,Locality (matched)
270210,Drive In Road,Ahmedabad,Cake Dengo Cake Shop,500,4.1,Desserts,23.047,72.52,Locality (matched)
270336,Manicktala,Kolkata,Jitendra'S Hotel,300,2.7,Indian,22.587,88.376,Locality (matched)
270665,Paikpara,Kolkata,Rakshit Cakes And Restaurant,250,3.5,"Bakery,Desserts,Bengali,Fast Food,Snacks,Sweets",22.61,88.368,Locality (matched)
270926,Chembur,Mumbai,Pizza Terracotta,400,4.1,"Pizzas,Fast Food,Snacks,Italian",19.0522,72.9006,Locality (matched)
271064,Bentinck St.,Kolkata,Alfresco - The Lalit Great Eastern,1100,2.9,Indian,22.567,88.355,Locality (matched)
271624,Bandra Area,Mumbai,Street Foods By Punjab Grill,300,3.7,North Indian,19.0596,72.8295,Locality (matched)
271950,Ayanavaram,Chennai,Sri Raghavendra Mess,175,4.3,"South Indian,North Indian,Chinese",13.105,80.232,Locality (matched)
272029,Moti Nagar,Delhi,Chinese Food Nation,300,3.7,"Continental,Chinese",28.656,77.145,Locality (matched)
272303,Gariahat,Kolkata,Tribe,800,4.5,American,22.519,88.363,Locality (matched)
272388,Sangamvadi,Pune,Conrad Pune,2000,4.4,"Continental,Italian",18.533,73.876,Locality (matched)
272464,Someshwarpura,Bangalore,Conrad Bengaluru,1200,2.9,"Asian,Indian,North Indian,Chinese,Biryani,Lucknowi,Pan-Asian,European,Mughlai,Bakery,Awadhi,Japanese,Sweets,Sushi",12.945,77.585,Locality (matched)
273161,Ashok Nagar,Bangalore,Biggies Burger 'N' More,300,4.1,"Fast Food,American,Attractive Combos Available,Beverages,Combo,Desserts,Snacks",12.9843,77.5936,Locality (matched)
273277,Park Street Area,Kolkata,Ilish Truly Bong Restaurant,1100,3.7,Indian,22.552,88.352,Locality (matched)
273836,Paikpara,Kolkata,Mayer Hater Ranna,250,4.2,"Bengali,Thalis",22.61,88.368,Locality (matched)
274120,Nungambakkam,Chennai,Tandoori Combo Co,300,4.4,"North Indian,Indian,Tandoor,Mughlai,Lucknowi,Combo",13.0569,80.2425,Locality (matched)
274856,Ghatkopar East,Mumbai,Mealful Rolls - Meals In A Roll,250,4.1,"North Indian,Desserts,Snacks,Indian",19.0857,72.9083,Locality (matched)
274910,Beniapukur,Kolkata,Green Olive,500,4.1,"Indian,Chinese",22.546,88.368,Locality (matched)
275137,Indiranagar,Bangalore,A Naidu'S Ootada Mane,250,3.6,Indian,12.9719,77.6412,Locality (matched)
275167,Usmanpura,Ahmedabad,Tinello By Hyatt Regency,800,2.9,"Italian,Chinese,Indian",23.048,72.572,Locality (matched)
275349,Rajajinagar,Bangalore,Juice Shop,150,3.8,"Juices,Beverages,Desserts,Ice Cream",12.9905,77.5554,Locality (matched)
275376,Paschim Vihar,Delhi,Delhi Cart & Bakers By Radisson Blu,1000,4.1,"Biryani,North Indian,Punjabi,Oriental,Sweets,Desserts,Thai,Chinese,Mughlai",28.6692,77.1013,Locality (matched)
276557,Shivajinagar,Pune,Asia Kitchen By Mainland China,850,4.5,"Asian,Chinese,Oriental",18.5308,73.8478,Locality (matched)
276859,Wanowrie,Pune,Magic Mikes  Burger Therapy,500,4.4,"Snacks,Fast Food",18.4934,73.889,Locality (matched)
277176,Ballygunge,Kolkata,Asia Kitchen By Mainland China,850,4.5,"Asian,Chinese,Oriental",22.528,88.366,Locality (matched)
277337,Kurla,Mumbai,Kurla Rasoi,300,2.9,Indian,19.0728,72.8826,Locality (matched)
277440,Egmore,Chennai,The	Pepper	Fry,150,2.9,Fast Food,13.0732,80.2609,Locality (matched)
277553,Powai Area,Mumbai,24/7 Restaurant - The Lalit,1100,2.9,Asian  European  Italian,19.1176,72.906,Locality (matched)
277865,Chennai,Chennai,Ck'S Bakery,150,2.9,"Bakery,Fast Food",13.0827,80.2707,Locality (matched)
277965,Basavanagudi,Bangalore,Dwarkamai Pure Veg Restaurant,400,4.1,"North Indian,Chinese,Tandoor",12.9422,77.576,Locality (matched)
278551,Rajajinagar,Bangalore,Kava - Fairfield By Marriott Rajajinagar,700,3.3,"Indian,Continental",12.9905,77.5554,Locality (matched)
278558,Ashok Nagar,Bangalore,The Ritz-Carlton - The Market,1000,4.1,"Indian,Continental,Asian",12.9843,77.5936,Locality (matched)
278656,Golpark,Kolkata,Chinese Combo World,300,3.7,"Chinese,Combo",22.517,88.363,Locality (matched)
278862,T. Nagar,Chennai,Coal Barbecues Express,1400,2.8,Barbecue,13.0418,80.2341,Locality (matched)
279060,Ashok Nagar,Bangalore,Sikandar Rolls,300,4.5,"North Indian,Fast Food,Biryani,Kebabs,Combo,Beverages,Desserts",12.9843,77.5936,Locality (matched)
279580,Bhowanipore,Kolkata,Punjab Di Thali,300,4.1,"Thalis,Combo,North Indian",22.527,88.345,Locality (matched)
279629,Karve Nagar,Pune,Solanki Ice Creams,120,2.9,Ice Cream,18.49,73.8163,Locality (matched)
279815,Indiranagar,Bangalore,Maggination,200,2.9,Fast Food,12.9719,77.6412,Locality (matched)
279824,Ashok Nagar,Bangalore,The Empire Juice Shop,200,3.5,"Juices,Ice Cream",12.9843,77.5936,Locality (matched)
279863,Rohini,Delhi,Home Plate,160,4.2,"Home Food,North Indian,Healthy Food,Thalis,Desserts,Indian,Punjabi",28.7041,77.1025,Locality (matched)
279873,Banashankari,Bangalore,Waffle Head,250,2.9,"Desserts,Beverages",12.9255,77.5468,Locality (matched)
280126,Wanowrie,Pune,Banarasiya,400,2.9,Tandoor,18.4934,73.889,Locality (matched)
280130,Wanowrie,Pune,Lahori Tadka,400,2.9,Indian,18.4934,73.889,Locality (matched)
280335,Domlur,Bangalore,Savory Platters By Upp,300,4,"American,Continental,French,Beverages",12.961,77.6387,Locality (matched)
280507,T. Nagar,Chennai,Courtyard By Marriott,700,4.3,"Biryani,Combo,Pizzas,Home Food,Indian,Continental,Chinese,Asian",13.0418,80.2341,Locality (matched)
280870,Wanowrie,Pune,Peshavari Tadka,400,2.9,"Indian,Thalis,Chinese",18.4934,73.889,Locality (matched)
281035,Kurla West,Mumbai,Monginis,200,4.5,"Bakery,Desserts",19.07,72.879,Locality (matched)
281155,Rajajinagar,Bangalore,South Spicy Bites Xpress,299,4.2,"Biryani,Coastal,Mangalorean,Seafood,Chinese,South Indian",12.9905,77.5554,Locality (matched)
281602,Erandwane,Pune,Harvest Club,700,2.9,"Indian,Chinese,Continental",18.5089,73.83,Locality (matched)
281710,Ashok Nagar,Bangalore,Jw Kitchen - Jw Marriott,1000,4.1,"Indian,Continental",12.9843,77.5936,Locality (matched)
281885,Ashok Nagar,Bangalore,Itc Gardenia - Flavours,1000,4.2,"Indian,Continental,North Indian,Biryani,Desserts",12.9843,77.5936,Locality (matched)
282046,Wanowrie,Pune,Punjabi Dhaba,400,2.9,North Indian,18.4934,73.889,Locality (matched)
282159,Broadway Mall,Kolkata,Biggies Burger,300,4.3,"Indian,Fast Food",22.5726,88.3639,City-level (approximate fallback)
282240,Choolaimedu,Chennai,Al Darik Beef Briyani,200,3.8,South Indian,13.064,80.228,Locality (matched)
282408,Lake Town,Kolkata,Hashtag Bangali,300,3.1,Bengali,22.605,88.395,Locality (matched)
282497,Nungambakkam,Chennai,Achayathis Restaurant,600,4.3,Kerala,13.0569,80.2425,Locality (matched)
282620,Anna Nagar,Chennai,Bunwich,200,3.5,"Beverages,Fast Food",13.085,80.2101,Locality (matched)
282990,Bidhannagar,Kolkata,Once Upon A Noodle By Ambuja Neotia,599,4.4,Chinese,22.585,88.418,Locality (matched)
283144,Athwa,Surat,Monginis,0,2.9,Desserts,21.178,72.793,Locality (matched)
283258,Sinthee,Kolkata,Petuk Hori,200,2.9,"Combo,Bengali,Thalis",22.622,88.383,Locality (matched)
283560,Nana Varachha,Surat,Mr P Egg World,199,2.9,Indian,21.22,72.838,Locality (matched)
283741,Chembur,Mumbai,Coffee Take Away,200,4.2,North Indian  Beverages  Fast Food  Snacks  Indian,19.0522,72.9006,Locality (matched)
283945,Taltala,Kolkata,Kathleen,400,4.2,Desserts,22.562,88.358,Locality (matched)
284335,Santacruz,Mumbai,Home Plate,160,3.9,Home Food  North Indian  Healthy Food  Thalis  Desserts  Indian  Punjabi,19.0822,72.8416,Locality (matched)
284374,Gandhi Nagar,Bangalore,Lush - Renaissance Bengaluru Race Course Hotel By Marriott.,800,2.9,"Indian,Continental,Oriental,Asian",12.9784,77.5773,Locality (matched)
284472,Annanagar East,Chennai,Quality Fast Food,400,3.8,"Chinese,Indian",13.087,80.22,Locality (matched)
284638,Bidhannagar,Kolkata,Dariole,150,4.4,"Bakery,Desserts",22.585,88.418,Locality (matched)
284648,Purba Barisha,Kolkata,Calcutta Canteen,500,2.9,Bengali,22.5726,88.3639,City-level (approximate fallback)
284671,Powai Area,Mumbai,China Gate (Mahakali - Andheri East),1200,4.3,Chinese,19.1176,72.906,Locality (matched)
284757,Santacruz East,Mumbai,Only Chicken Asian Fusion,300,2.9,Chinese,19.0822,72.8416,Locality (matched)
284759,Santacruz East,Mumbai,Asian Golden Fish,300,2.9,Chinese,19.0822,72.8416,Locality (matched)
284774,Koramangala,Bangalore,Biergarten Brewery & Kitchen,750,4.1,"Continental,Pizzas,North Indian,Chinese,Asian,South Indian",12.9352,77.6245,Locality (matched)
284795,Dum Dum,Kolkata,24*7 Cafe,150,4.3,Snacks  Indian  Chinese,22.642,88.42,Locality (matched)
284800,Chembur,Mumbai,Maggi House,150,2.9,Fast Food,19.0522,72.9006,Locality (matched)
285018,Shivajinagar,Pune,Soaham Dining Hall And Food Zone,300,3.8,Combo,18.5308,73.8478,Locality (matched)
285101,Kavadiguda,Hyderabad,Okra - Marriott,1000,3.9,"North Indian,Chinese,Biryani",17.406,78.497,Locality (matched)
285118,Mota Varachha,Surat,Shree Annapoorna Family Restaurant,250,4.6,"Indian,Chinese,South Indian,Punjabi,Fast Food",21.228,72.846,Locality (matched)
285460,Anna Nagar West Extension,Chennai,The Shawarma Joint,250,4.1,North Indian,13.087,80.197,Locality (matched)
285529,Ashok Nagar,Bangalore,Kanti Sweets,100,4.4,Sweets,12.9843,77.5936,Locality (matched)
285852,Taltala,Kolkata,Starbucks Coffee,400,4.2,Beverages  Ice Cream,22.562,88.358,Locality (matched)
285926,Wanowrie,Pune,Nizams Biryani,400,2.9,Indian,18.4934,73.889,Locality (matched)
286076,Rajajinagar,Bangalore,Home Plate,160,4.1,"Home Food,North Indian,Andhra,Healthy Food,Thalis,Desserts,Indian,Punjabi",12.9905,77.5554,Locality (matched)
286175,Raja Annamalai Puram,Chennai,Spectra At The Leela Palace,1200,2.9,"North Indian,South Indian,Pan-Asian,Continental,Biryani,Pizzas",13.03,80.262,Locality (matched)
286182,Anna Nagar,Chennai,Noodle Doodle,250,3.7,"Chinese,Combo,Tibetan",13.085,80.2101,Locality (matched)
286445,Usmanpura,Ahmedabad,Zodiac By Fortune Landmark,600,4,"North Indian,South Indian,Oriental,Chinese,Thai,Continental,American,Italian,Desserts",23.048,72.572,Locality (matched)
286609,Choolaimedu,Chennai,The Madras Shawarma,200,4.2,Indian,13.064,80.228,Locality (matched)
286625,Vastrapur,Ahmedabad,Biryani Kitchen & Bengali Sweet,250,3.7,"Biryani,Tandoor,Bengali",23.039,72.529,Locality (matched)
287122,Dhakuria,Kolkata,The Food Chain,250,3.7,"Fast Food,Chinese",22.509,88.367,Locality (matched)
287238,Bidhannagar,Kolkata,Khana To Banti Hai,250,2.9,Bakery  Fast Food  Snacks,22.585,88.418,Locality (matched)
287285,Entally,Kolkata,Kathleen,300,4.2,Desserts,22.562,88.372,Locality (matched)
287342,Tollygunge,Kolkata,Tolly Cafe,250,2.9,Bengali  Chinese,22.499,88.345,Locality (matched)
287548,Powai Area,Mumbai,Jw Cafe - Jw Marriott Mumbai Sahar,1200,2.9,"North Indian,Continental,Asian,European,Desserts",19.1176,72.906,Locality (matched)
287790,Chembur,Mumbai,Fryday The 13Th,200,3.9,"Fast Food,Snacks,Italian",19.0522,72.9006,Locality (matched)
287933,Chembur,Mumbai,Mind The Gap Burgers,200,4,"Fast Food,Snacks,American",19.0522,72.9006,Locality (matched)
287941,Indiranagar,Bangalore,Roll-A-Pao,450,2.9,Fast Food,12.9719,77.6412,Locality (matched)
287942,Ashok Nagar,Bangalore,Mom Made,450,2.9,North Indian,12.9843,77.5936,Locality (matched)
287952,Kothapet,Hyderabad,Gv'S Hotel Godavari,150,4.3,Indian,17.3745,78.531,Locality (matched)
287979,Chembur,Mumbai,Keto Cop,200,4,"Keto,Indian,Italian,Continental,Snacks",19.0522,72.9006,Locality (matched)
288388,Shivajinagar,Pune,Starbucks Coffee,400,4.3,"Beverages,Ice Cream",18.5308,73.8478,Locality (matched)
288423,Narayan Nagar,Ahmedabad,New Purohit Chawana And Sweet Mart,200,4.1,Snacks,23.0,72.565,Locality (matched)
288470,Andheri East,Mumbai,The Bigg Small Cafe,500,2.9,Continental  Italian  Indian  Chinese,19.1136,72.8697,Locality (matched)
288523,Vadapalani,Chennai,Eame'S & Semmy'S Annapoorni Kitchen,250,4.3,"Andhra,South Indian,North Indian,Biryani",13.0503,80.2121,Locality (matched)
288625,Banjara Hills,Hyderabad,Superlean Meals,300,4.2,Healthy Food  Juices  Continental,17.4156,78.4347,Locality (matched)
288878,Egmore,Chennai,Oasis - Radisson Blu Hotel,600,2.9,"Chinese,Indian",13.0732,80.2609,Locality (matched)
289028,Egmore,Chennai,The Great Kabab Factory,600,2.9,Kebabs,13.0732,80.2609,Locality (matched)
289133,Rohini,Delhi,Uncle Butter Omelette,250,2.9,Snacks,28.7041,77.1025,Locality (matched)
289145,Rohini,Delhi,Deluxe Butter Omlette,200,2.9,North Indian,28.7041,77.1025,Locality (matched)
289241,Erandwane,Pune,The Dessert Zone,300,4.2,"Bakery,Desserts,Ice Cream,Beverages",18.5089,73.83,Locality (matched)
289261,New Tippasandra,Bangalore,Box8 - Desi Meals,250,4.1,"North Indian,Biryani,Combo,Snacks",12.9744,77.6511,Locality (matched)
289332,Santacruz East,Mumbai,Box8 - Desi Meals,250,3.7,"North Indian,Biryani,Combo,Snacks",19.0822,72.8416,Locality (matched)
289368,Toli Chowki,Hyderabad,The Frozen Village,300,2.9,Desserts,17.4001,78.418,Locality (matched)
289374,Jubilee Hills,Hyderabad,Chopstick Chan,200,4.1,Chinese,17.4325,78.4071,Locality (matched)
289676,Lake Town,Kolkata,Bangalir Petpujo,200,3.5,Bengali  Indian  Combo,22.605,88.395,Locality (matched)
289696,Shivajinagar,Pune,Smoke House Deli,800,4,"European,Italian,American,Pastas,Salads,Juices,Desserts,Combo",18.5308,73.8478,Locality (matched)
289697,Gandhi Nagar,Bangalore,Basaveshwara Khanavali,200,4.2,South Indian,12.9784,77.5773,Locality (matched)
289868,Marol Sakinaka,Mumbai,Uncle'S Chinese Marol,250,4.4,Chinese,19.1073,72.8873,Locality (matched)
289953,Chembur,Mumbai,Vaishali Garden Restaurant,600,4.3,"South Indian,Indian,North Indian,Chinese,Biryani,Tandoor",19.0522,72.9006,Locality (matched)
289969,Ashok Nagar,Bangalore,Cantan,1000,4.5,"Chinese,Asian,Vietnamese,Pan-Asian,Seafood,Desserts",12.9843,77.5936,Locality (matched)
289970,Ashok Nagar,Bangalore,The Fatty Bao,1000,4.3,Asian,12.9843,77.5936,Locality (matched)
290013,Jivraj Park,Ahmedabad,Chatpati Handi,160,2.9,"South Indian,North Indian",22.993,72.556,Locality (matched)
290143,Sadashiv Peth,Pune,Lassi Magic,200,2.9,Beverages,18.5122,73.852,Locality (matched)
290158,Dhankawadi,Pune,Hotel Dattaprasad,200,3.9,Indian,18.457,73.847,Locality (matched)
290309,Beleghata,Kolkata,Bingocakes,200,2.9,"Bakery,Desserts",22.562,88.39,Locality (matched)
290399,Sampangi Rama Nagar,Bangalore,Tandoori Taal,700,4.5,Indian,12.9707,77.5947,Locality (matched)
290521,Pitam Pura,Delhi,Hong'S Momos,200,2.9,"Chinese,Asian,Fast Food,Combo,Tibetan",28.6942,77.131,Locality (matched)
290553,Santacruz East,Mumbai,Oh Soy,300,4.1,Chinese  Asian  Korean  Pan-Asian  Seafood  Thai  Japanese  Sushi  Burmese  Tibetan,19.0822,72.8416,Locality (matched)
290633,Santacruz East,Mumbai,The Health Local,200,2.9,Indian  Gujarati  Punjabi  Thalis,19.0822,72.8416,Locality (matched)
290788,Anna Nagar,Chennai,Arabian Delights,400,4.3,"Arabian,Indian,Chinese",13.085,80.2101,Locality (matched)
290802,Kodungaiyur,Chennai,Lemone Juice Bar,300,3.8,Beverages,13.133,80.254,Locality (matched)
290829,Rohini,Delhi,Sukh Chai,200,2.9,"Street Food,Pizzas,Beverages,Fast Food",28.7041,77.1025,Locality (matched)
290995,Dumdum,Kolkata,The Right Choice,250,4.3,"Fast Food,Chinese,Biryani,Combo,Snacks",22.642,88.42,Locality (matched)
291062,Kothapet,Hyderabad,Corner Bowls,200,3.1,"Indian,Italian,Fast Food",17.3745,78.531,Locality (matched)
291066,Malleshwaram,Bangalore,Super Svaad,500,2.9,Chinese,13.0035,77.5647,Locality (matched)
291431,Bhowanipore,Kolkata,Royal China,1500,4.3,"Chinese,Asian,Oriental,Seafood,Desserts",22.527,88.345,Locality (matched)
291520,Koramangala,Bangalore,Xoox Brewmill,500,4.5,"North Indian,Chinese,Pizzas,Continental,Desserts,Pastas,Fast Food,American,Italian,Salads,Combo",12.9352,77.6245,Locality (matched)
291533,Sudhama Nagar,Bangalore,New Ambur Biryani,300,2.9,Biryani,12.9611,77.599,Locality (matched)
291638,Baranagar,Kolkata,Chang'S Combos,300,3.9,"Chinese,Combo,Beverages",22.642,88.372,Locality (matched)
291652,Matunga,Mumbai,Khavayya House,200,2.9,Indian  Chinese,19.027,72.848,Locality (matched)
291907,Aundh,Pune,Banjara,400,2.9,"Indian,Biryani",18.559,73.808,Locality (matched)
291978,Jayanagar,Bangalore,Guntur Spice,500,4.3,"Indian,Chinese,Beverages",12.925,77.5938,Locality (matched)
292113,Mohammed Wadi,Pune,Caffe Ritazza,1000,2.9,Italian,18.46,73.92,Locality (matched)
292286,Ahiritola,Kolkata,Sony Food Centre,200,2.9,"Chinese,Indian",22.597,88.356,Locality (matched)
292345,Khokhra,Ahmedabad,Shere Punjab Food	Corner,200,4.2,"Chinese,Indian",23.018,72.612,Locality (matched)
292357,Ellisbridge,Ahmedabad,The Great Kabab Factory By Radisson Blu,1200,2.9,"Biryani,Indian,Kebabs",23.023,72.568,Locality (matched)
292413,Indiranagar,Bangalore,The Salad Studio,300,4.4,"Healthy Food,Salads,Cafe,Fast Food,Beverages",12.9719,77.6412,Locality (matched)
292634,Golpark,Kolkata,Chapter 2,1200,4.4,"Continental,European,Italian,Pastas",22.517,88.363,Locality (matched)
292776,Mylapore,Chennai,Bread Boutique By Brew Room,300,4.3,"Bakery,Desserts",13.0339,80.2695,Locality (matched)
292874,Khokhra,Ahmedabad,Hotel Sher E Punjab,450,4.1,Indian,23.018,72.612,Locality (matched)
293055,Kalyani Nagar,Pune,The Calicut Biryani,500,3.1,"South Indian,Biryani",18.5479,73.9014,Locality (matched)
293465,Brindavan Colony,Hyderabad,Aaha Emi Ruchi,400,4.5,"Biryani,South Indian,North Indian",17.43,78.455,Locality (matched)
293506,Topsia,Kolkata,Sandwich Bites,400,2.9,North Indian,22.541,88.383,Locality (matched)
293616,Gobra,Kolkata,Daily Bhoj,200,4,"Bengali,Thalis,Indian,Combo",22.545,88.376,Locality (matched)
293750,East Kolkata Township,Kolkata,R.D	Food Corner,200,3.8,North Indian  Chinese,22.535,88.415,Locality (matched)
293760,Park Street Area,Kolkata,Soul	The Sky Lounge,200,4.2,"Asian,Continental,North Indian,Tandoor,Chinese,Thai,Pizzas,Beverages,Snacks",22.552,88.352,Locality (matched)
293868,T. Nagar,Chennai,That Mallu Joint,250,4.3,"South Indian,Kerala",13.0418,80.2341,Locality (matched)
293933,Alwarpet,Chennai,Tossed By Koox - Gourmet Diy Box Kits,350,2.9,"Pizzas,Pastas,Asian,Desserts,Snacks,Beverages",13.0339,80.254,Locality (matched)
294001,Antop Hill,Mumbai,Raj  Palace  Restaurant,300,2.9,Indian,19.0224,72.858,Locality (matched)
294214,Kalighat,Kolkata,Marco Polo,1000,4.3,"Indian,Continental",22.519,88.342,Locality (matched)
294369,Shahpur,Ahmedabad,Punjabi De Paranthe,399,2.9,"Indian,Punjabi",23.033,72.581,Locality (matched)
294413,Vesu,Surat,Star Sea Food Centre 2,300,4.2,Indian,21.14,72.777,Locality (matched)
294454,Powai Area,Mumbai,Itc Maratha - Gourmet Couch,1000,3.8,Japanese  Mughlai  Chinese  North Indian  Biryani  Pan-Asian  Sushi  Seafood  Kebabs  Desserts,19.1176,72.906,Locality (matched)
294492,Tangra,Kolkata,Itc Royal Bengal - Gourmet Couch,1000,4.4,"Asian,Pan-Asian,Korean,Italian,Pizzas,Continental,Pastas,North Indian,Mughlai,Biryani,Grill,Seafood,Kebabs,Desserts",22.546,88.396,Locality (matched)
294499,Vasanth Nagar,Bangalore,Itc Windsor - Gourmet Couch,2500,4.5,"North Indian,Mughlai,Biryani,Grill,Seafood,Kebabs,Desserts",12.9899,77.5926,Locality (matched)
294617,Usmanpura,Ahmedabad,Earthen Oven,1000,2.9,North Indian,23.048,72.572,Locality (matched)
294627,Saidabad,Hyderabad,Klip2Deal Homefood,200,2.9,Indian,17.35,78.509,Locality (matched)
294775,Ghatkopar West,Mumbai,Shiv Krupa,300,2.9,North Indian,19.0864,72.9047,Locality (matched)
295104,Baguihati,Kolkata,Cheesy Blast,250,2.9,"Fast Food,Indian,Mughlai,Pizzas",22.612,88.418,Locality (matched)
295187,Kothrud,Pune,Swara Juice Bar,200,4.3,Juices,18.5074,73.8077,Locality (matched)
295283,Central Markt Punjabi Bagh,Delhi,Mirza,250,4,"North Indian,Chinese,Biryani,Snacks,Chaat,Beverages",28.665,77.131,Locality (matched)
295326,Nungambakkam,Chennai,Vel Chettinadu Hotel,200,4.2,Indian,13.0569,80.2425,Locality (matched)
295399,Teynampet,Chennai,Welcomhotel Chennai - Flavours,1000,2.9,"Indian,Continental",13.0418,80.254,Locality (matched)
295537,Jayanagar,Bangalore,4Th Tea Block,100,4.6,"Beverages,Snacks",12.925,77.5938,Locality (matched)
295595,Jodhpur Park,Kolkata,Hondo'S,450,4.3,American  Chinese  Continental  Desserts,22.503,88.362,Locality (matched)
296011,Burrabazar,Kolkata,Calcutta Cravings,300,4.3,Bengali  Italian  Chinese  Combo  Snacks  Kebabs  Indian,22.572,88.351,Locality (matched)
296022,Chembur,Mumbai,One By Two,100,4.2,Chinese,19.0522,72.9006,Locality (matched)
296084,Himayatnagar,Hyderabad,Haiking Chinese Restaurant,1000,4.3,Chinese,17.4008,78.4813,Locality (matched)
296177,Sangamvadi,Pune,Kapila Kathi Kebab,250,4.4,Fast Food,18.533,73.876,Locality (matched)
296289,Shivajinagar,Pune,Spice Kitchen  Jw Marriott Pune,1000,4.3,"Indian,Continental",18.5308,73.8478,Locality (matched)
296304,Kodihalli,Bangalore,Bengali Khabar,250,3.7,Bengali,12.9611,77.6486,Locality (matched)
296634,Paikpara,Kolkata,Deli Bread,250,4.3,"Chinese,Biryani,North Indian",22.61,88.368,Locality (matched)
296658,Santacruz East,Mumbai,Big Bowl Company,300,4.1,"North Indian,Chinese,Biryani,Fast Food",19.0822,72.8416,Locality (matched)
296737,Indiranagar,Bangalore,Bohemians,1200,2.9,"Indian,Italian,Chinese,American",12.9719,77.6412,Locality (matched)
296855,Central Bangalore,Bangalore,Thalaivars Biryani,200,4.3,"Biryani,Indian",12.9767,77.5993,Locality (matched)
296877,Taltala,Kolkata,Jackie'S Kitchen,350,2.9,"Chinese,Tibetan",22.562,88.358,Locality (matched)
297287,Aundh,Pune,Sagar  Ratan,300,2.9,Indian,18.559,73.808,Locality (matched)
297288,Aundh,Pune,Saffroni,300,2.9,North Indian,18.559,73.808,Locality (matched)
297332,Sherkotda,Ahmedabad,K3 Food Corner,200,2.9,"Indian,Chinese",23.0225,72.5714,City-level (approximate fallback)
297373,Seshadripuram,Bangalore,Mantap Ice Cream,200,4.7,Ice Cream,12.9924,77.5773,Locality (matched)
297374,Srirampura,Bangalore,Annapurna,150,2.9,"North Indian,Tandoor,Chinese",12.9979,77.5735,Locality (matched)
297562,Purasaiwakkam,Chennai,Slay Coffee,200,3.8,"Beverages,Desserts",13.085,80.254,Locality (matched)
297563,Abids,Hyderabad,Slay Coffee,200,4.1,Beverages  Desserts,17.3915,78.4756,Locality (matched)
297567,Andheri East,Mumbai,Cafe Marol,200,3.8,Indian  Chinese  Tandoor,19.1136,72.8697,Locality (matched)
297636,Shahpur,Ahmedabad,Marvel Kitchen,200,2.9,Indian,23.033,72.581,Locality (matched)
297644,University Area,Ahmedabad,Noodle Co.(Navrangpura),200,2.9,Indian,23.033,72.545,Locality (matched)
297648,Indiranagar,Bangalore,Isareli Falafel Kitchen,400,2.9,"Mediterranean,Lebanese,Arabian",12.9719,77.6412,Locality (matched)
297652,Indiranagar,Bangalore,Aalis Rolls N Kebabs,400,2.9,"Turkish,Arabian",12.9719,77.6412,Locality (matched)
297655,Indiranagar,Bangalore,Pizza Factory,400,2.9,Pizzas,12.9719,77.6412,Locality (matched)
297861,Nacharam,Hyderabad,Tasty Dragon - Chinese Kitchen,200,4.2,Chinese,17.418,78.554,Locality (matched)
297960,Mohammed Wadi,Pune,Circle Of Crust,200,4.2,"Pizzas,Beverages,Combo,Snacks",18.46,73.92,Locality (matched)
297997,Sheshadripuram,Bangalore,La-Casa,150,2.9,"Desserts,Ice Cream,Beverages",12.9924,77.5773,Locality (fuzzy match: 'seshadripuram')
298317,Gopalapuram,Chennai,Schezwan Wok,300,4,"Chinese,Beverages",13.045,80.257,Locality (matched)
298322,Kothrud,Pune,The Bombay Paratha Company,200,4.1,"North Indian,Indian,Punjabi,Desserts,Beverages,Combo",18.5074,73.8077,Locality (matched)
298342,Entally,Kolkata,H R Restaurant,300,3.8,"Biryani,Chinese,Indian",22.562,88.372,Locality (matched)
298393,Raja Bazar,Kolkata,Delisha Biryani House,200,3.5,Biryani,22.582,88.367,Locality (matched)
298400,Raja Bazar,Kolkata,Lazeez  Fast  Food  Centre,200,2.9,"Fast Food,Chinese",22.582,88.367,Locality (matched)
298553,Shankarapura,Bangalore,Uttara Karnataka Jolad Rotti & Chapathi Store,200,4,South Indian,12.945,77.572,Locality (matched)
298606,Koramangala,Bangalore,Drunken Monkey,300,2.9,"Healthy Food,Beverages,Juices",12.9352,77.6245,Locality (matched)
298633,Santacruz East,Mumbai,Hare Krishna,250,4.4,Indian,19.0822,72.8416,Locality (matched)
298655,Shivajinagar,Pune,Haka,500,4.5,"Chinese,Asian,Seafood",18.5308,73.8478,Locality (matched)
298694,Camp,Pune,Ibaco,800,2.9,"Ice Cream,Desserts",18.5122,73.879,Locality (matched)
299150,26,Chennai,Malabar Point,450,4.2,"Biryani,Kerala,South Indian,Thalis",13.0827,80.2707,City-level (approximate fallback)
299226,Powai,Mumbai,Pratik Restaurant,250,4.5,Indian  Chinese  Tandoor  Punjabi,19.1176,72.906,Locality (matched)
299311,Jamalia,Chennai,Waffle Dreams,200,2.9,"Beverages,Desserts,Snacks",13.09,80.274,Locality (matched)
299312,Rohini,Delhi,Meals And Bowls,300,4,"North Indian,Punjabi,Mughlai,Home Food",28.7041,77.1025,Locality (matched)
299369,Sec-9 Rohini,Delhi,Home Factory,200,2.9,"North Indian,Continental,Chinese",28.715,77.121,Locality (matched)
299435,Perambur,Chennai,Arabian Express,300,4.4,"Indian,Arabian",13.1155,80.234,Locality (matched)
299501,Machuabazar,Kolkata,Vanakkam,300,4.4,"South Indian,Ice Cream",22.585,88.361,Locality (matched)
299656,Bidhannagar,Kolkata,Hatari,500,4.5,"Chinese,Indian",22.585,88.418,Locality (matched)
299680,Kothrud,Pune,Box.72,200,2.9,"Fast Food,Chinese,Indian",18.5074,73.8077,Locality (matched)
299750,Alwarpet,Chennai,Dakshin At Crowne Plaza Chennai,300,4.5,"North Indian,Indian,Salads,Biryani,Chinese,Juices,Desserts",13.0339,80.254,Locality (matched)
299751,Alwarpet,Chennai,Cappuccino At Crowne Plaza Chennai,300,4.5,"North Indian,Indian,Salads,Biryani,Chinese,Juices,Desserts",13.0339,80.254,Locality (matched)
299869,Koregaon Park,Pune,Foodiedoo,500,2.9,Punjabi,18.5362,73.8938,Locality (matched)
299951,Taltala,Kolkata,New Noodle King,300,4,"Chinese,Seafood",22.562,88.358,Locality (matched)
300026,Koti,Hyderabad,Kolhapuri Thaska,100,3.9,"Indian,Fast Food",17.3833,78.4794,Locality (matched)
300360,Kiran Nagar,Hyderabad,Barbeque Nation,600,3.4,"North Indian,Chinese,Biryani",17.385,78.4867,City-level (approximate fallback)
300371,Memnagar,Ahmedabad,Barbeque Nation,600,3.9,"North Indian,Mughlai,Seafood,Biryani,Desserts,Kebabs",23.049,72.547,Locality (matched)
300372,Athwa,Surat,Barbeque Nation,600,3.9,"North Indian,Mughlai,Seafood,Biryani,Desserts,Kebabs",21.178,72.793,Locality (matched)
300474,Bidhannagar,Kolkata,Bijoli Grill,800,4.3,Chinese,22.585,88.418,Locality (matched)
300608,Bhowanipore,Kolkata,Dakshin Bhog,450,4.4,South Indian,22.527,88.345,Locality (matched)
300609,Vasanth Nagar,Bangalore,Chungs Chinese Corner - Cunningham Road,450,4.2,"Chinese,Snacks",12.9899,77.5926,Locality (matched)
300791,Bidhannagar,Kolkata,Bangalier Rannaghor,200,3.8,Bengali,22.585,88.418,Locality (matched)
300792,Ballygunge,Kolkata,Forever Foods,200,2.9,"Chinese,Thalis,Pizzas",22.528,88.366,Locality (matched)
301010,Bidhannagar,Kolkata,Kolkata@99,200,3.8,Indian,22.585,88.418,Locality (matched)
301056,Neelasandra,Bangalore,Kabab Magic Roll,400,2.9,Snacks,12.948,77.615,Locality (matched)
301073,Kilpauk,Chennai,Rolls On Wheels,200,2.9,"Ice Cream,Beverages,Fast Food",13.085,80.241,Locality (matched)
301104,Tagore Garden Extension,Delhi,Andhra Kodi Pulao,350,4.3,"Biryani,North Indian,Kebabs",28.642,77.093,Locality (matched)
301126,Andheri East,Mumbai,Foodpost,300,4.1,"Chinese,Indian",19.1136,72.8697,Locality (matched)
301181,Ranip,Ahmedabad,Pvr Cafe,300,2.9,"Snacks,Fast Food,American",23.073,72.578,Locality (matched)
301288,Indiranagar,Bangalore,Gourmet Glocal - Sandwiches & Salads,500,2.9,"Continental,Beverages",12.9719,77.6412,Locality (matched)
301549,Santacruz East,Mumbai,The Momo Co.,250,4.2,"Asian,Tibetan,Chinese,Fast Food,Snacks,Desserts",19.0822,72.8416,Locality (matched)
301768,Thousand Lights,Chennai,Sri Krishna Mess,200,3.7,"South Indian,Chinese",13.0569,80.254,Locality (matched)
301890,Koramangala,Bangalore,Lavender Bakery By Fresh Pressery,250,4.3,"Bakery,American,Beverages,Pastas,Desserts",12.9352,77.6245,Locality (matched)
302256,Ashok Nagar,Bangalore,Bo Tai,600,2.9,"Chinese,Pan-Asian,Thai,Oriental",12.9843,77.5936,Locality (matched)
302275,Sampangi Rama Nagar,Bangalore,The Coconut Tales!,350,2.9,"Biryani,Indian,Thalis,Combo,South Indian",12.9707,77.5947,Locality (matched)
302329,Shivajinagar,Pune,Cakeshahi,200,2.9,Bakery,18.5308,73.8478,Locality (matched)
302395,Adajan,Surat,Grenee Adajan,250,4.3,Indian,21.196,72.78,Locality (matched)
302536,Bidhannagar,Kolkata,Five Mad Men,1000,4.2,"Italian,Continental,Chinese",22.585,88.418,Locality (matched)
302572,Chetpet,Chennai,Armaani Biryani,250,3.6,"Biryani,Arabian,Chinese",13.07,80.244,Locality (matched)
302687,Rohini,Delhi,Barbeque Nation,600,3.5,"North Indian,Mughlai,Seafood,Biryani,Desserts,Kebabs",28.7041,77.1025,Locality (matched)
302699,Domlur,Bangalore,Barbeque Nation,600,3.8,"North Indian,Mughlai,Seafood,Biryani,Desserts,Kebabs",12.961,77.6387,Locality (matched)
302947,Ameerpet,Hyderabad,Chai Kings,150,4.5,Fast Food  Combo  Desserts  Beverages,17.4374,78.4487,Locality (matched)
303130,Nampally,Hyderabad,Hotel Shezan - Exhibition Ground,200,4.4,"Indian,Biryani,Chinese",17.39,78.468,Locality (matched)
303210,University Area,Ahmedabad,Uncle Momo,200,2.9,Fast Food,23.033,72.545,Locality (matched)
303283,Richmond Town,Bangalore,Parijata Pure Veg,200,4.2,South Indian,12.9611,77.6033,Locality (matched)
303357,Santacruz East,Mumbai,Deliciae By Bunty Mahajan,1200,4.6,"Bakery,Desserts",19.0822,72.8416,Locality (matched)
303548,Koramangala,Bangalore,Ajji Ruchi Kitchen,300,4.1,Indian,12.9352,77.6245,Locality (matched)
303558,Chembur,Mumbai,Kailash Canteen,180,4.3,"Indian,Chinese,South Indian",19.0522,72.9006,Locality (matched)
303592,University Area,Ahmedabad,China In Box,200,2.9,"Indian,Fast Food,Chinese",23.033,72.545,Locality (matched)
303640,Indiranagar,Bangalore,Sarposh Restaurant And Tea Room,1200,4.2,"North Indian,Kashmiri",12.9719,77.6412,Locality (matched)
303654,Elgin,Kolkata,Belgian Waffle Junction,300,2.9,"Ice Cream,Beverages,Snacks",22.538,88.352,Locality (matched)
303680,Bidhannagar,Kolkata,Jahangir'S Kitchen,250,4.2,Indian,22.585,88.418,Locality (matched)
303775,Garodia Nagar,Mumbai,Mr. Baker,100,2.9,Bakery,19.079,72.911,Locality (matched)
303850,Kurla West,Mumbai,Janata Tawa And Grill,500,4.2,"Indian,Chinese,Tandoor",19.07,72.879,Locality (matched)
303884,Kodambakkam,Chennai,Venkateswara Veg Restaurant,100,4.6,South Indian,13.05,80.2241,Locality (matched)
303933,Ashok Nagar,Bangalore,Abc Kolkata Kitchen,250,2.9,"Indian,Chinese,Seafood,Kebabs,Snacks,Combo",12.9843,77.5936,Locality (matched)
303939,Khairtabad,Hyderabad,Astoria Restaurant,300,3.7,"Biryani,Chinese,Indian",17.411,78.462,Locality (matched)
303947,Bandra Area,Mumbai,The Bluebop Cafe,1100,4.6,Italian  American  Mexican  Pastas  Pizzas  Desserts  Salads  Snacks,19.0596,72.8295,Locality (matched)
304068,Anna Nagar,Chennai,Writer'S Express,400,3.9,European,13.085,80.2101,Locality (matched)
304203,Nampally,Hyderabad,Voulga Restaurant,500,3.7,North Indian  Chinese  Biryani  Fast Food,17.39,78.468,Locality (matched)
304268,B.B.D. Bagh,Kolkata,Cafe Coffee Day,300,4.2,Beverages  Snacks  Desserts,22.5697,88.348,Locality (matched)
304274,Ashok Nagar,Bangalore,Cafe Coffee Day,300,2.9,"Beverages,Snacks,Desserts",12.9843,77.5936,Locality (matched)
304391,Vile Parle,Mumbai,Thai Naam By Chef Ananda,1500,4.3,"Thai,Oriental,Seafood,Pan-Asian,Asian",19.097,72.843,Locality (matched)
304403,Ghatkopar East,Mumbai,Hotel Navgraha (Tilak Nagar),200,4.4,"Chinese,Indian",19.0857,72.9083,Locality (matched)
304448,Chembur,Mumbai,Fat Panda,350,2.9,"Chinese,Indian",19.0522,72.9006,Locality (matched)
304497,Himayatnagar,Hyderabad,Saara Veg,400,4.2,"Indian,Chinese",17.4008,78.4813,Locality (matched)
304501,Domlur,Bangalore,The Baker'S Dozen,300,4.3,Bakery,12.961,77.6387,Locality (matched)
304570,Tangra,Kolkata,Fabelle Chocolates - Itc Sonar,600,4.5,"Bakery,Desserts,Sweets",22.546,88.396,Locality (matched)
304573,Saki Naka,Mumbai,Youmee,1600,2.9,"Japanese,Pan-Asian",19.1073,72.8873,Locality (matched)
304576,Powai Area,Mumbai,Fabelle Chocolates - Itc Maratha,600,4.5,Bakery  Desserts  Sweets,19.1176,72.906,Locality (matched)
304580,Ashok Nagar,Bangalore,Fabelle Chocolates - Itc Gardenia,600,2.9,"Bakery,Desserts,Sweets",12.9843,77.5936,Locality (matched)
304729,Anna Nagar,Chennai,Indian Kitchen By Sigree,400,4.1,"Indian,North Indian,Mughlai,Biryani,Punjabi",13.085,80.2101,Locality (matched)
304826,Bidhannagar,Kolkata,Fusion Pavilion,300,4,"American,Italian",22.585,88.418,Locality (matched)
305031,Tiljala,Kolkata,Kela Patta,100,4,South Indian,22.53,88.387,Locality (matched)
305082,East Kolkata Township,Kolkata,Blues - The Food Point,200,2.9,"Indian,Mughlai,Chinese,Biryani,Fast Food,Punjabi",22.535,88.415,Locality (matched)
305084,Redhills,Hyderabad,Biryani Tales -By Rayalaseema Ruchulu,399,3.7,"Biryani,Kebabs,Hyderabadi,Tandoor",17.402,78.461,Locality (matched)
305092,Redhills,Hyderabad,Oriental Tales - By Rayalaseema Ruchulu,399,2.9,"Chinese,Pan-Asian,Seafood,Oriental",17.402,78.461,Locality (matched)
305154,Andheri East,Mumbai,The White Barn,750,4.4,"American,Fast Food,Indian,Pastas,Chinese,Kebabs,Biryani,Desserts",19.1136,72.8697,Locality (matched)
305191,Vadapalani,Chennai,Aps Chat,200,4.2,Fast Food,13.0503,80.2121,Locality (matched)
305285,Punjagutta,Hyderabad,Spicy Punjabi Thalis,400,3.6,Punjabi,17.4256,78.453,Locality (matched)
305292,Himayatnagar,Hyderabad,Muddapappu Avakai.Com,300,3.9,South Indian,17.4008,78.4813,Locality (matched)
305365,Narayanguda,Hyderabad,Old Mumbai Ice Cream,200,3.7,Ice Cream,17.4013,78.4913,Locality (matched)
305412,Saki Naka,Mumbai,Pvr Cafe,400,2.9,"Snacks,Fast Food,American",19.1073,72.8873,Locality (matched)
305444,Garfa,Kolkata,Spice	Of	Joy,500,4.3,Indian,22.504,88.382,Locality (matched)
305472,Bidhannagar,Kolkata,Kuheli Rannaghar,200,4.2,Indian,22.585,88.418,Locality (matched)
305538,Thousand Lights,Chennai,Maalgaadi By Dhaba Estd 1986 Delhi,300,4.3,"North Indian,Indian,Biryani,Punjabi,Kebabs,Grill,Mughlai,Desserts",13.0569,80.254,Locality (matched)
305596,Powai,Mumbai,Fat Punjabi,200,2.9,Fast Food  Indian  Chaat  North Indian  Jain  Mughlai  Snacks  Desserts,19.1176,72.906,Locality (matched)
305652,Jodhpur Park,Kolkata,Hirak Rajar Deshe,200,2.9,Bengali,22.503,88.362,Locality (matched)
305761,Vastrapur,Ahmedabad,Tuli'S Royal Bengal,300,3.8,"Bengali,Mughlai,Biryani,Indian",23.039,72.529,Locality (matched)
305762,Vastrapur,Ahmedabad,Sea Food Kitchen,250,3.1,"Seafood,Bengali,North Indian,Biryani",23.039,72.529,Locality (matched)
305763,Vastrapur,Ahmedabad,Bong Sweet & Fast Food,200,3.9,"Bengali,Biryani,Tandoor",23.039,72.529,Locality (matched)
305776,Ashok Nagar,Bangalore,Asia Kitchen By Mainland China,850,4.3,"Asian,Chinese,Oriental",12.9843,77.5936,Locality (matched)
305794,Narayan Peth,Pune,Barbeque Nation,600,4,"North Indian,Mughlai,Seafood,Biryani,Desserts,Kebabs",18.514,73.853,Locality (matched)
305843,Koramangala,Bangalore,That Pizza Place,500,4.3,"Pizzas,Italian,Fast Food,Desserts,Continental,Mediterranean,American,Mexican,Indian,Combo,Beverages,Bakery,French,Sweets,European,Lebanese,Snacks",12.9352,77.6245,Locality (matched)
306090,Moti Nagar,Delhi,Muradabadi Chicken Biryani,400,2.9,Biryani,28.656,77.145,Locality (matched)
306242,Taltala,Kolkata,Noodle Time,200,4.3,"Chinese,Fast Food",22.562,88.358,Locality (matched)
306261,South Dumdum,Kolkata,Gouri Snacks,200,2.9,Biryani,22.63,88.403,Locality (matched)
306341,Alwarpet,Chennai,Les	Amis,300,4.5,"Italian,Desserts,Ice Cream",13.0339,80.254,Locality (matched)
306434,Mylapore,Chennai,Malgudi - The Savera Hotel,2500,4.1,"North Indian,South Indian",13.0339,80.2695,Locality (matched)
306438,T. Nagar,Chennai,Grt Cloud Kitchens - T Nagar,1200,4.5,"North Indian,South Indian,Chinese",13.0418,80.2341,Locality (matched)
306503,Dumdum,Kolkata,Anjali	Caterer,200,2.9,Bengali,22.642,88.42,Locality (matched)
306613,Mohammed Wadi,Pune,Nawabi Kebabs By Fml,300,3.7,"Kebabs,North Indian,Chinese,Mughlai,Beverages,Combo",18.46,73.92,Locality (matched)
306639,Koramangala,Bangalore,The Coorg Food Co.,750,4.3,South Indian,12.9352,77.6245,Locality (matched)
306701,Seshadripuram,Bangalore,Kalmane Koffees,350,2.9,Cafe,12.9924,77.5773,Locality (matched)
306737,Vastrapur,Ahmedabad,Nanking Express,200,4.2,Indian,23.039,72.529,Locality (matched)
306795,Pacific Mall Subhash Nagar,Delhi,Daryaganj - By The Inventors Of Butter Chicken And Dal Makhani,1200,4.2,"Indian,North Indian,Mughlai,Kebabs,Biryani,Tandoor",28.6139,77.209,City-level (approximate fallback)
306897,Rohini,Delhi,Kiran'S Kitchen,400,2.9,"Indian,Chinese,Mughlai,Biryani,Punjabi",28.7041,77.1025,Locality (matched)
306901,Topsia,Kolkata,The Master Chef,400,2.9,South Indian  North Indian  Chinese,22.541,88.383,Locality (matched)
306906,Perambur,Chennai,Sakthi A Hot Soup,100,2.9,Indian,13.1155,80.234,Locality (matched)
306930,Ballygunge,Kolkata,Ekdalia Cocina,500,4.5,"Continental,Chinese",22.528,88.366,Locality (matched)
306932,Elgin,Kolkata,The Shake Factory,300,2.9,"Ice Cream,Beverages",22.538,88.352,Locality (matched)
306935,Bidhannagar,Kolkata,7 Days,600,3.9,Indian,22.585,88.418,Locality (matched)
306971,Vesu,Surat,Banke Bihari Sweets,300,2.9,Sweets,21.14,72.777,Locality (matched)
307042,Dum Dum Park,Kolkata,Cakes & Shapes,200,2.9,Desserts  Ice Cream,22.642,88.42,Locality (substring match: 'dum dum')
307050,Koramangala,Bangalore,Call Me Chow,400,4.3,"Chinese,Pan-Asian",12.9352,77.6245,Locality (matched)
307058,Kodambakkam,Chennai,Murugan Kaappi,50,4.1,"Cafe,Snacks,Continental",13.05,80.2241,Locality (matched)
307070,Nanpura,Surat,Pizza Pie,300,2.9,Pizzas,21.19,72.814,Locality (matched)
307140,Domlur,Bangalore,Five Star Chicken Domlur,400,2.9,Fast Food,12.961,77.6387,Locality (matched)
307466,Rohini,Delhi,Mosaic By Crowne Plaza Rohini,1000,4.6,"North Indian,Bakery,Salads,Chinese,Juices,Desserts",28.7041,77.1025,Locality (matched)
307505,Kalighat,Kolkata,Tea Chai,200,4.2,Beverages,22.519,88.342,Locality (matched)
307782,Thousand Lights,Chennai,Barbeque Nation,600,3.6,"North Indian,Mughlai,Seafood,Biryani,Desserts,Kebabs",13.0569,80.254,Locality (matched)
307804,Ashok Nagar,Bangalore,Sanchez,1200,4.7,"Mexican,Salads",12.9843,77.5936,Locality (matched)
307805,Ashok Nagar,Bangalore,Sriracha,1600,4,Asian,12.9843,77.5936,Locality (matched)
307806,Ashok Nagar,Bangalore,Hakkachow,500,4.1,Asian,12.9843,77.5936,Locality (matched)
307863,Sangamvadi,Pune,La Cheezy,300,2.9,Pizzas,18.533,73.876,Locality (matched)
307870,Kodungaiyur,Chennai,Vip Sea Foods,200,2.9,Indian,13.133,80.254,Locality (matched)
308027,Sadashiv Peth,Pune,Cake  Town,200,2.9,Bakery,18.5122,73.852,Locality (matched)
308245,Lake Town,Kolkata,Bengal Dhaba,1100,4,"Indian,Chinese,Biryani,Bengali,Continental",22.605,88.395,Locality (matched)
308352,Himayatnagar,Hyderabad,Waffle Studio,300,3.6,"Snacks,Indian",17.4008,78.4813,Locality (matched)
308356,Behala,Kolkata,Agarwal - The Veg Kitchen,300,3.8,Indian,22.499,88.313,Locality (matched)
308400,Ambawadi,Ahmedabad,The Bakers Dozen,300,4.4,Bakery,23.027,72.549,Locality (matched)
308416,Khar West,Mumbai,Khao Piyo,600,2.9,Continental  Fast Food  North Indian,19.0696,72.8355,Locality (matched)
308509,Indiranagar,Bangalore,Zomoz - The Momo Company,200,4.2,"Tibetan,Chinese,Asian,Street Food",12.9719,77.6412,Locality (matched)
308653,Bidhannagar,Kolkata,Biryani Q&Q,300,2.9,"Indian,Biryani,Chinese,Tandoor,Kebabs",22.585,88.418,Locality (matched)
308680,Rohini,Delhi,Nine Dragon,400,3.7,"Chinese,Indian",28.7041,77.1025,Locality (matched)
309024,T. Nagar,Chennai,Main Street - The Residency Towers,1200,4.2,"Indian,Italian,Biryani",13.0418,80.2341,Locality (matched)
309220,Teynampet,Chennai,The Bowl Biryani,300,3.6,"Biryani,Chinese,Fast Food",13.0418,80.254,Locality (matched)
309240,Navrangpura,Ahmedabad,Singh  Saab  De  Parathe,200,3.8,North Indian,23.0365,72.561,Locality (matched)
309242,Adugodi,Bangalore,Paandikadai-Chettinad Kitchen By Salt,400,3.9,"Biryani,Combo,South Indian,Chettinad",12.942,77.6136,Locality (matched)
309249,Adugodi,Bangalore,Dhishoom -Dhaba By Salt,400,4.3,"North Indian,Kebabs,Tandoor,Biryani,Combo",12.942,77.6136,Locality (matched)
309253,Adugodi,Bangalore,Sweet Rascal,500,2.9,"Bakery,Salads,Biryani,Combo",12.942,77.6136,Locality (matched)
309812,Andheri East,Mumbai,Welcome Restaurant,100,2.9,"Chinese,Indian,Mughlai,Tandoor",19.1136,72.8697,Locality (matched)
310017,Navrangpura,Ahmedabad,Love For Khichdis,200,4.2,Indian,23.0365,72.561,Locality (matched)
310078,Kilpauk,Chennai,Chilly Tales Eataliano,200,2.9,Indian,13.085,80.241,Locality (matched)
310222,Malkajgiri,Hyderabad,Inti Bhojnam,300,3.3,South Indian,17.452,78.529,Locality (matched)
310253,Koramangala,Bangalore,Globo Combo,300,2.9,"Chinese,North Indian,Combo",12.9352,77.6245,Locality (matched)
310261,Khairtabad,Hyderabad,Express Cafe By Holiday Inn Express,800,2.9,"Indian,Chinese",17.411,78.462,Locality (matched)
310436,Piplod,Surat,Oven & Grill,250,3.7,"Pizzas,Combo,American,Desserts,Beverages,Snacks",21.166,72.777,Locality (matched)
310440,Piplod,Surat,Makhni Brothers,350,4.2,"Combo,Punjabi,Biryani,Thalis,North Indian,Barbecue,Street Food,Tandoor,Kebabs,Beverages",21.166,72.777,Locality (matched)
310529,Baranagar,Kolkata,Darchini,200,3.8,Indian,22.642,88.372,Locality (matched)
310702,Piplod,Surat,Meals101,250,4.1,"Combo,Chinese,Indian,North Indian,Biryani,Beverages,Desserts",21.166,72.777,Locality (matched)
310706,Jodhpur,Kolkata,Kolkata Beverage Company - Kbc,200,4.6,Beverages,22.503,88.362,Locality (substring match: 'jodhpur park')
310869,Memnagar,Ahmedabad,Khao Khichdi,200,2.9,North Indian,23.049,72.547,Locality (matched)
310906,Tollygunge,Kolkata,Fatty Mamma Chinese Restaurant,800,2.9,Chinese,22.499,88.345,Locality (matched)
311198,Kestopur,Kolkata,Handi Kitchen,200,4.1,"Chinese,Snacks,Indian",22.602,88.426,Locality (matched)
311202,Indiranagar,Bangalore,Andhra Biryanis,400,4.2,"Andhra,Biryani,Hyderabadi,Chinese,Tandoor",12.9719,77.6412,Locality (matched)
311264,Cit Nagar,Chennai,Topi Vappa Biriyani,300,3.8,"Biryani,Indian,Chinese,South Indian",13.04,80.234,Locality (matched)
311443,Nanpura,Surat,Siddhi Icecream & Thick Shake,200,4.2,"Ice Cream,Juices,Desserts,Beverages",21.19,72.814,Locality (matched)
311470,Ambawadi,Ahmedabad,Twisted Toppings,200,2.9,"Indian,Pizzas",23.027,72.549,Locality (matched)
311517,Saki Naka,Mumbai,Opa! Bar & Cafe,1000,4,"Salads,Kebabs,American,Mediterranean,Desserts",19.1073,72.8873,Locality (matched)
311569,Lake Gardens,Kolkata,Bubai Kochuri Center,300,4.3,Snacks,22.506,88.355,Locality (matched)
311652,Chennai,Chennai,Fb Cakes,200,4.1,Bakery,13.0827,80.2707,Locality (matched)
311662,Elgin,Kolkata,Scrapyard,1000,2.9,Continental,22.538,88.352,Locality (matched)
311795,Bally,Kolkata,Miyansaab,400,2.9,"Biryani,Kebabs,Fast Food",22.648,88.34,Locality (matched)
311800,Bally,Kolkata,Downtown Asia,400,2.9,"Asian,Chinese",22.648,88.34,Locality (matched)
311859,East Kolkata Township,Kolkata,Flavour  Town,200,2.9,Chinese,22.535,88.415,Locality (matched)
311944,Punjabi Bagh,Delhi,Ancient Tawa,400,4.1,Indian,28.665,77.131,Locality (matched)
311964,Saidabad,Hyderabad,Devikas Kitchen - Multi Cuisine,500,2.9,"Indian,Fast Food,Snacks",17.35,78.509,Locality (matched)
312035,Lake Town,Kolkata,Diwan Food Court,300,2.3,"Combo,North Indian",22.605,88.395,Locality (matched)
312092,Jodhpur Park,Kolkata,Tea Addiction,300,2.9,Beverages,22.503,88.362,Locality (matched)
312230,Piplod,Surat,Meals Of India,250,3.8,"Combo,Thalis,Desserts,Indian,Biryani",21.166,72.777,Locality (matched)
312237,Ballygunge,Kolkata,The Roll Co.,200,2.9,Fast Food,22.528,88.366,Locality (matched)
312430,New Alipore,Kolkata,Zaika Junction,200,3.5,"North Indian,South Indian,Chinese,Snacks",22.51,88.332,Locality (matched)
312446,Kondhwa,Pune,Pizza Cafe (Abc Farms),400,4.1,"Pizzas,Italian",18.4633,73.893,Locality (matched)
312484,Adugodi,Bangalore,Pockets And Bowls,350,2.9,"Thai,Asian,Lebanese,Burmese,Japanese,Malaysian",12.942,77.6136,Locality (matched)
312567,Bhowanipore,Kolkata,Eighty Eight Plus Cafe,450,2.9,"Indian,Salads,Beverages",22.527,88.345,Locality (matched)
312573,Tiljala,Kolkata,Dil Desi Dhaba,400,3.8,"North Indian,Biryani,Mughlai,Snacks",22.53,88.387,Locality (matched)
312578,Bavdhan,Pune,Cafe Wth Pune,200,2.9,"Beverages,Snacks",18.515,73.77,Locality (matched)
312622,Warje,Pune,Ashays Fusion Momo,200,4.7,"Chinese,Nepalese",18.478,73.806,Locality (matched)
312644,Banjara Hills,Hyderabad,Slurpy Shakes,200,3.9,Beverages,17.4156,78.4347,Locality (matched)
312660,Ashok Nagar,Bangalore,Samosa Party,150,4.5,"Fast Food,North Indian,Snacks,Street Food,Beverages,Chaat",12.9843,77.5936,Locality (matched)
312662,Banjara Hills,Hyderabad,Cupcake Bliss Cake & Desserts,200,4.1,Desserts  Bakery  Ice Cream,17.4156,78.4347,Locality (matched)
312682,Bidhannagar,Kolkata,Dhabawale,300,3.9,"Indian,Tandoor,Thalis",22.585,88.418,Locality (matched)
312800,Khairtabad,Hyderabad,Hilton Restaurant,300,4.2,"North Indian,Chinese,Biryani",17.411,78.462,Locality (matched)
312803,Kothapet,Hyderabad,Zest Kitchen,250,3.7,"Indian,North Indian,Chinese,Biryani,Tandoor",17.3745,78.531,Locality (matched)
312862,Koramangala,Bangalore,Craft Of Biryani,500,4.2,"North Indian,Biryani,Kebabs,Beverages,Desserts",12.9352,77.6245,Locality (matched)
312865,Ejipura,Bangalore,The Downtown Pizzeria,200,4.2,"Italian,Pizzas,Desserts,Salads",12.9382,77.628,Locality (matched)
312868,Acher,Ahmedabad,Punjabi Food On Way,200,3.7,"North Indian,Chinese,Punjabi,Combo",23.062,72.547,Locality (matched)
312888,Tollygunge,Kolkata,Vegan Bistro,600,2.9,Fast Food,22.499,88.345,Locality (matched)
312958,Kondhwa,Pune,Shakes+,300,2.9,"Beverages,Desserts",18.4633,73.893,Locality (matched)
313039,Golpark,Kolkata,The Pan Asian Diner,400,2.9,"Chinese,Asian",22.517,88.363,Locality (matched)
313075,Old Washermanpet,Chennai,Swizo,300,2.9,"Chinese,Biryani,Fast Food,Beverages",13.114,80.282,Locality (matched)
313088,New Alipore,Kolkata,South Indian Flavours,200,3.4,Indian,22.51,88.332,Locality (matched)
313127,Jadavpur,Kolkata,Sona Caterer,200,2.9,"Indian,Fast Food,Desserts",22.499,88.371,Locality (matched)
313178,Adajan,Surat,Punjabi Dragon,250,2.9,"Punjabi,Chinese",21.196,72.78,Locality (matched)
313228,Bidhannagar,Kolkata,Queen'S,300,2.9,Indian,22.585,88.418,Locality (matched)
313301,Banjara Hills,Hyderabad,The Dessert Zone,300,4.1,"Bakery,Desserts,Ice Cream,Beverages",17.4156,78.4347,Locality (matched)
313443,Mehdipatnam,Hyderabad,Al Madina Chicken Haleem,150,3.3,"North Indian,Chinese,Biryani",17.3952,78.438,Locality (matched)
313464,New Tippasandra,Bangalore,Leancrust Pizza - Thincrust Experts,350,3.5,"Pizzas,Italian",12.9744,77.6511,Locality (matched)
313522,Elgin,Kolkata,Fries Before Guys,300,2.9,Snacks,22.538,88.352,Locality (matched)
313540,Santacruz East,Mumbai,Leancrust Pizza - Thincrust Experts,350,3.7,"Pizzas,Italian",19.0822,72.8416,Locality (matched)
313650,Ghatkopar East,Mumbai,Itminaan Biryani - Dum Pukht,400,3.7,"Biryani,North Indian,Mughlai",19.0857,72.9083,Locality (matched)
313710,Ashok Nagar,Bangalore,Mad Mex,1000,4.5,"Mexican,Fast Food,Salads",12.9843,77.5936,Locality (matched)
313767,Banjara Hills,Hyderabad,Warmoven Cake & Desserts,200,4.2,"Bakery,Desserts,Ice Cream",17.4156,78.4347,Locality (matched)
313799,Indiranagar,Bangalore,Absolute Combos,400,2.9,"Andhra,Biryani,Chinese",12.9719,77.6412,Locality (matched)
313805,Behala,Kolkata,Krishna Chat Centre,200,3.7,"Fast Food,Beverages",22.499,88.313,Locality (matched)
313806,Khairtabad,Hyderabad,Teju Mess,200,4,South Indian,17.411,78.462,Locality (matched)
313809,Kothapet,Hyderabad,Occasionkart.Com,800,2.9,"Desserts,Bakery",17.3745,78.531,Locality (matched)
313825,Humayun Nagar,Hyderabad,Gulbarga'S Mama Puri & Special Snacks,149,4.1,"Snacks,Desserts",17.403,78.447,Locality (matched)
313925,Koregaon Park,Pune,Toscano,1200,4.4,"Italian,Pizzas,Pastas,Continental,Salads,Desserts,Beverages,Combo,Healthy Food",18.5362,73.8938,Locality (matched)
313926,Himayatnagar,Hyderabad,Samosa Singh,100,4,"Fast Food,Snacks,North Indian,Desserts,Beverages,Street Food,Combo",17.4008,78.4813,Locality (matched)
313969,Shivajinagar,Pune,Ishan Pure Veg,400,4.4,"North Indian,Chinese,South Indian,Beverages",18.5308,73.8478,Locality (matched)
314210,Bidhannagar,Kolkata,Dreams Cafe,300,4,North Indian,22.585,88.418,Locality (matched)
314279,Dumdum,Kolkata,Cholo Khai,200,4.2,Bengali,22.642,88.42,Locality (matched)
314323,Ashok Nagar,Bangalore,Eurotrip - European,600,2.9,"Pizzas,Fast Food",12.9843,77.5936,Locality (matched)
314419,Powai,Mumbai,Cafe Heaven,300,3.9,"Indian,Chinese,Tandoor,Biryani,Combo",19.1176,72.906,Locality (matched)
314502,Taltala,Kolkata,The Biryani Mahal,250,3.2,Biryani,22.562,88.358,Locality (matched)
314563,Anna Nagar,Chennai,Asia Kitchen By Mainland China,850,4.4,"Asian,Chinese,Oriental",13.085,80.2101,Locality (matched)
314746,New Nallakunta,Hyderabad,Sri Siddhartha Tiffins And Meals,150,4.3,"Beverages,South Indian",17.403,78.495,Locality (matched)
314778,Taltala,Kolkata,Combo King,250,3.2,"Biryani,Chinese",22.562,88.358,Locality (matched)
314828,Thousand Lights,Chennai,Copper Chimney,900,4.2,"Indian,North Indian,Kebabs,Grill,Biryani",13.0569,80.254,Locality (matched)
314832,Chintadripet,Chennai,Murudis Lunch Home,150,4.4,"South Indian,Chinese",13.074,80.27,Locality (matched)
315343,Ameerpet,Hyderabad,2 Chefs Cafe,100,3.9,Snacks  Fast Food  Beverages,17.4374,78.4487,Locality (matched)
315612,Rasta Peth,Pune,Maharashtrian Thali,200,4.1,"North Indian,Chinese,Beverages",18.517,73.865,Locality (matched)
315655,Dhankawadi,Pune,Pokket Pizza,250,3.7,"Pizzas,Fast Food",18.457,73.847,Locality (matched)
315723,Shivajinagar,Pune,Meal In Box,250,2.9,"Beverages,Biryani,Chinese,Combo,Desserts,Mughlai,Indian",18.5308,73.8478,Locality (matched)
315787,Teynampet,Chennai,Atti Square,300,4.3,Indian,13.0418,80.254,Locality (matched)
315866,Baguihati,Kolkata,Hummy 2 Cake,300,2.9,"Bakery,Desserts,Sweets",22.612,88.418,Locality (matched)
316124,Wadgaon Sheri,Pune,New Naaz Caterers Biryani House,300,3.8,"Biryani,Indian",18.554,73.911,Locality (matched)
316146,Purasaiwakkam,Chennai,Smokey Shawarma,250,3.6,"Fast Food,Biryani,Chinese,Desserts",13.085,80.254,Locality (matched)
316164,Tilak Nagar,Delhi,Castle'S Barbeque,500,2.9,Chinese,28.639,77.092,Locality (matched)
316231,Kasba,Kolkata,Bake Me Good,200,4.4,Bakery,22.514,88.38,Locality (matched)
316393,Kothrud,Pune,The Doner Company,350,4,"Fast Food,Middle Eastern,Lebanese",18.5074,73.8077,Locality (matched)
316429,Koramangala,Bangalore,The Circle Dream,500,4.4,"Pizzas,Italian,Pastas,Desserts,Beverages,Continental,Indian,Mediterranean",12.9352,77.6245,Locality (matched)
316650,Santacruz East,Mumbai,The Big Owl,750,2.9,"Indian,Chinese,South Indian,Continental,Tandoor",19.0822,72.8416,Locality (matched)
316708,Purasaiwakkam,Chennai,Spice Hub Vada Pav,200,4.6,"Snacks,Fast Food",13.085,80.254,Locality (matched)
316772,Madhavaram,Chennai,Idlicurry,150,4,South Indian,13.146,80.23,Locality (matched)
316863,Koramangala,Bangalore,Tharavadu Malabar Biryani,230,3.4,"Biryani,Kerala,South Indian,North Indian,Beverages,Desserts",12.9352,77.6245,Locality (matched)
316888,Koramangala,Bangalore,Basmati Express,300,3.6,"Biryani,Andhra,Hyderabadi,South Indian,North Indian,Tandoor,Beverages,Desserts",12.9352,77.6245,Locality (matched)
316928,Koramangala,Bangalore,Hungry Chang,280,3.8,"Chinese,Fast Food,Pan-Asian,Combo",12.9352,77.6245,Locality (matched)
316981,Koramangala,Bangalore,Dande'S Hyderabad Biryani,350,3.3,"Biryani,Andhra,Hyderabadi,South Indian,North Indian,Tandoor,Beverages,Desserts",12.9352,77.6245,Locality (matched)
316987,Shivajinagar,Pune,Coffee Nation,300,2.9,"Indian,Cafe",18.5308,73.8478,Locality (matched)
317283,Sector 9 Rohini,Delhi,My Diet Cafe,250,3.7,"North Indian,Indian,Beverages",28.715,77.121,Locality (matched)
317349,New Alipore,Kolkata,Bhikharam Chandmal (New Alipore),300,4.1,Sweets  Desserts  Chaat,22.51,88.332,Locality (matched)
317438,Jayanagar,Bangalore,Trattoria By Toscano,900,4.1,"Italian,Pizzas,Pastas,Continental,Salads,Desserts,Beverages,Combo",12.925,77.5938,Locality (matched)
317646,Shivaji Nagar,Bangalore,U.S Pizza,400,2.9,"Pizzas,Fast Food,Beverages,Salads,Pastas,Desserts",12.9855,77.6057,Locality (matched)
317743,Santacruz East,Mumbai,Jashn E Biryani,300,3.8,"Biryani,North Indian,Mughlai,Desserts",19.0822,72.8416,Locality (matched)
317753,Zamistanpur,Hyderabad,Snehitha Restaurant,160,4.4,"South Indian,Indian",17.391,78.499,Locality (matched)
317787,Shivajinagar,Pune,Havmor Ice Creamjm Road,200,4.2,Ice Cream,18.5308,73.8478,Locality (matched)
317811,Rohini,Delhi,Jai Shree Radhey Radhey Tiffin Service,200,2.9,Indian,28.7041,77.1025,Locality (matched)
317843,Ea Mall Royapettah,Chennai,Punjab Grill,700,4.3,"North Indian,Indian,Biryani,Punjabi,Kebabs,Mughlai,Desserts",13.0569,80.265,Locality (matched)
317919,Piplod,Surat,Combo 10,200,2.9,"Combo,Chinese,Indian,Desserts",21.166,72.777,Locality (matched)
317932,Piplod,Surat,Oriental Majik,200,2.9,"Chinese,Combo,Asian",21.166,72.777,Locality (matched)
317937,Piplod,Surat,Dial A Biryani,200,2.9,"North Indian,Biryani,Desserts",21.166,72.777,Locality (matched)
317948,Piplod,Surat,Bhojanam,200,4,"Combo,Thalis,Desserts,Indian,Chinese",21.166,72.777,Locality (matched)
317963,Teynampet,Chennai,Vr Cafe,400,2.9,"Cafe,Bakery",13.0418,80.254,Locality (matched)
317975,Nagerbazar,Kolkata,Simla Hotel And Restaurant,300,4.3,Indian,22.628,88.402,Locality (matched)
318203,Powai,Mumbai,Tunga Darbar,300,3.4,"North Indian,Chinese,Combo,Biryani",19.1176,72.906,Locality (matched)
318238,Shivaji Nagar,Bangalore,Al Pizza Corner,250,2.9,"Pizzas,Ice Cream,Continental,Desserts",12.9855,77.6057,Locality (matched)
318240,Andheri East,Mumbai,Al Baik.Com,300,4.1,Snacks  Pizzas,19.1136,72.8697,Locality (matched)
318284,Shivaji Nagar,Bangalore,Savera Lassi Shop,250,2.9,"Juices,Beverages,Snacks,Ice Cream",12.9855,77.6057,Locality (matched)
318287,Shivaji Nagar,Bangalore,Romeo Lassi Shop,250,2.9,"Beverages,Ice Cream,Snacks,Desserts",12.9855,77.6057,Locality (matched)
318344,Triplicane,Chennai,Oyalo Pizza,350,4.3,Pizzas,13.057,80.276,Locality (matched)
318511,Narolgam,Ahmedabad,Karnavati Juice Center,100,2.9,"Street Food,Juices",22.97,72.628,Locality (matched)
318580,Kothrud,Pune,Royal Chaina,200,2.9,"Chinese,Indian",18.5074,73.8077,Locality (matched)
318593,Koregaon Park,Pune,Witcher'S Den,200,2.9,Indian,18.5362,73.8938,Locality (matched)
318658,Chickpet,Bangalore,Healthy Beverages By Adigas,200,2.9,"Beverages,Juices,Healthy Food",12.9698,77.5806,Locality (matched)
318721,Piplod,Surat,Pink Panther,200,4.1,"Pan-Asian,Burmese,Chinese,Sushi",21.166,72.777,Locality (matched)
318818,Choolaimedu,Chennai,Star Taj Hotel & Fast Food,400,2.9,North Indian,13.064,80.228,Locality (matched)
319012,Andheri East,Mumbai,Chinesezilla,200,4.1,"Chinese,Combo,Snacks,Indian,North Indian",19.1136,72.8697,Locality (matched)
319030,Parvati Paytha,Pune,Bhukkad Ka Nukkad,350,3.7,"Indian,Chinese,Snacks",18.493,73.846,Locality (matched)
319371,Paikpara,Kolkata,La Vera Pizzara,400,2.9,"Snacks,Pizzas,Beverages",22.61,88.368,Locality (matched)
319428,Tagore Garden Extension,Delhi,China Hot & Hot,200,3.7,"Chinese,Tandoor,Indian",28.642,77.093,Locality (matched)
319440,Salt Lake,Kolkata,Kitchen@99,300,3.5,"Chinese,Asian",22.585,88.418,Locality (matched)
319490,Koramangala,Bangalore,Basmati'S Briyani Nation,300,3.4,"Biryani,Andhra,Hyderabadi,South Indian,North Indian,Tandoor,Beverages,Desserts",12.9352,77.6245,Locality (matched)
319600,Rohini,Delhi,Phulka Restaurant,200,3.8,"North Indian,Tandoor,Punjabi,Chinese,Pizzas,Fast Food,Salads,Desserts",28.7041,77.1025,Locality (matched)
319658,Perambur,Chennai,Green Pepper,300,3.6,"Indian,Chinese,Biryani",13.1155,80.234,Locality (matched)
319727,Kondhwa,Pune,Jus'T Burgers,300,2.9,"Fast Food,Indian",18.4633,73.893,Locality (matched)
319758,Kasba,Kolkata,Yaara Da Dhaba,400,4.3,"Indian,North Indian,Kebabs,Punjabi,Tandoor,Biryani",22.514,88.38,Locality (matched)
319805,Deccan Gymkhana,Pune,Momo Nation Cafe,300,2.9,"Indian,Chinese",18.5162,73.8397,Locality (matched)
319888,Gurukul,Ahmedabad,Chai Coffe Point,200,3.9,"Snacks,Beverages,Pizzas",23.043,72.528,Locality (matched)
319942,Tangra,Kolkata,Kitchen 165 - Nx Hotel,500,2.9,"Indian,Chinese",22.546,88.396,Locality (matched)
319974,Erandwane,Pune,Jose & Isabella'S Italian Pizza,300,2.9,Italian,18.5089,73.83,Locality (matched)
320004,Banjara Hills,Hyderabad,Chandni Chowk,150,3.8,North Indian  Combo  Street Food  Fast Food  Beverages,17.4156,78.4347,Locality (matched)
320101,Haltu,Kolkata,The Gravylicious,300,2.9,Chinese,22.503,88.385,Locality (matched)
320133,Ultadanga,Kolkata,Vadilal Ice Creams,300,4.8,Ice Cream,22.598,88.39,Locality (matched)
320159,Andheri East,Mumbai,Hamdan Restaurant,300,4,North Indian  Chinese  Biryani  Fast Food  Desserts  Beverages,19.1136,72.8697,Locality (matched)
320189,Navsari Bazaar,Surat,New Famous Chinese,200,4.5,Chinese,21.19,72.828,Locality (matched)
320194,Alwarpet,Chennai,Lola'S Pizzeria,1200,4.6,"Pizzas,Italian",13.0339,80.254,Locality (matched)
320222,New Nallakunta,Hyderabad,Pizza Hut,350,3.7,Pizzas  Fast Food,17.403,78.495,Locality (matched)
320326,Egmore,Chennai,Grill Wagon,200,2.9,Indian,13.0732,80.2609,Locality (matched)
320369,Paschim Vihar,Delhi,Hotelwaterfall,200,2.9,"Indian,Chinese",28.6692,77.1013,Locality (matched)
320455,Memnagar,Ahmedabad,Masala Street,500,2.9,"North Indian,Biryani,Desserts",23.049,72.547,Locality (matched)
320456,Memnagar,Ahmedabad,Pink Panther,500,2.9,"Pan-Asian,Burmese,Chinese,Sushi",23.049,72.547,Locality (matched)
320573,Elgin,Kolkata,Mouchak,200,4,Indian,22.538,88.352,Locality (matched)
320604,Bkc,Mumbai,Sequel,1000,4.4,"Cafe,Healthy Food",19.0668,72.8681,Locality (matched)
320654,Memnagar,Ahmedabad,Combo 10,600,2.9,"Combo,Chinese,Indian,Desserts",23.049,72.547,Locality (matched)
320700,Machuabazar,Kolkata,Petuk Bangali,400,4.3,"Bengali,Indian,Snacks,Fast Food,Home Food,Desserts,Beverages,Combo",22.585,88.361,Locality (matched)
320719,Jadavpur,Kolkata,Raj Tea Stall,50,2.9,"Chinese,Beverages,North Indian",22.499,88.371,Locality (matched)
320720,East Kolkata Township,Kolkata,Spicy Bellpepper,450,2.9,"South Indian,Chinese",22.535,88.415,Locality (matched)
320739,New Gayatri Nagar,Hyderabad,Wholesale Cakes,300,3.4,Bakery  Desserts,17.385,78.4867,City-level (approximate fallback)
320752,Haltu,Kolkata,Chakhna Wakhna,200,2.9,"Chinese,Fast Food",22.503,88.385,Locality (matched)
320754,Haltu,Kolkata,Roll Heaven,200,4.2,Fast Food,22.503,88.385,Locality (matched)
320772,Haltu,Kolkata,A Gin A Moto,200,2.9,"Fast Food,Chinese,Combo,Asian",22.503,88.385,Locality (matched)
320773,Haltu,Kolkata,Emperor Biryani,200,2.9,Biryani,22.503,88.385,Locality (matched)
320870,Erandwane,Pune,Mainland Chinese,250,3.2,Chinese,18.5089,73.83,Locality (matched)
320923,Kestopur,Kolkata,Tandoori Pitara,400,2.9,"Indian,North Indian,Punjabi,Tandoor,Biryani,Kebabs,Desserts",22.602,88.426,Locality (matched)
320942,Memnagar,Ahmedabad,Bhojanam,200,4.1,"Combo,Thalis,Desserts,Indian,Chinese",23.049,72.547,Locality (matched)
320943,Memnagar,Ahmedabad,Dial A Biryani,200,2.9,"North Indian,Biryani,Desserts",23.049,72.547,Locality (matched)
320947,Memnagar,Ahmedabad,Oriental Majik,200,2.9,"Chinese,Combo,Asian",23.049,72.547,Locality (matched)
320960,Purasaiwakkam,Chennai,That Waffle Place!,200,4.5,Desserts,13.085,80.254,Locality (matched)
320996,Koramangala,Bangalore,Kulcha Stories,250,3.8,"North Indian,Punjabi",12.9352,77.6245,Locality (matched)
321044,Baner,Pune,Cafe Coffee Hutt,250,4.5,"Fast Food,Pizzas",18.559,73.7868,Locality (matched)
321070,Thousand Lights,Chennai,Mount Road Social,600,4.3,"Indian,Chinese,South Indian,American,Fast Food,Kebabs,Mughlai,Biryani,Combo",13.0569,80.254,Locality (matched)
321082,Triplicane,Chennai,Sha Cafe,70,2.9,"Beverages,Snacks,Cafe,Indian,Chinese,Tandoor,Kebabs",13.057,80.276,Locality (matched)
321087,Kondhwa,Pune,Teashots,200,2.9,"Pizzas,Fast Food,Snacks,Beverages",18.4633,73.893,Locality (matched)
321164,Bidhannagar,Kolkata,Saptapadi,500,4.2,"Bengali,Thalis",22.585,88.418,Locality (matched)
321166,Koregaon Park,Pune,Squashed - Cold Press Juices,300,4.3,"Juices,Healthy Food,Fast Food",18.5362,73.8938,Locality (matched)
321332,Bhowanipore,Kolkata,Wrap Co,400,2.9,"Fast Food,Healthy Food,Italian,Desserts,Continental",22.527,88.345,Locality (matched)
321529,Kilpauk,Chennai,Vadilal Ice Creams,300,2.9,Desserts,13.085,80.241,Locality (matched)
321542,Machuabazar,Kolkata,Eurasia Kitchen,300,2.9,"Indian,Chinese,Continental,Seafood",22.585,88.361,Locality (matched)
321801,Triplicane,Chennai,Cake Galatta,100,2.9,"Desserts,Bakery,Continental,Pizzas",13.057,80.276,Locality (matched)
321815,Rajouri Garden,Delhi,Fabcafe By Fabindia,1000,4.2,"North Indian,Healthy Food,Biryani,Beverages",28.6492,77.12,Locality (matched)
321912,Vishnu Garden,Delhi,Paratha Universe,250,2.9,"Chinese,Indian",28.639,77.094,Locality (matched)
321975,Narotam Nagar,Surat,Tawah,400,4.1,"North Indian,Biryani,Tandoor,Barbecue",21.175,72.805,Locality (matched)
322089,Koregaon Park,Pune,Rocket Momos,300,4.5,"Chinese,Beverages",18.5362,73.8938,Locality (matched)
322153,Powai Area,Mumbai,Mainland China,850,4.4,"Chinese,Asian",19.1176,72.906,Locality (matched)
322450,Kustia,Kolkata,Biryani 4U,450,2.9,Fast Food,22.635,88.423,Locality (matched)
322524,Modi Colony,Pune,Chinese Kitchen,300,2.9,"North Indian,Chinese",18.5,73.876,Locality (matched)
322555,Teynampet,Chennai,Fabelle Chocolates - Itc Welcomhotel,600,4.6,"Bakery,Desserts,Sweets",13.0418,80.254,Locality (matched)
322697,Bidhannagar,Kolkata,Sigree,900,4.2,"North Indian,Biryani",22.585,88.418,Locality (matched)
322733,Kothapet,Hyderabad,Kings Natraj Bakers,300,4,Fast Food,17.3745,78.531,Locality (matched)
322880,Baner,Pune,The Biryani Experiment,500,4.3,"Biryani,Hyderabadi,Indian,Kebabs,North Indian,South Indian,Andhra,Afghani,Combo,Desserts,Beverages,Punjabi,Kerala,Sweets,Arabian,Lucknowi,Parsi,Tandoor",18.559,73.7868,Locality (matched)
322886,Pitam Pura,Delhi,The Biryani Experiment,500,4.3,"Biryani,Hyderabadi,Indian,Kebabs,North Indian,South Indian,Andhra,Afghani,Combo,Desserts,Beverages,Punjabi,Kerala,Sweets,Arabian,Lucknowi,Parsi,Tandoor",28.6942,77.131,Locality (matched)
323008,Navrangpura,Ahmedabad,Chhasswala,150,2.9,"Street Food,Beverages",23.0365,72.561,Locality (matched)
323040,Anna Nagar,Chennai,Ram'S Tea House,100,4.6,Beverages,13.085,80.2101,Locality (matched)
323161,Shenoy Nagar,Chennai,Just 79/- Only,150,3.9,"Chinese,Beverages,Desserts",13.08,80.228,Locality (matched)
323166,Alwarpet,Chennai,Food Cravings,200,2.9,"Chinese,Grill",13.0339,80.254,Locality (matched)
323343,Bkc,Mumbai,Bayroute,1500,4.1,"Turkish,Mediterranean,Middle Eastern,Lebanese,Arabian",19.0668,72.8681,Locality (matched)
323355,Golpark,Kolkata,Wok It Up,300,4,"Chinese,Oriental,Pan-Asian",22.517,88.363,Locality (matched)
323459,Sion,Mumbai,Sion Restaurant And Stores,300,4,"Indian,Tandoor,Chinese,Mughlai",19.0448,72.8619,Locality (matched)
323492,Paldi,Ahmedabad,Real Spice Pizzeria,450,2.9,Pizzas,23.013,72.562,Locality (matched)
323595,Taltala,Kolkata,Anupama Cloud Kitchen,400,2.7,"Indian,Chinese",22.562,88.358,Locality (matched)
323609,Indiranagar,Bangalore,Wood Fired Pizza,300,2.9,Pizzas,12.9719,77.6412,Locality (matched)
323659,Rohini,Delhi,Pizza King,300,4.2,Fast Food,28.7041,77.1025,Locality (matched)
323713,Bhowanipore,Kolkata,Mizuki,200,4,"Asian,Chinese,Fast Food",22.527,88.345,Locality (matched)
323801,Arumbakkam,Chennai,Tea Time,300,2.9,"Beverages,Snacks,Fast Food",13.073,80.21,Locality (matched)
323803,Lb Nagar,Hyderabad,Sri Venkateshwara Tiffin'S,300,2.9,North Indian,17.346,78.549,Locality (matched)
323909,Malleshwaram,Bangalore,Frozen Coast,300,2.9,"Indian,Snacks,Beverages",13.0035,77.5647,Locality (matched)
324004,Rohini,Delhi,Lazeez,200,2.9,Fast Food,28.7041,77.1025,Locality (matched)
324200,Beleghata,Kolkata,Faasos - Wraps & Rolls,200,4.4,"Combo,Snacks,Beverages,Desserts,Indian",22.562,88.39,Locality (matched)
324201,Beleghata,Kolkata,Behrouz Biryani,500,4.2,Biryani  Mughlai  Lucknowi  Hyderabadi  Kebabs  North Indian  Persian  Desserts,22.562,88.39,Locality (matched)
324202,Beleghata,Kolkata,Oven Story Pizza,600,4.1,Pizzas,22.562,88.39,Locality (matched)
324203,Beleghata,Kolkata,Firangi Bake,400,4.3,"Italian,Mexican,Pastas",22.562,88.39,Locality (matched)
324204,Beleghata,Kolkata,Lunchbox,200,4.3,North Indian  Punjabi  Combo  Biryani  Healthy Food  Jain  Thalis  Indian  Mughlai  Desserts,22.562,88.39,Locality (matched)
324205,Beleghata,Kolkata,Sweet Truth - Cake And Desserts,450,4.6,Bakery  Desserts  Beverages,22.562,88.39,Locality (matched)
324206,Beleghata,Kolkata,The Good Bowl,400,4.3,North Indian  Punjabi  Biryani  Combo  Chinese  Beverages  Desserts  Jain  Indian  Hyderabadi  Mughlai,22.562,88.39,Locality (matched)
324207,Beleghata,Kolkata,The Biryani Life,250,4.4,Biryani  Hyderabadi  Lucknowi  North Indian  Mughlai  Combo  Desserts,22.562,88.39,Locality (matched)
324222,Basavanagudi,Bangalore,Om Shiva Shakthi Chats Center,150,4.4,"Fast Food,Chaat,Beverages",12.9422,77.576,Locality (matched)
324274,Golpark,Kolkata,Soul Of Bengal,300,4.3,"Bengali,Beverages,Snacks,Sweets,Combo,Thalis,Bangladeshi,Seafood",22.517,88.363,Locality (matched)
324495,Bhowanipore,Kolkata,Krazzy For Waffle,300,3.7,"Desserts,Beverages,Ice Cream",22.527,88.345,Locality (matched)
324676,Shenoy Nagar,Chennai,Tito'S Pan-Tree,300,2.9,"Cafe,Snacks,Fast Food",13.08,80.228,Locality (matched)
324868,Pitam Pura,Delhi,Josh,400,2.9,"Indian,Chinese,Tandoor,Italian,Fast Food",28.6942,77.131,Locality (matched)
324886,Nungambakkam,Chennai,Dish-Yum,250,3,Indian,13.0569,80.2425,Locality (matched)
324961,Domlur,Bangalore,Rosy Roti,200,4.4,"Home Food,North Indian,Punjabi,Snacks,Combo,Desserts",12.961,77.6387,Locality (matched)
325021,Rohini,Delhi,Destiny Of D3,200,2.9,Punjabi,28.7041,77.1025,Locality (matched)
325034,Chembur,Mumbai,Baconfessions,300,4.2,Italian  Continental  Snacks,19.0522,72.9006,Locality (matched)
325190,Annanagar East,Chennai,Myfroyoland Frozen Yogurt,300,2.9,"Desserts,Ice Cream",13.087,80.22,Locality (matched)
325435,Koramangala,Bangalore,Nadan Pothichoru,200,3.4,"South Indian,Kerala,Biryani",12.9352,77.6245,Locality (matched)
325548,Purasaiwakkam,Chennai,Compani - Great Combos,200,2.9,North Indian,13.085,80.254,Locality (matched)
325637,Jayanagar,Bangalore,Via Milano,800,4.5,"Pizzas,Italian,European,Mediterranean,Pastas,Continental,Seafood,Middle Eastern,Grill,Greek,Salads,Oriental",12.925,77.5938,Locality (matched)
325640,Bidhannagar,Kolkata,Bukhara - Biryani Kebabs & Curries,400,3.8,"Biryani,Kebabs,North Indian,Tandoor,Combo",22.585,88.418,Locality (matched)
325655,Koramangala,Bangalore,Nizam'S Kitchens,450,4.1,"Biryani,Andhra,Hyderabadi,South Indian,North Indian,Tandoor,Beverages,Desserts",12.9352,77.6245,Locality (matched)
325907,Erandwane,Pune,Karlos Pasta Pizza & Grills.,300,2.9,"Indian,Italian,Chinese,Pastas,Fast Food",18.5089,73.83,Locality (matched)
326092,Erandwane,Pune,Chopsticks And Pastas,200,4.3,"Chinese,Fast Food,Italian,Asian,Thai,Pizzas,Street Food",18.5089,73.83,Locality (matched)
326155,Bkc,Mumbai,Sagar Kitchen By Sagar Caterers,200,2.9,Indian,19.0668,72.8681,Locality (matched)
326236,Ballygunge,Kolkata,Asian Deli,500,4.1,"Indian,Chinese",22.528,88.366,Locality (matched)
326294,New Gayatri Nagar,Hyderabad,Special Cakes,200,2.9,Desserts,17.385,78.4867,City-level (approximate fallback)
326465,Vadapalani,Chennai,Oriental Majik,200,2.9,Indian,13.0503,80.2121,Locality (matched)
326501,Kondhwa Budruk,Pune,Revelry Cake & Decoration House,500,2.9,"Bakery,Desserts",18.457,73.899,Locality (matched)
326743,Paschim Vihar,Delhi,Pizza Pan,500,2.9,"Pizzas,Fast Food",28.6692,77.1013,Locality (matched)
326762,Ashok Nagar,Bangalore,Dhaba Co.,650,2.9,North Indian,12.9843,77.5936,Locality (matched)
326838,Bibwewadi,Pune,Roopali Pure Veg,500,2.9,"North Indian,Chinese,Punjabi,Italian,Continental,South Indian",18.475,73.863,Locality (matched)
326956,Tiljala,Kolkata,Tandoori Dot Com,200,2.9,North Indian,22.53,88.387,Locality (matched)
326959,Machuabazar,Kolkata,6 Ballygunge Place Take Away - Maniktala,800,4.3,Bengali,22.585,88.361,Locality (matched)
327003,Kilpauk,Chennai,Pacifica - Beverly Hotel,600,2.9,"Chinese,North Indian",13.085,80.241,Locality (matched)
327151,Dilsukhnagar,Hyderabad,Wok 21 Chinese,400,3.8,"Chinese,North Indian",17.3687,78.5247,Locality (matched)
327178,Uppal,Hyderabad,Madhusudhanreddy Hotel,150,3.6,"South Indian,Chinese,Biryani",17.4062,78.559,Locality (matched)
327257,Sinthee,Kolkata,Chaplin Chinese Restaurant,300,4,North Indian,22.622,88.383,Locality (matched)
327273,Gokhalenagar,Pune,Mike In 24 Kitchen,200,2.9,"Indian,Pizzas",18.529,73.828,Locality (matched)
327313,Kolkata,Kolkata,New Paul Dhaba Delight,200,3.9,"North Indian,Chinese",22.5726,88.3639,Locality (matched)
327414,Amberpet,Hyderabad,Bhagmati Biryani,250,3.6,"Biryani,Telangana",17.398,78.513,Locality (matched)
327415,Nava Naroda,Ahmedabad,Vadilal Ice Creams,300,4.6,Ice Cream,23.08,72.65,Locality (matched)
327862,Parvati Paytha,Pune,Darjeeling Hot Momos,150,2.9,Chinese,18.493,73.846,Locality (matched)
327882,Tala,Kolkata,Mitra Brothers Fast Food Corner,200,2.9,"Chinese,North Indian",22.612,88.369,Locality (matched)
327900,Gobra,Kolkata,Behnam,500,3.7,"Biryani,North Indian,Mughlai,Kebabs,Lucknowi,Awadhi",22.545,88.376,Locality (matched)
327991,Indiranagar,Bangalore,Hot Momos,200,2.9,Indian,12.9719,77.6412,Locality (matched)
328099,Koramangala,Bangalore,Ancient Chinese House,300,4.1,Chinese,12.9352,77.6245,Locality (matched)
328127,Kurla,Mumbai,Mumbai Central Juice And Snacks Centre,400,2.9,"Snacks,Fast Food,Ice Cream,Beverages,Pizzas,Juices",19.0728,72.8826,Locality (matched)
328174,Kilpauk,Chennai,Hameedia Valima Biryani,300,2.9,Biryani,13.085,80.241,Locality (matched)
328278,Kondhwa,Pune,Kathi Roll Inc,200,4.3,"Fast Food,Snacks,Combo,Beverages",18.4633,73.893,Locality (matched)
328315,Vishala,Ahmedabad,Hiit Meals,150,2.9,"Fast Food,Combo,Snacks,North Indian,Street Food,Beverages,Desserts",22.985,72.556,Locality (matched)
328350,Himayatnagar,Hyderabad,Brownie Heaven,200,2.9,Desserts,17.4008,78.4813,Locality (matched)
328527,Perambur,Chennai,Lassi Corner,150,2.9,Beverages,13.1155,80.234,Locality (matched)
328563,Vishala,Ahmedabad,Pick Up Meals By Terra,250,4.2,"Healthy Food,Salads,Combo,Lebanese,Mediterranean,Mexican,Pizzas,Juices,Beverages",22.985,72.556,Locality (matched)
328570,Koti,Hyderabad,Balaji Dhaba,400,3.6,"North Indian,Biryani,Chinese,Indian,Tandoor",17.3833,78.4794,Locality (matched)
328837,Vesu,Surat,Blue Vanilla Patisserie,450,2.9,Desserts,21.14,72.777,Locality (matched)
328878,Santacruz East,Mumbai,Charcoal Eats - Biryani & Beyond,499,4.3,"Biryani,North Indian,Mughlai,Afghani,Hyderabadi,Kebabs",19.0822,72.8416,Locality (matched)
328944,Pitam Pura,Delhi,Giri Momos Wala,200,3.9,"Chinese,Fast Food",28.6942,77.131,Locality (matched)
328971,Koramangala,Bangalore,Chuckling Chinese,300,4.1,"Chinese,Fast Food",12.9352,77.6245,Locality (matched)
329149,Koramangala,Bangalore,Imperio Restaurant,300,3.9,"Biryani,Mughlai,North Indian,Tandoor,Kerala,Chinese,Seafood,Combo,Beverages,Desserts",12.9352,77.6245,Locality (matched)
329233,Ghatkopar West,Mumbai,Green Chatni Food,300,2.9,"North Indian,Chinese,Tandoor",19.0864,72.9047,Locality (matched)
329291,Koramangala,Bangalore,The Parotta Combo,250,2.9,"North Indian,Punjabi,Mughlai,Combo,Beverages,Desserts",12.9352,77.6245,Locality (matched)
329340,Ayanavaram,Chennai,Atho Kadai,150,4.1,"Street Food,Burmese,Fast Food",13.105,80.232,Locality (matched)
329461,Anna Nagar,Chennai,Bakkings Elite,300,2.9,"Bakery,Fast Food,Snacks,Pizzas,Italian-American",13.085,80.2101,Locality (matched)
329541,Navrangpura,Ahmedabad,Biryani Co.,400,2.9,Biryani,23.0365,72.561,Locality (matched)
329676,Golpark,Kolkata,Gusto Cafe & Kitchen,500,2.9,"Continental,Italian,Pizzas,Chinese,Fast Food",22.517,88.363,Locality (matched)
329848,Indiranagar,Bangalore,A1 Chips,250,4.5,"Snacks,Sweets",12.9719,77.6412,Locality (matched)
329881,T. Nagar,Chennai,The Madras Pizzeria,500,2.9,Pizzas,13.0418,80.2341,Locality (matched)
329884,New Malakpet,Hyderabad,Steves Kitchen,200,3.7,"Chinese,Indian,Snacks",17.3735,78.498,Locality (matched)
329976,Golpark,Kolkata,99,300,4.1,Indian,22.517,88.363,Locality (matched)
329990,Thaltej,Ahmedabad,Chat On Chaat,300,2.9,"Street Food,Chaat,Snacks,Fast Food",23.047,72.499,Locality (matched)
329996,Lal Darwaja,Ahmedabad,Bera Samosa House,150,2.9,"Street Food,Snacks",23.025,72.592,Locality (matched)
330061,Jodhpur Village,Ahmedabad,Rajasthani Tadka,300,4.5,Indian,23.026,72.522,Locality (matched)
330209,Navrangpura,Ahmedabad,Bean Box Cafe,300,2.9,"Beverages,Continental,Desserts",23.0365,72.561,Locality (matched)
330317,Erandwane,Pune,Food Junction,300,2.9,Indian,18.5089,73.83,Locality (matched)
330456,Toli Chowki,Hyderabad,Sounds Cheesy,300,4.1,Indian,17.4001,78.418,Locality (matched)
330495,Garfa,Kolkata,Bangaliyana Ranna Ghar,300,2.7,Indian,22.504,88.382,Locality (matched)
330536,Santacruz East,Mumbai,New Bismillah Caterers,300,3.6,Biryani  Indian,19.0822,72.8416,Locality (matched)
330550,Purasawalkam,Chennai,Id (Contemporary South Indian),400,4.1,"South Indian,Beverages",13.085,80.254,Locality (matched)
330557,Santacruz East,Mumbai,Second House Kitchen,400,2.9,"Italian,Salads,Fast Food,Chinese",19.0822,72.8416,Locality (matched)
330575,Bidhannagar,Kolkata,Express By Ab'S,300,4.5,"Barbecue,Biryani,Indian,Thalis",22.585,88.418,Locality (matched)
330676,Indiranagar,Bangalore,Rice Spice & That Thing Nice,500,4.2,"Kerala,Combo,Indian,Beverages",12.9719,77.6412,Locality (matched)
330687,Indiranagar,Bangalore,The Congee Concept,300,4.6,South Indian,12.9719,77.6412,Locality (matched)
330891,Narayanguda,Hyderabad,Rolls & Bowls By Feedx,200,3.5,"Fast Food,North Indian,Snacks,Salads,Beverages,Indian,Pastas",17.4013,78.4913,Locality (matched)
330980,Navrangpura,Ahmedabad,La Shake Esfera,200,3.3,"Beverages,Desserts",23.0365,72.561,Locality (matched)
331067,Pitam Pura,Delhi,Chef Brothers Shawarma Roll,500,2.9,North Indian,28.6942,77.131,Locality (matched)
331087,Bkc,Mumbai,Pa Pa Ya,600,4,"Asian,Chinese,Japanese,Pan-Asian,Thai,Sushi,Oriental,Desserts",19.0668,72.8681,Locality (matched)
331093,Royapettah,Chennai,Pasta Brasserie,200,3.8,"Italian,Pizzas,Pastas,Snacks,Beverages",13.0569,80.265,Locality (matched)
331171,Narayan Peth,Pune,Ganesh Bhel-Swargate,200,4.4,"Chaat,Fast Food",18.514,73.853,Locality (matched)
331189,Purasawalkam,Chennai,Id Coffee,200,2.9,"Beverages,Snacks",13.085,80.254,Locality (matched)
331192,Purasawalkam,Chennai,Dosa & Co.,400,2.9,South Indian,13.085,80.254,Locality (matched)
331430,Anand Nagar,Pune,Snehas Kitchen,200,2.9,"Fast Food,Pizzas,Italian",18.5,73.86,Locality (matched)
331477,Royapettah,Chennai,Celebration,250,4,"Continental,Desserts,Beverages",13.0569,80.265,Locality (matched)
331513,Malleshwaram,Bangalore,The Golden Scoop,300,2.9,Indian,13.0035,77.5647,Locality (matched)
331515,Behala,Kolkata,Hotlets & Wiches,300,2.9,Fast Food,22.499,88.313,Locality (matched)
331523,Dhankawadi,Pune,Bholes Rock & Rolls,200,3.8,Indian,18.457,73.847,Locality (matched)
331570,Shenoy Nagar,Chennai,Karaikudi Aachi Biryani,200,4.1,"Biryani,Indian,Chinese",13.08,80.228,Locality (matched)
331585,Santhome,Chennai,The Kati Roll Shop Express,200,3.9,"Street Food,Mexican,Chinese",13.034,80.278,Locality (matched)
331641,Rohini,Delhi,Shake'N Food,350,4.7,Beverages,28.7041,77.1025,Locality (matched)
331766,Kothrud,Pune,Biggies Burger,400,4.3,"Beverages,French,Indian",18.5074,73.8077,Locality (matched)
331874,Ballygunge,Kolkata,Dugout Avenue Sports Foundation,500,2.9,Indian,22.528,88.366,Locality (matched)
331930,Santacruz East,Mumbai,Biryanishah,300,3.8,Biryani  Indian  North Indian,19.0822,72.8416,Locality (matched)
331937,Santacruz East,Mumbai,Wingsbol,300,2.9,Asian  Chinese,19.0822,72.8416,Locality (matched)
331940,Santacruz East,Mumbai,Talk Tikka,300,2.9,Indian  Biryani  Tandoor,19.0822,72.8416,Locality (matched)
332020,Saki Naka,Mumbai,The Spot ( Sakinaka Andheri),200,2.8,"Fast Food,Snacks",19.1073,72.8873,Locality (matched)
332040,Bidhannagar,Kolkata,Binge Momos,300,3.8,"Chinese,Pan-Asian",22.585,88.418,Locality (matched)
332090,Bidhannagar,Kolkata,Kadhai Kitchen,300,2.9,"Biryani,Indian,Chinese,Tandoor,Combo",22.585,88.418,Locality (matched)
332172,New Malakpet,Hyderabad,Grill Station,200,3.9,Indian,17.3735,78.498,Locality (matched)
332302,Bhowanipore,Kolkata,Papa Pencho Da Dhaba,300,3.8,"Indian,Chinese,Biryani",22.527,88.345,Locality (matched)
332331,Egmore,Chennai,Burgerman,400,4.4,"American,Snacks,Continental",13.0732,80.2609,Locality (matched)
332457,Ashok Nagar,Bangalore,Chung Wah Express,450,2.9,Chinese,12.9843,77.5936,Locality (matched)
332513,Andheri East,Mumbai,The Meal Factory,400,3.9,"Indian,Chinese,Biryani,Beverages",19.1136,72.8697,Locality (matched)
332518,Ashok Nagar,Bangalore,Toast & Tonic,900,4.3,"European,Continental",12.9843,77.5936,Locality (matched)
332553,Ballygunge,Kolkata,Blu Orchid,500,4.4,Chinese,22.528,88.366,Locality (matched)
332629,Uppal,Hyderabad,Marrakesh,300,3.8,"Biryani,North Indian,Arabian,Lebanese",17.4062,78.559,Locality (matched)
332633,Uppal,Hyderabad,Urban Orient Express,300,3.6,"Chinese,Thai,Seafood,Asian",17.4062,78.559,Locality (matched)
332655,Wadgaon Sheri,Pune,Om Sai Wadewale,200,2.9,Snacks,18.554,73.911,Locality (matched)
332700,Erandwane,Pune,Retox,450,2.9,"Chinese,Pizzas,European,Asian,Tandoor,Desserts",18.5089,73.83,Locality (matched)
332843,Kodambakkam,Chennai,Kebabistaan,300,3.8,"Biryani,Kebabs,Desserts",13.05,80.2241,Locality (matched)
333029,Erandwane,Pune,Sea Spices,400,2.9,Indian,18.5089,73.83,Locality (matched)
333056,Gobra,Kolkata,Ambika Patisserie,200,4.4,Desserts  Bakery,22.545,88.376,Locality (matched)
333104,Baner,Pune,Pind Punjab.,400,4.2,"North Indian,Indian,Punjabi,Chinese,Biryani,Thalis,Combo,Mughlai,Beverages,Desserts,Snacks",18.559,73.7868,Locality (matched)
333120,Jorabagan,Kolkata,Nalin Chandra Das And Sons,300,4.5,Sweets,22.588,88.356,Locality (matched)
333209,Perambur,Chennai,Popcorn House,150,2.9,Indian,13.1155,80.234,Locality (matched)
333385,Kalighat,Kolkata,Omelette King,400,4.2,"Indian,Fast Food,Snacks",22.519,88.342,Locality (matched)
333438,Nungambakkam,Chennai,Down Sterling,200,2.9,"Continental,Snacks,Fast Food",13.0569,80.2425,Locality (matched)
333553,Teynampet,Chennai,Brindhavan Veg Restaurant,300,4.1,Indian,13.0418,80.254,Locality (matched)
333585,Himayatnagar,Hyderabad,The Exotic Shawarma,250,3.8,"Arabian,Fast Food",17.4008,78.4813,Locality (matched)
333687,Deccan Gymkhana,Pune,Relax Pure Veg,200,3.9,"North Indian,Snacks,Fast Food,Desserts,Beverages",18.5162,73.8397,Locality (matched)
333722,Vadgaon Budruk,Pune,P R Rolls House,200,2.9,"Indian,Fast Food,Beverages",18.463,73.81,Locality (matched)
333732,Rajajinagar,Bangalore,Al- Bek,400,3.9,"Mughlai,North Indian",12.9905,77.5554,Locality (matched)
333760,Banjara Hills,Hyderabad,Nasheman Hotel  Altaf Bakery,500,4.1,"Hyderabadi,Tandoor,Kebabs,Grill,Biryani",17.4156,78.4347,Locality (matched)
333786,Matunga,Mumbai,Rolls Bistro,250,4,Continental  Indian,19.027,72.848,Locality (matched)
333837,Adugodi,Bangalore,Polamma'S Mess,250,4.2,"Indian,Biryani",12.942,77.6136,Locality (matched)
333980,Naranpura,Ahmedabad,Bake And Grill,250,2.9,"Indian,Fast Food",23.048,72.558,Locality (matched)
333992,Sion,Mumbai,Hop In,300,2.9,Chinese  Thai  Korean  Seafood,19.0448,72.8619,Locality (matched)
334022,Chetla,Kolkata,Vinayak Kitchen,300,2.9,Chinese,22.517,88.335,Locality (matched)
334033,Kalighat,Kolkata,Eat.Right,500,4.6,"North Indian,Continental,Salads",22.519,88.342,Locality (matched)
334185,Abids,Hyderabad,Sohanlal Tea Time,160,2.9,Beverages  South Indian,17.3915,78.4756,Locality (matched)
334208,Narayanguda,Hyderabad,Chickpet Donne Biryani House,400,3.7,Indian,17.4013,78.4913,Locality (matched)
334214,Ghatkopar,Mumbai,Restaurant Manna,300,2.9,"Indian,Chinese,Tandoor",19.0857,72.9083,Locality (matched)
334284,Magdalla,Surat,Journey Health Kitchen,300,2.9,"Continental,Indian",21.158,72.765,Locality (matched)
334421,Chembur,Mumbai,Masoli Bazaar,200,2.9,"North Indian,Chinese",19.0522,72.9006,Locality (matched)
334508,Bidhannagar,Kolkata,Dieto,200,4.5,Healthy Food,22.585,88.418,Locality (matched)
334524,Andheri East,Mumbai,Foodie Dineout,350,2.9,"Chinese,Indian,Tandoor,Italian,Continental,Pizzas",19.1136,72.8697,Locality (matched)
334648,Satellite,Ahmedabad,The Rookies Kitchen,200,4.3,"Snacks,North Indian,Beverages,Fast Food",23.027,72.507,Locality (matched)
334799,Banjara Hills,Hyderabad,Swastik Udupi Vef,48,3.4,"South Indian,Snacks",17.4156,78.4347,Locality (matched)
334826,Vastrapur,Ahmedabad,Punjabi Bistro And Bakers,500,2.9,North Indian,23.039,72.529,Locality (matched)
334856,Andheri East,Mumbai,Alfaham Grill Corner,300,2.9,American  Chinese  Indian,19.1136,72.8697,Locality (matched)
334921,Khar West,Mumbai,Sheetal Restaurant And Bar,1200,4.2,Indian  Seafood  Chinese  Ice Cream,19.0696,72.8355,Locality (matched)
334941,Ellisbridge,Ahmedabad,Chinese Adda,250,2.9,Chinese,23.023,72.568,Locality (matched)
334962,Karve Nagar,Pune,Sikandars Shahi Biryani,500,2.9,"Biryani,Chinese,North Indian",18.49,73.8163,Locality (matched)
334998,Tangra,Kolkata,Itc Hotels - Biryani & Pulao Collection,1000,2.9,"Biryani,North Indian,Desserts",22.546,88.396,Locality (matched)
335000,Andheri East,Mumbai,Itc Hotels - Biryani & Pulao Collection,1000,4.2,Biryani  North Indian  Desserts,19.1136,72.8697,Locality (matched)
335002,Ashok Nagar,Bangalore,Itc Hotels - Biryani & Pulao Collection,1000,2.9,"Biryani,North Indian,Desserts",12.9843,77.5936,Locality (matched)
335044,Adajan Patiya,Surat,Mid Night Chinese,300,4.2,"Chinese,Seafood,Mughlai",21.196,72.78,Locality (matched)
335113,Matunga,Mumbai,The Dough Therapy,600,4.3,Italian  Pizzas  Pastas  Desserts  Beverages,19.027,72.848,Locality (matched)
335149,Chembur,Mumbai,Guruprasad Bar & Restaurant,300,2.9,"Continental,North Indian,Biryani",19.0522,72.9006,Locality (matched)
335152,Anna Nagar,Chennai,Hakka Xpress (Chinese),300,4.3,"Chinese,Fast Food,Snacks,Combo,Asian",13.085,80.2101,Locality (matched)
335161,Gurukul,Ahmedabad,The Non Veg Room,400,4,North Indian,23.043,72.528,Locality (matched)
335168,Anna Nagar,Chennai,Orange Wok,500,4,"Chinese,Beverages,Desserts,Combo",13.085,80.2101,Locality (matched)
335302,Kurla,Mumbai,Sahie Darbar,200,3.2,Indian,19.0728,72.8826,Locality (matched)
335344,Chembur,Mumbai,Nandu'S Food Shack,200,4.1,Chinese  Indian  Snacks,19.0522,72.9006,Locality (matched)
335426,Park Street Area,Kolkata,Arhaam Rasoi,250,4.1,"Indian,Biryani,Chinese",22.552,88.352,Locality (matched)
335433,Deccan Gymkhana,Pune,Treat Studio,300,2.9,"Fast Food,Pastas",18.5162,73.8397,Locality (matched)
335502,Andheri East,Mumbai,Kebab Flare,500,2.9,Kebabs,19.1136,72.8697,Locality (matched)
335505,Cox Town,Bangalore,Itc Sunfeast Baked Creations,600,4.6,"Bakery,Desserts",12.9977,77.6178,Locality (matched)
335538,Bandra East,Mumbai,Gupta'S Snackhub,300,2.9,"Beverages,Juices,Fast Food,Snacks",19.0596,72.841,Locality (matched)
335636,Choolaimedu,Chennai,Zwarma,200,2.9,"Snacks,Fast Food,Pizzas,Arabian,Beverages",13.064,80.228,Locality (matched)
335651,Koramangala,Bangalore,Wok & Talk,300,2.9,Chinese,12.9352,77.6245,Locality (matched)
335687,Banashankari,Bangalore,Say Noodles,300,3.3,"Chinese,Thai,Seafood,Asian,Combo,Healthy Food,Beverages",12.9255,77.5468,Locality (matched)
335812,Rohini,Delhi,Little London,300,2.9,"Chinese,Continental,Pizzas,Pastas,Snacks,Fast Food",28.7041,77.1025,Locality (matched)
335816,Rohini,Delhi,Chee Chee,300,2.9,"Italian,Continental,Pizzas",28.7041,77.1025,Locality (matched)
335873,Kurla,Mumbai,Status Bar And Restaurant,400,2.9,Indian,19.0728,72.8826,Locality (matched)
335883,Paharganj,Delhi,Red Dragon,250,2.9,"Chinese,Continental,Beverages",28.644,77.214,Locality (matched)
335973,Kalighat,Kolkata,The Lassi Pub,300,2.9,"Desserts,Beverages",22.519,88.342,Locality (matched)
335978,Kalighat,Kolkata,Uncle Peter'S Pancakes,300,4.3,"Continental,Desserts,Waffle,Snacks,Beverages",22.519,88.342,Locality (matched)
336007,Arumbakkam,Chennai,Hold On,150,2.9,"Continental,Juices,Snacks,Beverages",13.073,80.21,Locality (matched)
336053,Rohini,Delhi,Wendy'S,200,4.1,American,28.7041,77.1025,Locality (matched)
336100,Shenoy Nagar,Chennai,Chaihood,100,4.4,"Snacks,Beverages",13.08,80.228,Locality (matched)
336146,Anna Nagar,Chennai,Alibaba Shawarma And 40 Dishes,300,4.1,"Arabian,Kebabs,Snacks",13.085,80.2101,Locality (matched)
336161,Kasba,Kolkata,Chennai Express Kolkata,200,2.9,South Indian,22.514,88.38,Locality (matched)
336183,University Area,Ahmedabad,Makeba The Lounge Cafe,400,3.7,Indian,23.033,72.545,Locality (matched)
336255,Kalighat,Kolkata,Sub Spot,200,2.9,"Healthy Food,Salads,Fast Food",22.519,88.342,Locality (matched)
336260,Bandra East,Mumbai,Mexibay- Burritos & More,400,4.2,"Mexican,Healthy Food,Desserts,Beverages,Fast Food,Combo",19.0596,72.841,Locality (matched)
336272,Sector 16 Rohini,Delhi,Punjabi Angithi,400,4,"North Indian,Chinese,Punjabi,Kebabs,Fast Food,Tandoor",28.733,77.13,Locality (matched)
336366,Beleghata,Kolkata,The Exclusive Cake Bakery,200,2.9,Bakery,22.562,88.39,Locality (matched)
336374,Khar East,Mumbai,Wow Chinese,300,3.1,Chinese,19.073,72.846,Locality (matched)
336458,Santacruz East,Mumbai,Sichuan Bistro,400,2.9,Chinese,19.0822,72.8416,Locality (matched)
336461,Andheri East,Mumbai,Ribbons And Balloons,300,3.4,Bakery,19.1136,72.8697,Locality (matched)
336463,Koramangala,Bangalore,Chinese Bistro,200,2.9,"Chinese,Biryani",12.9352,77.6245,Locality (matched)
336514,Egmore,Chennai,Balaji Sandwich Stall,200,4.6,"Snacks,Continental",13.0732,80.2609,Locality (matched)
336532,Jodhpur Village,Ahmedabad,The Salt Bae,200,3.8,"Indian,Thalis,Combo,Punjabi,Snacks,Tandoor,Chinese,Pizzas",23.026,72.522,Locality (matched)
336555,Kalighat,Kolkata,Drinking,200,4.1,Beverages,22.519,88.342,Locality (matched)
336758,Vishala,Ahmedabad,Grubian,200,2.9,"Indian,Chinese,Tandoor,Oriental",22.985,72.556,Locality (matched)
336762,Vishala,Ahmedabad,Healthy Bowl,300,3.6,North Indian,22.985,72.556,Locality (matched)
336796,Paschim Vihar,Delhi,Kabab Hut,300,2.9,"Indian,Tandoor,Biryani",28.6692,77.1013,Locality (matched)
336801,Sector 7 Rohini,Delhi,On A Roll,250,4,Fast Food,28.718,77.122,Locality (matched)
336995,Koregaon Park,Pune,We Desi,200,2.9,North Indian,18.5362,73.8938,Locality (matched)
337020,Koregaon Park,Pune,Crazy Noodles,500,3.8,"Chinese,Thai",18.5362,73.8938,Locality (matched)
337162,Banjara Hills,Hyderabad,Fishland Express,350,3.8,"Biryani,Chinese,South Indian,North Indian,Tandoor",17.4156,78.4347,Locality (matched)
337179,Shyamal,Ahmedabad,Anna Dosa Point,100,2.9,"South Indian,Fast Food,Indian,Beverages",23.033,72.515,Locality (matched)
337198,Mylapore,Chennai,Ciro'S Pizzeria,1000,4.4,"Pizzas,Italian,Continental,American,Desserts",13.0339,80.2695,Locality (matched)
337297,Gowlipura,Hyderabad,Homely Kitchen,200,3.8,North Indian,17.369,78.479,Locality (matched)
337395,Mylapore,Chennai,Only Combo'S,400,2.9,"Chinese,Combo",13.0339,80.2695,Locality (matched)
337459,Bkc,Mumbai,Goodness To Go,350,4.5,"Salads,European,Italian,Juices,Bakery,Desserts,Combo",19.0668,72.8681,Locality (matched)
337687,Ashok Nagar,Bangalore,Tree Tops Bar & Kitchen,800,2.9,"Indian,Fast Food,Pastas,Desserts",12.9843,77.5936,Locality (matched)
337803,Powai,Mumbai,Bayleaf - By Good Food Co,250,4.3,"Indian,North Indian,Mughlai,Kebabs",19.1176,72.906,Locality (matched)
337820,Basavanagudi,Bangalore,The Soup Project,300,2.9,"Chinese,Continental",12.9422,77.576,Locality (matched)
337825,Sion,Mumbai,Bing Bong,300,2.9,"Chinese,Thai,Korean,Seafood",19.0448,72.8619,Locality (matched)
337841,Himayatnagar,Hyderabad,Grabz,250,3.8,"Italian,Continental",17.4008,78.4813,Locality (matched)
337861,Central Bangalore,Bangalore,Azuki Japan Travel  Bistro And Sake,1200,4.6,"Japanese,Desserts,Pan-Asian,Bakery,Snacks",12.9767,77.5993,Locality (matched)
337877,Bhowanipore,Kolkata,Kake De Paranthe,300,4.1,Indian,22.527,88.345,Locality (matched)
337920,Saijpur Bogha,Ahmedabad,Diamond Aalishan Dry & Fry,300,3.9,"Chinese,Biryani,Middle Eastern,Mughlai,Seafood,Combo",23.08,72.628,Locality (matched)
337994,Gariahat,Kolkata,New Banglar Rannaghor,200,4,"Bengali,Indian,Chinese,Snacks",22.519,88.363,Locality (matched)
337995,Kurla (W),Mumbai,Burnt Chillies,200,2.9,Indian,19.0728,72.8826,Locality (substring match: 'kurla')
337997,Jayanagar,Bangalore,Taiki,800,4,"Pan-Asian,Japanese,Korean,Thai,Sushi,Beverages,Asian,Chinese",12.925,77.5938,Locality (matched)
338051,Raja Annamalai Puram,Chennai,Mini'S Cookhouse,300,4.4,"South Indian,Snacks,Fast Food",13.03,80.262,Locality (matched)
338058,Beniapukur,Kolkata,Sooper Sandwich,400,2.9,Snacks  Salads  Desserts,22.546,88.368,Locality (matched)
338105,Tilak Nagar,Delhi,Cake & Co.,300,2.9,"South Indian,Biryani,Desserts",28.639,77.092,Locality (matched)
338345,Annanagar East,Chennai,Fajz Biryani Biz,200,3.6,"Biryani,Chinese",13.087,80.22,Locality (matched)
338353,Andheri East,Mumbai,Parab'S Sampoorna Kitchen,230,2.9,South Indian  Indian  Chinese  Combo  Punjabi  Biryani,19.1136,72.8697,Locality (matched)
338370,Lake Gardens,Kolkata,Chunky Monkey,200,3.2,"Italian,Pizzas,Fast Food",22.506,88.355,Locality (matched)
338372,Kurla West,Mumbai,Merwans Cake Stop,300,4.5,"Desserts,Bakery",19.07,72.879,Locality (matched)
338514,Khadia,Ahmedabad,Old Delhi Biryani,200,2.9,"Biryani,Indian",23.023,72.594,Locality (matched)
338518,Topsia,Kolkata,A One Collfi,200,2.9,"Ice Cream,Indian",22.541,88.383,Locality (matched)
338594,Kothrud,Pune,Heaven Pizza And Cafe,300,2.9,Pizzas,18.5074,73.8077,Locality (matched)
338628,Ambegaon,Pune,Roll Xpress,100,4,"Chinese,Snacks,Fast Food,Beverages",18.437,73.85,Locality (matched)
338643,Shivajinagar,Pune,Poona Guest House,400,2.9,"Snacks,Beverages,Maharashtrian",18.5308,73.8478,Locality (matched)
338704,Andheri East,Mumbai,Lazeez,350,4.1,North Indian  Mughlai,19.1136,72.8697,Locality (matched)
338758,Rajajinagar,Bangalore,Jams Kitchen,200,2.9,"Chinese,Italian,Mexican,Desserts",12.9905,77.5554,Locality (matched)
338804,Memnagar,Ahmedabad,Meals Of India,250,2.9,"Combo,Thalis,Desserts,Indian,Biryani",23.049,72.547,Locality (matched)
338807,Memnagar,Ahmedabad,The Wok Tales,250,2.9,"Chinese,Combo,Asian",23.049,72.547,Locality (matched)
338832,Bosepukur,Kolkata,Ushtaad Ji,200,2.9,"Chinese,Tibetan",22.509,88.39,Locality (matched)
338973,Santacruz East,Mumbai,Jaihind Lunch Home,300,3.6,Indian,19.0822,72.8416,Locality (matched)
339074,Toli Chowki,Hyderabad,Great Bakers,300,4.1,"Italian,Pizzas,Pastas,Indian,Desserts,American",17.4001,78.418,Locality (matched)
339092,Andheri East,Mumbai,Kappa Diner,400,4,"South Indian,Kerala",19.1136,72.8697,Locality (matched)
339094,Beniapukur,Kolkata,Bateel,1000,2.9,Healthy Food  Snacks  Desserts,22.546,88.368,Locality (matched)
339150,Ashok Nagar,Bangalore,The Ritz-Carlton - Ganache,1000,3.5,"Indian,Bakery",12.9843,77.5936,Locality (matched)
339200,Chembur,Mumbai,Krowns Kitchen,400,2.9,"North Indian,Lebanese,Mughlai,Kebabs,Tandoor",19.0522,72.9006,Locality (matched)
339221,Kolathur,Chennai,Mb Wings,300,2.9,Continental,13.12,80.22,Locality (matched)
339245,George Town,Chennai,Cake Square,400,2.9,Bakery,13.094,80.287,Locality (matched)
339287,Banjara Hills,Hyderabad,Spice 6 Global Dining,900,4.2,"Indian,Fast Food,Chinese,Arabian,Desserts",17.4156,78.4347,Locality (matched)
339300,Old Washermanpet,Chennai,Amul Ice Creams,300,2.9,Ice Cream,13.114,80.282,Locality (matched)
339331,Powai,Mumbai,Panjabi Carkhana,400,3.4,Indian  North Indian  Chinese  Biryani,19.1176,72.906,Locality (matched)
339564,Powai,Mumbai,North Indian Chef,300,3.5,North Indian,19.1176,72.906,Locality (matched)
339565,Dhakuria,Kolkata,Biryani By Kilo,600,4.1,"Biryani,Hyderabadi,Lucknowi,Kebabs",22.509,88.367,Locality (matched)
339581,Himayath Nagar,Hyderabad,Krishna Idli And Dosa,250,3.9,"South Indian,Chinese,Pizzas,Andhra,Hyderabadi,Maharashtrian,Fast Food,Salads,Beverages,North Indian",17.4008,78.4813,Locality (matched)
339595,Baguihati,Kolkata,Oye Pizza,200,2.9,Indian,22.612,88.418,Locality (matched)
339600,Dharavi,Mumbai,Hotelcafe Rahat,350,3.9,Indian,19.038,72.8538,Locality (matched)
339608,Shalimar Bagh,Delhi,Shalimar Cafe  By Amandeep Pure Veg,200,4.3,"Indian,Chinese,Italian",28.71,77.158,Locality (matched)
339656,Ulsoor,Bangalore,Bakery By Foodhall,300,4.5,"Bakery,Italian,Desserts",12.9815,77.6205,Locality (matched)
339661,Ambawadi,Ahmedabad,The Indian Heat,600,4.1,"Chinese,Indian,Arabian,Desserts,Fast Food",23.027,72.549,Locality (matched)
339688,Thousand Lights,Chennai,Bun Kebab,120,2.9,"Kebabs,Beverages,Snacks",13.0569,80.254,Locality (matched)
339726,Elgin,Kolkata,Olive-Hotelniharika,200,2.9,"Fast Food,Chinese,Indian",22.538,88.352,Locality (matched)
339828,Perambur,Chennai,Hungry Town,300,4,"Indian,Chinese",13.1155,80.234,Locality (matched)
339835,Chiriamore,Kolkata,Ghoshs Kitchen,250,3.5,"South Indian,North Indian,Chinese,Punjabi,Snacks,Combo",22.635,88.43,Locality (matched)
339915,Banjara Hills,Hyderabad,Chickn Wickn,200,3.9,"North Indian,Chinese,Biryani",17.4156,78.4347,Locality (matched)
339985,Himayatnagar,Hyderabad,Momo Cafe,250,3.6,Chinese,17.4008,78.4813,Locality (matched)
339988,Gowliguda,Hyderabad,Shawarma And Chinese Fast Food,300,2.9,Indian,17.38,78.478,Locality (matched)
340032,Kankurgachi,Kolkata,Levanilla.In,700,2.9,Bakery  Desserts  Sweets,22.585,88.39,Locality (matched)
340088,Magob,Surat,Hotel Kesar,200,2.9,Indian,21.135,72.78,Locality (matched)
340132,Erandwane,Pune,Mad Over Donuts,200,4.1,"Desserts,Sweets,Bakery",18.5089,73.83,Locality (matched)
340180,Powai,Mumbai,Abhi Fast Food,150,3.6,"Fast Food,Snacks,Beverages",19.1176,72.906,Locality (matched)
340188,Anna Nagar,Chennai,Shawarma Kings,200,4.2,"Arabian,Mediterranean",13.085,80.2101,Locality (matched)
340206,Santacruz East,Mumbai,Jollybee Fast Food,300,2.9,Chinese,19.0822,72.8416,Locality (matched)
340224,Sangamvadi,Pune,Hyderabad Vibes,400,2.9,"Biryani,Snacks",18.533,73.876,Locality (matched)
340236,Rohini,Delhi,Mmj Delights,400,2.9,"Chinese,Fast Food,Pizzas,Pastas,Indian",28.7041,77.1025,Locality (matched)
340297,West Mambalam,Chennai,The Indie Frost,250,2.9,"Beverages,Pastas,Desserts,Healthy Food,Continental",13.035,80.22,Locality (matched)
340417,Raja Annamalai Puram,Chennai,Madras Kebab Factory,300,2.9,"Indian,Chinese,Biryani,Arabian,Seafood",13.03,80.262,Locality (matched)
340578,Dum Dum,Kolkata,Gita Ranis Suswadu Hesel,200,2.8,Indian,22.642,88.42,Locality (matched)
340595,Ejipura,Bangalore,Lucky Fast Food,300,2.9,Indian,12.9382,77.628,Locality (matched)
340655,Shakurpur,Delhi,Ali- Karim'S Food,300,2.8,"Indian,Mughlai",28.687,77.144,Locality (matched)
340703,Tollygunge,Kolkata,Angie'S Cafe,750,2.9,Beverages  Italian,22.499,88.345,Locality (matched)
340723,Dum Dum,Kolkata,Mou Delicious Kitchen,150,4,"Indian,Chinese,Bengali,North Indian,Fast Food,Snacks",22.642,88.42,Locality (matched)
341010,Kurla,Mumbai,The King Cakes & Crunchies,200,2.9,"Desserts,Bakery,Beverages,Fast Food",19.0728,72.8826,Locality (matched)
341023,Nandanam,Chennai,The Butterfly Effect Cafe,700,2.9,"Chinese,Beverages,Bakery",13.033,80.242,Locality (matched)
341134,Humayun Nagar,Hyderabad,Juice Box,150,2.9,"Beverages,Snacks",17.403,78.447,Locality (matched)
341190,Chembur,Mumbai,Vannakkam Pure Veg,300,3.8,"South Indian,North Indian",19.0522,72.9006,Locality (matched)
341193,Wanowrie,Pune,Chicken Xperience By Venky'S,300,2.9,"Continental,Beverages,Snacks",18.4934,73.889,Locality (matched)
341240,Park Street Area,Kolkata,La Pino'Z Pizza,300,4.1,Pizzas,22.552,88.352,Locality (matched)
341347,Mehdipatnam,Hyderabad,Hottie And Spicy Chat And Juices,200,4.4,"Snacks,Beverages",17.3952,78.438,Locality (matched)
341393,Taltala,Kolkata,Ebowl,150,4.3,"Indian,Chinese,Biryani,Combo,Beverages",22.562,88.358,Locality (matched)
341437,Banjara Hills,Hyderabad,Onesta,200,3.6,"Italian,Desserts,Pizzas,American,Snacks",17.4156,78.4347,Locality (matched)
341438,Egmore,Chennai,Babal Da Punjabi Dabha,500,4.3,"North Indian,Punjabi,Indian,Thalis,Kebabs",13.0732,80.2609,Locality (matched)
341495,Anna Nagar,Chennai,Tiktalk Cafe,250,4.1,Indian,13.085,80.2101,Locality (matched)
341500,Chembur,Mumbai,99 Pancakes,300,4.1,Desserts  Beverages,19.0522,72.9006,Locality (matched)
341598,Anand Nagar,Pune,The Little Punjab,400,3.9,"North Indian,Chinese,Biryani,Tandoor,Kebabs,Snacks,Desserts,Beverages",18.5,73.86,Locality (matched)
341614,Tondiarpet,Chennai,Dikshan Food Corner,350,2.9,"South Indian,Chinese",13.123,80.292,Locality (matched)
341616,Ameerpet,Hyderabad,Fruit Bite Natural Juices & Salads.,200,4.4,Juices,17.4374,78.4487,Locality (matched)
341620,Nehrunagar,Ahmedabad,Paltan'S By The Tiffinwales,250,2.9,"Indian,Combo",23.027,72.546,Locality (matched)
341762,Perambur,Chennai,The Crunchy Club,150,2.9,Fast Food,13.1155,80.234,Locality (matched)
341841,Jayanagar,Bangalore,Baha Smoothies & Shakes,200,4,"Healthy Food,Juices,Beverages,Snacks,Desserts",12.925,77.5938,Locality (matched)
341869,Bidhannagar,Kolkata,Sambhar Chutney,300,4.4,"South Indian,Beverages",22.585,88.418,Locality (matched)
342007,Rohini,Delhi,Biryani Chowk,250,2.9,"Chinese,Indian",28.7041,77.1025,Locality (matched)
342021,Khar East,Mumbai,Red Box Chinese,400,3.6,Chinese,19.073,72.846,Locality (matched)
342047,Chembur,Mumbai,Ayans House Of Kebab,400,4.1,"Chinese,Indian",19.0522,72.9006,Locality (matched)
342064,Basheer Bagh,Hyderabad,The Tea Tree,100,2.9,Beverages,17.4001,78.474,Locality (matched)
342124,Andheri East,Mumbai,Itc Hotels- Nutmeg The Cake Shop,1000,2.9,Desserts,19.1136,72.8697,Locality (matched)
342204,Chanakyapuri,Hyderabad,Meghana Tiffin Center,50,4.3,South Indian,17.385,78.4867,City-level (approximate fallback)
342331,Dhankawadi,Pune,The Pizza Hub,400,2.9,"Italian,Fast Food,Beverages",18.457,73.847,Locality (matched)
342335,Ghatkopar West,Mumbai,Gina'S Cakes,300,2.9,"Desserts,Bakery",19.0864,72.9047,Locality (matched)
342346,Maninagar,Ahmedabad,Dil Se Punjab,200,2.9,"Thalis,Indian",22.996,72.603,Locality (matched)
342454,Chembur,Mumbai,7Th Heaven,400,2.9,Bakery  Desserts,19.0522,72.9006,Locality (matched)
342542,Topsia,Kolkata,Cafe Offbeat - Up There,1500,2.9,"Asian,Continental,North Indian,Thai",22.541,88.383,Locality (matched)
342558,Rohini,Delhi,Turban Coffee,500,2.9,"Italian,Fast Food,Snacks,Beverages",28.7041,77.1025,Locality (matched)
342569,Nungambakkam,Chennai,Mex It Up,500,4.1,"Mexican,Beverages",13.0569,80.2425,Locality (matched)
342570,Ghatkopar West,Mumbai,A-1 Chinese Corner,250,2.9,Chinese  Continental  Fast Food  Desserts,19.0864,72.9047,Locality (matched)
342613,Ballygunge,Kolkata,Etsetmix By Hanglaatherium,350,4.4,"Chinese,Indian",22.528,88.366,Locality (matched)
342640,Kothrud,Pune,Madurai Idly Shop,150,4.2,"South Indian,Chinese",18.5074,73.8077,Locality (matched)
342643,Ashok Nagar,Bangalore,The Pizza Bakery,700,4.4,"Italian,Pizzas,Pastas,Desserts",12.9843,77.5936,Locality (matched)
342848,Maninagar,Ahmedabad,Toast And Grill By Choice,300,2.9,Fast Food,22.996,72.603,Locality (matched)
342904,Lake Town,Kolkata,Mini Royal,400,2.9,"Indian,Chinese,Biryani,Snacks",22.605,88.395,Locality (matched)
342907,New Alipore,Kolkata,Sandwich Aur Waffle Co,200,4.3,"Snacks,Fast Food,Waffle,Desserts,Ice Cream,Pastas,Combo,Beverages",22.51,88.332,Locality (matched)
342931,Chembur,Mumbai,Khanpan,400,2.9,"Indian,Chinese,Tandoor",19.0522,72.9006,Locality (matched)
343049,Ellisbridge,Ahmedabad,Yo Frankie,200,4.1,"Fast Food,Beverages,Chinese",23.023,72.568,Locality (matched)
343071,Anna Nagar,Chennai,6 Flavours,300,3.5,"North Indian,Chinese,Tandoor,Grill,Barbecue",13.085,80.2101,Locality (matched)
343140,Park Street Area,Kolkata,Moti Mahal Delux,700,4.3,"Indian,Seafood,Chinese,North Indian,Bengali",22.552,88.352,Locality (matched)
343220,Purasaiwakkam,Chennai,Royal Sandwich,200,4,Fast Food,13.085,80.254,Locality (matched)
343231,Bidhannagar,Kolkata,Galawat,200,4.3,"Biryani,Kebabs,Lucknowi,North Indian",22.585,88.418,Locality (matched)
343304,Huda Complex,Hyderabad,Burger Hubs,300,2.9,"Desserts,Beverages",17.413,78.446,Locality (matched)
343432,Sector 16 Rohini,Delhi,Chinese Veg Crunch,300,4,"Chinese,Fast Food",28.733,77.13,Locality (matched)
343667,Egmore,Chennai,Burmese Tea House,200,3.9,"Snacks,Chinese",13.0732,80.2609,Locality (matched)
343688,Bidhannagar,Kolkata,Mishra'S,300,4.1,"North Indian,Bengali,Tandoor",22.585,88.418,Locality (matched)
343696,Nanpura,Surat,Chhaswala,100,4.3,"Beverages,Desserts",21.19,72.814,Locality (matched)
343748,Bidhannagar,Kolkata,Humpty Dumplings,600,4,"Chinese,Asian,Oriental,Healthy Food,Tibetan,Thai,Seafood",22.585,88.418,Locality (matched)
343783,Powai,Mumbai,Dhekurr,250,3.5,"Bengali,Mughlai",19.1176,72.906,Locality (matched)
343908,Rohini,Delhi,Al Karim S Foods,200,3.9,Indian,28.7041,77.1025,Locality (matched)
343941,Rohini,Delhi,Chicken Bites,400,2.9,"Indian,Tandoor,Kebabs",28.7041,77.1025,Locality (matched)
343978,Jayanagar,Bangalore,Eat O Clock,200,2.9,"Chaat,Snacks,Street Food,North Indian,South Indian",12.925,77.5938,Locality (matched)
344329,Dhankawadi,Pune,The Biryani House,200,3.2,"Indian,Biryani",18.457,73.847,Locality (matched)
344565,Kasba,Kolkata,Homemade Kitchen Items,300,2.9,"Biryani,Indian,Continental,Fast Food",22.514,88.38,Locality (matched)
344853,Koramangala,Bangalore,Btc (Bathinda Thali Company),300,2.9,Indian,12.9352,77.6245,Locality (matched)
345023,Ghatkopar East,Mumbai,Birdy'S,400,4,"Desserts,Pastas",19.0857,72.9083,Locality (matched)
345070,Jadavpur,Kolkata,Second Wife Restro,200,2.9,"Indian,Chinese,Combo",22.499,88.371,Locality (matched)
345097,Shivaji Nagar,Bangalore,Santhanam Sweets,200,4.3,Sweets,12.9855,77.6057,Locality (matched)
345144,George Town,Chennai,Cream And Fudge,200,2.9,Indian,13.094,80.287,Locality (matched)
345184,Perambur,Chennai,The Rameez Home Kitchen,250,2.7,"Italian,Snacks",13.1155,80.234,Locality (matched)
345212,Sector 3 Rohini,Delhi,Pikwik Bakers,600,3.5,"Desserts,Bakery",28.722,77.1,Locality (matched)
345475,Powai,Mumbai,Fresh Needs,80,2.9,Indian,19.1176,72.906,Locality (matched)
345491,Himayath Nagar,Hyderabad,Big Bowl,250,3.7,Chinese,17.4008,78.4813,Locality (matched)
345501,Gurukul,Ahmedabad,Food Adda,399,2.9,"Beverages,Pizzas",23.043,72.528,Locality (matched)
345547,Sector 16 Rohini,Delhi,Food Of Dreams,300,4,"North Indian,Chinese",28.733,77.13,Locality (matched)
345726,Koramangala,Bangalore,Chinese Kitchen,300,4.1,"Chinese,Indian",12.9352,77.6245,Locality (matched)
345833,Malleshwaram,Bangalore,Indotalian I I Cafe,300,2.9,"Italian,Fast Food,Snacks,Beverages,Ice Cream,Desserts",13.0035,77.5647,Locality (matched)
345838,Entally,Kolkata,The Tasty Bites @99,99,4.1,Fast Food,22.562,88.372,Locality (matched)
345886,Chembur,Mumbai,Noto - Healthy Ice Cream,190,4.5,Ice Cream,19.0522,72.9006,Locality (matched)
346006,Mylapore,Chennai,Bayleaf Otg,300,4.5,"North Indian,Bengali,Biryani",13.0339,80.2695,Locality (matched)
346034,Navrangpura,Ahmedabad,Iceberg Organic Icecreams,180,3.2,Ice Cream,23.0365,72.561,Locality (matched)
346051,Thousand Lights,Chennai,Trattoria By Toscano,800,4.4,"Italian,Pizzas,Pastas,Continental,Salads,Desserts,Beverages,Combo",13.0569,80.254,Locality (matched)
346056,Bhowanipore,Kolkata,Cha Bar Allenby,300,2.9,"Indian,Snacks,Beverages",22.527,88.345,Locality (matched)
346066,Navrangpura,Ahmedabad,Starbucks Coffee,400,4.2,"Beverages,Bakery",23.0365,72.561,Locality (matched)
346067,Cox Town,Bangalore,Itc Master Chef Creations,650,4.4,"North Indian,Indian,Punjabi,Biryani,Chaat,Kebabs,Tandoor,Mughlai,Combo,Desserts",12.9977,77.6178,Locality (matched)
346076,Kasba,Kolkata,Fast And Foodicious,500,2.9,North Indian  Indian  Continental,22.514,88.38,Locality (matched)
346080,Andheri East,Mumbai,Flame Game,500,4.4,Asian  Chinese  Seafood,19.1136,72.8697,Locality (matched)
346088,Sion,Mumbai,Food Garage,350,2.9,Continental  Chinese,19.0448,72.8619,Locality (matched)
346104,Athwa,Surat,Shree Bhakti Dhokla & Spices,200,4.3,"Chinese,North Indian,Thalis,Punjabi",21.178,72.793,Locality (matched)
346118,Kodungaiyur,Chennai,Arasan Bakery & Ice Cream,100,4.5,"Bakery,Ice Cream",13.133,80.254,Locality (matched)
346195,Topsia,Kolkata,Abdullah 16,250,4.2,"Chinese,Indian,North Indian",22.541,88.383,Locality (matched)
346224,Rohini,Delhi,Zaikedaar Biryani,250,2.9,"Fast Food,North Indian",28.7041,77.1025,Locality (matched)
346225,Rohini,Delhi,Backstreet Cafe,300,4,"Chinese,Fast Food,Pizzas,Snacks",28.7041,77.1025,Locality (matched)
346248,Sion,Mumbai,Nita Tandoor Shawarma,400,3.8,Fast Food  Snacks,19.0448,72.8619,Locality (matched)
346273,Santacruz East,Mumbai,Maroosh ( Shawarmatikkabiryani & More),200,3.7,"North Indian,Lebanese,Biryani",19.0822,72.8416,Locality (matched)
346275,Rohini - Sector 16,Delhi,Mims Roll N Biryani,200,2.9,Indian,28.733,77.13,Locality (matched)
346301,Baranagar,Kolkata,Kalpanas Kitchen,400,4.2,"Indian,Chinese,Combo",22.642,88.372,Locality (matched)
346307,South Dumdum,Kolkata,Haji Taj Biriyani,250,2.9,"Biryani,Combo",22.63,88.403,Locality (matched)
346423,Warje,Pune,Sattar Buksh Biryani And More,400,2.9,"Indian,Fast Food",18.478,73.806,Locality (matched)
346425,Warje,Pune,Uncle Chin'S,400,2.9,"Fast Food,Indian",18.478,73.806,Locality (matched)
346431,Warje,Pune,Baba G'S Momos,400,2.9,"Fast Food,Indian",18.478,73.806,Locality (matched)
346473,Rajouri Garden,Delhi,Burgerama,600,4.3,"American,Fast Food,Snacks,Beverages,Italian-American",28.6492,77.12,Locality (matched)
346560,Baner,Pune,Prawn Hub,800,3.8,"Seafood,Biryani",18.559,73.7868,Locality (matched)
346588,Tiruvalleeswarar Nagar,Chennai,Sangeetha Veg (Vr Mall),200,4.2,Indian,13.112,80.206,Locality (matched)
346778,Rohini,Delhi,Biryani Hi Biryani,250,2.9,Indian,28.7041,77.1025,Locality (matched)
346858,Chembur,Mumbai,Velvette Patisserie,350,4.1,Indian  Continental  Snacks  Sweets,19.0522,72.9006,Locality (matched)
346879,Kalina,Mumbai,Cafe Sultan,300,2.9,"Biryani,Fast Food,Tandoor,Mughlai",19.079,72.85,Locality (matched)
346880,Asalpha,Mumbai,Deep Punjab Dhaba,500,2.9,North Indian  Tandoor  Punjabi  Seafood,19.093,72.903,Locality (matched)
346921,Pitam Pura,Delhi,Roll City,300,2.9,Fast Food,28.6942,77.131,Locality (matched)
346992,Erandwane,Pune,Cafe Central Perk,300,2.9,"Cafe,Italian,American",18.5089,73.83,Locality (matched)
347069,Kothrud,Pune,Fried Chicken Destination,200,4.2,"Fast Food,American,Snacks",18.5074,73.8077,Locality (matched)
347256,Ashok Nagar,Bangalore,Toscano'S Crafted Cakes And Desserts,600,4.5,"Desserts,Bakery",12.9843,77.5936,Locality (matched)
347273,Kuber Nagar,Ahmedabad,Cake & Bake,200,3.7,Bakery,23.073,72.618,Locality (matched)
347288,Pitam Pura,Delhi,K3 Kurry Ka King,300,4,"Chinese,Continental,Mughlai",28.6942,77.131,Locality (matched)
347372,Kalighat,Kolkata,Deja Bowl,250,4,"North Indian,Chinese,Biryani,Punjabi,Combo,Desserts,Indian",22.519,88.342,Locality (matched)
347479,Rohini,Delhi,Happy Hours(Hr),300,2.9,Combo,28.7041,77.1025,Locality (matched)
347487,Kalighat,Kolkata,Rang De Basanti Dhaba,350,4.3,"North Indian,Kebabs,Biryani,Snacks,Combo,Punjabi,Desserts,Tandoor,Indian",22.519,88.342,Locality (matched)
347493,Sector 7 Rohini,Delhi,Hudson Chopsticks,300,4.2,"Chinese,Thai,Pan-Asian,Oriental",28.718,77.122,Locality (matched)
347502,Basavanagudi,Bangalore,Manwar Energy Addaa,350,2.9,Indian,12.9422,77.576,Locality (matched)
347748,Huda Complex,Hyderabad,Zaika Bites,300,2.9,Indian,17.413,78.446,Locality (matched)
347806,Powai,Mumbai,The Tangled Noodles,200,4.3,Chinese  Thai  Asian  Oriental,19.1176,72.906,Locality (matched)
347875,Kalighat,Kolkata,Curry & Crust- Tandoori Pizza,250,2.9,"Pizzas,Tandoor,Fast Food,Indian",22.519,88.342,Locality (matched)
347909,Abids,Hyderabad,Gullu Dada'S Biryani,500,3.8,"Biryani,Hyderabadi,Desserts",17.3915,78.4756,Locality (matched)
348285,Gunrock Enclave,Hyderabad,Maharaja Dosa,200,3.6,South Indian,17.385,78.4867,City-level (approximate fallback)
348290,University Area,Ahmedabad,The Poutinerie,200,2.9,"Indian,North Indian",23.033,72.545,Locality (matched)
348304,Andheri East,Mumbai,Clever Chinese,200,4.1,"Indian,Chinese",19.1136,72.8697,Locality (matched)
348324,Kodihalli,Bangalore,Andhra Home Biriyani,250,2.9,Biryani,12.9611,77.6486,Locality (matched)
348395,Rohini,Delhi,The Burger Bistro,200,2.9,"American,Fast Food,Beverages",28.7041,77.1025,Locality (matched)
348417,Sector 3 Rohini,Delhi,Variation (Rohini),350,4.1,"Chinese,Beverages,Fast Food",28.722,77.1,Locality (matched)
348443,Swargate,Pune,The Momo Co.,250,2.9,"Tibetan,Asian,Chinese,Fast Food,Desserts,Snacks",18.5008,73.8586,Locality (matched)
348460,Aundh,Pune,99 Pancakes,300,2.9,"Beverages,Desserts",18.559,73.808,Locality (matched)
348461,Anna Nagar,Chennai,Collage By Toscano,600,4.2,"Italian,Indian,Asian,Pizzas,Pastas,Salads,Desserts",13.085,80.2101,Locality (matched)
348517,Sadashiv Peth,Pune,Abhis Corner By Samarth Foods,150,2.9,"Fast Food,Italian,Chinese",18.5122,73.852,Locality (matched)
348518,Perambur,Chennai,A M Biryani,350,3.7,"Biryani,Chinese,Fast Food,Snacks",13.1155,80.234,Locality (matched)
348533,Andheri East,Mumbai,Caravan Serai,1000,2.9,Indian  Fast Food,19.1136,72.8697,Locality (matched)
348534,Sangvi,Pune,Izletes Pizza,250,2.9,"Pizzas,Fast Food,Italian-American,Italian",18.582,73.829,Locality (matched)
348560,Perambur,Chennai,Donut Hubb,300,2.9,"Fast Food,Beverages",13.1155,80.234,Locality (matched)
348635,Mylapore,Chennai,Devakottai Chettinad,300,4.1,"Biryani,North Indian,Chinese,Snacks,Fast Food",13.0339,80.2695,Locality (matched)
348662,Narayanguda,Hyderabad,Cakezone,200,4,"Desserts,Bakery,Sweets,Ice Cream,Beverages,Juices,Bengali",17.4013,78.4913,Locality (matched)
348725,Pitam Pura,Delhi,Chinese By Nature,100,3.2,"Chinese,Indian",28.6942,77.131,Locality (matched)
348745,Kothrud,Pune,Wraps Rolls & Bowls,250,3.8,"North Indian,Chinese,Fast Food,Desserts",18.5074,73.8077,Locality (matched)
348843,Deccan Gymkhana,Pune,The Brothers Shawarma Cafe,200,3.4,Fast Food,18.5162,73.8397,Locality (matched)
348887,Swargate,Pune,Big Bowl Company,300,3.7,"North Indian,Chinese,Biryani,Fast Food",18.5008,73.8586,Locality (matched)
349282,Kurla West,Mumbai,A1 Darbar,200,4.3,Indian,19.07,72.879,Locality (matched)
349432,Chembur,Mumbai,Bites N Grill,300,4,Pizzas  Pastas  Beverages  Snacks,19.0522,72.9006,Locality (matched)
349486,Bandra East,Mumbai,Wraps Rolls & Bowls,250,4.1,"North Indian,Chinese,Fast Food,Desserts",19.0596,72.841,Locality (matched)
349522,Perambur,Chennai,Chennai Classic Cakes,250,4.6,"Bakery,Continental,Pizzas",13.1155,80.234,Locality (matched)
349545,Koramangala,Bangalore,Dock Frost'D -Ice Cream & Milkshakes,250,4.4,"Desserts,Ice Cream,Beverages",12.9352,77.6245,Locality (matched)
349722,Nagarathpete,Bangalore,Atithi Satkaar,350,2.9,Indian,12.9647,77.5793,Locality (matched)
349731,Aundh,Pune,Cafestarboy,300,4,"Chinese,Indian",18.559,73.808,Locality (matched)
349735,Ballygunge,Kolkata,Bianco,900,4.4,Continental,22.528,88.366,Locality (matched)
349757,Dahin Nagar,Surat,Brown Burger Co.,300,2.9,"American,Fast Food,Pizzas,Desserts,Ice Cream,Snacks",21.185,72.838,Locality (matched)
349801,Tagore Garden Extension,Delhi,Sardar Ji Family Restaurant (Raja Garden),300,4.2,"Punjabi,Chinese,North Indian,Beverages,Tandoor,Kebabs,Indian,Fast Food",28.642,77.093,Locality (matched)
349811,Jayanagar,Bangalore,Uff (Urban Food Factory),300,3.9,"Indian,Seafood,Chinese,Snacks",12.925,77.5938,Locality (matched)
349843,Kalighat,Kolkata,New Maharaj,200,4.8,Indian  Fast Food  Beverages  Combo  Chinese,22.519,88.342,Locality (matched)
349963,Uppal,Hyderabad,Kailas Food Centre,99,2.9,South Indian,17.4062,78.559,Locality (matched)
349967,Rohini,Delhi,Hot & Spicy Restaurant,300,2.9,"Chinese,Indian,Tandoor",28.7041,77.1025,Locality (matched)
350064,Vasanth Nagar,Bangalore,Chinese Hot,350,4.4,"Chinese,Thai,North Indian",12.9899,77.5926,Locality (matched)
350065,Pulikeshi Nagar,Bangalore,The Paan Studio,300,4.2,Paan,12.995,77.61,Locality (matched)
350067,Chudi Bazaar,Hyderabad,Pranav Dhaba,200,4.1,"Indian,Chinese",17.364,78.475,Locality (matched)
350104,Athwa,Surat,Cake Eggless,200,2.9,Bakery,21.178,72.793,Locality (matched)
350109,Banjara Hills,Hyderabad,House Of Desserts,300,3.9,Desserts,17.4156,78.4347,Locality (matched)
350185,Bodakdev,Ahmedabad,The Roast,300,3.9,"Continental,Chinese,Indian",23.043,72.506,Locality (matched)
350378,Koregoan Park,Pune,Dal Baati & Co.,500,2.9,"Thalis,North Indian,Indian",18.5362,73.8938,Locality (matched)
350429,Himayat Nagar,Hyderabad,Shrodinger'S Pizza,350,2.9,Pizzas,17.4008,78.4813,Locality (matched)
350524,Bandra East,Mumbai,Uttar Da Puttar,500,3.3,"North Indian,Indian,Punjabi,Biryani",19.0596,72.841,Locality (matched)
350532,Anna Nagar,Chennai,Virudhunagar Poricha Parotta,300,3.8,"Biryani,Beverages,Indian",13.085,80.2101,Locality (matched)
350537,Rohini,Delhi,Hyderabadi Biryani Zaika,250,2.9,"Biryani,Indian",28.7041,77.1025,Locality (matched)
350618,Park Street Area,Kolkata,The Curry Leaf,300,4.7,South Indian,22.552,88.352,Locality (matched)
350672,Vasanth Nagar,Bangalore,Paivihar,300,2.9,"Chinese,Indian",12.9899,77.5926,Locality (matched)
350705,Wanwadi,Pune,Krushna Pure Veg,400,4.3,"South Indian,Indian,Chinese",18.495,73.878,Locality (matched)
350735,Himayatnagar,Hyderabad,Farmbowl By Urbankisaan,300,4.2,"Healthy Food,Salads",17.4008,78.4813,Locality (matched)
350943,Khairtabad,Hyderabad,Shree Venkateshwara Coffee Shop,200,4.2,"North Indian,Snacks,Beverages",17.411,78.462,Locality (matched)
351055,Kestopur,Kolkata,Thali Ghar,300,2.9,Thalis,22.602,88.426,Locality (matched)
351183,Indiranagar,Bangalore,Responsible Biryani,450,4.2,"Biryani,North Indian,Mughlai,Tandoor,Kebabs",12.9719,77.6412,Locality (matched)
351193,Hakimpet,Hyderabad,Haleem House,200,3.9,"North Indian,Chinese,Biryani",17.51,78.5,Locality (matched)
351222,Rohini,Delhi,Biryani Chaska,250,2.9,"Italian,Chinese,Indian,Biryani,Snacks",28.7041,77.1025,Locality (matched)
351532,Shankarapura,Bangalore,Punjabi Bowl,300,2.9,"Home Food,North Indian,Thalis,Beverages,Chinese,Healthy Food,Indian,Combo,Punjabi",12.945,77.572,Locality (matched)
351574,Entally,Kolkata,Chill Station,300,3.1,"Ice Cream,Pizzas,Beverages,Fast Food",22.562,88.372,Locality (matched)
351861,Kasba,Kolkata,Taste And Aroma,500,2.9,Chinese  Indian  Thalis  Beverages,22.514,88.38,Locality (matched)
351912,New Alipore,Kolkata,Credo Fashion Cafe,400,2.9,Beverages,22.51,88.332,Locality (matched)
352022,Ameerpet,Hyderabad,Surprise India - Online Cake Delivery,200,3.7,Bakery,17.4374,78.4487,Locality (matched)
352270,Cossipore,Kolkata,Cake Walas,250,2.9,Bakery  Indian  Combo  Desserts,22.618,88.372,Locality (matched)
352355,Kilpauk,Chennai,Pastry Maniaa,200,4.7,"Desserts,Pizzas,Pastas,Continental,Bakery",13.085,80.241,Locality (matched)
352508,Ashok Nagar,Bangalore,Itc Hotels- Nutmeg The Cake Shop,1000,2.9,Desserts,12.9843,77.5936,Locality (matched)
352528,Tangra,Kolkata,Fung Fa,900,2.9,"Chinese,Indian,Fast Food",22.546,88.396,Locality (matched)
352601,Gopipura,Surat,Kekiz The Cake Shop,400,2.9,"Bakery,Desserts",21.19,72.828,Locality (matched)
352646,Kilpauk,Chennai,Dindigul Kulambu Kadai,450,4.1,"Chettinad,South Indian",13.085,80.241,Locality (matched)
352648,Kilpauk,Chennai,Fish N You,450,3.9,Seafood,13.085,80.241,Locality (matched)
352683,Rohini,Delhi,Rhythm Room,300,2.9,"Continental,Beverages,Chinese",28.7041,77.1025,Locality (matched)
352684,Banjara Hills,Hyderabad,Mendy'S Burger,500,2.9,"Continental,Beverages",17.4156,78.4347,Locality (matched)
352721,Powai,Mumbai,Chef'S Hat,500,2.9,Indian  Punjabi  North Indian  Mughlai  Seafood,19.1176,72.906,Locality (matched)
352725,Paldi,Ahmedabad,Chai G,200,3.3,"Beverages,Fast Food,Snacks",23.013,72.562,Locality (matched)
352834,Bidhannagar,Kolkata,Container Kebab By Baba Rafi,550,2.9,"Indian,Kebabs,Fast Food,Beverages",22.585,88.418,Locality (matched)
352836,Indiranagar,Bangalore,Kanpur Ki Kachauri,275,4.5,"North Indian,Combo",12.9719,77.6412,Locality (matched)
352897,Padmarao Nagar,Hyderabad,Pkp - Pidata Kinda Pappu,150,2.9,Snacks  Indian,17.427,78.497,Locality (matched)
352917,Rohini,Delhi,Desi Cafe,300,2.9,Indian,28.7041,77.1025,Locality (matched)
353121,Arumbakkam,Chennai,Square Ruth,400,4.3,"American,Mexican,Pastas",13.073,80.21,Locality (matched)
353212,Kilpauk,Chennai,Chinese Panda,450,3.7,"Chinese,Fast Food",13.085,80.241,Locality (matched)
353218,Kalyani Nagar,Pune,Mughal Sarai,200,2.9,Indian,18.5479,73.9014,Locality (matched)
353243,Kalyani Nagar,Pune,Dum Laga Ke Biryani,200,2.9,Indian,18.5479,73.9014,Locality (matched)
353278,Feelkhana,Hyderabad,Hotel Rajdhani,500,3.8,North Indian  South Indian  Biryani  Tandoor,17.373,78.483,Locality (matched)
353366,Sampangi Rama Nagar,Bangalore,Ka01,400,2.9,North Indian,12.9707,77.5947,Locality (matched)
353368,Thousand Lights,Chennai,Paratha Bros By Ibis,400,4.3,North Indian,13.0569,80.254,Locality (matched)
353383,Rohini,Delhi,Madhu'S Kitchen,200,4,"North Indian,Indian",28.7041,77.1025,Locality (matched)
353433,Mota Varachha,Surat,Cracked Egg,300,2.9,Indian,21.228,72.846,Locality (matched)
353529,Narayan Peth,Pune,The Sea Secret,1000,2.9,"Indian,Chinese",18.514,73.853,Locality (matched)
353591,Banjara Hills,Hyderabad,Mandi @36,1000,4.1,"Arabian,Continental,Haleem",17.4156,78.4347,Locality (matched)
353702,Kurla,Mumbai,Samrat Hotel,350,4,"Chinese,Indian,Mughlai",19.0728,72.8826,Locality (matched)
353709,Navrangpura,Ahmedabad,Marky Momos,300,4.1,"Chinese,Combo,Thalis,Biryani,Italian,American,Mongolian",23.0365,72.561,Locality (matched)
353712,Kurla West,Mumbai,K-70 Food Hub,300,3.8,"Mughlai,Chinese,Tandoor",19.07,72.879,Locality (matched)
353739,Beniapukur,Kolkata,Jugal'S,300,4.3,Sweets  Desserts,22.546,88.368,Locality (matched)
353754,Dum Dum,Kolkata,Foodjet,300,4.3,"Indian,Chinese,Biryani,Combo",22.642,88.42,Locality (matched)
353783,Gariahat,Kolkata,Cafe Koffee Kotha - Quick Bites & Continental,300,2.9,"Continental,American,Mexican,Beverages,Desserts",22.519,88.363,Locality (matched)
353871,Tondiarpet,Chennai,Daily Fresh Ice Creams,100,2.9,Ice Cream,13.123,80.292,Locality (matched)
353897,Pulikeshi Nagar,Bangalore,Kc Das Sweet Bite,100,4.4,"Bengali,Snacks,Sweets",12.995,77.61,Locality (matched)
353915,Toli Chowki,Hyderabad,Bakewell Cake House,100,4.1,"Bakery,Fast Food,Pizzas,Sweets",17.4001,78.418,Locality (matched)
353967,Egmore,Chennai,Platez,100,2.9,"Indian,Continental",13.0732,80.2609,Locality (matched)
354020,Ambawadi,Ahmedabad,Sandwich N Shakes,100,2.8,"Continental,Beverages",23.027,72.549,Locality (matched)
354264,Rohini,Delhi,The Waffle Co,300,4.3,"Desserts,Beverages",28.7041,77.1025,Locality (matched)
354371,Bidhannagar,Kolkata,Snack N Go,400,2.9,"Snacks,Beverages,Desserts",22.585,88.418,Locality (matched)
354480,Bandra East,Mumbai,Ravi Juice Center,150,2.9,Indian,19.0596,72.841,Locality (matched)
354531,Ashok Nagar,Bangalore,Burger Seigneur,1200,4.3,"American,Beverages",12.9843,77.5936,Locality (matched)
354536,Basheer Bagh,Hyderabad,Shahi Zaiqa,750,4.2,Biryani  North Indian  Chinese,17.4001,78.474,Locality (matched)
354562,Aundh,Pune,Billy'S Brewstirs,1000,2.9,"Indian,American,Continental",18.559,73.808,Locality (matched)
354620,Sinthee,Kolkata,Calcutta Cabin,200,3.7,Bengali,22.622,88.383,Locality (matched)
354629,Rohini,Delhi,Box8 - Desi Meals,250,4,"North Indian,Biryani,Combo,Snacks",28.7041,77.1025,Locality (matched)
354630,Rohini,Delhi,Itminaan Biryani - Dum Pukht,250,4,"North Indian,Biryani,Combo,Snacks",28.7041,77.1025,Locality (matched)
354631,Rohini,Delhi,Mealful Rolls - Meals In A Roll,250,4.1,"North Indian,Biryani,Combo,Snacks",28.7041,77.1025,Locality (matched)
354632,Rohini,Delhi,Leancrust Pizza - Thincrust Experts,350,4.2,"Pizzas,Italian",28.7041,77.1025,Locality (matched)
354639,Kothrud,Pune,Pind Da Swad,300,4.2,"Punjabi,North Indian,Thalis,Combo",18.5074,73.8077,Locality (matched)
354672,Banjara Hills,Hyderabad,Udupi Dosa House,100,4.2,South Indian,17.4156,78.4347,Locality (matched)
354704,Powai,Mumbai,Babu Moshai - The Bong Foodie,200,3.3,"Bengali,Kebabs,Mughlai,Biryani,North Indian,Fast Food,Beverages,Indian",19.1176,72.906,Locality (matched)
354770,Santacruz East,Mumbai,Biryani Tales,200,3.8,Biryani,19.0822,72.8416,Locality (matched)
354772,Santacruz East,Mumbai,Mediterranean Delights,250,3.9,"Mediterranean,Combo",19.0822,72.8416,Locality (matched)
354801,Matunga,Mumbai,Mumbai Bites,200,4,Fast Food,19.027,72.848,Locality (matched)
354818,Golconda Fort,Hyderabad,Saira Home Made Food,300,4.4,Indian,17.3833,78.4011,Locality (matched)
354871,Powai,Mumbai,The Healthy Farm Juice Center,180,4.3,"Juices,Beverages",19.1176,72.906,Locality (matched)
354877,Thousand Lights,Chennai,Dr Bubbles,350,4.4,"Beverages,Snacks,Juices,Bakery,Desserts",13.0569,80.254,Locality (matched)
354889,Kavadiguda,Hyderabad,Bismillah Hotel,100,3.4,"South Indian,Thalis,Beverages",17.406,78.497,Locality (matched)
354893,Patel  Nagar,Delhi,Sk 2 Pizza And Burger,200,2.9,"Pizzas,Continental",28.65,77.171,Locality (fuzzy match: 'patel  nagar')
354955,Nampally,Hyderabad,Mataam Al Jazirah,300,4.2,"Desserts,Arabian,Beverages",17.39,78.468,Locality (matched)
355057,Park Street Area,Kolkata,Octa,800,4,"Asian,Chinese,Indian,Continental,Italian,American,Japanese",22.552,88.352,Locality (matched)
355111,Kurla West,Mumbai,Janta Lunch Home,300,2.9,"Indian,Chinese,Seafood,Tandoor,Punjabi,Biryani",19.07,72.879,Locality (matched)
355133,Ballygunge,Kolkata,Blue Tokai Coffee Roasters,400,4.5,"Healthy Food,American,Lebanese,Mediterranean,European,Juices,Middle Eastern",22.528,88.366,Locality (matched)
355179,Chembur,Mumbai,Canteen Central - Burgers Pastas And More,300,4,"American,Pastas,Fast Food,Snacks,Desserts,Beverages,North Indian,Italian",19.0522,72.9006,Locality (matched)
355181,Ashok Nagar,Bangalore,Badmaash,600,2.9,"North Indian,Biryani,Indian,Punjabi,Kebabs,Mughlai,Fast Food,Hyderabadi,Desserts,Seafood",12.9843,77.5936,Locality (matched)
355224,Chembur,Mumbai,Home Plate,160,4.1,"Home Food,North Indian,Healthy Food,Thalis,Desserts,Indian,Punjabi",19.0522,72.9006,Locality (matched)
355245,Gopalapuram,Chennai,Degh Biryani,400,2.9,Biryani,13.045,80.257,Locality (matched)
355252,Parvati Paytha,Pune,Dakhkhan Delicacies,500,2.9,Indian,18.493,73.846,Locality (matched)
355443,Chembur,Mumbai,Chinese Culture - By Singh Saab,500,4,Chinese,19.0522,72.9006,Locality (matched)
355450,Chamrajpet,Bangalore,Kolkata Famous Kati Roll,99,2.9,"Snacks,Fast Food,Beverages",12.9573,77.5677,Locality (matched)
355543,Nanpura,Surat,Bada Baksa,500,2.9,"North Indian,Chinese,Tandoor,Jain,Biryani,Desserts,Beverages",21.19,72.814,Locality (matched)
355602,Karve Nagar,Pune,London Dairy,280,2.9,"Desserts,Ice Cream",18.49,73.8163,Locality (matched)
355673,Perambur,Chennai,Guru Baba Store,150,4.3,"Snacks,Chaat",13.1155,80.234,Locality (matched)
355703,Bandra Area,Mumbai,Pizzza.In,800,2.9,Pizzas  Italian,19.0596,72.8295,Locality (matched)
355806,Kurla,Mumbai,Baba Falooda (Kurla),200,4.4,"Ice Cream,Beverages,Desserts",19.0728,72.8826,Locality (matched)
355835,West Mambalam,Chennai,Ss Hyderabad Biryani,300,4.3,Biryani,13.035,80.22,Locality (matched)
355867,Punjabi Bagh,Delhi,Wonder Bao,800,4.1,"Chinese,Fast Food,Pan-Asian",28.665,77.131,Locality (matched)
355905,Vastrapur,Ahmedabad,Shobha Foods,200,2.9,"North Indian,Indian",23.039,72.529,Locality (matched)
355979,Gultekdi,Pune,Cafe Peter Veg,500,2.9,"Italian,Continental",18.488,73.867,Locality (matched)
356158,Rohini,Delhi,Flavour Of Spices,250,2.9,"Mughlai,North Indian,Chinese",28.7041,77.1025,Locality (matched)
356173,Andheri East,Mumbai,Nosh & Beyond,1000,4.7,Cafe  Italian  Pizzas  Fast Food  Combo  Beverages  Desserts,19.1136,72.8697,Locality (matched)
356203,Velly View Enclave,Hyderabad,The Shawarma Spot,160,4,Continental,17.385,78.4867,City-level (approximate fallback)
356231,Annanagar East,Chennai,Davara Coffee,100,2.9,Indian,13.087,80.22,Locality (matched)
356261,Toli Chowki,Hyderabad,Pizza Store,300,2.9,"Fast Food,Pizzas",17.4001,78.418,Locality (matched)
356297,Tollygunge,Kolkata,Momo Raja,300,4.5,"Chinese,Combo",22.499,88.345,Locality (matched)
356334,Sion,Mumbai,Sip N Dine Bar And Restaurant,700,2.9,"Indian,Biryani,Seafood,Chinese,Kebabs",19.0448,72.8619,Locality (matched)
356479,Balavinayagar Nagar,Chennai,Ambur Biriyani Since 1967,300,3.9,Biryani,13.0827,80.2707,City-level (approximate fallback)
356481,Kankurgachi,Kolkata,Zalt,200,4.4,Indian,22.585,88.39,Locality (matched)
356490,Kurla,Mumbai,Sentral Fusion,200,2.9,Chinese,19.0728,72.8826,Locality (matched)
356512,Ambawadi,Ahmedabad,Round Slice,300,3.8,"Pizzas,Italian,Italian-American,Pastas,Beverages",23.027,72.549,Locality (matched)
356513,Koti,Hyderabad,Mandi Pride,400,3.8,Indian,17.3833,78.4794,Locality (matched)
356575,Rohini,Delhi,Momo Magic Cafe,300,4.3,"Beverages,Chinese,Fast Food",28.7041,77.1025,Locality (matched)
356627,Sector 8 Rohini,Delhi,Rollsome,250,4,Beverages,28.713,77.126,Locality (matched)
356638,Taltala,Kolkata,Inox,400,2.9,Fast Food,22.562,88.358,Locality (matched)
356725,Himayath Nagar,Hyderabad,Khichdi Experiment,250,4.3,"Home Food,Indian,Healthy Food,North Indian,Snacks,Maharashtrian,Sweets,South Indian,Combo,Desserts,Beverages,Kebabs",17.4008,78.4813,Locality (matched)
356727,Himayath Nagar,Hyderabad,Bowlsome,250,3.6,"Asian,North Indian,Continental,Healthy Food,Punjabi,Home Food,Oriental,Desserts,Beverages,Pan-Asian,Bengali,Mangalorean,Kashmiri,Lucknowi,Chinese,Sweets,Kebabs,Combo,Rajasthani,Awadhi",17.4008,78.4813,Locality (matched)
356729,Himayath Nagar,Hyderabad,Paratha Experiment,250,2.9,North Indian  Punjabi  Home Food  Indian  Snacks  Combo  Desserts  Beverages  South Indian  Continental  Chettinad  Healthy Food  Chinese  Sweets,17.4008,78.4813,Locality (matched)
356732,Himayath Nagar,Hyderabad,The Biryani Experiment,250,3.5,"Biryani,Hyderabadi,Indian,Kebabs,North Indian,South Indian,Andhra,Afghani,Combo,Desserts,Beverages,Punjabi,Kerala,Sweets,Arabian,Lucknowi,Parsi,Tandoor",17.4008,78.4813,Locality (matched)
356741,Himayath Nagar,Hyderabad,That Pizza Place,250,2.9,Pizzas  Italian  Fast Food  Desserts  Continental  Mediterranean  American  Mexican  Indian  Combo  Beverages  Bakery  French  Sweets  European  Lebanese  Snacks,17.4008,78.4813,Locality (matched)
356800,Santacruz East,Mumbai,Spice Of Life,200,2.9,"Chinese,Continental",19.0822,72.8416,Locality (matched)
356907,Lake Town,Kolkata,Krazzy For Ice Cream Sundae,200,2.9,Ice Cream,22.605,88.395,Locality (matched)
356940,Sagrampura,Surat,Rooster(The Sunshine Foods),200,3.9,"Indian,Pastas,Pizzas,Continental,Beverages",21.195,72.818,Locality (matched)
357006,Navrangpura,Ahmedabad,Fozzie'S Pizzaiolo,900,3.8,"Salads,Italian,Mexican,Desserts,Beverages",23.0365,72.561,Locality (matched)
357012,New Malakpet,Hyderabad,Sahadeva Reddy'S Chaat Chowk,300,4.2,"Chaat,Fast Food",17.3735,78.498,Locality (matched)
357220,Kothrud,Pune,The Momo House,250,4.1,"Tibetan,Beverages",18.5074,73.8077,Locality (matched)
357341,New Alipore,Kolkata,King'S Tea Cafe,400,4.1,"Italian,Beverages",22.51,88.332,Locality (matched)
357357,Wilson Garden,Bangalore,Garden City Hotel,250,2.9,"North Indian,Chinese,Tandoor,Biryani",12.9498,77.5934,Locality (matched)
357470,Rohini,Delhi,Hyderabadi Dum Biryani,250,3.4,"Biryani,North Indian",28.7041,77.1025,Locality (matched)
357471,Rohini,Delhi,Purani Dilli Biryani,250,2.9,"Indian,Chinese,Continental",28.7041,77.1025,Locality (matched)
357476,Rohini,Delhi,Dilli 6 Biryani,250,2.9,"Indian,Biryani,Chinese,Combo",28.7041,77.1025,Locality (matched)
357483,Santacruz East,Mumbai,Urban Biryani,400,3.8,Indian,19.0822,72.8416,Locality (matched)
357552,Viman Nagar,Pune,Griddle By Sos,250,2.9,"American,Fast Food",18.567,73.9143,Locality (matched)
357553,Bandra East,Mumbai,Diamond Market Pizza Jp,600,5,Italian,19.0596,72.841,Locality (matched)
357647,Bkc,Mumbai,New Yorker,900,4.8,"Italian,American",19.0668,72.8681,Locality (matched)
357666,Chembur,Mumbai,Khushi Food Center,200,2.9,Chinese,19.0522,72.9006,Locality (matched)
357681,Annanagar East,Chennai,The Void,1000,4.3,"South Indian,North Indian,Chinese,Continental,Tandoor",13.087,80.22,Locality (matched)
357685,Shivaji Nagar,Hyderabad,Metro Cafe,200,3.7,Indian  Fast Food  Bakery,17.446,78.498,Locality (matched)
357720,Maninagar,Ahmedabad,Keshvis Authentic South Indian,300,4.1,South Indian,22.996,72.603,Locality (matched)
357721,Bkc,Mumbai,Diablo Pizza,600,4.9,"Italian,Fast Food,Beverages",19.0668,72.8681,Locality (matched)
357811,Brindavan Colony,Hyderabad,Leos Kitchen,350,2.9,"South Indian,North Indian",17.43,78.455,Locality (matched)
357860,Karve Nagar,Pune,Breatato . Co,200,4,"Snacks,Combo",18.49,73.8163,Locality (matched)
357912,Old Washermanpet,Chennai,Kfc,400,4.1,"American,Snacks",13.114,80.282,Locality (matched)
357947,Shyam Bazar,Kolkata,The Junkyard,300,4.8,"Chinese,Indian,Fast Food",22.599,88.372,Locality (matched)
358102,Anna Nagar,Chennai,Pg Junk Spot,300,2.9,"Fast Food,Continental,Snacks,Beverages",13.085,80.2101,Locality (matched)
358114,Ramnas Pura,Hyderabad,Pizza Stories,350,2.9,Pizzas,17.385,78.4867,City-level (approximate fallback)
358139,Pitam Pura,Delhi,Kuremal Mahavir Prasad Kulfi Wale - Kuremal Kulfi,200,3.9,Ice Cream,28.6942,77.131,Locality (matched)
358147,Santacruz East,Mumbai,Meraki,500,4.1,"Chinese,Burmese,Thai,Beverages,Thalis",19.0822,72.8416,Locality (matched)
358190,Saki Naka   Andheri East,Mumbai,Kakori House,400,2.9,Indian,19.1136,72.8697,Locality (substring match: 'andheri east')
358339,Kondhwa,Pune,Biryanibad,500,2.9,"North Indian,Indian,Biryani",18.4633,73.893,Locality (matched)
358436,Dum Dum,Kolkata,Cloud Culture,300,4.4,"Chinese,Continental,Desserts",22.642,88.42,Locality (matched)
358613,Indiranagar,Bangalore,Dr.Gelato,300,4.5,Desserts,12.9719,77.6412,Locality (matched)
358620,Shivajinagar,Pune,Cakezone,200,4.4,"Desserts,Bakery,Sweets,Ice Cream,Beverages,Juices,Bengali",18.5308,73.8478,Locality (matched)
358622,Ashok Nagar,Bangalore,Rcb Bar & Cafe,750,4.3,"Indian,Asian,Continental",12.9843,77.5936,Locality (matched)
358634,Vastrapur,Ahmedabad,Meal Factory,300,4.4,Indian,23.039,72.529,Locality (matched)
358727,Rohini,Delhi,Chhaunk,150,4.3,"North Indian,Desserts",28.7041,77.1025,Locality (matched)
358797,Kothrud,Pune,Lucknow Spice,300,3.4,North Indian,18.5074,73.8077,Locality (matched)
358874,Huda Colony,Hyderabad,Annapurna Mess,200,3.7,"Indian,Biryani,Chinese",17.385,78.4867,City-level (approximate fallback)
358883,Dum Dum,Kolkata,New Haji Kolkata Biryani House,100,3.7,"Biryani,Indian",22.642,88.42,Locality (matched)
358899,Bidhannagar,Kolkata,Kurseong Korner,600,4.1,Chinese,22.585,88.418,Locality (matched)
359061,Santacruz East,Mumbai,Hotel Mahesh Fine Dine,400,4.5,Indian,19.0822,72.8416,Locality (matched)
359119,Peerzadiguda,Hyderabad,Biryani Blend Family Restaurant,300,2.9,"Biryani,Chinese,North Indian",17.42,78.57,Locality (matched)
359220,Sector 10 Rohini,Delhi,Pind De Chur Chur Naan By Pind Balluchi,600,3.4,North Indian,28.72,77.115,Locality (matched)
359443,Kalyani Nagar,Pune,Ruhe Organic Cafe,500,2.9,"Continental,Indian,Italian,Mexican,Asian",18.5479,73.9014,Locality (matched)
359468,Gariahat,Kolkata,Ganguram & Sons,200,4.5,Sweets,22.519,88.363,Locality (matched)
359510,Sector 10 Rohini,Delhi,The Bowl Club By Pind Balluchi,600,3.9,North Indian,28.72,77.115,Locality (matched)
359545,Andheri East,Mumbai,Pizza Mania,500,3.2,Pizzas,19.1136,72.8697,Locality (matched)
359557,Rt Nagar,Bangalore,Armani Kitchen,300,3.9,"Chinese,Indian,Tandoor",12.9716,77.5946,City-level (approximate fallback)
359625,Powai,Mumbai,Rollicious,250,2.9,Fast Food,19.1176,72.906,Locality (matched)
359630,Varachha,Surat,Bs Dhosa,300,3.5,South Indian,21.214,72.842,Locality (matched)
359718,Navrangpura,Ahmedabad,Super Dawat Tawa Fry Centre,300,3.8,"North Indian,Indian,Biryani,Seafood,Tandoor,Barbecue",23.0365,72.561,Locality (matched)
359770,Golpark,Kolkata,Zold Cafe And Kitchen,600,2.9,"Pizzas,Fast Food,Snacks,Pastas,Beverages",22.517,88.363,Locality (matched)
359779,Bidhannagar,Kolkata,Plateonic,500,4.4,"Chinese,Thai",22.585,88.418,Locality (matched)
359822,Isanpur,Ahmedabad,Apunka Addaa,250,2.9,Snacks,22.97,72.61,Locality (matched)
359868,Powai,Mumbai,Oriental Dream- The Asian Cuisine,200,2.9,"Chinese,Pan-Asian,Fast Food,Beverages",19.1176,72.906,Locality (matched)
359871,Lal Darwaja,Ahmedabad,Al-Baik Fast Food,400,4.3,"Arabian,Grill,Pizzas,Seafood,Fast Food,Tandoor",23.025,72.592,Locality (matched)
359938,Rohini,Delhi,Kahi Se Bhi,300,2.9,"Biryani,Mughlai,Tandoor,North Indian",28.7041,77.1025,Locality (matched)
359969,Lake Gardens,Kolkata,Chinese Food Corner,200,3.7,"Chinese,Tandoor",22.506,88.355,Locality (matched)
360001,Antop Hill,Mumbai,Street 528,200,2.9,Snacks,19.0224,72.858,Locality (matched)
360121,Anand Nagar,Pune,Lazzetti,250,3.8,"Arabian,Tandoor,Chinese,American",18.5,73.86,Locality (matched)
360152,Kurla West,Mumbai,Day To Day Snacks Corner,200,2.9,"Chinese,South Indian,Pizzas,Beverages,Ice Cream,Combo",19.07,72.879,Locality (matched)
360162,Jogupalya,Bangalore,Rolling Dough Cafe,700,4.1,"Italian,Seafood,Desserts,Continental,Salads,Pizzas,Pastas,Beverages",12.9707,77.621,Locality (matched)
360514,Vadgaon Budruk,Pune,Dawat Family Restaurant,200,2.9,"Chinese,Biryani,Desserts",18.463,73.81,Locality (matched)
360739,Koregaon Park,Pune,Kareem'S,300,4.1,"North Indian,Mughlai,Maharashtrian,Biryani,Kebabs,Tandoor,Beverages",18.5362,73.8938,Locality (matched)
360757,Mylapore,Chennai,Bowld,300,4.3,South Indian,13.0339,80.2695,Locality (matched)
360814,Naranpura,Ahmedabad,Md The Snacks Club,300,2.9,"Fast Food,Beverages,Pizzas",23.048,72.558,Locality (matched)
360845,North Dumdum,Kolkata,My Food Story,300,3.9,"Chinese,Combo,Indian,Beverages",22.648,88.415,Locality (matched)
360982,Ganganagar,Bangalore,New Kadai Restaurant,400,4.1,"Tandoor,Chinese,Juices,Ice Cream",13.0362,77.5921,Locality (matched)
361065,Beleghata,Kolkata,Dessert Club,300,3.9,"Bakery,Desserts,Snacks",22.562,88.39,Locality (matched)
361068,Kondhwa,Pune,Deccan Darbar,400,2.9,Indian,18.4633,73.893,Locality (matched)
361070,Park Street Area,Kolkata,Southern Grit,300,2.9,South Indian,22.552,88.352,Locality (matched)
361273,Saki Naka,Mumbai,Wendy'S,400,4.2,American,19.1073,72.8873,Locality (matched)
361308,Athwa,Surat,Zest House,300,2.9,"North Indian,Fast Food,Punjabi,Chinese",21.178,72.793,Locality (matched)
361360,Bidhannagar,Kolkata,The Samosa Lab,200,4.5,Snacks  Beverages,22.585,88.418,Locality (matched)
361367,Tangra,Kolkata,Da Delicious China,200,2.9,"Chinese,Indian",22.546,88.396,Locality (matched)
361397,Sanjeeva Reddy Nagar,Hyderabad,Wowffles,400,3.7,Desserts  Bakery,17.438,78.44,Locality (matched)
361398,Jodhpur Tekra,Ahmedabad,Shakesee,200,4.1,"Beverages,Snacks,Fast Food,Desserts",23.026,72.522,Locality (matched)
361497,Vishrantwadi,Pune,Chinese Culture,300,3.8,"Chinese,Fast Food,Malaysian,Asian,Indian,Beverages,Snacks,Desserts,Combo",18.567,73.872,Locality (matched)
361498,Topsia,Kolkata,Chinese Panda,400,3.7,"Chinese,Asian,Combo,Tibetan,Oriental,Thai,Pan-Asian",22.541,88.383,Locality (matched)
361532,Sector 29,Delhi,Dana Paani,300,2.9,"Biryani,North Indian",28.6139,77.209,City-level (approximate fallback)
361536,Santacruz East,Mumbai,Tuki,600,4.3,Chinese  Asian,19.0822,72.8416,Locality (matched)
361537,Sector 8,Delhi,Raja Bhoj & Co.,300,2.9,"Tandoor,Indian",28.713,77.126,Locality (sector match: 'sector 8  rohini')
361543,Sector 29,Delhi,Rozi Roti,300,2.9,"Biryani,Mughlai,North Indian,Tandoor",28.6139,77.209,City-level (approximate fallback)
361549,Anna Nagar West Extension,Chennai,Kobe Sizzlers,500,4.5,"Chinese,Continental,Fast Food",13.087,80.197,Locality (matched)
361556,Bidhannagar,Kolkata,Safe House,200,3.4,"Continental,Pizzas,Chinese",22.585,88.418,Locality (matched)
361558,Narayanguda,Hyderabad,Ks Bakers,250,3.9,Bakery,17.4013,78.4913,Locality (matched)
361592,Vastrapur,Ahmedabad,Hl Frankie,150,4,"Fast Food,Italian,Chinese,Snacks",23.039,72.529,Locality (matched)
361647,Manicktala,Kolkata,Swad Restaurant,200,4.4,"Indian,Chinese,Tandoor,Fast Food,Biryani",22.587,88.376,Locality (matched)
361653,Rohini,Delhi,Bhukha Sher,300,2.9,"North Indian,Tandoor,Biryani,Mughlai",28.7041,77.1025,Locality (matched)
361654,Rohini,Delhi,Shanghai Chillie'S,300,2.9,"Chinese,Fast Food,Thai",28.7041,77.1025,Locality (matched)
361692,T. Nagar,Chennai,Pulusu T Nagar,500,3.9,"Andhra,Indian,Tandoor,Beverages,Chinese,Biryani,Hyderabadi",13.0418,80.2341,Locality (matched)
361700,Old Sangvi,Pune,Tgc: The Gargis Cafe,300,2.9,"Fast Food,Mexican,Beverages,Desserts",18.585,73.833,Locality (matched)
361775,Sri Sai Tarun Enclave,Hyderabad,Bowls Kitchen,200,3.7,"North Indian,South Indian",17.385,78.4867,City-level (approximate fallback)
361862,Powai Area,Mumbai,Papacream,350,4.7,Ice Cream  Desserts,19.1176,72.906,Locality (matched)
361866,Domlur,Bangalore,Peetuk,500,4,"Bengali,Chinese",12.961,77.6387,Locality (matched)
361951,Ruby Area,Kolkata,The Ride Cafe,400,2.9,"Chinese,Continental",22.514,88.398,Locality (matched)
361972,Rajarhat,Kolkata,Sagar Restaurant,300,3.8,"Indian,Chinese",22.616,88.461,Locality (matched)
362050,Kodambakkam,Chennai,Komala`S Kitchen,500,2.9,South Indian,13.05,80.2241,Locality (matched)
362068,Vishnu Garden,Delhi,Budget Bytes,150,3.9,"Chinese,Arabian,Fast Food",28.639,77.094,Locality (matched)
362274,Rohini,Delhi,Fat Chinese Chef,300,2.9,"Chinese,Fast Food",28.7041,77.1025,Locality (matched)
362276,Rohini,Delhi,Dou Chi,300,2.9,"Fast Food,Indian,Chinese",28.7041,77.1025,Locality (matched)
362280,Rohini,Delhi,Roti Aur Boti Xpress,300,2.9,"Biryani,Mughlai,Tandoor,North Indian,Combo",28.7041,77.1025,Locality (matched)
362286,Rohini,Delhi,Chopper'S Stop,300,2.9,"Chinese,Fast Food,Indian",28.7041,77.1025,Locality (matched)
362287,Rohini,Delhi,Excellent Dumpling House,300,2.9,"Fast Food,Chinese,Indian",28.7041,77.1025,Locality (matched)
362300,Rohini,Delhi,Ballu Bawarchi,300,2.9,"North Indian,Biryani,Mughlai,Tandoor",28.7041,77.1025,Locality (matched)
362304,Vatva,Ahmedabad,Rinki'S Rasoi,200,2.9,Indian,22.96,72.626,Locality (matched)
362307,Kankurgachi,Kolkata,Pure Veg Meals By Lunchbox,200,2.9,North Indian  Desserts  Biryani,22.585,88.39,Locality (matched)
362318,Taltala,Kolkata,Biryani Corner (Shahi Biryani House),200,2.9,Biryani,22.562,88.358,Locality (matched)
362366,Kilpauk,Chennai,Desii Firangi,280,4.1,"Chinese,Indian,Italian,Chaat",13.085,80.241,Locality (matched)
362543,Sadashiv Peth,Pune,Fish Curry Rice,1000,4.5,"Maharashtrian,Seafood,Malwani",18.5122,73.852,Locality (matched)
362591,Kasba,Kolkata,Hoi-Choi Unlimited,500,2.9,"Chinese,North Indian,Continental,Salads",22.514,88.38,Locality (matched)
362599,Saki Naka,Mumbai,Samosa Singh,100,4.1,"North Indian,Fast Food,Snacks,Desserts,Beverages,Street Food,Combo",19.1073,72.8873,Locality (matched)
362612,Dum Dum,Kolkata,Memorious India,400,2.9,"Indian,Chinese",22.642,88.42,Locality (matched)
362752,Ejipura,Bangalore,Sugo,300,4,"Italian,Pastas,Pizzas,Desserts",12.9382,77.628,Locality (matched)
362972,New Malakpet,Hyderabad,Sri Balaji Tasty Tiffins And Meals,150,2.9,South Indian,17.3735,78.498,Locality (matched)
362976,Karve Nagar,Pune,Kolhapuri Tadka Misal & Snacks Center,100,2.9,"Snacks,South Indian,Beverages",18.49,73.8163,Locality (matched)
363011,Anna Nagar,Chennai,Habibi,900,4.1,"Arabian,Barbecue,Afghani,Combo,Greek,Grill",13.085,80.2101,Locality (matched)
363085,Marol,Mumbai,The Chums,200,2.9,"Fast Food,Chinese,Beverages",19.118,72.877,Locality (matched)
363340,Dharavi,Mumbai,Asha'S Kitchen,150,2.9,"Chinese,South Indian",19.038,72.8538,Locality (matched)
363359,Perambur,Chennai,Ss Muslim Briyani,250,3.9,"Biryani,Chinese,South Indian",13.1155,80.234,Locality (matched)
363380,Ashok Nagar,Bangalore,Neeth Medappa Patisserie,300,2.9,Desserts,12.9843,77.5936,Locality (matched)
363604,Lal Darwaja,Ahmedabad,Magic Chicken,600,4.4,"Continental,Italian",23.025,72.592,Locality (matched)
363639,Annanagar East,Chennai,Classic Rider Cafe,250,3.5,Indian,13.087,80.22,Locality (matched)
363690,Navrangpura,Ahmedabad,The Sandwich Box,400,2.9,"Beverages,Desserts",23.0365,72.561,Locality (matched)
363697,Khokhra,Ahmedabad,Manna Foods,200,2.9,"Fast Food,Indian",23.018,72.612,Locality (matched)
363699,Punjagutta,Hyderabad,Om Sairam Hospitality Services,200,4.4,Indian  South Indian  Chinese,17.4256,78.453,Locality (matched)
363787,Kurla,Mumbai,Tata Q Quick Kitchen,400,4.7,"North Indian,Snacks,Pastas,Fast Food",19.0728,72.8826,Locality (matched)
363950,Ghatkopar East,Mumbai,Mr Singhs Tandoori Hut By Rpd,350,2.9,North Indian  Tandoor  Biryani,19.0857,72.9083,Locality (matched)
364054,Navrangpura,Ahmedabad,Frankie On Fire,250,2.9,"Fast Food,Combo",23.0365,72.561,Locality (matched)
364099,Bandra Area,Mumbai,Sassy Teaspoon,300,4,"Desserts,Bakery",19.0596,72.8295,Locality (matched)
364144,Rajouri Garden,Delhi, Kishori Lal Paan,100,4.4,"Paan,Beverages,Desserts",28.6492,77.12,Locality (matched)
364331,Anna Nagar,Chennai,The Living Room,1200,4.5,"South Indian,North Indian,Tandoor,Mediterranean,Continental,Mongolian",13.085,80.2101,Locality (matched)
364503,Bidhannagar,Kolkata,Harry'S Bistro,200,4.3,"Indian,Asian,Chinese,Desserts,Beverages,Biryani",22.585,88.418,Locality (matched)
364600,Kothapet,Hyderabad,Ae-Spice Villa,380,3,"Indian,Fast Food",17.3745,78.531,Locality (matched)
364641,Teynampet,Chennai,The Big Eat,400,4.2,"Continental,Asian,Italian",13.0418,80.254,Locality (matched)
364658,Banjara Hills,Hyderabad,Chef'S Sandwich,600,2.9,Fast Food,17.4156,78.4347,Locality (matched)
364659,Banjara Hills,Hyderabad,Burger Dude'S,600,2.9,Fast Food,17.4156,78.4347,Locality (matched)
364660,Banjara Hills,Hyderabad,Pange'S Pizza,600,2.9,Pizzas,17.4156,78.4347,Locality (matched)
364709,Warje,Pune,Live Fresh Cakes Desserts & Bakes,800,2.9,Bakery,18.478,73.806,Locality (matched)
364735,Lake Town,Kolkata,The Food Story,250,2.9,"Snacks,Pastas,Fast Food,Combo",22.605,88.395,Locality (matched)
364741,Sion,Mumbai,Raju Ki Rasoi,300,2.9,Indian  Tandoor  Biryani,19.0448,72.8619,Locality (matched)
364811,T. Nagar,Chennai,Khalids Biriyani,500,4,Biryani,13.0418,80.2341,Locality (matched)
364812,Banjara Hills,Hyderabad,Blenders & Coolers,600,2.9,"Beverages,Juices",17.4156,78.4347,Locality (matched)
364813,Banjara Hills,Hyderabad,Best Pasta,600,2.9,Pastas,17.4156,78.4347,Locality (matched)
364970,Cit Nagar,Chennai,The Royal Snacks,200,2.9,Pizzas,13.04,80.234,Locality (matched)
365132,Kurla,Mumbai,Kwality Walls Frozen Dessert And Ice Cream Shop,300,4.7,Ice Cream,19.0728,72.8826,Locality (matched)
365155,Kurla,Mumbai,Shree Durga Hotel,400,2.9,"Chinese,Indian",19.0728,72.8826,Locality (matched)
365222,Rajajinagar,Bangalore,Green Chilly,300,4.3,"Chinese,North Indian,Indian",12.9905,77.5554,Locality (matched)
365297,Gariahat,Kolkata,Roastery Coffee House,750,4.6,"Continental,Pastas,Pizzas,Beverages,Desserts,Italian,American",22.519,88.363,Locality (matched)
365324,Aundh,Pune,Mh 12 Pavbhaji,200,4,"Fast Food,Street Food,Snacks,Beverages,Indian",18.559,73.808,Locality (matched)
365354,Jodhpur Park,Kolkata,Wah! Phuchka,100,4.4,"Fast Food,Beverages,Snacks",22.503,88.362,Locality (matched)
365431,Khairtabad,Hyderabad,Vijaya Mirchi Point,100,4,"Street Food,Indian,South Indian,Snacks",17.411,78.462,Locality (matched)
365525,Koti,Hyderabad,Penang,500,4,"Asian,Chinese,Thai",17.3833,78.4794,Locality (matched)
365593,Malkajgiri,Hyderabad,Chocolate Ideas,300,3.8,Desserts  Haleem  Home Food  Healthy Food  Fast Food  Sweets  Beverages,17.452,78.529,Locality (matched)
365595,Banjara Hills,Hyderabad,Gol Panipuri,500,2.9,Chaat,17.4156,78.4347,Locality (matched)
365680,Mandaveli,Chennai,Kaapi Zone,200,2.9,"Snacks,Beverages,Chinese",13.033,80.265,Locality (matched)
365769,Jodhpur Park,Kolkata,Steam In Mugs,300,3.6,"Continental,Chinese,Desserts",22.503,88.362,Locality (matched)
365818,Santacruz East,Mumbai,The Brooklyn Creamery - Healthy Ice Cream,200,4.4,"Desserts,Ice Cream,Healthy Food",19.0822,72.8416,Locality (matched)
365960,Baguihati,Kolkata,Nirmal Food Plaza,250,4.1,"South Indian,Indian,Chinese,Snacks",22.612,88.418,Locality (matched)
366015,Rohini,Delhi,Jd Meals,200,3.7,"Indian,Thalis,Combo,Beverages",28.7041,77.1025,Locality (matched)
366043,Koyambedu,Chennai,Keerthana Food Center,200,2.9,"Biryani,Chinese,Indian",13.07,80.196,Locality (matched)
366098,Kurla,Mumbai,Jeden The Cake Expert,300,4.5,"Bakery,Desserts",19.0728,72.8826,Locality (matched)
366251,Andheri East,Mumbai,The Blue Tiffin,300,4.5,North Indian,19.1136,72.8697,Locality (matched)
366304,Shukrawar Peth,Pune,Hotel Aasra Biryani House,300,2.9,Indian,18.515,73.85,Locality (matched)
366441,Teynampet,Chennai,Krunchees,300,2.9,"Chinese,Biryani,Chaat,Beverages",13.0418,80.254,Locality (matched)
366566,Padmarao Nagar,Hyderabad,Saptami Grand - Udupi Veg Restaurant,200,4.3,"South Indian,Chinese,Desserts",17.427,78.497,Locality (matched)
366571,Kasba,Kolkata,Fusion Of China,200,4.2,"Chinese,Combo",22.514,88.38,Locality (matched)
366583,Gariahat,Kolkata,Tinni'S Kitchen,200,4.2,"Indian,Thalis,Beverages",22.519,88.363,Locality (matched)
366598,Maharshi Nagar,Pune,Atithi Restaurant,500,2.9,"North Indian,Punjabi",18.498,73.872,Locality (matched)
366698,Shivajinagar,Pune,Kwality Family Resto Bar,500,4.2,"North Indian,Punjabi,Snacks",18.5308,73.8478,Locality (matched)
366706,Sion,Mumbai,Foodcosta,350,2.9,"Continental,Italian,Pizzas,South Indian,Beverages,Snacks",19.0448,72.8619,Locality (matched)
366707,Ghatkopar West,Mumbai,Taj Darbar Indian And  Chinese Restaurant,199,3.7,Indian  North Indian  Tandoor  Mughlai  Desserts,19.0864,72.9047,Locality (matched)
366828,Punjagutta,Hyderabad,Delhi Mithaiwala,250,4.4,Sweets  Desserts  Chaat  Snacks  Bakery,17.4256,78.453,Locality (matched)
366834,Himayatnagar,Hyderabad,Mohammedia Shawarma,300,3.8,"Arabian,Lebanese,Street Food",17.4008,78.4813,Locality (matched)
366927,Kurla,Mumbai,Taj King Shawarma,200,4.1,Indian,19.0728,72.8826,Locality (matched)
366947,Pathar Gatti,Hyderabad,Deluxe Marhaba,300,3,"Arabian,Biryani,Chinese",17.36,78.472,Locality (matched)
366976,Koregaon Park,Pune,The Cheesy Crust,500,2.9,"Combo,Pizzas,Pastas",18.5362,73.8938,Locality (matched)
367017,Ejipura,Bangalore,Hokart - Darjeeling Momos,150,2.9,"Fast Food,Street Food,Snacks,Chinese",12.9382,77.628,Locality (matched)
367042,Khar West,Mumbai,Nityam Food Court,300,4.3,Snacks  South Indian  Chaat  Chinese  Indian  Tandoor,19.0696,72.8355,Locality (matched)
367108,Villivakkam,Chennai,Csoning Shawarmas,200,2.9,Fast Food,13.103,80.208,Locality (matched)
367127,Jayanagar,Bangalore,Jaynagar Thindi Mane,200,2.9,"South Indian,North Indian,Chinese,Beverages,Chaat",12.925,77.5938,Locality (matched)
367297,Tiruvalleeswarar Nagar,Chennai,Monkey Bar,1400,2.9,"North Indian,American,European,Asian",13.112,80.206,Locality (matched)
367381,Dilsukhnagar,Hyderabad,Monginis,500,3.8,"Bakery,Desserts,Snacks",17.3687,78.5247,Locality (matched)
367543,Baner,Pune,Keventers Ice Cream,300,3.9,"Beverages,Ice Cream,Desserts",18.559,73.7868,Locality (matched)
367602,Banjara Hills,Hyderabad,Ciro'S Pizzeria,1000,3.9,"Pizzas,Italian,Continental,American,Desserts",17.4156,78.4347,Locality (matched)
367704,Narayanguda,Hyderabad,1441 Pizzeria,400,4.1,"Italian,Pizzas,Pastas,Desserts,Beverages",17.4013,78.4913,Locality (matched)
367733,Chembur,Mumbai,Jeden The Cake Expert,300,4.2,"Desserts,Bakery,Juices",19.0522,72.9006,Locality (matched)
367760,Ramgopalpet,Hyderabad,New Sharma Chat House,150,4.2,Chaat  Snacks  Beverages,17.431,78.483,Locality (matched)
367769,Chintal,Hyderabad,Lucky Restaurant,300,4,"Biryani,Tandoor,Chinese,North Indian,Desserts,Kebabs,Mughlai",17.475,78.43,Locality (matched)
367793,Kothrud,Pune,Sukhi De Parathe,150,2.9,"North Indian,Chinese,Combo",18.5074,73.8077,Locality (matched)
367938,Kavadiguda,Hyderabad,Nice Tiffins,200,4.1,South Indian,17.406,78.497,Locality (matched)
367946,Ballygunge,Kolkata,The Magical Place,300,2.9,"Indian,Chinese",22.528,88.366,Locality (matched)
367965,Lake Gardens,Kolkata,Swade Bengali,300,2.9,"Thalis,Biryani,Bengali,Snacks",22.506,88.355,Locality (matched)
368003,Jodhpur Village,Ahmedabad,Rajshree Sandwich,200,2.9,Fast Food,23.026,72.522,Locality (matched)
368032,Shyam Bazar,Kolkata,Chowman,700,4.4,"Asian,Chinese,Thai,Pan-Asian",22.599,88.372,Locality (matched)
368072,Nungambakkam,Chennai,Kev'S Abra'Kebab'Ra - The Kebab Shack,350,4.4,"Kebabs,Chinese,Tandoor,Grill",13.0569,80.2425,Locality (matched)
368251,Kalighat,Kolkata,Sir Oven O Bake,400,2.9,Pizzas,22.519,88.342,Locality (matched)
368307,Kachiguda,Hyderabad,New Handi Biryani,200,3.9,"Chinese,Biryani,Kebabs,South Indian,Beverages",17.3843,78.5013,Locality (matched)
368427,Malleshwaram,Bangalore,Btr - Bhatinda Tiffin Room,250,4.1,"North Indian,Thalis,Punjabi,Combo",13.0035,77.5647,Locality (matched)
368434,Ameerpet,Hyderabad,Sai Ganesh Tiffins,50,4,Street Food  South Indian,17.4374,78.4487,Locality (matched)
368565,Kodambakkam,Chennai,Stone Age Bbq'S,450,2.9,"Indian,Chinese,Tandoor",13.05,80.2241,Locality (matched)
368576,Banashankari,Bangalore,Chinese Trail,350,3.3,"Chinese,Thai,Seafood,Asian,Combo,Healthy Food,Beverages",12.9255,77.5468,Locality (matched)
368585,Himayatnagar,Hyderabad,Burger Bros,200,4,Snacks,17.4008,78.4813,Locality (matched)
368651,T. Nagar,Chennai,The Tap House,400,2.9,"Chinese,Continental,Tandoor",13.0418,80.2341,Locality (matched)
368721,Khar West,Mumbai,Rhino Rolls - Mighty Big,300,4,Fast Food  Snacks  Indian  Beverages,19.0696,72.8355,Locality (matched)
368887,Wallace Garden,Chennai,Coffee? Since 1999,600,4.7,"Beverages,Continental,Italian,Desserts",13.053,80.247,Locality (matched)
368898,Beleghata,Kolkata,Foodland,500,2.9,"Indian,Tandoor,Kebabs,Biryani,Chinese,Salads,Beverages",22.562,88.39,Locality (matched)
368923,Belgachia,Kolkata,Grill Ghar,200,2.9,Chinese,22.61,88.38,Locality (matched)
368949,Lake Town,Kolkata,Krishna Food,200,2.9,Paan  Sweets  Fast Food,22.605,88.395,Locality (matched)
368980,Koregaon Park,Pune,Yummy Chinese Cafe,280,2.9,Chinese,18.5362,73.8938,Locality (matched)
369003,Maharshi Nagar,Pune,Manali Cool Club,300,2.9,Beverages,18.498,73.872,Locality (matched)
369008,Camp,Pune,Venky'S Chicken Xperience,400,2.9,"Chinese,Mughlai,Fast Food,Beverages",18.5122,73.879,Locality (matched)
369058,Chembur,Mumbai,Toshin Chocolatier Patissier,1000,2.9,"Desserts,Ice Cream",19.0522,72.9006,Locality (matched)
369079,Saki Naka,Mumbai,Indo Chinese Korner,800,2.9,"Indian,Tandoor,Pastas,Asian,Desserts",19.1073,72.8873,Locality (matched)
369124,Perambur,Chennai,Cake Feast,300,4.4,"Desserts,Bakery",13.1155,80.234,Locality (matched)
369125,Perambur,Chennai,Metro Cakes,300,4.5,Desserts,13.1155,80.234,Locality (matched)
369152,Moosarambagh,Hyderabad,Pista House Bakery & Restaurant,300,4.1,"North Indian,Biryani,Tandoor,Chinese",17.355,78.493,Locality (matched)
369174,Rajouri Garden,Delhi,Tamba,400,4,"North Indian,Mughlai,Biryani,Kebabs,Desserts",28.6492,77.12,Locality (matched)
369202,Indiranagar,Bangalore,Rumi,500,4,"Indian,North Indian,Awadhi,Mughlai,Kebabs,Biryani",12.9719,77.6412,Locality (matched)
369224,Gariahat,Kolkata,Uns Cafe & Dining,200,4.5,"Indian,Bengali,Kebabs,Snacks,Combo",22.519,88.363,Locality (matched)
369228,Paschim Vihar,Delhi,Brown Munde,300,4.3,"Chinese,Italian,Snacks,Fast Food",28.6692,77.1013,Locality (matched)
369270,Guttahalli,Bangalore,Shreyas Non Veg,400,2.9,Indian,13.0037,77.5776,Locality (matched)
369448,Gandhi Nagar,Chennai,Atithi Restaurant,250,4.1,"Indian,Bengali",13.008,80.257,Locality (matched)
369497,Santacruz East,Mumbai,Grill And Chill,200,4.4,"Fast Food,Snacks,Beverages,Juices,Chaat,Pizzas,Continental",19.0822,72.8416,Locality (matched)
369509,New Nallakunta,Hyderabad,Kung Pao Kitchen,300,4.1,Chinese,17.403,78.495,Locality (matched)
369520,Sima Nagar,Surat,Chotiwala Restuarant,200,2.9,Indian,21.195,72.848,Locality (matched)
369534,New Nallakunta,Hyderabad,Jai Bhavani Spicy Hot Fast Food Centre,100,3.8,"Street Food,Indian,Chinese",17.403,78.495,Locality (matched)
369642,Jayanagar,Bangalore,Basaveshwar Khanavali,300,4.2,Indian,12.925,77.5938,Locality (matched)
369743,Kilpauk,Chennai,Fusion Kitchen,300,4.3,"Chinese,Beverages",13.085,80.241,Locality (matched)
369795,Cox Town,Bangalore,Snack A Way By Itc Master Chef,450,4,"Fast Food,Mughlai,Lebanese,Chaat,Snacks,Desserts",12.9977,77.6178,Locality (matched)
369949,Toli Chowki,Hyderabad,Arabesq - Kunafa & Shawarma,200,3.7,"Arabian,Lebanese,Beverages,Juices",17.4001,78.418,Locality (matched)
369953,Huda Complex,Hyderabad,Burger Eat'S,300,2.9,"Snacks,Biryani,Fast Food",17.413,78.446,Locality (matched)
369970,Himayath Nagar,Hyderabad,Arancini,700,3.6,"Pizzas,American,Italian,Snacks",17.4008,78.4813,Locality (matched)
369997,Aundh,Pune,Crazy Momos,200,4.2,"Fast Food,Beverages",18.559,73.808,Locality (matched)
370009,Kothrud,Pune,Crazy Momos,200,4.5,"Chinese,Continental",18.5074,73.8077,Locality (matched)
370024,Ameerpet,Hyderabad,Sri Ganesh Fruit Juice,100,4.4,Street Food  Indian  Beverages,17.4374,78.4487,Locality (matched)
370034,T. Nagar,Chennai,The Smoothie Cult,160,2.9,"Beverages,Juices,South Indian",13.0418,80.2341,Locality (matched)
370128,Golpark,Kolkata,Breads And Curries,300,4.3,"Bengali,Combo,Thalis,Snacks,Beverages,American,Chinese,Oriental",22.517,88.363,Locality (matched)
370144,Kachiguda,Hyderabad,Patel'S Chips And Crisps,350,4.4,Indian,17.3843,78.5013,Locality (matched)
370235,Navrangpura,Ahmedabad,The Blue Oven,600,4.2,"Pizzas,Italian,Desserts,Beverages,Continental",23.0365,72.561,Locality (matched)
370238,Koti,Hyderabad,The Indiway,500,4.1,"North Indian,Biryani,Mughlai,Tandoor,Snacks",17.3833,78.4794,Locality (matched)
370258,Maninagar,Ahmedabad,The Black Olive,300,2.9,"Pizzas,Continental",22.996,72.603,Locality (matched)
370293,Warje,Pune,Woods Only Chinese,150,3.2,Chinese,18.478,73.806,Locality (matched)
370318,Kodungaiyur,Chennai,Khan Bhai Biriyani,280,4.1,"Biryani,Chinese",13.133,80.254,Locality (matched)
370337,Central Bangalore,Bangalore,Keventers - Milkshakes And Desserts,300,4.4,"Beverages,Ice Cream,Desserts,Healthy Food",12.9767,77.5993,Locality (matched)
370359,Rajouri Garden,Delhi,Pa Pa Ya,800,4.1,"Japanese,Pan-Asian,Thai,Sushi,Chinese",28.6492,77.12,Locality (matched)
370370,Rohini,Delhi,Oye Chhotu,300,2.9,"Mughlai,North Indian,Tandoor",28.7041,77.1025,Locality (matched)
370418,Santacruz East,Mumbai,Shri Laxmi Lunch Home,300,2.9,Indian,19.0822,72.8416,Locality (matched)
370419,New Tippasandra,Bangalore,Hungry Burgers,300,2.9,"Continental,Fast Food",12.9744,77.6511,Locality (matched)
370420,New Tippasandra,Bangalore,Kati Rolls Junction,300,3.3,Indian,12.9744,77.6511,Locality (matched)
370442,Indiranagar,Bangalore,Araku Coffee,400,2.9,"Cafe,Beverages,Bakery,Continental,Desserts,Healthy Food,European",12.9719,77.6412,Locality (matched)
370471,Beleghata,Kolkata,Cafe Stadia,280,2.9,"Oriental,Indian,Continental,Italian,Beverages",22.562,88.39,Locality (matched)
370527,Annamalai Colony,Chennai,The Kathi Roll Jail,300,4,"Fast Food,Snacks",13.0827,80.2707,City-level (approximate fallback)
370573,Baguiati,Kolkata,A Little Happiness,250,2.9,Indian,22.612,88.418,Locality (matched)
370682,Vesu,Surat,1441 Pizzeria,800,3.7,"Italian,Pizzas,Pastas,Fast Food,Desserts,Beverages",21.14,72.777,Locality (matched)
370690,Kavadiguda,Hyderabad,Rushty Reataurant Chat Sandwich And Juice,150,2.9,"Fast Food,Beverages,Juices",17.406,78.497,Locality (matched)
370704,Indiranagar,Bangalore,India Bistro,750,4.4,"North Indian,Biryani,Kebabs,Indian,Mughlai,Seafood,Desserts,Beverages",12.9719,77.6412,Locality (matched)
370720,Chembur,Mumbai,Rv'S Juice And Snacks,200,2.9,"Juices,Snacks",19.0522,72.9006,Locality (matched)
370900,Gopalapuram,Chennai,Jd Cafe,300,3.3,"Juices,Beverages,Snacks,Desserts",13.045,80.257,Locality (matched)
370913,Perambur,Chennai,Metro Burger,350,4.2,Indian,13.1155,80.234,Locality (matched)
371085,Tangra,Kolkata,Him Cream,200,2.9,"Ice Cream,Bakery,Desserts",22.546,88.396,Locality (matched)
371156,Peravallur,Chennai,Hotel Friends Food Court,250,4.1,"South Indian,North Indian,Chinese",13.116,80.235,Locality (matched)
371203,Koramangala,Bangalore,Southern Soul Restaurant,250,4.1,South Indian,12.9352,77.6245,Locality (matched)
371242,Santacruz East,Mumbai,China House Restaurant By Grand Hyatt Mumbai,1800,2.9,Chinese  Pan-Asian  Tibetan  Oriental  Mongolian,19.0822,72.8416,Locality (matched)
371249,Kestopur,Kolkata,Malatir Hesel,300,4,"Chinese,Biryani,Snacks,Combo,Seafood",22.602,88.426,Locality (matched)
371351,Mehdipatnam,Hyderabad,Andhra Meals,200,4,South Indian,17.3952,78.438,Locality (matched)
371393,Perambur,Chennai,The Cake Centre,300,4.3,Bakery,13.1155,80.234,Locality (matched)
371401,Vadgaon Budruk,Pune,Shivsagar Pure Veg,300,2.9,"North Indian,Fast Food,Punjabi,Tandoor,Desserts,Ice Cream",18.463,73.81,Locality (matched)
371595,Rohini,Delhi,Momo Shomo,300,4.2,"Asian,Chinese,Tibetan,North Eastern,Beverages,Fast Food,Street Food",28.7041,77.1025,Locality (matched)
371652,Purasaiwakkam,Chennai,Mad Over Donuts,200,4,"Desserts,Sweets,Bakery",13.085,80.254,Locality (matched)
371678,Saki Naka,Mumbai,Al-Baik.Com,300,2.9,"Beverages,Snacks,Pizzas",19.1073,72.8873,Locality (matched)
371698,Powai,Mumbai,Jj. Waffle,250,4,Desserts  Bakery  Beverages,19.1176,72.906,Locality (matched)
371701,Rohini,Delhi,Atrangi Food Cafe,250,2.9,"Chinese,Continental,Italian,Pastas,Pizzas",28.7041,77.1025,Locality (matched)
371702,University Area,Ahmedabad,Sapna Maggi & Pasta,200,2.9,Continental,23.033,72.545,Locality (matched)
371795,Adajan,Surat,Urban Chinese -By Urban Punjab,150,3.6,"Chinese,Snacks,Combo",21.196,72.78,Locality (matched)
371799,Aminjikarai,Chennai,Big Show Restaurant,300,2.9,Indian,13.073,80.226,Locality (matched)
371809,Nagole,Hyderabad,Cake For You,250,4.4,"Bakery,Desserts",17.38,78.559,Locality (matched)
371825,Koramangala,Bangalore,Sera'S Cuisine,300,4.2,"Indian,Biryani,Seafood",12.9352,77.6245,Locality (matched)
371856,Kothrud,Pune,Punjabi Kitchen,250,2.9,"North Indian,Indian",18.5074,73.8077,Locality (matched)
372027,Tangra,Kolkata,Golden Platter,300,2.9,"Chinese,Indian,Salads,Beverages",22.546,88.396,Locality (matched)
372149,Kurla West,Mumbai,Mughal Flavour Grand,500,4.1,"North Indian,Mughlai,Chinese,Continental",19.07,72.879,Locality (matched)
372200,Kurla,Mumbai,New Lajawaab Seekh Corner,200,4.3,Indian,19.0728,72.8826,Locality (matched)
372208,Rohini,Delhi,Moonmoon - Juicy Crustwiches,300,4.3,"Fast Food,American,Snacks,Beverages",28.7041,77.1025,Locality (matched)
372279,Bidhannagar,Kolkata,Twisty,300,4.4,"Beverages,Ice Cream,Desserts",22.585,88.418,Locality (matched)
372310,Thousand Lights,Chennai,Cookie Man,200,2.9,"Australian,Bakery,Snacks",13.0569,80.254,Locality (matched)
372329,Chembur,Mumbai,Ivy Restaurant,1500,4.7,"Chinese,Seafood,Salads,Indian",19.0522,72.9006,Locality (matched)
372429,Gandhi Nagar,Chennai,Cafe Dig In,800,2.9,"Continental,Desserts,Beverages",13.008,80.257,Locality (matched)
372462,Dhankawadi,Pune,Shree Bedi'S Paratha House,250,3.6,"Chinese,North Indian",18.457,73.847,Locality (matched)
372476,Pal Gam,Surat,Mahakali Dal Bati,200,4.6,Rajasthani,21.165,72.775,Locality (matched)
372495,Kothapet,Hyderabad,The Burger Chefs,500,2.9,"Pizzas,Fast Food,Beverages",17.3745,78.531,Locality (matched)
372498,Andheri East,Mumbai,Roasters By Radisson Blu,400,2.9,"Indian,Chinese,Continental,Pizzas,Biryani,Bakery",19.1136,72.8697,Locality (matched)
372527,Kothrud,Pune,Meeraki Chinese,250,2.9,Chinese,18.5074,73.8077,Locality (matched)
372536,Ameerpet,Hyderabad,Hungry Burger,200,2.9,Chinese,17.4374,78.4487,Locality (matched)
372550,Narayan Peth,Pune,Akkags T.R Sharma Shegoan Kachori Center,100,2.9,Street Food,18.514,73.853,Locality (matched)
372562,Kasba,Kolkata,Gupta Brother And Sisters,150,4.3,"Bengali,Indian,Combo",22.514,88.38,Locality (matched)
372603,Ramesh Nagar,Delhi,The Dineroom,450,4.6,"Chinese,Indian,Salads,South Indian,Desserts",28.654,77.112,Locality (matched)
372612,Rohini,Delhi,Curry Mantra,400,2.9,"Chinese,Italian,Indian",28.7041,77.1025,Locality (matched)
372669,T. Nagar,Chennai,Fipola Grill House,350,3.3,"Grill,Seafood,Arabian",13.0418,80.2341,Locality (matched)
372861,Ghatkopar,Mumbai,Fryeo,300,2.9,"Beverages,Ice Cream,Continental",19.0857,72.9083,Locality (matched)
372902,Domlur,Bangalore,The Sugar Free Keto Kafe - By Artinci,200,4.7,"Ice Cream,Healthy Food,Keto,Desserts,Snacks,Beverages,Bakery",12.961,77.6387,Locality (matched)
372994,Ponniammanmedu,Chennai,Lassi Shop - Kolathur,200,4.2,"Ice Cream,Beverages,Snacks",13.13,80.198,Locality (matched)
373000,Ramesh Nagar,Delhi,Currchi,400,4.1,"Chinese,North Indian,Pastas",28.654,77.112,Locality (matched)
373099,Central Bangalore,Bangalore,Butter Delivery,600,2.9,"North Indian,Tandoor,Punjabi",12.9767,77.5993,Locality (matched)
373104,Patel Nagar,Surat,Delhi Ke Mashoor Chole Bhature,150,3.7,North Indian,21.185,72.825,Locality (matched)
373277,Ghatkopar West,Mumbai,Shahi Restaurant,500,3.5,"Chinese,North Indian,Tandoor",19.0864,72.9047,Locality (matched)
373280,Aundh,Pune,Rang De Basanti,600,2.9,Indian,18.559,73.808,Locality (matched)
373312,Jodhpur Park,Kolkata,Wok For Life,300,2.9,"Chinese,Combo,Desserts,Beverages",22.503,88.362,Locality (matched)
373344,Ghatkopar East,Mumbai,Cibo 29,500,2.9,Fast Food  Pizzas  Pastas  Beverages  Desserts,19.0857,72.9083,Locality (matched)
373466,Basavanagudi,Bangalore,Chotu Motu Vadapavwala,100,2.9,"Fast Food,Beverages",12.9422,77.576,Locality (matched)
373468,Sampangi Rama Nagar,Bangalore,Kudla - Hotel Ramanashree,1500,2.9,"Mangalorean,Seafood,South Indian,Desserts",12.9707,77.5947,Locality (matched)
373510,Chembur,Mumbai,The Unique Family Restaurant,250,4.4,North Indian  Tandoor  Chinese  Seafood  Biryani,19.0522,72.9006,Locality (matched)
373563,Kalyani Nagar,Pune,Ori Story - Chinese & Oriental,300,2.9,"Chinese,Oriental,Fast Food,Combo",18.5479,73.9014,Locality (matched)
373731,Central Bangalore,Bangalore,Grand Foodies Restaurant,220,2.9,"Street Food,Indian,Chinese,Biryani",12.9767,77.5993,Locality (matched)
373737,Kothapet,Hyderabad,Viyaala Vaari Vindhu,300,4,South Indian,17.3745,78.531,Locality (matched)
373756,Rajajinagar,Bangalore,Chaska,200,2.9,"Fast Food,Snacks,Beverages",12.9905,77.5554,Locality (matched)
373836,Bandra Area,Mumbai,The Mexican Box,800,3.8,Mexican,19.0596,72.8295,Locality (matched)
373963,Bhowanipore,Kolkata,Pocket Meal 99,200,3.8,"North Indian,Biryani,Mughlai,Bengali,Snacks",22.527,88.345,Locality (matched)
373986,Bidhannagar,Kolkata,Krazee Kulcha,400,4,Indian,22.585,88.418,Locality (matched)
374027,Kothrud,Pune,New Aswad Gomantak,200,2.9,"Indian,Seafood,Biryani,Thalis",18.5074,73.8077,Locality (matched)
374028,Jayanagar,Bangalore,The Cafe Bar - Jayanagar,250,2.9,"Beverages,European,Combo",12.925,77.5938,Locality (matched)
374107,Santacruz East,Mumbai,Sushiya,400,2.9,Sushi,19.0822,72.8416,Locality (matched)
374113,Anna Nagar,Chennai,Taste Of Italy,300,4.3,Italian-American,13.085,80.2101,Locality (matched)
374134,Alwarpet,Chennai,Bread And Chocolate,300,4.6,"Bakery,Desserts,Fast Food,Snacks",13.0339,80.254,Locality (matched)
374165,Kothrud,Pune,Billion Burger,200,4.3,"Fast Food,American",18.5074,73.8077,Locality (matched)
374173,Nungambakkam,Chennai,Burmese Cafe,280,3.9,"Indian,Chinese,Burmese",13.0569,80.2425,Locality (matched)
374208,Kurla,Mumbai,Jamie Oliver'S Diner,500,2.9,"Fast Food,American",19.0728,72.8826,Locality (matched)
374213,Vesu,Surat,The Bungalow Cafe,300,4.7,"Snacks,Fast Food",21.14,72.777,Locality (matched)
374315,Marol Maroshi Road,Mumbai,Falafel'S,600,4.2,Lebanese,19.1173,72.8785,Locality (matched)
374317,Marol Maroshi Road,Mumbai,General Tsos Kitchen,600,2.9,"Chinese,Thai,Asian",19.1173,72.8785,Locality (matched)
374318,Marol Maroshi Road,Mumbai,El Jefe'S Mexicana,600,2.9,Mexican,19.1173,72.8785,Locality (matched)
374351,Central Bangalore,Bangalore,Haagen Dazs,600,4.4,Ice Cream,12.9767,77.5993,Locality (matched)
374368,Kodungaiyur,Chennai,Italian Kings Park,350,2.9,"Italian,Snacks",13.133,80.254,Locality (matched)
374402,Koregaon Park,Pune,Butter Brews - Koregaon Park,600,2.9,"European,Continental",18.5362,73.8938,Locality (matched)
374517,Ghatkopar East,Mumbai,Cafe Jethwa Food Corner,300,2.9,"Continental,Beverages",19.0857,72.9083,Locality (matched)
374531,Ellisbridge,Ahmedabad,Jumboking Indian Burger,400,4,Fast Food,23.023,72.568,Locality (matched)
374548,Chembur,Mumbai,Hot N Spice,400,2.9,"Chinese,Indian,Thalis,Combo",19.0522,72.9006,Locality (matched)
374615,Vikhroli West,Mumbai,Ammu'S Kitchen,500,2.9,Chinese  Biryani  Indian  Tandoor  Desserts,19.1055,72.929,Locality (matched)
374649,L.P.Savani,Surat,Jani Locho & Khaman House,300,4.3,"North Indian,Indian,Gujarati,Snacks,Fast Food,Street Food",21.145,72.77,Locality (matched)
374840,Kurla,Mumbai,Hotel Rudra,250,2.9,Chinese,19.0728,72.8826,Locality (matched)
374962,Rajouri Garden,Delhi,Mr Crust Bakers,400,4.5,"Bakery,Desserts",28.6492,77.12,Locality (matched)
375044,Sarkhej Road,Ahmedabad,Karim'S Restaurant,500,2.9,"Indian,Tandoor",22.993,72.523,Locality (matched)
375119,Shyam Bazar,Kolkata,New Madras Tiffin,250,4.4,"South Indian,Beverages",22.599,88.372,Locality (matched)
375137,Andheri East,Mumbai,Kusum Rolls,200,3.8,Indian,19.1136,72.8697,Locality (matched)
375219,Entally,Kolkata,Om Snacks Center,300,2.9,"Chinese,Tandoor,Indian",22.562,88.372,Locality (matched)
375297,Santacruz West,Mumbai,La Petit Boulangerie,400,4.5,Bakery  Desserts,19.0822,72.834,Locality (matched)
375321,Bhawani Peth,Pune,Hotel Bismillah,300,4.2,North Indian,18.504,73.866,Locality (matched)
375322,Bhawani Peth,Pune,Hotel Shamiaana,300,2.9,North Indian,18.504,73.866,Locality (matched)
375326,Bhawani Peth,Pune,Hotel Zamzam,300,4.1,"North Indian,Chinese",18.504,73.866,Locality (matched)
375329,Bhawani Peth,Pune,Hotel New Star,300,2.9,North Indian,18.504,73.866,Locality (matched)
375337,Bhawani Peth,Pune,Hotel Buff Special,300,4.5,North Indian,18.504,73.866,Locality (matched)
375382,Indiranagar,Bangalore,Artinci - Indulge Guilt Free!,200,4.7,"Ice Cream,Healthy Food,Keto,Desserts,Snacks,Beverages,Bakery",12.9719,77.6412,Locality (matched)
375404,Kodungaiyur,Chennai,Shero Home - Sambar Poriyal & Rasam,350,4.1,"South Indian,Home Food,Healthy Food,Desserts",13.133,80.254,Locality (matched)
375485,Mylapore,Chennai,Thirsty Inc.,250,2.9,"Beverages,Juices",13.0339,80.2695,Locality (matched)
375491,Piplod,Surat,Firangi Zayka,150,2.9,Fast Food,21.166,72.777,Locality (matched)
375544,Bidhannagar,Kolkata,Bhooter Raja Dilo Bor,800,4.2,Bengali,22.585,88.418,Locality (matched)
375576,Bhawani Peth,Pune,Hotel Maharashtra,300,4.1,North Indian,18.504,73.866,Locality (matched)
375592,Anna Nagar,Chennai,Erode Amman Mess,300,4.3,"North Indian,South Indian,Biryani",13.085,80.2101,Locality (matched)
375593,Gulbai Tekra,Ahmedabad,The American Eatery | Superdonuts,600,4.5,"American,Desserts,Beverages",23.033,72.554,Locality (matched)
375637,Ballygunge,Kolkata,House Of Dimsums,650,3.8,"Chinese,Thai",22.528,88.366,Locality (matched)
375657,Vadapalani,Chennai,Yummioza Chinese Restaurant,300,2.9,Chinese,13.0503,80.2121,Locality (matched)
375674,Koramangala,Bangalore,Indus Spice House [Ish],700,2.9,North Indian,12.9352,77.6245,Locality (matched)
375675,Kalighat,Kolkata,Tea Time,200,4.5,Beverages,22.519,88.342,Locality (matched)
375676,Bhowanipore,Kolkata,Marbella'S,800,4.3,"Continental,American,Italian,Beverages,Desserts,Healthy Food",22.527,88.345,Locality (matched)
375733,Magarpatta,Pune,Diamond Restaurant,300,2.9,North Indian,18.515,73.928,Locality (matched)
375750,Mehdipatnam,Hyderabad,Js Fast Food,250,2.9,"North Indian,Indian,Snacks,Beverages",17.3952,78.438,Locality (matched)
375753,Kothrud,Pune,Zatka Misal,300,2.9,"South Indian,Beverages",18.5074,73.8077,Locality (matched)
375776,Anna Nagar,Chennai,Biggies Burger,300,4.1,"Fast Food,Beverages,American",13.085,80.2101,Locality (matched)
375783,Deccan Gymkhana,Pune,Greedy Momos,100,4,"Chinese,Fast Food,Snacks,Beverages",18.5162,73.8397,Locality (matched)
375792,Kuber Nagar,Ahmedabad,Best Omlet,200,2.9,"Street Food,Snacks",23.073,72.618,Locality (matched)
375828,New Magdalla,Surat,K S Verandah,800,4.5,"Pan-Asian,Continental,Punjabi,North Indian",21.158,72.765,Locality (matched)
375855,Sector V Salt Lake,Kolkata,Slay Coffee,200,4.3,"Beverages,Desserts",22.575,88.431,Locality (matched)
375881,Ghatkopar East,Mumbai,T3 Tasty Treat Town Family Restaurant,400,2.9,"Biryani,Tandoor,Indian,North Indian",19.0857,72.9083,Locality (matched)
375941,Bidhannagar,Kolkata,Namak,800,4.2,"North Indian,Chinese,Oriental,Italian,Biryani,Kebabs,Healthy Food,Desserts,Beverages",22.585,88.418,Locality (matched)
375945,Koramangala,Bangalore,Brown Burger Co.,300,4.4,"American,Fast Food,Beverages,Pizzas,Snacks,Juices,Desserts",12.9352,77.6245,Locality (matched)
375967,Bkc,Mumbai,Olive Pizzeria,800,2.9,"Pizzas,Fast Food,Italian",19.0668,72.8681,Locality (matched)
375985,Narotam Nagar,Surat,Food Adda,150,4,"Pizzas,Mexican,Chinese,Fast Food,Combo",21.175,72.805,Locality (matched)
375997,Rohini,Delhi,Artinci - Indulge Guilt Free!,200,4.4,"Ice Cream,Healthy Food,Keto,Desserts,Snacks,Beverages,Bakery",28.7041,77.1025,Locality (matched)
376009,Frazer Town,Bangalore,Renuka Foods,300,2.9,"Indian,Biryani,Chinese",12.9967,77.6127,Locality (matched)
376069,Annamalai Colony,Chennai,The Chinese Mealbox (Cmb),300,4,Chinese,13.0827,80.2707,City-level (approximate fallback)
376099,Anna Nagar,Chennai,Kerala Kitchen,200,4,"South Indian,Chinese",13.085,80.2101,Locality (matched)
376140,Bhowanipore,Kolkata,Kapoor Pind Dhabaa,300,4.1,"Indian,Chinese,Desserts,Beverages,Biryani",22.527,88.345,Locality (matched)
376161,Anna Nagar,Chennai,Chinese Wox,300,4.6,Chinese,13.085,80.2101,Locality (matched)
376168,Rajouri Garden,Delhi,White Cub,200,2.9,Ice Cream,28.6492,77.12,Locality (matched)
376188,Dahin Nagar,Surat,Hello Shake,300,2.9,"Beverages,Juices,Snacks",21.185,72.838,Locality (matched)
376190,Anna Nagar,Chennai,Madurai Military Hotel,300,4.2,"South Indian,Biryani",13.085,80.2101,Locality (matched)
376202,Anna Nagar,Chennai,Bangkok Bae,300,4.4,"Asian,Thai",13.085,80.2101,Locality (matched)
376239,Santacruz East,Mumbai,Merwans Cake Stop,400,4.5,"Bakery,Desserts",19.0822,72.8416,Locality (matched)
376240,Topsia,Kolkata,Sabka Club,500,2.9,"Continental,Italian,North Indian",22.541,88.383,Locality (matched)
376244,Bandra Kurla Complex,Mumbai,Good Flippin' Burgers,600,4.6,"American,Fast Food",19.0728,72.8826,Locality (substring match: 'kurla')
376260,Nungambakkam,Chennai,Junior Kuppanna,400,4.1,"Biryani,South Indian,North Indian",13.0569,80.2425,Locality (matched)
376269,Toli Chowki,Hyderabad,Baithak,450,3.7,"Continental,Beverages",17.4001,78.418,Locality (matched)
376361,Park Street Area,Kolkata,Gupta Brothers,250,4.1,Indian  North Indian  Chinese  Snacks  Chaat  Thalis  Combo,22.552,88.352,Locality (matched)
376364,Anna Nagar,Chennai,The New Punjab Club,300,4.6,North Indian,13.085,80.2101,Locality (matched)
376412,Wadgaon Sheri,Pune,Ice Cream Factory And Shahi Durbar,300,2.9,"Ice Cream,Desserts,Beverages",18.554,73.911,Locality (matched)
376424,Jadavpur,Kolkata,Fnf Food Centre,300,2.9,"Fast Food,Pastas,Combo",22.499,88.371,Locality (matched)
376436,Tagore Garden Extension,Delhi,Musafir By Imly,400,4,"Indian,Chinese,Italian",28.642,77.093,Locality (matched)
376466,Karve Nagar,Pune,Susha'S Cafe,400,2.9,"Fast Food,Pizzas,Beverages",18.49,73.8163,Locality (matched)
376487,Washermanpet,Chennai,Hotel Pandian,300,3.7,"Biryani,South Indian,Chinese,Seafood",13.114,80.282,Locality (matched)
376491,Kilpauk,Chennai,London Dessert Co,300,3.8,"Desserts,Beverages,Snacks",13.085,80.241,Locality (matched)
376615,Piplod,Surat,Enjoy,400,4.2,"North Indian,Punjabi,Chinese",21.166,72.777,Locality (matched)
376616,Piplod,Surat,Sizzling Salsa,400,4.5,"Mexican,Continental,Italian",21.166,72.777,Locality (matched)
376629,Andheri East,Mumbai,Chine Dine,350,3.7,"Chinese,Thai,North Indian,Biryani,South Indian,Maharashtrian,Snacks,Combo",19.1136,72.8697,Locality (matched)
376645,Koyambedu,Chennai,Firewood Briyani,350,2.9,"Biryani,Indian,Chinese,Tandoor",13.07,80.196,Locality (matched)
376664,Bhowanipore,Kolkata,Sharma Snacks Centre,300,4.4,Snacks  Fast Food  Desserts  Beverages,22.527,88.345,Locality (matched)
376665,Sarvodaya Colony,Hyderabad,The Mirchiesz,300,3.8,"Chinese,Biryani,Indian",17.385,78.4867,City-level (approximate fallback)
376683,Sion,Mumbai,Royal Falooda And Juice Centre,300,3.9,Continental  Beverages  Ice Cream,19.0448,72.8619,Locality (matched)
376701,Baguiati,Kolkata,Rajgharana,300,2.9,Indian  Chinese  South Indian  Bengali  Snacks,22.612,88.418,Locality (matched)
376908,Matunga Wadala,Mumbai,Shri Balaji Snacks Center,100,3.9,"Indian,Snacks",19.022,72.855,Locality (matched)
376913,Magarpatta,Pune,Malabar Food Centre,300,2.9,"North Indian,Indian",18.515,73.928,Locality (matched)
376914,Somajiguda & Khairtabad,Hyderabad,Theobroma,500,4.6,"Desserts,Bakery,Beverages",17.417,78.46,Locality (matched)
376952,South Kolkata,Kolkata,The Yellow Turtle,300,4.4,"Asian,Chinese,Continental",22.5,88.345,Locality (matched)
376990,Perambur,Chennai,Delight Cake Treat,400,2.9,"Bakery,Desserts",13.1155,80.234,Locality (matched)
377056,T Nagar,Chennai,The Earthen Foods,300,3.3,"Biryani,Italian,Chinese",13.0418,80.2341,Locality (matched)
377065,Rajajinagar,Bangalore,Karavali Mess,250,4.3,Indian,12.9905,77.5554,Locality (matched)
377134,T Nagar,Chennai,Subhodayam Restaurant,300,3.9,"Chinese,South Indian,Andhra,Biryani,Desserts",13.0418,80.2341,Locality (matched)
377149,Navrangpura,Ahmedabad,Tea Post  A Place To Talk,200,2.9,"Indian,Beverages,Snacks",23.0365,72.561,Locality (matched)
377176,Nehru Stadium Dark Kitchen Metro Manor Sydenhams,Chennai,Wow! Momo,300,4.2,"Tibetan,Fast Food,Healthy Food,Asian,Chinese,Snacks,Continental,Desserts,Beverages",13.0827,80.2707,City-level (approximate fallback)
377203,Frazer Town,Bangalore,Amma'S Pastries,350,4.4,"Bakery,Desserts",12.9967,77.6127,Locality (matched)
377204,Salt Lake,Kolkata,Afraa Lounge,1500,4.2,"Chinese,Continental,Indian,Combo",22.585,88.418,Locality (matched)
377226,Powai,Mumbai,Tuliip'S Kitchen,200,2.9,"Thalis,Biryani",19.1176,72.906,Locality (matched)
377305,Santoshnagar & Saidabad,Hyderabad,Shawarma Station,289,3.1,"Arabian,Lebanese",17.354,78.51,Locality (matched)
377312,Sinhgad Road,Pune,Culture Biryani And Grill,280,4.6,"Indian,Continental",18.47,73.825,Locality (matched)
377315,Kalyani Nagar,Pune,Rocomamas,1000,4.2,"American,Fast Food",18.5479,73.9014,Locality (matched)
377316,Abids & Koti,Hyderabad,Ram Ki Bandi,300,4.1,South Indian,17.387,78.477,Locality (matched)
377350,Chembur,Mumbai,M. S. Snacks Center,350,2.9,"Chinese,Indian,Snacks",19.0522,72.9006,Locality (matched)
377432,Salt Lake,Kolkata,Cafe Darshani,280,3.9,South Indian,22.585,88.418,Locality (matched)
377445,Marol Sakinaka,Mumbai,Oishi Oishi By Persian Darbar,600,2.9,Chinese  Japanese  Pan-Asian  Tibetan  Asian  Beverages,19.1073,72.8873,Locality (matched)
377576,Alwarpet,Chennai,Svah Express,500,4.2,"Indian,Continental,Desserts,Beverages",13.0339,80.254,Locality (matched)
377616,Athwa,Surat,Dilip Dabeli,250,4.2,"Snacks,Chaat,Fast Food",21.178,72.793,Locality (matched)
377625,Near Rto Pal Gam,Surat,Krazzy Chicken,300,2.9,"Biryani,Indian",21.165,72.775,Locality (substring match: 'pal gam')
377778,Central Kolkata,Kolkata,Suman Sweets And Snacks,300,2.9,Sweets  Snacks,22.57,88.355,Locality (matched)
377818,Koramangala,Bangalore,Ruchi Virundu,250,2.9,"Biryani,South Indian",12.9352,77.6245,Locality (matched)
377857,Kirti Nagar,Delhi,Foodiz Dhaba,300,2.9,"Chinese,Indian",28.652,77.149,Locality (matched)
377877,Perambur,Chennai,Ziyach Atho Kadai,200,4.2,"Street Food,Chinese,Indian",13.1155,80.234,Locality (matched)
377889,Central Bangalore,Bangalore,Puppy'S Gastronomy,1000,2.9,"Continental,Italian,Snacks,Beverages",12.9767,77.5993,Locality (matched)
378002,Tarnaka  Nacharam & Malkajigiri,Hyderabad,Chutney Bowl,150,4.2,South Indian,17.423,78.539,Locality (matched)
378029,Piplod,Surat,Cafe Ashiana,200,2.9,"Fast Food,North Indian,Italian,Beverages",21.166,72.777,Locality (matched)
378076,Mehdipatnam,Hyderabad,The Hyderabad Chicken Haleem,150,3.2,Haleem,17.3952,78.438,Locality (matched)
378112,Kilpauk,Chennai,Kites Pure Veg Restaurant,280,2.9,Indian,13.085,80.241,Locality (matched)
378117,Shivaji Nagar,Pune,Chocolate Biclate,250,4.3,"Bakery,Desserts,Beverages",18.5308,73.8478,Locality (matched)
378150,South Kolkata,Kolkata,Fiery Drumstick,300,2.9,Chinese,22.5,88.345,Locality (matched)
378154,Vastrapur,Ahmedabad,Smokin' Joe'S,400,3.8,"Italian,Pizzas,Continental,Italian-American",23.039,72.529,Locality (matched)
378157,South Kolkata,Kolkata,Zeeshan D.P. Park,250,4.4,"Tandoor,Snacks,Biryani",22.5,88.345,Locality (matched)
378205,Annanagar,Chennai,The Asian Hive,300,4.3,"Chinese,Thai,Asian",13.085,80.2101,Locality (matched)
378321,Punjabi Bagh,Delhi,Shakespeare Cafe (Punjabi Bagh),400,2.9,"Indian,Tandoor,Chinese",28.665,77.131,Locality (matched)
378370,Sinhgad Road,Pune,Italian Hut,199,4.4,"Continental,Italian",18.47,73.825,Locality (matched)
378411,Lake Town,Kolkata,Bangaliana,200,3.8,"Indian,North Indian",22.605,88.395,Locality (matched)
378436,Lake Town,Kolkata,Ketana,250,4.4,Indian,22.605,88.395,Locality (matched)
378469,North Dumdum,Kolkata,Dumghan,300,4.5,"Biryani,North Eastern,Kebabs,Indian",22.648,88.415,Locality (matched)
378475,Dumdum,Kolkata,Ananda Mela Confectionery,300,2.9,"Indian,Bakery,Biryani",22.642,88.42,Locality (matched)
378482,Salt Lake,Kolkata,Club Loca,200,2.9,Continental  Indian  Chinese,22.585,88.418,Locality (matched)
378508,South Kolkata,Kolkata,Gangotri Sweets And Snacks,200,4.3,Sweets  Snacks  Chaat,22.5,88.345,Locality (matched)
378527,Kalyani Nagar,Pune,Belly Tales,400,3.9,"North Indian,Chinese,Combo,Pizzas,Beverages",18.5479,73.9014,Locality (matched)
378594,Adajan,Surat,Bro Sis Fast Food Corner,350,2.9,"Fast Food,Italian",21.196,72.78,Locality (matched)
378719,Indiranagar,Bangalore,Cloud Kitchen Chinni Con Cook,300,2.9,"Continental,Indian,Chinese,Beverages",12.9719,77.6412,Locality (matched)
378734,T Nagar,Chennai,The Degh Story,900,2.9,"North Indian,Biryani,Hyderabadi,Indian",13.0418,80.2341,Locality (matched)
378796,Kothrud,Pune,Shivtirth Vadapav,200,3.7,"Indian,Snacks",18.5074,73.8077,Locality (matched)
378854,Piplod,Surat,The Wrap Co,350,3.9,"North Indian,Snacks",21.166,72.777,Locality (matched)
378902,Piplod,Surat,Engine Cafe,200,4,"Indian,Continental,Chinese",21.166,72.777,Locality (matched)
378921,Marol Sakinaka,Mumbai,Orange Cakes And Bakers,500,4.1,"Bakery,Desserts",19.1073,72.8873,Locality (matched)
379007,South Kolkata,Kolkata,Tbc Bowlz,200,4.4,"Indian,Chinese,Continental",22.5,88.345,Locality (matched)
379013,Andheri East,Mumbai,Dooodly Meals,400,2.9,North Indian,19.1136,72.8697,Locality (matched)
379046,Basavanagudi,Bangalore,House Of Belgian,250,2.9,"Desserts,Beverages,Snacks",12.9422,77.576,Locality (matched)
379083,Perambur,Chennai,Hotel Vada Chennai,350,3.8,"Arabian,South Indian,Grill,Barbecue,Chinese,Biryani,Combo,Ice Cream,Juices,Beverages",13.1155,80.234,Locality (matched)
379100,Shivaji Nagar,Pune,Rajmandir Ice Cream,150,4,"Ice Cream,Desserts,Beverages",18.5308,73.8478,Locality (matched)
379121,Mylapore,Chennai,The Nosh,200,2.9,"Fast Food,Beverages,Indian,Tandoor",13.0339,80.2695,Locality (matched)
379173,Maninagar,Ahmedabad,Lemon Restaurant,300,2.9,"South Indian,Continental,Chinese",22.996,72.603,Locality (matched)
379218,Santacruz Bandra East,Mumbai,Big Binge Co,100,4.7,"Asian,Mexican,Snacks,Fast Food",19.0596,72.841,Locality (substring match: 'bandra east')
379224,Annanagar,Chennai,Gita'S Homemade,200,2.9,"Andhra,South Indian,Indian",13.085,80.2101,Locality (matched)
379251,Malleshwaram,Bangalore,Shawarma21,150,4.3,"Arabian,Fast Food",13.0035,77.5647,Locality (matched)
379271,Bibwewadi,Pune,Surprise India - Cakes & Desserts,300,4.1,Bakery,18.475,73.863,Locality (matched)
379273,Vastrapur,Ahmedabad,Haanji Amritsari Kulcha,300,3,"North Indian,Snacks",23.039,72.529,Locality (matched)
379281,Salt Lake,Kolkata,Rita'S Cafe,300,4.5,"South Indian,Snacks,Beverages",22.585,88.418,Locality (matched)
379342,Alwarpet,Chennai,Flipside (Burgers And Sides),750,4.4,American,13.0339,80.254,Locality (matched)
379359,Tarnaka Nacharam & Malkajigiri,Hyderabad,Maharashtrian Kitchen,200,2.9,Maharashtrian,17.423,78.539,Locality (matched)
379495,Central Kolkata,Kolkata,Karim'S,250,4.2,Mughlai,22.57,88.355,Locality (matched)
379497,Athwa,Surat,Amar Bhandari Tiffin House,200,2.9,"Indian,Seafood",21.178,72.793,Locality (matched)
379518,Paschim Vihar,Delhi,Durga Dosa Corner,200,4.2,"South Indian,Chinese",28.6692,77.1013,Locality (matched)
379616,Marol Sakinaka,Mumbai,New Shalimar Cold Drink House,120,2.9,"Desserts,South Indian,Pizzas,Fast Food,Juices,Snacks",19.1073,72.8873,Locality (matched)
379687,Tolichowki,Hyderabad,Fried Chicken Hub,325,4.2,Continental,17.4001,78.418,Locality (matched)
379718,Perambur,Chennai,Adyar Vaishanava S Thattu Idli Kadai,300,4.1,South Indian,13.1155,80.234,Locality (matched)
379740,Marol Sakinaka,Mumbai,Dil Ki Meal,300,4.5,"Combo,American",19.1073,72.8873,Locality (matched)
379776,Nsp,Delhi,Hill Chillz 26,300,4.3,"Ice Cream,Beverages",28.698,77.152,Locality (matched)
379796,Kothapet & Dilsukhnagar,Hyderabad,Five Star And Koli Hut,120,4.7,Indian,17.37,78.528,Locality (matched)
379892,Abids & Koti,Hyderabad,The Brooklyn Creamery - Healthy Ice Cream,200,3.9,"Desserts,Ice Cream,Healthy Food",17.387,78.477,Locality (matched)
379909,Chembur,Mumbai,Momo'S Mealbox,300,2.9,"Chinese,Snacks,Beverages",19.0522,72.9006,Locality (matched)
379915,Ruby Area,Kolkata,Abar Khabo One,100,4.6,"Indian,Chinese",22.514,88.398,Locality (matched)
379942,Marol Sakinaka,Mumbai,Mega Food Court,300,4.4,"Indian,North Indian,South Indian,Biryani,Pizzas,Desserts,Beverages",19.1073,72.8873,Locality (matched)
379995,Salt Lake,Kolkata,Byepass Dhaba,600,4.3,"North Indian,Chinese,Biryani,Tandoor",22.585,88.418,Locality (matched)
380023,Lake Town,Kolkata,Gupta Brothers Lake Town,300,4.2,Asian  Chinese  Combo  Desserts  Indian  North Indian,22.605,88.395,Locality (matched)
380069,Annanagar,Chennai,Sumac - Middle Eastern Medley,400,3.9,"Continental,Snacks,Salads",13.085,80.2101,Locality (matched)
380114,Annanagar,Chennai,Grillsmith - Flamin' Fare,400,4.3,"Continental,North Indian,South Indian,Chinese",13.085,80.2101,Locality (matched)
380118,Lake Town,Kolkata,Cookie2Nite,120,2.9,Desserts  Snacks  Fast Food  Beverages  Combo,22.605,88.395,Locality (matched)
380177,Athwa,Surat,Food  On  Way,200,4.2,"North Indian,Fast Food,Chinese,Biryani,Pizzas,Street Food",21.178,72.793,Locality (matched)
380189,Basavanagudi,Bangalore,The Cake House,280,4.3,"Indian,Bakery,Sweets",12.9422,77.576,Locality (matched)
380243,Chembur,Mumbai,Kerala Palace,350,4.3,"Kerala,South Indian,Indian,Biryani",19.0522,72.9006,Locality (matched)
380346,A.S. Rao Nagar & Sainikpuri,Hyderabad,Sri Sai Ak Tiffin Centre,200,4.2,Indian  South Indian,17.47,78.545,Locality (matched)
380368,Basavanagudi,Bangalore,Mumbai Xpress,300,4.1,"Chaat,Street Food,Fast Food",12.9422,77.576,Locality (matched)
380396,Punjabi Bagh,Delhi,Pranav Kabab,600,2.9,"Indian,Chinese,Mughlai,Biryani",28.665,77.131,Locality (matched)
380398,Central Bangalore,Bangalore,Punjab Express,300,4.1,North Indian,12.9767,77.5993,Locality (matched)
380461,Ruby Area,Kolkata,Nandalal Sweets,200,3.8,Sweets,22.514,88.398,Locality (matched)
380467,Athwa,Surat,Pizza 2000,250,3.8,"Pizzas,Combo",21.178,72.793,Locality (matched)
380580,Athwa,Surat,Mr. Waffle And  Momos,200,3.4,"Chinese,Desserts",21.178,72.793,Locality (matched)
380609,Banjara Hills,Hyderabad,Ab'S-Absolute Barbecues,500,3.5,"Barbecue,Biryani,Chinese",17.4156,78.4347,Locality (matched)
380632,Uppal,Hyderabad,Waffee & Co,200,4.4,"Desserts,Waffle",17.4062,78.559,Locality (matched)
380638,Kothrud,Pune,Pimlico Kothrud,800,4.5,"Continental,Indian",18.5074,73.8077,Locality (matched)
380686,Malleshwaram,Bangalore,Pastries Park,100,2.9,"Bakery,Desserts",13.0035,77.5647,Locality (matched)
380710,Alipore,Kolkata,Utsaav,300,2.9,Chinese,22.533,88.33,Locality (matched)
380756,Basavanagudi,Bangalore,Gama Gama Hotel,150,4.4,"Street Food,South Indian,Indian",12.9422,77.576,Locality (matched)
380796,Tolichowki,Hyderabad,Galaxy Paradise,250,3.6,"Biryani,Chinese",17.4001,78.418,Locality (matched)
380800,Kidderpore,Kolkata,New Chaturbhuj Mistanna Bhandar,200,4.4,Sweets  Snacks,22.54,88.322,Locality (matched)
380806,Kharkhana & Trimulgherry,Hyderabad,Balaji Jainarayan Mithai Bhandar,300,3.8,Sweets  Snacks  Bengali,17.465,78.505,Locality (matched)
380837,Kothrud,Pune,Gypsy Caterers,500,2.9,Indian,18.5074,73.8077,Locality (matched)
381004,Jadavpur,Kolkata,Yummy Express,200,2.9,"American,Beverages,Snacks",22.499,88.371,Locality (matched)
381037,South Kolkata,Kolkata,Hot Spring Kitchen And Lounge,500,2.9,Chinese,22.5,88.345,Locality (matched)
381056,Ruby Area,Kolkata,The Parking,200,4.3,"Chinese,Tandoor,Fast Food,Mughlai,Combo,Beverages",22.514,88.398,Locality (matched)
381060,Chennai,Chennai,Fb Cakes Royapuram,200,4.1,Bakery,13.0827,80.2707,Locality (matched)
381076,Kothrud,Pune,Origins,1600,4.5,"Thai,Indonesian,Japanese,Burmese",18.5074,73.8077,Locality (matched)
381153,Banjara Hills,Hyderabad,The Bedford Bakehouse And Tearoom,500,2.9,Continental,17.4156,78.4347,Locality (matched)
381206,Rajajinagar,Bangalore,Friends Chinese Corner,200,2.9,"Chinese,Kebabs",12.9905,77.5554,Locality (matched)
381216,Scruz Bandra East,Mumbai,Vinanjay Family Restaurant &Bar,350,2.9,Indian  Chinese  South Indian  Biryani  Tandoor  Snacks,19.075,72.845,Locality (matched)
381248,Kurla,Mumbai,Express Chinese,250,3.1,Chinese,19.0728,72.8826,Locality (matched)
381284,Naranpura,Ahmedabad,Flourish Lounge Cafe,200,2.9,"Beverages,Ice Cream",23.048,72.558,Locality (matched)
381293,Ameerpet,Hyderabad,Abhiruchi Swagruha Foods,250,4.5,Sweets  Snacks,17.4374,78.4487,Locality (matched)
381296,Juhu,Mumbai,99 Chinese,250,2.9,Chinese,19.1075,72.8263,Locality (matched)
381298,Kurla,Mumbai,Chinese Adda,250,2.9,Chinese,19.0728,72.8826,Locality (matched)
381309,Piplod,Surat,La Festa,500,3.7,"Pizzas,Chinese,Italian,Fast Food",21.166,72.777,Locality (matched)
381312,Kurla,Mumbai,Bhot Hard Chinese,250,2.9,Chinese,19.0728,72.8826,Locality (matched)
381318,Piplod,Surat,Iconic Food Victory,300,2.9,"Chinese,North Indian,Indian,Biryani,Pastas,Combo,Beverages",21.166,72.777,Locality (matched)
381333,Juhu,Mumbai,Vista Fast Food,250,2.9,"Chinese,Indian",19.1075,72.8263,Locality (matched)
381334,Kurla,Mumbai,Papa Pizza,250,2.9,"Indian,Chinese",19.0728,72.8826,Locality (matched)
381336,Rohini,Delhi,Healthy Tree,350,4.1,"Beverages,Healthy Food,Salads",28.7041,77.1025,Locality (matched)
381339,Chembur,Mumbai,Appetite Chinese Food,300,4.3,Chinese,19.0522,72.9006,Locality (matched)
381343,Nallakunta & Vidyanagar,Hyderabad,Tasty Inn Hyderabadi Biryani,250,2.9,"Biryani,Indian,Chinese,Seafood",17.402,78.4985,Locality (matched)
381460,Jadavpur,Kolkata,Shandar Chinese Kitchen,300,4.4,"Chinese,Snacks",22.499,88.371,Locality (matched)
381488,Jadavpur,Kolkata,The Kindest Biryani,200,2.9,Indian,22.499,88.371,Locality (matched)
381535,Shivaji Nagar,Pune,Terrasinne Food Corp.Llp,600,2.9,Indian,18.5308,73.8478,Locality (matched)
381553,Basavanagudi,Bangalore,Uttara Karnatakadha Jolada Rotti Mattu Chapati Angadi,100,4.3,"South Indian,Snacks,Indian",12.9422,77.576,Locality (matched)
381612,Nallakunta & Vidyanagar,Hyderabad,Chickden,250,4.1,"Indian,Arabian,Chinese",17.402,78.4985,Locality (matched)
381638,South Kolkata,Kolkata,Little Asia,300,4.5,"Chinese,Fast Food",22.5,88.345,Locality (matched)
381671,Rohini,Delhi,Standard Ice Cream(Rohini Sector-6 Ayodhya Chowk Wale),150,4,"Street Food,Desserts,Beverages",28.7041,77.1025,Locality (matched)
381688,Ghatkopar Vikhroli,Mumbai,Bff Bombay French Fries,300,2.9,"Continental,Desserts,Beverages,Snacks",19.098,72.925,Locality (matched)
381792,Nungambakkam,Chennai,The Break Room,300,2.9,"Beverages,Snacks,Fast Food,Chaat,Ice Cream",13.0569,80.2425,Locality (matched)
381804,Annanagar,Chennai,Abang Raju'S Nasi Goreng,350,2.9,"Singaporean,Malaysian",13.085,80.2101,Locality (matched)
381825,Royapettah,Chennai,The New Moghal Biriyani,300,2.9,"Biryani,Indian,Chinese",13.0569,80.265,Locality (matched)
381838,South Kolkata,Kolkata,37 Relish Route,200,2.9,"Bengali,Continental",22.5,88.345,Locality (matched)
381896,Piplod,Surat,Thali Central,350,4.1,"Biryani,North Indian,Mughlai,Beverages",21.166,72.777,Locality (matched)
381901,Indiranagar,Bangalore,Raffaele'S Ristorante Pizzeria,800,4.3,"Pizzas,Continental,Pastas,Fast Food,Beverages",12.9719,77.6412,Locality (matched)
381906,Marol Sakinaka,Mumbai,The Health Factory,600,2.9,Healthy Food,19.1073,72.8873,Locality (matched)
381965,Kothrud,Pune,Rambo'S Biryani House,350,2.9,"Indian,Kebabs",18.5074,73.8077,Locality (matched)
382138,Dumdum,Kolkata,Ebowl,300,4.3,"Biryani,Indian,Chinese",22.642,88.42,Locality (matched)
382190,Kilpauk,Chennai,Chai Garden,200,2.9,"South Indian,Beverages",13.085,80.241,Locality (matched)
382194,Kodambakkam,Chennai,Tommys Kitchen,300,2.9,"Chinese,Indian,Kebabs",13.05,80.2241,Locality (matched)
382216,Kilpauk,Chennai,Madras Momos,200,2.9,"Chinese,Combo,Beverages",13.085,80.241,Locality (matched)
382430,Chembur,Mumbai,Rajhans Dining ( Ornament ),700,2.9,"Indian,Chinese",19.0522,72.9006,Locality (matched)
382537,Koramangala,Bangalore,Singh Da Punjabi Dhaba,200,3.8,"Punjabi,Tandoor,Chinese",12.9352,77.6245,Locality (matched)
382565,Marol Sakinaka,Mumbai,Hotel Gopi,200,2.9,"Chinese,South Indian,Snacks",19.1073,72.8873,Locality (matched)
382566,Salt Lake,Kolkata,Harpreet Auntie'S Thali Junction,600,2.9,"Indian,Chinese,Thalis",22.585,88.418,Locality (matched)
382802,Kothapet & Dilsukhnagar,Hyderabad,Sri Surya Tiffins,150,2.9,"South Indian,Chinese,Fast Food,Snacks",17.37,78.528,Locality (matched)
382814,Frazer Town,Bangalore,Bigbites,300,2.9,"Street Food,Fast Food,Tex-Mex",12.9967,77.6127,Locality (matched)
382861,Malleshwaram,Bangalore,Hotel Moonlight,500,4.1,"Indian,Chinese,Biryani,Tandoor",13.0035,77.5647,Locality (matched)
382862,Koramangala,Bangalore,The Local-Terrace Drinkery,600,2.9,"American,Indian",12.9352,77.6245,Locality (matched)
382904,Basaveshwaranagar,Bangalore,Jai Matharani Chats,200,2.9,"Chaat,Juices,Beverages",12.989,77.534,Locality (matched)
382938,Santoshnagar & Saidabad,Hyderabad,Zaheer Juice Center,200,2.9,"Juices,Beverages",17.354,78.51,Locality (matched)
382954,Banjara Hills,Hyderabad,Trio La Patisserie,300,2.9,"Bakery,Desserts",17.4156,78.4347,Locality (matched)
382978,George Town,Chennai,Taj Biriyani Center,400,2.9,"Street Food,Biryani,Indian",13.094,80.287,Locality (matched)
382994,Ghatkopar Vikhroli,Mumbai,Star Restaurant,500,2.9,Chinese  North Indian  Fast Food  Mughlai  Indian  Seafood  Kebabs  Thalis,19.098,72.925,Locality (matched)
383038,Nsp,Delhi,Pizzapastaburger Coin,200,3.7,"Pizzas,Fast Food",28.698,77.152,Locality (matched)
383042,Begumpet,Hyderabad,Trio La Patisserie,400,2.9,Bakery  Desserts,17.44,78.465,Locality (matched)
383044,Perambur,Chennai,Billy'S,200,2.9,"Indian,American,Italian,Continental",13.1155,80.234,Locality (matched)
383051,Lakdi Ka Pul,Hyderabad,Peshawar Juice N Ice Cream,200,2.9,Juices  Beverages  Desserts,17.403,78.465,Locality (matched)
383057,Chandkheda,Ahmedabad,S N Blu- The Food Library,300,2.9,"Indian,Fast Food,Beverages",23.11,72.594,Locality (matched)
383084,Punjabi Bagh,Delhi,Nori,800,2.9,"Asian,Chinese,Burmese,Thai,Seafood",28.665,77.131,Locality (matched)
383098,Kothrud,Pune,Crazy Cheesy ( Law Collage Road ),500,2.9,"Continental,Pastas,Pizzas",18.5074,73.8077,Locality (matched)
383176,Tolichowki,Hyderabad,Surprise India - Cakes & Desserts,300,2.9,Desserts,17.4001,78.418,Locality (matched)
383270,Egmore,Chennai,Bismi Kebab Corner,200,2.9,"Biryani,Indian,Chinese",13.0732,80.2609,Locality (matched)
383271,South Kolkata,Kolkata,Bangla Box By Kasturi,350,4.1,"Bengali,Combo",22.5,88.345,Locality (matched)
383275,Nungambakkam,Chennai,Flavour Of Chettinadu,150,2.9,"Biryani,Chettinad,South Indian",13.0569,80.2425,Locality (matched)
383287,Lake Town,Kolkata,Kbc-Kolkata Biryani Co,300,3.7,"Biryani,Mughlai,Indian,Tandoor,Kebabs,Snacks",22.605,88.395,Locality (matched)
383290,Nungambakkam,Chennai,Dumbir By Kappa Chakka Kandhari,600,4.3,"Biryani,South Indian,North Indian",13.0569,80.2425,Locality (matched)
383297,Basavanagudi,Bangalore,Spice It By Ibis,400,2.9,"Snacks,Beverages",12.9422,77.576,Locality (matched)
383308,Salt Lake,Kolkata,Wow Chow,500,2.9,"Chinese,Asian",22.585,88.418,Locality (matched)
383392,Kothapet & Dilsukhnagar,Hyderabad,Belly'S Icecreams And Thickshakes,300,2.9,"Beverages,Ice Cream",17.37,78.528,Locality (matched)
383421,Alwarpet,Chennai,Chinese Baba,300,2.9,"Biryani,Barbecue,Chettinad,Chinese",13.0339,80.254,Locality (matched)
383458,Marol Sakinaka,Mumbai,Beijing Chicken Lollipops,300,3,"Chinese,Beverages",19.1073,72.8873,Locality (matched)
383485,Tarnaka Nacharam & Malkajigiri,Hyderabad,Manu S Kitchen,500,4.1,"Chinese,Tandoor,Seafood,Biryani,Indian",17.423,78.539,Locality (matched)
383502,Uppal,Hyderabad,Sh Shawarma,200,2.9,Arabian  Fast Food,17.4062,78.559,Locality (matched)
383573,Chembur,Mumbai,Koolers,400,4,Chinese,19.0522,72.9006,Locality (matched)
383615,Piplod,Surat,Chalu Momo,200,4,"Chinese,Fast Food",21.166,72.777,Locality (matched)
383684,Central Kolkata,Kolkata,South Indian Restaurant,300,4.1,South Indian,22.57,88.355,Locality (matched)
383693,Charminar,Hyderabad,Pista House Premium Lounge,300,4.2,"American,Fast Food,Snacks",17.3616,78.4747,Locality (matched)
383713,Navrangpura,Ahmedabad,Royal Punjab Paratha,280,4,North Indian,23.0365,72.561,Locality (matched)
383863,Burrabazar,Kolkata,Riya'S Homemade Creation,150,2.9,Desserts,22.572,88.351,Locality (matched)
384092,Rajajinagar,Bangalore,Noto - Healthy Ice Cream,250,4.3,"Ice Cream,Healthy Food,Desserts",12.9905,77.5554,Locality (matched)
384196,Kothrud,Pune,Cafe Chow Meow,400,2.9,"Street Food,Snacks,Pizzas,South Indian",18.5074,73.8077,Locality (matched)
384242,Shivaji Nagar,Pune,Kannu Ki Chai,250,2.9,"Beverages,Snacks,Maharashtrian",18.5308,73.8478,Locality (matched)
384251,Kurla,Mumbai,Wok Nation,600,4.1,"Indian,Chinese,Seafood,Tandoor",19.0728,72.8826,Locality (matched)
384311,Piplod,Surat,Maharaja Chaap Pure Veg Restaurant,250,3.9,"Thalis,Punjabi,North Indian,Chinese,Snacks,Tandoor,Biryani,Combo",21.166,72.777,Locality (matched)
384326,Nallakunta & Vidyanagar,Hyderabad,Guest House Coffee And Ice Cream Parlour,300,2.9,"Fast Food,Pizzas,Pastas,Beverages",17.402,78.4985,Locality (matched)
384429,Salt Lake,Kolkata,Gusto Pizza,300,4,"Pizzas,Pastas,Italian,American",22.585,88.418,Locality (matched)
384498,Central Bangalore,Bangalore,Cool Town,200,2.9,"Fast Food,Beverages,Desserts,Juices,Snacks",12.9767,77.5993,Locality (matched)
384505,Burrabazar,Kolkata,The Black Pepper,200,2.9,"Indian,Chinese,Mughlai",22.572,88.351,Locality (matched)
384529,Ruby Area,Kolkata,Kitchen Plaza,200,4,"Indian,Chinese,Bengali",22.514,88.398,Locality (matched)
384540,Navrangpura,Ahmedabad,Shawarma,400,4.1,"Arabian,Fast Food",23.0365,72.561,Locality (matched)
384542,Piplod,Surat,Monkey Fries,350,2.9,"Fast Food,American",21.166,72.777,Locality (matched)
384598,Kodambakkam,Chennai,Max Restaurant,300,2.9,"Chinese,Snacks,Desserts,Beverages",13.05,80.2241,Locality (matched)
384631,Salt Lake,Kolkata,Sandwich Gali,250,2.9,Fast Food,22.585,88.418,Locality (matched)
384632,Salt Lake,Kolkata,Waffle Treats,250,2.9,Desserts,22.585,88.418,Locality (matched)
384767,Salt Lake,Kolkata,Masala Fried Chicken,250,2.9,"Fast Food,Italian,Desserts",22.585,88.418,Locality (matched)
384770,Salt Lake,Kolkata,Krazzy Fried Chicken,250,2.9,"Indian,Fast Food,Desserts",22.585,88.418,Locality (matched)
384773,Salt Lake,Kolkata,Hot And Fresh Fried Chicken,250,2.9,"Fast Food,Continental,Pizzas,Snacks,Beverages,Combo",22.585,88.418,Locality (matched)
384846,Central Kolkata,Kolkata,Wah Janaab,200,4.3,"North Indian,Indian,Snacks,Desserts",22.57,88.355,Locality (matched)
384890,Salt Lake,Kolkata,Sandwich Wale,250,2.9,"Fast Food,Italian,Desserts",22.585,88.418,Locality (matched)
384978,Central Kolkata,Kolkata,Calcutta Calling,300,4.1,"Chinese,Tandoor,Mediterranean,Kebabs,Oriental,Thai,Snacks",22.57,88.355,Locality (matched)
384981,Alipore,Kolkata,Urban Desi Tarka,500,2.9,"Chinese,Tandoor,Indian,Biryani",22.533,88.33,Locality (matched)
385006,Lake Town,Kolkata,Kolkata Pizza,159,2.9,"Pizzas,Fast Food,Beverages",22.605,88.395,Locality (matched)
385094,Salt Lake,Kolkata,Snackoo Time,250,2.9,"Fast Food,Italian,Desserts",22.585,88.418,Locality (matched)
385127,Salt Lake,Kolkata,Appetizers Snacks,250,2.9,"Italian,Fast Food,Beverages",22.585,88.418,Locality (matched)
385130,Himayath Nagar,Hyderabad,Santosh Family Dhaba,300,3.8,"North Indian,Biryani,Chinese,Tandoor,Indian",17.4008,78.4813,Locality (matched)
385154,Salt Lake,Kolkata,Snacks Gali,250,2.9,"Fast Food,Italian,Desserts",22.585,88.418,Locality (matched)
385220,Baner,Pune,Super Naan,500,3.7,North Indian,18.559,73.7868,Locality (matched)
385371,T Nagar,Chennai,Ab S-Absolute Barbecues,500,3.2,"North Indian,Mughlai,Chinese,Biryani,Grill,Barbecue,Seafood,Burmese",13.0418,80.2341,Locality (matched)
385375,Naranpura,Ahmedabad,Rasthal Restaurant,300,2.9,Indian,23.048,72.558,Locality (matched)
385572,Marol Sakinaka,Mumbai,Hotel Nityanand,800,3.7,Indian  Chinese,19.1073,72.8873,Locality (matched)
385607,George Town,Chennai,Turban Mughal Restaurant,700,4.4,Biryani,13.094,80.287,Locality (matched)
385630,Kothrud,Pune,Jalebi Experiment,500,3.6,"Sweets,Snacks,Indian,Rajasthani",18.5074,73.8077,Locality (matched)
385802,T Nagar,Chennai,Dank,1500,2.9,Continental,13.0418,80.2341,Locality (matched)
385841,Paschim Vihar,Delhi,Kakas Food Point,300,4.6,"Chinese,Fast Food,North Indian",28.6692,77.1013,Locality (matched)
385870,Paschim Vihar,Delhi,Burger And Sandwich Karol Bagh Wale (Taal),500,2.9,Healthy Food,28.6692,77.1013,Locality (matched)
385872,Paschim Vihar,Delhi,Late Night Burger,500,2.9,Healthy Food,28.6692,77.1013,Locality (matched)
385873,Wanowrie,Pune,Taco Mania,300,3.9,Mexican,18.4934,73.889,Locality (matched)
385874,Paschim Vihar,Delhi,Healthy Food,500,2.9,Healthy Food,28.6692,77.1013,Locality (matched)
385875,Paschim Vihar,Delhi,Loud Cloud,500,2.9,Healthy Food,28.6692,77.1013,Locality (matched)
385876,Paschim Vihar,Delhi,Late Night Sandwich,500,2.9,Healthy Food,28.6692,77.1013,Locality (matched)
385880,Central Bangalore,Bangalore,Madurai Idly Shop - Express,150,4.2,South Indian,12.9767,77.5993,Locality (matched)
386004,Chandkheda,Ahmedabad,Sher-E-Punjab Dhaba,300,3.3,"Punjabi,Indian",23.11,72.594,Locality (matched)
386006,Central Kolkata,Kolkata,New Lazzat Biryani,200,2.9,Biryani,22.57,88.355,Locality (matched)
386011,Sarthana,Surat,Captain Egg,200,2.9,"Indian,Oriental,Continental",21.228,72.848,Locality (matched)
386066,Kilpauk,Chennai,Sri Vaishnavaa'S Chat Shop,250,4.4,"North Indian,Snacks,Chaat",13.085,80.241,Locality (matched)
386082,Vastral,Ahmedabad,Eatry Zone,200,2.9,Snacks,22.99,72.658,Locality (matched)
386088,Nungambakkam,Chennai,The Thief,1200,2.9,"Continental,Thai,Italian,Asian,Indian,American",13.0569,80.2425,Locality (matched)
386095,Jadavpur,Kolkata,The Kunals Kitchen,200,2.9,Fast Food  Combo  Indian,22.499,88.371,Locality (matched)
386195,Ruby Area,Kolkata,Hatari,400,4.3,"Chinese,Biryani,North Indian",22.514,88.398,Locality (matched)
386230,Marol Sakinaka,Mumbai,Feel Good Food (Only Veg),350,4.5,"Combo,North Indian",19.1073,72.8873,Locality (matched)
386270,Nungambakkam,Chennai,Darjeeling Cafe,300,4.4,"Street Food,Chinese,Tibetan,North Eastern,Fast Food",13.0569,80.2425,Locality (matched)
386316,Piplod,Surat,East Pizza Co.,350,2.9,"Pizzas,Fast Food",21.166,72.777,Locality (matched)
386345,Marol Sakinaka,Mumbai,Hot Lee Chinese,400,3.7,"Chinese,Asian",19.1073,72.8873,Locality (matched)
386351,Marol Sakinaka,Mumbai,Sanskari Biryani & More,350,4.2,"Biryani,Mughlai,North Indian,Desserts,Beverages",19.1073,72.8873,Locality (matched)
386417,Punjabi Bagh,Delhi,Sticky Rice,1000,4.3,"Pan-Asian,Asian,Chinese,Japanese,Sushi,Thai,Seafood,Desserts",28.665,77.131,Locality (matched)
386446,Marol Sakinaka,Mumbai,Changs Kitchen,500,2.9,Chinese,19.1073,72.8873,Locality (matched)
386516,Nallakunta & Vidyanagar,Hyderabad,Thaaliyan By Phulkaas,200,3.8,"Indian,Mughlai",17.402,78.4985,Locality (matched)
386548,North Dumdum,Kolkata,C4U,200,2.9,"Chinese,Snacks",22.648,88.415,Locality (matched)
386562,Marol Sakinaka,Mumbai,The Almighty Biryani,350,4.3,"Biryani,Mughlai,North Indian,Desserts,Beverages",19.1073,72.8873,Locality (matched)
386565,Alwarpet,Chennai,Cheap & Best Kitchen,500,2.9,"Biryani,North Indian",13.0339,80.254,Locality (matched)
386595,Baner,Pune,Chotu Tapriwala,300,2.9,"Fast Food,Beverages",18.559,73.7868,Locality (matched)
386637,Dumdum,Kolkata,Perfect Bite,200,2.9,"Chinese,Indian,Snacks",22.642,88.42,Locality (matched)
386733,Kothapet & Dilsukhnagar,Hyderabad,Neapolitan Pizza,150,2.9,Pizzas,17.37,78.528,Locality (matched)
386742,Navrangpura,Ahmedabad,Ashapura Bhojanalay,300,4.1,Indian,23.0365,72.561,Locality (matched)
386867,Royapettah,Chennai,90Ml,150,4.3,Beverages,13.0569,80.265,Locality (matched)
386898,Himayath Nagar,Hyderabad,Ayezas Kitchen,260,3.9,"Indian,Hyderabadi",17.4008,78.4813,Locality (matched)
386953,Sangvi,Pune,Combos@69,200,2.9,Combo,18.582,73.829,Locality (matched)
387061,Nallakunta & Vidyanagar,Hyderabad,Saravana Udupi Hotel,150,3.8,South Indian,17.402,78.4985,Locality (matched)
387091,Charminar,Hyderabad,The Mahboob Biryani,1500,2.9,Biryani,17.3616,78.4747,Locality (matched)
387276,Kurla,Mumbai,Food Quarter,500,2.9,"Pizzas,Pastas,Healthy Food,Continental",19.0728,72.8826,Locality (matched)
387279,Kothapet & Dilsukhnagar,Hyderabad,New Shahi Naan,49,2.9,Indian,17.37,78.528,Locality (matched)
387307,Athwa,Surat,The Sky 369 Fast Food,200,2.9,Fast Food,21.178,72.793,Locality (matched)
387322,Ghatkopar Vikhroli,Mumbai,La Pino'Z Pizza,300,4,Pizzas,19.098,72.925,Locality (matched)
387323,Marol Sakinaka,Mumbai,Kebabish,500,3.3,North Indian,19.1073,72.8873,Locality (matched)
387335,Koramangala,Bangalore,Biryani By Kilo,500,4.1,"Biryani,Hyderabadi,Lucknowi,Kebabs,Mughlai,North Indian,Desserts,Beverages",12.9352,77.6245,Locality (matched)
387356,Shivaji Nagar,Pune,Shubham Pure Veg,250,4.7,"North Indian,South Indian",18.5308,73.8478,Locality (matched)
387382,Nampally,Hyderabad,Naseeb Hotel,200,3.8,"Indian,Biryani",17.39,78.468,Locality (matched)
387414,Sarthana,Surat,Sai Pavbhaji & Chinese,200,3.9,"South Indian,Fast Food,Chinese",21.228,72.848,Locality (matched)
387500,Banjara Hills,Hyderabad,Shahi Rasoi Multicuisine Family Restaurant,750,4.1,"Biryani,Desserts,Grill",17.4156,78.4347,Locality (matched)
387503,Kurla,Mumbai,Fresh Breakfast,200,2.9,North Indian,19.0728,72.8826,Locality (matched)
387535,Perambur,Chennai,Maniammal Catering & Homemade Food,200,4.1,South Indian,13.1155,80.234,Locality (matched)
387553,Marol Sakinaka,Mumbai,The Hunger Hut,300,2.9,Continental  Italian  Chinese,19.1073,72.8873,Locality (matched)
387560,Naranpura,Ahmedabad,Fry Frenchie,149,2.9,Indian,23.048,72.558,Locality (matched)
387646,Marol Sakinaka,Mumbai,Nayaab Biryani,400,4.3,"Biryani,Mughlai",19.1073,72.8873,Locality (matched)
387699,Charminar,Hyderabad,Burgersuncle,300,2.9,"American,Italian,Indian",17.3616,78.4747,Locality (matched)
387718,Banjara Hills,Hyderabad,Tasco Bakery,350,4.2,"Bakery,Desserts,Snacks",17.4156,78.4347,Locality (matched)
387722,Jadavpur,Kolkata,The Pie Chart,600,4.6,"Bakery,Desserts,Snacks",22.499,88.371,Locality (matched)
387752,Rohini,Delhi,Amjad Delhi Darbaar,200,2.9,Indian,28.7041,77.1025,Locality (matched)
387856,Vastral,Ahmedabad,Tulsi Dining Hall,200,2.9,"Indian,Gujarati,Thalis",22.99,72.658,Locality (matched)
387878,Chembur,Mumbai,Vijay Bhelpuri,200,2.9,Snacks,19.0522,72.9006,Locality (matched)
387880,Perambur,Chennai,Csoning Shawarma Perambur,200,2.9,Arabian,13.1155,80.234,Locality (matched)
387905,Nungambakkam,Chennai,Heavens Park Restaurant,300,4.3,"Biryani,Chinese,Arabian,Indian",13.0569,80.2425,Locality (matched)
387953,Punjabi Bagh,Delhi,Aioli Bistro,1000,4.2,"Italian,Continental,Pizzas,Salads,Pastas,Desserts",28.665,77.131,Locality (matched)
387971,Banjara Hills,Hyderabad,Just Bake Banjarahills,150,2.9,Bakery  Desserts  Fast Food,17.4156,78.4347,Locality (matched)
387982,Powai,Mumbai,Bong Bong,500,2.9,"Pan-Asian,Thai,Chinese,Mughlai,Snacks",19.1176,72.906,Locality (matched)
388040,George Town,Chennai,Mathaji Ice Creams,100,2.9,"Ice Cream,Desserts",13.094,80.287,Locality (matched)
388098,Marol Sakinaka,Mumbai,Kebabzaade,500,2.9,North Indian,19.1073,72.8873,Locality (matched)
388141,Uppal,Hyderabad,Cafe De Gardenia,360,2.9,Chinese  Indian  Biryani,17.4062,78.559,Locality (matched)
388599,Santoshnagar & Saidabad,Hyderabad,Kings Pizza Hut,200,2.9,Continental,17.354,78.51,Locality (matched)
388602,Perambur,Chennai,Niyaz Biriyani,300,2.9,"Biryani,Chinese,South Indian",13.1155,80.234,Locality (matched)
388667,Nungambakkam,Chennai,Ottoman Baklava,500,4.4,North Indian,13.0569,80.2425,Locality (matched)
388730,Himayath Nagar,Hyderabad,A.M.Tiffin Centre,150,4.1,South Indian,17.4008,78.4813,Locality (matched)
388747,Swargate,Pune,Zhatkan Patkan Rasoi,350,2.9,Indian,18.5008,73.8586,Locality (matched)
388772,Kothapet & Dilsukhnagar,Hyderabad,Hotel Swagath,200,4.4,North Indian,17.37,78.528,Locality (matched)
388850,Himayath Nagar,Hyderabad,Roll It Up,300,3.2,"Fast Food,Snacks,Italian,Chinese,Beverages",17.4008,78.4813,Locality (matched)
388866,Koramangala,Bangalore,Cafe Reset,900,2.9,"Cafe,Indian,Desserts",12.9352,77.6245,Locality (matched)
388966,Athwa,Surat,M.P Chicken & Omlet,200,3.2,"Chinese,Snacks",21.178,72.793,Locality (matched)
388994,Burrabazar,Kolkata,Tripti Snacks Bar,240,4.5,"Chinese,Biryani,Combo,Kebabs",22.572,88.351,Locality (matched)
388996,Athwa,Surat,M.P. Tandoori Chicken 65,200,2.9,"Tandoor,Indian,Mughlai",21.178,72.793,Locality (matched)
389001,Rohini,Delhi,The House Of Chopsticks By Pind Balluchi,300,2.9,"North Indian,Chinese",28.7041,77.1025,Locality (matched)
389009,Kothrud,Pune,August 1 Five,200,2.9,"Chinese,Continental,Pizzas,Pastas,Beverages",18.5074,73.8077,Locality (matched)
389104,Chandkheda,Ahmedabad,Hari Om Kathiyawadi,400,4,"North Indian,Punjabi,Gujarati",23.11,72.594,Locality (matched)
389139,Central Bangalore,Bangalore,India Chai Lounge,250,2.9,"Fast Food,Beverages",12.9767,77.5993,Locality (matched)
389226,Central Kolkata,Kolkata,Urban Cloud,300,4.3,"Biryani,Chinese,North Indian,Fast Food,Pizzas",22.57,88.355,Locality (matched)
389261,Kothrud,Pune,Wassup Pizza,199,2.9,"Pizzas,Beverages",18.5074,73.8077,Locality (matched)
389317,Shantinagar,Bangalore,Dal Chawal Roti Sabji,200,2.9,"Thalis,Combo,North Indian",12.9581,77.5993,Locality (matched)
389367,Ruby Area,Kolkata,Buddy Bites,200,2.9,"Indian,Kebabs,Combo",22.514,88.398,Locality (matched)
389388,Adajan,Surat,Kudrati Kahumbo,200,4.8,Beverages,21.196,72.78,Locality (matched)
389441,Koramangala,Bangalore,The Tasty Planet,70,2.9,"Beverages,Fast Food,Salads,Snacks",12.9352,77.6245,Locality (matched)
389517,Nallakunta & Vidyanagar,Hyderabad,Arabian Mandi House,420,2.9,Arabian,17.402,78.4985,Locality (matched)
389547,Scruz Bandra East,Mumbai,Sara India Da Mini R,300,2.9,Biryani  Indian  Tandoor  Punjabi,19.075,72.845,Locality (matched)
389596,Nungambakkam,Chennai,Thoothukudi Macroon,100,4.1,"Snacks,Sweets",13.0569,80.2425,Locality (matched)
389637,Kestopur,Kolkata,D Chef Kitchen,300,2.9,"Chinese,North Indian,Snacks,Biryani,Combo,Tandoor",22.602,88.426,Locality (matched)
389704,Burrabazar,Kolkata,Abhinandan Ravi Ji,200,2.9,"Sweets,Snacks,Combo",22.572,88.351,Locality (matched)
389732,Adajan,Surat,The New Shivam Bakery,200,2.9,"Bakery,Desserts,Snacks",21.196,72.78,Locality (matched)
389802,Navrangpura,Ahmedabad,Ark Cafe,300,2.9,"Fast Food,Beverages,Pizzas",23.0365,72.561,Locality (matched)
389858,Himayath Nagar,Hyderabad,I Creamy Cafe,200,2.9,North Indian,17.4008,78.4813,Locality (matched)
389882,Uppal,Hyderabad,Sv Food Court,149,2.9,"Chinese,Biryani",17.4062,78.559,Locality (matched)
389902,Alipore,Kolkata,Bonophool Restaurant,500,2.9,"North Indian,Tandoor,Biryani,Kebabs",22.533,88.33,Locality (matched)
389944,Marol Sakinaka,Mumbai,Al Kareem Restaurant,200,2.9,Indian,19.1073,72.8873,Locality (matched)
390123,Scruz Bandra East,Mumbai,Nh1 Bowls - Highway To North,250,3.3,"North Indian,Biryani,Combo,Snacks",19.075,72.845,Locality (matched)
390140,Central Kolkata,Kolkata,Mehfill,300,2.9,"Chinese,Indian",22.57,88.355,Locality (matched)
390147,Koregaon Park,Pune,Oakleaf,1000,2.9,"North Indian,Italian",18.5362,73.8938,Locality (matched)
390153,Rohini,Delhi,Nh1 Bowls - Highway To North,250,3.9,"North Indian,Biryani,Combo,Snacks",28.7041,77.1025,Locality (matched)
390279,Kurla,Mumbai,Shalimar Restaurant,500,2.9,"Chinese,Indian,Beverages",19.0728,72.8826,Locality (matched)
390321,Andheri East,Mumbai,Nagpal Fish Fry,600,4,Chinese  North Indian  Seafood,19.1136,72.8697,Locality (matched)
390376,Indiranagar,Bangalore,New Taj Briyani,200,2.9,"Biryani,Chinese",12.9719,77.6412,Locality (matched)
390394,George Town,Chennai,Frozen Cafe Juices & Ice Cream,100,2.9,Indian,13.094,80.287,Locality (matched)
390395,Paldi & Ambawadi,Ahmedabad,Radhanand Restaurant,200,2.9,"Chinese,Punjabi,Rajasthani",23.02,72.5555,Locality (matched)
390408,Basavanagudi,Bangalore,Breakfast Junction,200,2.9,"Punjabi,North Indian",12.9422,77.576,Locality (matched)
390417,Koramangala,Bangalore,The Naati Bar And Kitchen,500,4.2,Indian,12.9352,77.6245,Locality (matched)
390480,Varachha,Surat,Etc - Ginger Hotel,300,4.3,"North Indian,Chinese,Mughlai,Seafood",21.214,72.842,Locality (matched)
390613,Kondhwa,Pune,Arabian Grills,300,3.7,Indian,18.4633,73.893,Locality (matched)
390645,Kurla,Mumbai,Cafe Sahil,250,2.9,"Indian,Thalis,Tandoor,Seafood,Chinese,Biryani",19.0728,72.8826,Locality (matched)
390716,Marol Sakinaka,Mumbai,Surprise India - Cakes N Desserts,300,2.9,Desserts  Bakery,19.1073,72.8873,Locality (matched)
390760,Salt Lake,Kolkata,Absabsolute Barbecues,500,4.2,"North Indian,Mughlai,Chinese,Barbecue,Grill,Seafood,Biryani",22.585,88.418,Locality (matched)
390867,Santoshnagar & Saidabad,Hyderabad,S V Food Court,200,2.9,Chinese,17.354,78.51,Locality (matched)
390887,Himayath Nagar,Hyderabad,Bake Zone Bakery&Lounge,300,2.9,"Desserts,Fast Food",17.4008,78.4813,Locality (matched)
390946,Nallakunta & Vidyanagar,Hyderabad,Al Saud Bait Al Mandi,250,4,Arabian,17.402,78.4985,Locality (matched)
391038,Kurla,Mumbai,Zaza 22 Spice Biryani,250,3.8,"North Indian,Biryani,Combo,Snacks",19.0728,72.8826,Locality (matched)
391098,Rohini,Delhi,Zaza 22 Spice Biryani,250,4,"North Indian,Biryani,Combo,Snacks",28.7041,77.1025,Locality (matched)
391167,Scruz Bandra East,Mumbai,Surti Egg,500,2.9,"Indian,Snacks",19.075,72.845,Locality (matched)
391172,Powai,Mumbai,99@Biryani,200,3.5,Biryani,19.1176,72.906,Locality (matched)
391189,Vastrapur,Ahmedabad,Lapinoz Pizza Keshavbaug,250,4.3,"Pizzas,Pastas",23.039,72.529,Locality (matched)
391195,Scruz Bandra East,Mumbai,Everything Rice,350,3.9,Biryani,19.075,72.845,Locality (matched)
391343,Central Kolkata,Kolkata,Masala Factory,350,4.1,"Indian,Biryani,Tandoor",22.57,88.355,Locality (matched)
391408,Chembur,Mumbai,Chulah - The Amritsari Dhaba,400,4.1,North Indian,19.0522,72.9006,Locality (matched)
391421,Marol Sakinaka,Mumbai,Cafe Marol (Since 1975),700,2.9,Chinese,19.1073,72.8873,Locality (matched)
391428,Chowpati  Athwa,Surat,Rd Sharma Pavbhaji And Chaat,150,4,"North Indian,Fast Food",21.178,72.793,Locality (substring match: 'athwa')
391430,Powai,Mumbai,Idlis And More,140,2.9,"Snacks,South Indian,Beverages",19.1176,72.906,Locality (matched)
391434,Navrangpura,Ahmedabad,Al Kafeel Biryani,250,2.9,"North Indian,Biryani",23.0365,72.561,Locality (matched)
391466,South Kolkata,Kolkata,Samrat Shazada,200,2.9,"Chinese,Mughlai,Indian,Snacks,Combo",22.5,88.345,Locality (matched)
391592,Basavanagudi,Bangalore,Voosh Thalis & Bowls,199,3.5,"North Indian,Home Food,Indian,Beverages,Thalis,Combo",12.9422,77.576,Locality (matched)
391606,Ghatkopar Vikhroli,Mumbai,Khwaja Garib Nawaz,250,2.9,Arabian,19.098,72.925,Locality (matched)
391610,Marol Sakinaka,Mumbai,Marrakesh,300,4.1,"Lebanese,North Eastern,Kebabs,Mughlai,Fast Food,Biryani,Desserts,Beverages,Indian,Combo",19.1073,72.8873,Locality (matched)
391743,Varachha,Surat,Farki,200,2.9,"Ice Cream,Desserts,Beverages",21.214,72.842,Locality (matched)
391770,Perambur,Chennai,Jimmy'S Kitchen,300,2.9,"Arabian,Chinese,Tandoor,Grill,Combo,Beverages",13.1155,80.234,Locality (matched)
391778,Nallakunta & Vidyanagar,Hyderabad,Chinese Fast Food,250,2.9,Chinese,17.402,78.4985,Locality (matched)
391783,North Dumdum,Kolkata,Uttarayan Fast Food And Snacks,250,4.2,"Fast Food,Seafood",22.648,88.415,Locality (matched)
391794,Kothrud,Pune,Crunchy Chicken Chunks .C3,300,4.2,"Fast Food,Kebabs,Grill,Tandoor",18.5074,73.8077,Locality (matched)
391816,Bandra Area,Mumbai,Louis Burger,600,4.3,American,19.0596,72.8295,Locality (matched)
391832,Himayath Nagar,Hyderabad,Fish Oh Fish,400,2.9,"Biryani,Tandoor,Mughlai",17.4008,78.4813,Locality (matched)
391855,Rohini,Delhi,Murg Express,300,2.9,North Indian,28.7041,77.1025,Locality (matched)
391989,Navrangpura,Ahmedabad,Cherries - Silver Heights,300,2.9,"Combo,Indian",23.0365,72.561,Locality (matched)
392056,Salt Lake,Kolkata,Swadsutra,299,3.8,"Indian,Chinese,Biryani,Tandoor",22.585,88.418,Locality (matched)
392156,South Kolkata,Kolkata,Bhukkad Gorilla,200,4,American  Mexican  Indian  Fast Food  Snacks  Combo,22.5,88.345,Locality (matched)
392201,Banjara Hills,Hyderabad,Royal Biryani Kabab Juice,200,2.9,"Juices,Salads",17.4156,78.4347,Locality (matched)
392211,Himayath Nagar,Hyderabad,Nice Day Baquares And Ice Creams,100,2.9,Chinese,17.4008,78.4813,Locality (matched)
392224,South Kolkata,Kolkata,Chowology,200,4.4,Fast Food  Chinese  Asian  Thai  Oriental  Pan-Asian  Seafood  Combo,22.5,88.345,Locality (matched)
392280,Hatibagan,Kolkata,Vantus,200,2.9,Fast Food,22.594,88.367,Locality (matched)
392283,Nallakunta & Vidyanagar,Hyderabad,Bachchu S Chaat By Phulkaas,200,2.9,"Chaat,Snacks",17.402,78.4985,Locality (matched)
392342,Charminar,Hyderabad,Ms Mandi And Shawarma,240,4.1,Indian,17.3616,78.4747,Locality (matched)
392360,Burrabazar,Kolkata,Where To Go,600,2.9,"Tandoor,Indian,Continental,Pizzas",22.572,88.351,Locality (matched)
392378,Adajan,Surat,Lemon Grass Garden Restaurant,500,4.3,"North Indian,Chinese,Mexican,Italian,Tandoor,Ice Cream",21.196,72.78,Locality (matched)
392431,Adajan,Surat,Breadoze Fast Food,300,2.9,Indian,21.196,72.78,Locality (matched)
392457,Kothapet & Dilsukhnagar,Hyderabad, Sahadeva Reddy'S Biryani Durbar,250,4.1,"Biryani,Chinese,Indian",17.37,78.528,Locality (matched)
392544,Vastral,Ahmedabad,Royal Punjab Food Court,200,2.9,"Chinese,North Indian,Fast Food,Thalis",22.99,72.658,Locality (matched)
392605,Purasawalkam,Chennai,Kwality Walls Frozen Dessert And Ice Cream Shop,300,4.2,Ice Cream,13.085,80.254,Locality (matched)
392620,Indiranagar,Bangalore,Plutos Kitchen,450,2.9,"Mangalorean,North Indian",12.9719,77.6412,Locality (matched)
392688,Indiranagar,Bangalore,The Blue Bawarchi Restaurant(Odia And Bengali Food,300,2.8,"Bengali,Oriya,Indian",12.9719,77.6412,Locality (matched)
392828,Koramangala,Bangalore,Big Bowl Company,250,4.1,"North Indian,Chinese,Biryani,Fast Food",12.9352,77.6245,Locality (matched)
392850,T Nagar,Chennai,Hotel Harish,300,4,"North Indian,Tandoor,Chinese,South Indian",13.0418,80.2341,Locality (matched)
393008,Maninagar,Ahmedabad,Chatode Online Eatery,500,2.9,Indian,22.996,72.603,Locality (matched)
393105,Central Bangalore,Bangalore,Yumlane Pizza,300,3.9,"Pizzas,Beverages,Desserts,Snacks",12.9767,77.5993,Locality (matched)
393106,Central Bangalore,Bangalore,Pizza 997 Ad,350,2.9,"Pizzas,Beverages,Desserts,Snacks",12.9767,77.5993,Locality (matched)
393107,Central Bangalore,Bangalore,Eatfit,270,4.4,"Healthy Food,Pizzas,North Indian,Thalis,Biryani",12.9767,77.5993,Locality (matched)
393108,Central Bangalore,Bangalore,Aligarh House,400,3.8,"Biryani,Mughlai,Kebabs,North Indian,Desserts,Beverages,Combo",12.9767,77.5993,Locality (matched)
393148,Annanagar,Chennai,Sree Gupta Bhavan,200,4.3,North Indian,13.085,80.2101,Locality (matched)
393157,Kothrud,Pune,Sapkal Foods,100,2.9,"Indian,Fast Food,Snacks",18.5074,73.8077,Locality (matched)
393385,Baner,Pune,Mummy Ki Roti,200,2.9,"Chinese,North Indian,Thalis",18.559,73.7868,Locality (matched)
393386,Baner,Pune,Bhookh Lagi,200,2.9,Combo,18.559,73.7868,Locality (matched)
393388,Lake Town,Kolkata,The Cloud Express,300,2.9,Indian,22.605,88.395,Locality (matched)
393402,Koramangala,Bangalore,Friends Euro Restaurant,599,2.9,"Chinese,Continental,Indian,Fast Food",12.9352,77.6245,Locality (matched)
393495,Powai Area,Mumbai,Sorrentina - Italian Bakery & Kitchen,300,2.9,"Bakery,Pizzas,Desserts",19.1176,72.906,Locality (matched)
393526,Annanagar,Chennai,Artinci - Indulge Guilt Free!,200,4.2,"Ice Cream,Healthy Food,Keto,Desserts,Snacks,Beverages,Bakery",13.085,80.2101,Locality (matched)
393560,Royapettah,Chennai,Bismilla Fine Dining,250,3.2,"Biryani,Chinese,Indian,Combo,North Indian",13.0569,80.265,Locality (matched)
393591,Paschim Vihar,Delhi,Level 2 By Radisson Blu,1000,2.9,Desserts,28.6692,77.1013,Locality (matched)
393592,Paschim Vihar,Delhi,Indyaki By Radisson Blu,1000,2.9,Desserts,28.6692,77.1013,Locality (matched)
393593,Paschim Vihar,Delhi,Oro By Radisson Blu,1000,2.9,Desserts,28.6692,77.1013,Locality (matched)
393594,Paschim Vihar,Delhi,Tea Lounge By Radisson Blu,1000,2.9,Desserts,28.6692,77.1013,Locality (matched)
393595,Paschim Vihar,Delhi,Cupcakes By Radisson Blu,1000,2.9,Desserts,28.6692,77.1013,Locality (matched)
393652,Himayath Nagar,Hyderabad,The Joint Shawarma,400,4,Indian,17.4008,78.4813,Locality (matched)
393656,Baner,Pune,Bowls@69,200,2.9,Combo,18.559,73.7868,Locality (matched)
393672,Nampally,Hyderabad,Sunrise Tiffins Bakery And Fastfood,200,2.9,"Continental,Ice Cream,Bakery,Beverages",17.39,78.468,Locality (matched)
393674,Baner,Pune,Thikana,1500,2.9,"North Indian,Chinese,Italian,Combo",18.559,73.7868,Locality (matched)
393705,Matunga Wadala,Mumbai,Souffle Cake Shop Sion,200,2.9,Bakery,19.022,72.855,Locality (matched)
393706,Santoshnagar & Saidabad,Hyderabad,Pista House Restaurant,500,4.1,"Tandoor,Indian,Chinese,Biryani,Beverages",17.354,78.51,Locality (matched)
393761,Rohini,Delhi,Shiv Shankar Dhaba,170,4,"Chinese,Thalis,Snacks",28.7041,77.1025,Locality (matched)
393835,Koramangala,Bangalore,The Momo Co.,250,3.8,"Chinese,Pan-Asian,Tibetan",12.9352,77.6245,Locality (matched)
393864,Baner,Pune,China Wale,200,2.9,Chinese,18.559,73.7868,Locality (matched)
393867,Baner,Pune,Meal Box,200,2.9,"Combo,Thalis,Indian",18.559,73.7868,Locality (matched)
393882,Baner,Pune,Mothers Canteen,200,2.9,Combo,18.559,73.7868,Locality (matched)
393891,T Nagar,Chennai,Magil Annam,250,4.4,"South Indian,Biryani,Seafood,Fast Food",13.0418,80.2341,Locality (matched)
393897,Majestic,Bangalore,Punjabi Dhaba,350,2.9,Punjabi,12.9767,77.5713,Locality (matched)
394067,Old Wasermenpet,Chennai,Tn 03 Cafe,300,2.9,"Pizzas,Continental,Desserts,Snacks,Beverages",13.114,80.282,Locality (matched)
394201,Battarahalli,Bangalore,Voosh Dakshin,129,2.9,"South Indian,Beverages,Snacks,Combo",13.0086,77.7286,Locality (matched)
394231,Alwarpet,Chennai,Mearth Cafe,500,4.6,Healthy Food,13.0339,80.254,Locality (matched)
394249,Piplod,Surat,Spice Petals,800,2.9,"North Indian,Chinese,Continental,Desserts,Beverages,Mughlai",21.166,72.777,Locality (matched)
394267,Kothapet & Dilsukhnagar,Hyderabad,Hasrat Catering India,300,2.9,Indian,17.37,78.528,Locality (matched)
394310,Swargate,Pune,Garva Biryani,300,3.6,Biryani,18.5008,73.8586,Locality (matched)
394330,Powai,Mumbai,Ma Laxmi Food Corner,200,2.9,Chinese,19.1176,72.906,Locality (matched)
394334,Perambur,Chennai,Neythal Restaurant,300,4.2,"Biryani,Chinese,Indian",13.1155,80.234,Locality (matched)
394335,Alipore,Kolkata,'@ Thala-E-Wah,200,2.9,"Indian,Chinese",22.533,88.33,Locality (matched)
394591,Salt Lake,Kolkata,The Asian Flare,500,4.4,"Chinese,Asian,Pan-Asian,Oriental,Thai,Tibetan,Burmese,Seafood,Desserts,Beverages",22.585,88.418,Locality (matched)
394603,Andheri East,Mumbai,Mad Momos,250,3.8,Chinese  Tibetan  Nepalese  Pizzas  Snacks  Beverages  Combo,19.1136,72.8697,Locality (matched)
394642,Viman Nagar,Pune,Krushnakala Khanawal,200,2.9,Indian,18.567,73.9143,Locality (matched)
394651,Somajiguda & Khairtabad,Hyderabad,Biryanis And More,350,3.9,"Biryani,Chinese,Tandoor",17.417,78.46,Locality (matched)
394705,Law College Road,Pune,Cheesiano Pizza(Law College),300,3.9,"North Indian,Pizzas,Pastas",18.515,73.833,Locality (matched)
394739,Chembur,Mumbai,New Annapurna Lunch Home,100,2.9,"Chinese,Indian",19.0522,72.9006,Locality (matched)
394749,Koramangala,Bangalore,Salad Matters,550,4.5,"Salads,Healthy Food,Desserts,Beverages",12.9352,77.6245,Locality (matched)
394769,Powai,Mumbai,149@Biryani,200,2.9,Biryani  North Indian,19.1176,72.906,Locality (matched)
394784,Shivaji Nagar,Pune,Theobroma,500,4.6,"Desserts,Bakery,Beverages",18.5308,73.8478,Locality (matched)
394786,Central Bangalore,Bangalore,Pure And Natural,450,2.9,"Juices,Continental",12.9767,77.5993,Locality (matched)
394904,Scruz Bandra East,Mumbai,Origami Japanese & Korean Restaurant,2500,4.4,"Japanese,Korean,Barbecue",19.075,72.845,Locality (matched)
395067,Annanagar,Chennai,The Sandwich Club,150,2.9,"Fast Food,Chaat,Juices,Beverages",13.085,80.2101,Locality (matched)
395169,Shivaji Nagar,Pune,Mcdonald'S Gourmet Burger Collection,600,3.9,"American,Continental,Fast Food,Desserts,Beverages",18.5308,73.8478,Locality (matched)
395202,Central Bangalore,Bangalore,Mcdonald'S Gourmet Burger Collection,600,4.1,"American,Continental,Fast Food,Desserts,Beverages",12.9767,77.5993,Locality (matched)
395261,Navrangpura,Ahmedabad,Mcdonald'S Gourmet Burger Collection,500,4.4,"American,Continental,Fast Food,Desserts,Beverages",23.0365,72.561,Locality (matched)
395319,Egmore,Chennai,Mcdonald'S Gourmet Burger Collection,600,4.3,"American,Continental,Fast Food,Desserts,Beverages",13.0732,80.2609,Locality (matched)
395334,Scruz Bandra East,Mumbai,Mcdonald'S Gourmet Burger Collection,600,4.3,"American,Continental,Fast Food,Desserts,Beverages",19.075,72.845,Locality (matched)
395356,Athwa,Surat,Mcdonald'S Gourmet Burger Collection,500,4.2,"American,Continental,Fast Food,Desserts,Beverages",21.178,72.793,Locality (matched)
395605,Indiranagar,Bangalore,Tandoor And Tadka,250,3.8,"North Indian,Tandoor,Chinese",12.9719,77.6412,Locality (matched)
395765,Kothapet & Dilsukhnagar,Hyderabad,Potful - Claypot Biryanis,500,4,"Biryani,Kebabs,Mughlai,North Indian",17.37,78.528,Locality (matched)
395773,Kothapet & Dilsukhnagar,Hyderabad,Wah! Kulcha,200,3.7,Fast Food,17.37,78.528,Locality (matched)
395939,Paldi & Ambawadi,Ahmedabad,Kfc,400,4.2,"American,Fast Food,Snacks",23.02,72.5555,Locality (matched)
396060,Marol Sakinaka,Mumbai,Global Chaska,300,3.4,"North Indian,Lucknowi,Biryani,Chinese",19.1073,72.8873,Locality (matched)
396069,Central Kolkata,Kolkata,New Nijam Biryani & Fast Food,300,2.9,"Indian,Biryani",22.57,88.355,Locality (matched)
396108,Central Bangalore,Bangalore,Suzy Q By 1522,800,4.3,"Continental,Indian,Seafood,Asian,Chaat,Desserts",12.9767,77.5993,Locality (matched)
396127,Topsia,Kolkata,The Pizza Palace,450,4.5,"Chinese,Italian,Beverages,Pizzas,Snacks",22.541,88.383,Locality (matched)
396189,Rajajinagar,Bangalore,Paratha Box - 2X Filling,250,4,"North Indian,Punjabi,Fast Food,Indian,Beverages,Snacks,Healthy Food",12.9905,77.5554,Locality (matched)
396274,Kothapet & Dilsukhnagar,Hyderabad,Lalaji Dilli Wale Chaat,300,2.9,"Chaat,Fast Food,Maharashtrian,Beverages",17.37,78.528,Locality (matched)
396318,Ghatkopar Vikhroli,Mumbai,Aai'S Kitchen,350,2.9,"North Indian,Biryani",19.098,72.925,Locality (matched)
396391,Scruz Bandra East,Mumbai,Elvics Kitchen,300,4.9,Chinese  Indian  Beverages,19.075,72.845,Locality (matched)
396534,Viman Nagar,Pune,Breakfast Bee,199,2.9,"Chinese,Biryani,Tibetan,Punjabi,American,Desserts,Fast Food,Mexican,Seafood",18.567,73.9143,Locality (matched)
396555,Viman Nagar,Pune,Shazys Food Services,299,2.9,"Indian,Chinese,Fast Food",18.567,73.9143,Locality (matched)
396558,Viman Nagar,Pune,House Of Wadapav,199,2.9,"Indian,Snacks",18.567,73.9143,Locality (matched)
396592,Vishnu Garden,Chennai,Kadalsaar Unavagam,400,2.9,"Biryani,South Indian",13.0827,80.2707,City-level (approximate fallback)
396613,South Kolkata,Kolkata,Supper Me,400,4.3,"Continental,Chinese,Beverages,Indian,American,European,Healthy Food,Italian",22.5,88.345,Locality (matched)
396621,Banjara Hills,Hyderabad,Sher-E-Punjab Dhaba,350,2.9,"Indian,Biryani",17.4156,78.4347,Locality (matched)
396741,Shantinagar,Bangalore,Faasos,200,4.1,"Combo,Snacks,Beverages,Desserts,Indian",12.9581,77.5993,Locality (matched)
396742,Shantinagar,Bangalore,Behrouz Biryani,500,4.3,"Biryani,Mughlai,Lucknowi,Hyderabadi,Kebabs,North Indian,Persian,Desserts",12.9581,77.5993,Locality (matched)
396744,Shantinagar,Bangalore,Oven Story Pizza,600,4.1,Pizzas,12.9581,77.5993,Locality (matched)
396745,Shantinagar,Bangalore,Firangi Bake,400,4.5,"Italian,Mexican,Pastas",12.9581,77.5993,Locality (matched)
396746,Shantinagar,Bangalore,Sweet Truth - Cake And Desserts,450,2.9,"Ice Cream,Bakery,Desserts,Beverages",12.9581,77.5993,Locality (matched)
396747,Shantinagar,Bangalore,Lunchbox,200,4.1,"North Indian,Chinese,Desserts,Biryani",12.9581,77.5993,Locality (matched)
396748,Shantinagar,Bangalore,The Good Bowl,400,4.2,"North Indian,Biryani,Chinese,Asian,Pastas,Desserts",12.9581,77.5993,Locality (matched)
396750,Shantinagar,Bangalore,The Biryani Life,250,4,"Biryani,Hyderabadi,Lucknowi,North Indian,Mughlai,Combo,Desserts",12.9581,77.5993,Locality (matched)
396752,Shantinagar,Bangalore,Slay Coffee,200,4.4,"Beverages,Desserts",12.9581,77.5993,Locality (matched)
396878,Salt Lake,Kolkata,Wow! China Bistro,400,4,"Tibetan,Fast Food,Chinese,Asian,Snacks,Continental,Desserts,Beverages",22.585,88.418,Locality (matched)
396976,Nallakunta & Vidyanagar,Hyderabad,Mamaz Almandi,300,2.9,Indian,17.402,78.4985,Locality (matched)
397037,Scruz Bandra East,Mumbai,Saavis Magic Kitchen,250,2.9,"Indian,Fast Food",19.075,72.845,Locality (matched)
397118,Scruz Bandra East,Mumbai,Tokyo Treat,1200,2.9,"Japanese,Asian,Healthy Food",19.075,72.845,Locality (matched)
397120,Scruz Bandra East,Mumbai,Sushiholic,1300,3.2,"Japanese,Asian,Healthy Food",19.075,72.845,Locality (matched)
397128,Scruz Bandra East,Mumbai,Fitbox,250,2.9,"Healthy Food,Salads,Keto",19.075,72.845,Locality (matched)
397442,Bandra West,Mumbai,U Turn At Khar West,200,2.9,Chinese  Continental  Indian  Beverages,19.0596,72.8295,Locality (matched)
397493,Himayath Nagar,Hyderabad,A Bowl Affair,300,3.3,"Indian,Chinese,Combo,Beverages",17.4008,78.4813,Locality (matched)
397566,Kurla,Mumbai,Shaan Chinese,400,2.9,Chinese,19.0728,72.8826,Locality (matched)
397567,Annanagar,Chennai,Le Roll Factorie,300,2.9,"Chinese,North Indian,Continental",13.085,80.2101,Locality (matched)
397573,Ruby Area,Kolkata,Wah Phuchka,100,4.7,"Fast Food,Beverages,Snacks",22.514,88.398,Locality (matched)
397618,Central Bangalore,Bangalore,Biryani Trip,400,4.2,"Biryani,Hyderabadi,Indian",12.9767,77.5993,Locality (matched)
397622,Central Bangalore,Bangalore,Paratha Envy,400,4.4,North Indian,12.9767,77.5993,Locality (matched)
397630,Central Bangalore,Bangalore,Andhra Gunpowder,400,4.3,"Andhra,Biryani",12.9767,77.5993,Locality (matched)
397634,Santoshpur,Kolkata,Hot And Fresh Foodies,250,2.9,"Chinese,Biryani,Tandoor",22.49,88.38,Locality (matched)
397812,Annanagar,Chennai,Mlr Restaurant,450,2.9,"Indian,Biryani,Asian,Tandoor,Grill,Barbecue",13.085,80.2101,Locality (matched)
397871,Kothapet & Dilsukhnagar,Hyderabad,Nalabheema Kitchen,250,3.9,Chinese,17.37,78.528,Locality (matched)
397918,Piplod,Surat,Binayak Fast Food,200,4.5,Fast Food,21.166,72.777,Locality (matched)
397995,Rohini,Delhi,The Godfathers Cafe,350,2.9,"Fast Food,Beverages",28.7041,77.1025,Locality (matched)
398015,Swargate,Pune,Breaking Bread Pune - Mehta Foods,200,2.9,Indian,18.5008,73.8586,Locality (matched)
398095,Esplanade,Kolkata,Monginis,300,4.2,"Desserts,Bakery",22.565,88.352,Locality (matched)
398106,Ghatkopar Vikhroli,Mumbai,Momos Magic,200,2.9,Fast Food  Snacks,19.098,72.925,Locality (matched)
398128,Sinhgad Road,Pune,Food Signal,350,2.9,"Indian,Chinese",18.47,73.825,Locality (matched)
398141,Laldarwaja,Ahmedabad,Nishat Restaurant Tawa Fry,400,4.1,"Mughlai,North Indian",23.025,72.592,Locality (matched)
398161,Central Kolkata,Kolkata,Hugo And Finn,400,2.9,Desserts  Beverages,22.57,88.355,Locality (matched)
398230,Central Kolkata,Kolkata,Yo Chelo,300,3.9,"Kebabs,Tandoor,Fast Food",22.57,88.355,Locality (matched)
398257,Alwarpet,Chennai,The Old Mirchi Biryani,700,4.3,"Hyderabadi,Biryani,Indian,Tandoor,Chinese",13.0339,80.254,Locality (matched)
398386,Kothrud,Pune,Parth Veg Nonveg,300,2.9,"Indian,Chinese",18.5074,73.8077,Locality (matched)
398426,Swargate,Pune,Hotel Vishwa,200,2.9,"North Indian,Chinese,Tandoor,Jain",18.5008,73.8586,Locality (matched)
398440,Santoshnagar & Saidabad,Hyderabad,Ssv Foods,180,2.9,Snacks,17.354,78.51,Locality (matched)
398565,Navrangpura,Ahmedabad,Biryani Stock Exchange,400,3,"North Indian,Biryani",23.0365,72.561,Locality (matched)
398574,Navrangpura,Ahmedabad,Bowlwrrap By Birmies,300,2.9,Fast Food,23.0365,72.561,Locality (matched)
398591,Ameerpet,Hyderabad,Tiny Foods Homely Food Court,300,4.1,Indian,17.4374,78.4487,Locality (matched)
398652,Central Bangalore,Bangalore,Knight Bite,280,2.9,"American,Continental,Beverages,Desserts",12.9767,77.5993,Locality (matched)
398723,Royapettah,Chennai,Ponnusamy Hotel Royapettah,400,4.2,"South Indian,Biryani,North Indian,Chettinad",13.0569,80.265,Locality (matched)
398829,Central Kolkata,Kolkata,Aalishan Restaurant & Caterer,200,2.9,"Biryani,Indian,Desserts",22.57,88.355,Locality (matched)
398857,Charminar,Hyderabad,The Kunafa Station,300,3.9,Desserts,17.3616,78.4747,Locality (matched)
398873,Purasawalkam,Chennai,Tropical Fast Food,280,2.9,"Chinese,Arabian,Indian,Tandoor",13.085,80.254,Locality (matched)
398875,Machuabazar,Kolkata,Couch Potato,200,4.1,"Chinese,Tibetan",22.585,88.361,Locality (matched)
398978,Burrabazar,Kolkata,Aadi Bangali Restaurant,300,2.9,"Bengali,Fast Food,Combo,Thalis",22.572,88.351,Locality (matched)
398986,Alipore,Kolkata,Kamini Snacks,300,2.9,Snacks,22.533,88.33,Locality (matched)
399026,Frazer Town,Bangalore,Donut Hubb,150,2.9,"Desserts,Beverages",12.9967,77.6127,Locality (matched)
399108,Swargate,Pune,Chitale Ice Cream,250,4.7,Ice Cream,18.5008,73.8586,Locality (matched)
399118,Basavanagudi,Bangalore,Nisarga Garden,200,4.1,"North Indian,South Indian,Chaat,Beverages",12.9422,77.576,Locality (matched)
399133,Indiranagar,Bangalore,S R Biriyani House,150,2.7,"Biryani,Indian",12.9719,77.6412,Locality (matched)
399153,Kankurgachi,Kolkata,Hunger Bite @99,500,2.9,Fast Food,22.585,88.39,Locality (matched)
399171,Paldi & Ambawadi,Ahmedabad,Banana Leaf,500,3.9,South Indian,23.02,72.5555,Locality (matched)
399189,Navrangpura,Ahmedabad,Kailash Omlet Center,300,2.9,Indian,23.0365,72.561,Locality (matched)
399191,Malleshwaram,Bangalore,Five Star Chicken And Koli Hut,150,2.9,"Fast Food,Snacks,Kebabs",13.0035,77.5647,Locality (matched)
399267,Himayath Nagar,Hyderabad,Swiss Castle,500,4.6,"Bakery,Sweets,Desserts",17.4008,78.4813,Locality (matched)
399277,Kurla,Mumbai,Maxim Restaurant - Kerala Special,300,4.2,Chinese  Kerala,19.0728,72.8826,Locality (matched)
399291,Lake Town,Kolkata,Domingos Pizza,250,2.9,Pizzas  Italian-American,22.605,88.395,Locality (matched)
399428,Ruby Area,Kolkata,Mrs. Messy,250,2.9,"Indian,Chinese",22.514,88.398,Locality (matched)
399450,Nsp,Delhi,Village Pizza,200,2.9,Pizzas,28.698,77.152,Locality (matched)
399514,Chembur,Mumbai,Yogi'S Kitchen,1000,4.5,"Indian,Chinese,Tandoor",19.0522,72.9006,Locality (matched)
399591,Salt Lake,Kolkata,Caravan Cafe,500,4.4,"Continental,Italian,American",22.585,88.418,Locality (matched)
399608,Rohini,Delhi,Parashar Foods,350,3.7,"Indian,Tandoor,Snacks,Sweets,North Indian",28.7041,77.1025,Locality (matched)
399611,Kachiguda,Hyderabad,Hotel Woodside (Veg),200,4.5,South Indian  North Indian  Chinese,17.3843,78.5013,Locality (matched)
399764,Vishrantwadi,Pune,Magic Bites,300,2.9,"Indian,Snacks,Fast Food,Chinese,Continental",18.567,73.872,Locality (matched)
399798,Central Kolkata,Kolkata,Ebites@99,200,4.4,"Chinese,Indian,North Indian,Salads,Beverages,Desserts",22.57,88.355,Locality (matched)
399836,Koregaon Park,Pune,Hotel Shabnam,300,3.8,Indian,18.5362,73.8938,Locality (matched)
399838,Indiranagar,Bangalore,Say Cheese! Pizza,400,3.4,"Pizzas,Italian,Desserts,Pastas",12.9719,77.6412,Locality (matched)
399842,Indiranagar,Bangalore,Burgerhaus Gourmet Burgers,600,3.9,"American,Continental,Beverages,Desserts",12.9719,77.6412,Locality (matched)
399904,Sion Koliwada,Mumbai,Hardeep Punjab,600,4.3,Indian  Chinese,19.048,72.865,Locality (matched)
399912,Indiranagar,Bangalore,Wicked Brownies,350,2.9,"Ice Cream,Desserts,Beverages",12.9719,77.6412,Locality (matched)
400113,Frazer Town,Bangalore,Ymia Naidu Caterers,300,2.9,"South Indian,Biryani,Chinese,Indian",12.9967,77.6127,Locality (matched)
400160,Lower Parel Worli,Mumbai,Tandoori Pizza,500,2.9,Pizzas  Kebabs  North Indian  Fast Food  Desserts,18.9965,72.821,Locality (matched)
400188,Central Bangalore,Bangalore,Snack House,300,4.2,"Fast Food,Street Food",12.9767,77.5993,Locality (matched)
400250,Scruz Bandra East,Mumbai,Al Zaiqa,200,2.9,Indian  Chinese  Kebabs  Fast Food  Combo,19.075,72.845,Locality (matched)
400308,Vastral,Ahmedabad,Bombay Pavbhaji,200,2.9,"Snacks,Fast Food",22.99,72.658,Locality (matched)
400394,Varachha,Surat,Jk'S Food Corner,200,2.9,"Chinese,Pizzas",21.214,72.842,Locality (matched)
400426,Salt Lake,Kolkata,Shanghai Social,400,4.2,Chinese  Asian,22.585,88.418,Locality (matched)
400427,Tarnaka  Nacharam & Malkajigiri,Hyderabad,Cupcake Bliss Cake & Desserts,200,4,Bakery  Desserts  Ice Cream,17.423,78.539,Locality (matched)
400443,Kondhwa,Pune,Shudha Amruttulya,200,4.1,"North Indian,Maharashtrian,Beverages",18.4633,73.893,Locality (matched)
400493,Powai,Mumbai,Black Rose Falooda And Icecreams,150,2.9,"Ice Cream,Desserts",19.1176,72.906,Locality (matched)
400503,Kothrud,Pune,Golden Dragon Chinese & Momo,300,2,Chinese,18.5074,73.8077,Locality (matched)
400663,Khar West,Mumbai,Ohh My Fudge,100,2.9,Desserts  Ice Cream,19.0696,72.8355,Locality (matched)
400668,Vastral,Ahmedabad,Amdavadi Rasoi,200,2.9,"Indian,Chinese",22.99,72.658,Locality (matched)
400765,Kothapet & Dilsukhnagar,Hyderabad,Monster Burger,200,3.2,"Chinese,South Indian,Snacks,Combo,Beverages,Desserts",17.37,78.528,Locality (matched)
400801,Kothrud,Pune,Siily Chilly,250,3.3,Chinese,18.5074,73.8077,Locality (matched)
400823,Rohini,Delhi,Pao Ji Aamchi Mumbai Se,150,3.1,"Indian,Snacks,Street Food,Fast Food",28.7041,77.1025,Locality (matched)
400849,Lake Town,Kolkata,Sandwizz,199,2.9,Fast Food,22.605,88.395,Locality (matched)
400882,Banjara Hills,Hyderabad,The Clay Pot,300,2.9,North Indian,17.4156,78.4347,Locality (matched)
400884,Jayanagar,Bangalore,Coal Flame Biriyaani,400,2.9,"Mughlai,Indian,Biryani,Combo,Andhra,Beverages,Kebabs,Sweets,Hyderabadi,Tandoor",12.925,77.5938,Locality (matched)
400905,Kothrud,Pune,Lucky Chinese,300,2.9,Chinese,18.5074,73.8077,Locality (matched)
400906,Maninagar,Ahmedabad,Mlf Franco,300,2.9,"Bakery,Fast Food",22.996,72.603,Locality (matched)
400950,Lake Town,Kolkata,Bangaliyana,300,2.9,"Bengali,Indian,Chinese",22.605,88.395,Locality (matched)
401053,Central Kolkata,Kolkata,New Gharib Nawaz Restaurant,150,4.5,"Biryani,Chaat,Desserts,Beverages",22.57,88.355,Locality (matched)
401069,Kothapet & Dilsukhnagar,Hyderabad,Destino Re Defined,250,2.9,"Chinese,Indian,Biryani",17.37,78.528,Locality (matched)
401077,Koregoan Park,Pune,The Chefs Table,500,2.9,"Indian,Biryani",18.5362,73.8938,Locality (matched)
401160,Shantinagar,Bangalore,Tadka Cafe,300,2.9,"Indian,Chinese",12.9581,77.5993,Locality (matched)
401186,Indiranagar,Bangalore,Onesta,200,3.9,"Italian,Desserts,Pizzas,American,Snacks",12.9719,77.6412,Locality (matched)
401197,Chembur,Mumbai,China Villa,200,4.1,Chinese  North Indian  Fast Food  Snacks  Beverages,19.0522,72.9006,Locality (matched)
401201,Kurla,Mumbai,Taste Corner,200,2.9,"Tibetan,Biryani,Desserts,Combo",19.0728,72.8826,Locality (matched)
401212,Kurla,Mumbai,Smoor,300,4,Bakery,19.0728,72.8826,Locality (matched)
401240,Scruz Bandra East,Mumbai,Freakin Fried,250,3.9,Fast Food  Snacks  Beverages  Combo,19.075,72.845,Locality (matched)
401340,Andheri East,Mumbai,Hotel Sunita,250,2.9,"Chinese,Tandoor,Indian,Biryani,South Indian",19.1136,72.8697,Locality (matched)
401459,Athwa,Surat,Radhe Dhokla,200,4.4,"Punjabi,Gujarati,Thalis,North Indian,Snacks,Fast Food,Chinese,Biryani,Combo",21.178,72.793,Locality (matched)
401500,Nungambakkam,Chennai,Al Baik,500,3.3,Indian,13.0569,80.2425,Locality (matched)
401639,Marol Sakinaka,Mumbai,Monster Wok,200,2.9,Chinese,19.1073,72.8873,Locality (matched)
401653,Kurla,Mumbai,Fire Wings,350,3.9,"Barbecue,American,Pizzas,Fast Food,Chinese,Healthy Food",19.0728,72.8826,Locality (matched)
401796,Salt Lake,Kolkata,Down The Lane,800,4.3,"Continental,Italian,Mexican",22.585,88.418,Locality (matched)
401975,Basavanagudi,Bangalore,Chichas,250,2.9,"Chinese,Indian",12.9422,77.576,Locality (matched)
402000,Marol Sakinaka,Mumbai,Udupi Veg Fast Food,300,2.9,"Indian,Chinese,South Indian",19.1073,72.8873,Locality (matched)
402010,Kothapet & Dilsukhnagar,Hyderabad,Cake D'Licious,250,3.9,"Bakery,Desserts",17.37,78.528,Locality (matched)
402095,Central Bangalore,Bangalore,Kerala Home Food,250,2.9,"Kerala,Biryani,Seafood",12.9767,77.5993,Locality (matched)
402101,George Town,Chennai,Lassi N Spicy,200,3.8,"Beverages,Juices,Ice Cream,Snacks,American,Arabian,Grill",13.094,80.287,Locality (matched)
402167,Rohini,Delhi,Dl Roll Bo55,200,2.9,"Fast Food,Snacks",28.7041,77.1025,Locality (matched)
402176,South Kolkata,Kolkata,Coffee N Mood,500,2.9,Beverages,22.5,88.345,Locality (matched)
402178,South Kolkata,Kolkata,New Maa Tara Hindu Hotel,300,2.9,Bengali,22.5,88.345,Locality (matched)
402355,Camp,Pune,Agatya Thali,250,2.9,"Biryani,Hyderabadi",18.5122,73.879,Locality (matched)
402513,Punjabi Bagh,Delhi,Tandoori Kingdom,500,2.9,North Indian,28.665,77.131,Locality (matched)
402599,Himayath Nagar,Hyderabad,Haldirams,300,4.2,"Indian,Biryani,Snacks,Fast Food,Beverages",17.4008,78.4813,Locality (matched)
402621,Central Bangalore,Bangalore,Maharaja Military Canteen,400,3.9,South Indian,12.9767,77.5993,Locality (matched)
402638,Chembur,Mumbai,Chembur Social,600,3.7,Indian  Chinese  Fast Food  American  Biryani  Combo,19.0522,72.9006,Locality (matched)
402695,Navrangpura,Ahmedabad,The Brooklyn Creamery - Healthy Ice Cream,200,2.9,"Desserts,Ice Cream,Healthy Food",23.0365,72.561,Locality (matched)
402710,Central Bangalore,Bangalore,Warmoven Cake & Desserts,200,4.2,"Bakery,Desserts,Ice Cream",12.9767,77.5993,Locality (matched)
402716,Central Bangalore,Bangalore,Slurpy Shakes,150,2.9,"Beverages,Ice Cream,Desserts",12.9767,77.5993,Locality (matched)
402774,Kurla,Mumbai,Urban Sandwich Co.,350,4.4,Fast Food,19.0728,72.8826,Locality (matched)
402783,Central Bangalore,Bangalore,Kouzina Kafe  The Food Court,200,2.9,"Bakery,Desserts,Ice Cream,Beverages,Fast Food",12.9767,77.5993,Locality (matched)
402809,Rajouri Garden,Delhi,Nomad Pizza- Traveller Series,700,4.2,"Pizzas,Beverages,Continental",28.6492,77.12,Locality (matched)
402841,Kothrud,Pune,Kouzina Kafe - The Food Court,200,2.9,"American,Bakery,Beverages,Fast Food,Ice Cream,Desserts",18.5074,73.8077,Locality (matched)
402864,Himayath Nagar,Hyderabad,La Pino'Z Pizza,400,4,"Pizzas,Italian,Mexican,Desserts,Fast Food,Snacks",17.4008,78.4813,Locality (matched)
402881,Kothapet & Dilsukhnagar,Hyderabad,Urban Monk Fine Baking,600,2.9,Fast Food,17.37,78.528,Locality (matched)
402897,Rohini,Delhi,Yummy Bites,300,3.8,"Indian,Chinese",28.7041,77.1025,Locality (matched)
402929,Shivaji Nagar,Pune,Box8 - Desi Meals,250,3.9,"North Indian,Biryani,Combo,Snacks",18.5308,73.8478,Locality (matched)
402930,Shivaji Nagar,Pune,Itminaan Biryani - Dum Pukht,250,4.1,"North Indian,Biryani,Combo,Snacks",18.5308,73.8478,Locality (matched)
402931,Shivaji Nagar,Pune,Mealful Rolls - Meals In A Roll,250,2.9,"North Indian,Biryani,Combo,Snacks",18.5308,73.8478,Locality (matched)
402932,Shivaji Nagar,Pune,Leancrust Pizza - Thincrust Experts,350,4,"Pizzas,Italian,Healthy Food",18.5308,73.8478,Locality (matched)
402934,Shivaji Nagar,Pune,Nh1 Bowls - Highway To North,250,3.8,"North Indian,Biryani,Combo,Snacks",18.5308,73.8478,Locality (matched)
402935,Shivaji Nagar,Pune,Zaza 22 Spice Biryani,250,3.6,"North Indian,Biryani,Combo,Snacks",18.5308,73.8478,Locality (matched)
402983,Kondhwa,Pune,Haldiram,300,4.2,"Indian,North Indian,Sweets",18.4633,73.893,Locality (matched)
403007,Himayath Nagar,Hyderabad,Haldirams Sweets And Namkeen,300,4.3,"Sweets,Snacks",17.4008,78.4813,Locality (matched)
403196,Kondhwa,Pune,Hotel Dawat,300,2.9,"North Indian,Fast Food,Chinese,Mughlai",18.4633,73.893,Locality (matched)
403197,Central Bangalore,Bangalore,The Dessert Zone,200,3.9,"Bakery,Desserts,Ice Cream,Beverages",12.9767,77.5993,Locality (matched)
403209,Kurla,Mumbai,Raje Misal,300,2.9,"Indian,Fast Food,Snacks,Beverages",19.0728,72.8826,Locality (matched)
403216,Central Bangalore,Bangalore,Burger It Up,200,4.1,"American,Continental,Beverages,Desserts,Fast Food",12.9767,77.5993,Locality (matched)
403219,Kondhwa,Pune,Hotel Al Zaika,300,3.6,"North Indian,Fast Food,Chinese,Mughlai",18.4633,73.893,Locality (matched)
403308,Kondhwa,Pune,Delhi Zaika,300,2.9,"North Indian,Fast Food,Chinese,Mughlai",18.4633,73.893,Locality (matched)
403325,Shivaji Nagar,Pune,Pallavi Pure Veg,300,2.9,"North Indian,South Indian,Chinese,Beverages,Desserts",18.5308,73.8478,Locality (matched)
403458,Koregaon Park,Pune,Kuai Kitchen,1000,4.2,"Chinese,Japanese,Sushi,Asian,Thai",18.5362,73.8938,Locality (matched)
403546,Matunga Wadala,Mumbai,Ganesh Chinese Dhaba,200,2.9,Chinese,19.022,72.855,Locality (matched)
403632,Somajiguda & Khairtabad,Hyderabad,Kushi Tiffin Center,100,2.9,South Indian,17.417,78.46,Locality (matched)
403648,Banjara Hills,Hyderabad,Oh! Punjab,300,4.3,"Punjabi,North Indian,Chinese",17.4156,78.4347,Locality (matched)
403655,Paschim Vihar,Delhi,Mehendiram Restaurant & Mocktail Bar,300,2.9,"Indian,Chinese,Tandoor",28.6692,77.1013,Locality (matched)
403663,Rohini,Delhi,Vhc Food Chain,300,3.9,"Chinese,North Indian,Snacks,Pastas,Combo,Beverages",28.7041,77.1025,Locality (matched)
403757,Central Bangalore,Bangalore,Zin Box,700,2.9,"Asian,Continental,Italian,Pan-Asian",12.9767,77.5993,Locality (matched)
403942,Central Bangalore,Bangalore,Rickshaw Wala,350,2.9,"Indian,North Indian",12.9767,77.5993,Locality (matched)
403977,Aundh,Pune,In Between,200,2.9,"Fast Food,Snacks",18.559,73.808,Locality (matched)
404220,Vadapalani,Chennai,Sri Balaji Foods And Snacks,180,2.9,"Snacks,Desserts,Juices,Beverages",13.0503,80.2121,Locality (matched)
404251,Dr.Radhakrishnan Salai-Mylapore,Chennai,Madrass Marina Mess,300,3.9,"Indian,Biryani,Sweets,Beverages,Tandoor",13.0339,80.2695,Locality (matched)
404272,Nampally,Hyderabad,Halal Guys,300,2.9,"Fast Food,Beverages,Ice Cream",17.39,78.468,Locality (matched)
404275,Salt Lake,Kolkata,Thali'S,300,2.9,Chinese  Snacks,22.585,88.418,Locality (matched)
404322,Nallakunta & Vidyanagar,Hyderabad,Pizza And Burgers,300,3.3,"Fast Food,Pizzas,Beverages",17.402,78.4985,Locality (matched)
404330,Marol Sakinaka,Mumbai,Ya Hayyu Ya Qayyum,200,2.9,"Chinese,Arabian,Indian",19.1073,72.8873,Locality (matched)
404427,Naranpura,Ahmedabad,La Pino'Z Pizza,400,4.3,Pizzas,23.048,72.558,Locality (matched)
404504,Nsp,Delhi,The Bhukkad Chowk,400,2.9,"Chinese,Beverages",28.698,77.152,Locality (matched)
404553,Rohini,Delhi,That Pizza Place,500,4,"Pizzas,Italian,Fast Food,Desserts,Continental,Mediterranean,American,Mexican,Indian,Combo,Beverages,Bakery,French,Sweets,European,Lebanese,Snacks",28.7041,77.1025,Locality (matched)
404607,Adajan,Surat,Hotel Hafiz,250,2.9,"North Indian,Indian",21.196,72.78,Locality (matched)
404623,Lake Town,Kolkata,Shivohan Kitchen,150,4.6,"Fast Food,Indian",22.605,88.395,Locality (matched)
404652,Jodhpur Cross Road,Ahmedabad,Mad Over Juice,200,2.9,"Beverages,Salads,Desserts",23.026,72.522,Locality (matched)
404690,Rohini,Delhi,The Tangdi Club,400,2.9,"Indian,Tandoor,Biryani,North Indian,Fast Food,Mughlai,Snacks,Kebabs",28.7041,77.1025,Locality (matched)
404737,Kidderpore,Kolkata,Red Chilli Restaurant,300,2.9,"Chinese,Seafood",22.54,88.322,Locality (matched)
404761,Arumbakkam,Chennai,Jack N Jill Foods,300,2.9,"Chinese,Indian,Biryani",13.073,80.21,Locality (matched)
404791,Kurla,Mumbai,Sai Kiran Indian And Chinese Food,250,2.9,"Chinese,Indian",19.0728,72.8826,Locality (matched)
404815,Nungambakkam,Chennai,Hotel Virudhunagar Elite,150,2.9,"Chinese,Biryani,Indian",13.0569,80.2425,Locality (matched)
404853,Central Kolkata,Kolkata,Al-Baik,300,2.9,"Indian,Fast Food",22.57,88.355,Locality (matched)
404885,Sector 7 Rohini,Delhi,Ya Ya Momo,300,4,"Snacks,Fast Food,Chinese",28.718,77.122,Locality (matched)
404921,Kurla,Mumbai,Spice Grill,200,2.9,Chinese  Tandoor  Fast Food  Indian,19.0728,72.8826,Locality (matched)
404929,Koregaon Park,Pune,Pavlovs,400,2.9,"Indian,Fast Food,Beverages",18.5362,73.8938,Locality (matched)
404930,South Kolkata,Kolkata,Biggies Burger,300,4.1,American  Fast Food  Beverages,22.5,88.345,Locality (matched)
404999,Vidyanagar,Hyderabad,Box8 - Desi Meals,250,3.7,"North Indian,Biryani,Combo,Snacks",17.401,78.502,Locality (matched)
405000,Vidyanagar,Hyderabad,Itminaan Biryani - Dum Pukht,250,2.9,"North Indian,Biryani,Combo,Snacks",17.401,78.502,Locality (matched)
405139,South Kolkata,Kolkata,Gambit'S Pizza,250,4.1,"Italian,Pizzas,Chinese,Combo",22.5,88.345,Locality (matched)
405188,Indiranagar,Bangalore,Cheese Meets Bread,300,4.6,"Snacks,Beverages",12.9719,77.6412,Locality (matched)
405202,Ghatkopar Vikhroli,Mumbai,Popular Family Restuarant,400,2.9,Indian  Mughlai  Chinese  Biryani  Punjabi,19.098,72.925,Locality (matched)
405221,Kothapet & Dilsukhnagar,Hyderabad,Agra Sandwich Pasta  Momos Corner,300,2.9,"Italian,Snacks",17.37,78.528,Locality (matched)
405296,Sector 7 Rohini,Delhi,Momo Shack,300,4.1,"Chinese,Fast Food",28.718,77.122,Locality (matched)
405340,Annanagar,Chennai,Cafe Express,280,2.9,"Pastas,Chinese,Waffle",13.085,80.2101,Locality (matched)
405352,T Nagar,Chennai,Gnanambiga Veg,200,4.4,"South Indian,North Indian,Chaat,Sweets",13.0418,80.2341,Locality (matched)
405375,Laldarwaja,Ahmedabad,Kwality Walls Frozen Dessert And Ice Cream Shop,300,4.4,Ice Cream,23.025,72.592,Locality (matched)
405377,Kothrud,Pune,Loafmaster,300,2.9,"Snacks,Beverages",18.5074,73.8077,Locality (matched)
405396,Basavanagudi,Bangalore,Kwality Walls Frozen Dessert And Ice Cream Shop,300,4.5,Ice Cream,12.9422,77.576,Locality (matched)
405403,Himayath Nagar,Hyderabad,Deccan Chef,150,2.9,Indian,17.4008,78.4813,Locality (matched)
405430,Basavanagudi,Bangalore,Apna Ghar,200,2.9,"Punjabi,North Indian,Combo,Thalis",12.9422,77.576,Locality (matched)
405432,Basavanagudi,Bangalore,Bhojnayala,200,2.9,"Punjabi,North Indian,Combo,Thalis",12.9422,77.576,Locality (matched)
405435,Basavanagudi,Bangalore,Bihar Babu,200,2.9,"Punjabi,North Indian,Combo,Thalis",12.9422,77.576,Locality (matched)
405458,Vadapalani,Chennai,Smiley,200,2.9,Chinese,13.0503,80.2121,Locality (matched)
405465,Marol Sakinaka,Mumbai,New Shalimar,400,3.9,"Indian,Chinese,Continental",19.1073,72.8873,Locality (matched)
405502,T Nagar,Chennai,Sin & Tonic,1000,2.9,"Continental,Indian,Chinese",13.0418,80.2341,Locality (matched)
405522,Charminar,Hyderabad,Swagath Hotel,400,4.3,"South Indian,Chinese,Indian",17.3616,78.4747,Locality (matched)
405532,Rohini,Delhi,Laale Di Chaap,350,2.9,North Indian,28.7041,77.1025,Locality (matched)
405539,Kurla,Mumbai,Meal Bowl,300,4.2,Indian,19.0728,72.8826,Locality (matched)
405573,Perambur,Chennai,Chai World,250,4.4,"Beverages,Snacks",13.1155,80.234,Locality (matched)
405657,Santoshpur,Kolkata,Morning Bites,300,2.9,South Indian,22.49,88.38,Locality (matched)
405689,South Kolkata,Kolkata,Bunaphile,300,2.9,Continental,22.5,88.345,Locality (matched)
405728,Rohini,Delhi,Saffron Flavors,300,4,"North Indian,Biryani,Punjabi",28.7041,77.1025,Locality (matched)
405732,Alipore,Kolkata,Nidhees Fast Food,200,2.9,"Chinese,Fast Food",22.533,88.33,Locality (matched)
405798,Malleshwaram,Bangalore,Chinese Wok (Wok Express),250,3.9,"Chinese,Asian,Tibetan,Desserts",13.0035,77.5647,Locality (matched)
405837,Scruz Bandra East,Mumbai,Casa Mia,500,2.9,Mexican,19.075,72.845,Locality (matched)
405845,Kausar Baugh Nibm Road,Pune,Hyderabadi Biryani House,150,2.2,"Biryani,Thalis,Indian,Desserts",18.5204,73.8567,City-level (approximate fallback)
405869,Chembur,Mumbai,Big Shakes,300,2.9,"Beverages,Snacks",19.0522,72.9006,Locality (matched)
405872,Chembur,Mumbai,Santa Fe Burgers,400,2.9,"Pizzas,Pastas,Fast Food",19.0522,72.9006,Locality (matched)
405879,Central Bangalore,Bangalore,Momo Monk,180,4.2,"Pan-Asian,Chinese",12.9767,77.5993,Locality (matched)
405888,Chembur,Mumbai,The Stone Pizza,400,2.9,"Pizzas,Pastas",19.0522,72.9006,Locality (matched)
405907,Indiranagar,Bangalore,Prowl Foods By Tiger Shroff,500,4.4,"North Indian,Continental,Pan-Asian,Oriental",12.9719,77.6412,Locality (matched)
405908,Indiranagar,Bangalore,Wowffles,400,4.1,"Desserts,Bakery",12.9719,77.6412,Locality (matched)
406007,Paldi & Ambawadi,Ahmedabad,La Pinoz Pizza,199,4.1,"Pizzas,Italian,Snacks,Desserts,Beverages",23.02,72.5555,Locality (matched)
406009,Navrangpura,Ahmedabad,Bablu Shree Farali Centre,200,3.9,Indian,23.0365,72.561,Locality (matched)
406018,Central Bangalore,Bangalore,Bullet Biryani,280,4.4,"Biryani,Hyderabadi,Mughlai",12.9767,77.5993,Locality (matched)
406023,Tolichowki Hps Kids School Opposite,Hyderabad,Healthy Food House,100,2.9,Indian  Fast Food  Beverages,17.4001,78.418,Locality (substring match: 'tolichowki')
406043,Nallakunta & Vidyanagar,Hyderabad,Lassi N Cafe,200,2.9,"Beverages,Fast Food",17.402,78.4985,Locality (matched)
406046,Central Bangalore,Bangalore,Big Bites,400,2.9,Fast Food,12.9767,77.5993,Locality (matched)
406058,Himayath Nagar,Hyderabad,Break The Bread-Sandwiches And Burgers,200,3.6,Healthy Food,17.4008,78.4813,Locality (matched)
406074,Himayath Nagar,Hyderabad,Rice++,200,2.9,Healthy Food,17.4008,78.4813,Locality (matched)
406095,Alipore,Kolkata,Truffoline,250,3.5,Bakery  Desserts,22.533,88.33,Locality (matched)
406153,Kondhwa,Pune,Master Chef,300,2.9,"North Indian,Fast Food",18.4633,73.893,Locality (matched)
406154,Tarnaka Nacharam & Malkajigiri,Hyderabad,Kritunga Restaurant,500,3.7,"Biryani,Rayalaseema,Andhra,South Indian",17.423,78.539,Locality (matched)
406239,Laldarwaja,Ahmedabad,Afood Aholic,300,2.9,"Chinese,Indian,North Indian",23.025,72.592,Locality (matched)
406314,Chembur,Mumbai,Cafe Quba,400,4.1,"Chinese,Indian,North Indian",19.0522,72.9006,Locality (matched)
406321,Rohini,Delhi,Snac Zilla,300,2.9,"Chinese,Snacks,Beverages",28.7041,77.1025,Locality (matched)
406328,Chennai,Chennai,Perambur Sri Srinivasa Sweets And Snacks,200,4.4,"Sweets,Chaat,Juices",13.0827,80.2707,Locality (matched)
406351,Annanagar,Chennai,The Sugar Free Keto Kafe - By Artinci,200,4.4,"Bakery,Beverages,Desserts",13.085,80.2101,Locality (matched)
406412,Bibwewadi,Pune,Hotel Mawalaj,550,2.9,"Indian,Thalis",18.475,73.863,Locality (matched)
406606,North Dumdum,Kolkata,Classic Fast Food Centre,200,3.7,"Indian,Chinese,Mughlai",22.648,88.415,Locality (matched)
406777,Swargate,Pune,Malhar Family Restaurant And Bar,300,2.9,"North Indian,Chinese,Snacks",18.5008,73.8586,Locality (matched)
406780,Kothapet & Dilsukhnagar,Hyderabad,Fipola Grill House,400,2.9,"Seafood,Snacks,Grill",17.37,78.528,Locality (matched)
406801,Powai,Mumbai,Pizza Lover,250,2.9,Pizzas,19.1176,72.906,Locality (matched)
406826,Rajajinagar,Bangalore,Kapoors Chaat Bhandaar,250,4.2,"Street Food,North Indian,Desserts",12.9905,77.5554,Locality (matched)
406845,Central Bangalore,Bangalore,Tottos Pizza,500,4.6,"Continental,Italian",12.9767,77.5993,Locality (matched)
406903,Arumbakkam,Chennai,Burmese Kitchen,100,3.7,Burmese,13.073,80.21,Locality (matched)
407004,Kothapet & Dilsukhnagar,Hyderabad,Reddy Vari Biryani,250,2.9,"Indian,Biryani",17.37,78.528,Locality (matched)
407019,Kothapet & Dilsukhnagar,Hyderabad,Lalaji Dilli Wale,400,3.4,"North Indian,Chinese,Salads",17.37,78.528,Locality (matched)
407041,Chembur,Mumbai,Ministry Of Curry,400,4.6,"Indian,Chinese",19.0522,72.9006,Locality (matched)
407056,South Kolkata,Kolkata,Nusrats,150,4.7,"Biryani,Indian,Combo,Beverages,Fast Food",22.5,88.345,Locality (matched)
407187,Shivaji Nagar,Pune,Hot Kathi Rolls,200,2.9,"Snacks,Indian",18.5308,73.8478,Locality (matched)
407191,Royapettah,Chennai,Flameh Shawarma,220,2.9,"Arabian,Beverages",13.0569,80.265,Locality (matched)
407244,Purasawalkam,Chennai,La Pino'Z Pizza,300,4.2,Pizzas,13.085,80.254,Locality (matched)
407248,Rohini,Delhi,Puratan Restaurant,1000,2.9,"Chinese,North Indian",28.7041,77.1025,Locality (matched)
407307,Ruby Area,Kolkata,Arab Knights,350,3.2,"Chinese,Combo,Mughlai,Fast Food,Lebanese,North Indian,Continental,Pastas",22.514,88.398,Locality (matched)
407323,Salt Lake,Kolkata,Desi Champaran Meat,300,2.9,"North Indian,Indian,Tandoor,Desserts",22.585,88.418,Locality (matched)
407346,Tarnaka Nacharam & Malkajigiri,Hyderabad,Punjabi Tadka,250,2.9,"Indian,Punjabi,Fast Food",17.423,78.539,Locality (matched)
407399,Kondhwa,Pune,Punjabi Non Veg,300,2.9,"North Indian,Fast Food,Chinese,Mughlai",18.4633,73.893,Locality (matched)
407447,Indiranagar,Bangalore,Emperor,300,2.9,"North Indian,Chinese,South Indian",12.9719,77.6412,Locality (matched)
407661,Esplanade,Kolkata,Burger King,350,4.3,American  Fast Food,22.565,88.352,Locality (matched)
407673,Ruby Area,Kolkata,O Asia,300,2.9,"Chinese,Pan-Asian,Combo,Oriental,Middle Eastern,Lebanese",22.514,88.398,Locality (matched)
407686,Maninagar,Ahmedabad,Haanji Amritsari Kulchas,300,2.9,Indian,22.996,72.603,Locality (matched)
407688,South Kolkata,Kolkata,Chata Chati,250,2.9,"Snacks,Indian",22.5,88.345,Locality (matched)
407691,Annanagar,Chennai,Cake Fairy,250,2.9,"Bakery,Beverages,Pizzas",13.085,80.2101,Locality (matched)
407704,Ruby Area,Kolkata,Delicious Dhaba,200,3.4,Indian,22.514,88.398,Locality (matched)
407755,George Town,Chennai,Sandwich Square,200,4.3,"Snacks,Pastas,Fast Food,Beverages",13.094,80.287,Locality (matched)
407831,Halsuru,Bangalore,The Handi Crust,350,2.9,"Indian,Chaat",12.9815,77.6205,Locality (matched)
407861,Salt Lake,Kolkata,Wrap And Grill,150,2.9,"Indian,Tandoor,Italian,Pizzas",22.585,88.418,Locality (matched)
407880,Kondhwa,Pune,Burgerella,800,2.9,Indian,18.4633,73.893,Locality (matched)
407902,Kondhwa,Pune,Royal Darbar,300,2.9,"Chinese,North Indian,Mughlai",18.4633,73.893,Locality (matched)
407938,Tolichowki,Hyderabad,Arabian Grills,300,4.2,"Arabian,Beverages",17.4001,78.418,Locality (matched)
407961,Dumdum,Kolkata,Rimjhim Cafe,300,2.9,"Chinese,Beverages,Ice Cream",22.642,88.42,Locality (matched)
408153,Alipore,Kolkata,The Bread Ninja,200,2.9,"Italian,Pizzas",22.533,88.33,Locality (matched)
408177,Kachiguda,Hyderabad,Pizza Hut,300,2.9,Pizzas,17.3843,78.5013,Locality (matched)
408214,Central Kolkata,Kolkata,The Egg Story,200,2.9,"Chinese,Combo,Italian,Indian",22.57,88.355,Locality (matched)
408245,Himayath Nagar,Hyderabad,Dragon Society,200,3.8,"Chinese,South Indian,North Indian,Fast Food",17.4008,78.4813,Locality (matched)
408266,Aundh,Pune,Crazy Cheesy (Aundh),500,4.2,"American,Beverages,Italian",18.559,73.808,Locality (matched)
408270,Jayanagar,Bangalore,Secretspot Cafe,199,2.9,"Pizzas,Continental,Beverages,Snacks",12.925,77.5938,Locality (matched)
408310,Rohini,Delhi,Combo Express,200,2.9,"Snacks,Beverages",28.7041,77.1025,Locality (matched)
408327,Charminar,Hyderabad,Snappy Snacks Point,200,3.4,"Chinese,Snacks",17.3616,78.4747,Locality (matched)
408335,Kilpauk,Chennai,Ponnusamy Hotel  Elite,300,4.2,Chinese,13.085,80.241,Locality (matched)
408341,Powai,Mumbai,Bakewills,300,2.9,"Continental,Bakery,Desserts",19.1176,72.906,Locality (matched)
408439,Nungambakkam,Chennai,Jamie'S All Day Breakfast,250,4.4,"American,Fast Food,Beverages",13.0569,80.2425,Locality (matched)
408465,Scruz Bandra East,Mumbai,Kanchan Foods,350,4.6,Indian,19.075,72.845,Locality (matched)
408520,Athwa,Surat,Bhandari Vishwas Tiffin Corner,200,3.8,"Thalis,North Indian",21.178,72.793,Locality (matched)
408559,Burrabazar,Kolkata,The Exclusive Cake Bakery,300,2.9,"Bakery,Desserts",22.572,88.351,Locality (matched)
408587,L.B Nagar,Hyderabad,Mr Chef Mandi House,500,3.5,Arabian,17.346,78.549,Locality (matched)
408629,Rohini,Delhi,Desi Matki,300,2.9,"North Indian,Snacks",28.7041,77.1025,Locality (matched)
408647,Shivaji Nagar,Pune,The Nourish House,350,2.9,"Salads,Italian-American,Beverages",18.5308,73.8478,Locality (matched)
408650,Himayath Nagar,Hyderabad,Biryani Society,200,2.9,"Indian,Biryani,Combo",17.4008,78.4813,Locality (matched)
408660,Vasna,Ahmedabad,Hunger Spot,300,2.9,"Fast Food,Pizzas,Healthy Food,Continental,Beverages",22.99,72.558,Locality (matched)
408661,Rohini,Delhi,The Kathi Rolls Point,390,2.9,"Snacks,Fast Food",28.7041,77.1025,Locality (matched)
408696,Charminar,Hyderabad,Tajis Food Court,2,2.9,Indian  South Indian  Chinese  Arabian,17.3616,78.4747,Locality (matched)
408721,Nungambakkam,Chennai,Hotel Sri Guru,280,4.2,Indian,13.0569,80.2425,Locality (matched)
408756,Banjara Hills,Hyderabad,Lassi & Falooda Co,200,2.9,"Beverages,Healthy Food,Juices",17.4156,78.4347,Locality (matched)
408906,Rohini,Delhi,Love Chinese Corner,300,2.9,"North Indian,Fast Food,Chinese",28.7041,77.1025,Locality (matched)
408916,Borough,Kolkata,Momo Daju,300,2.9,"Chinese,Thai",22.5726,88.3639,City-level (approximate fallback)
408920,Rajouri Garden,Delhi,Pizza Guyz By Hudson Chopsticks,700,4.5,Pizzas,28.6492,77.12,Locality (matched)
408997,Kurla,Mumbai,Talha S Express,250,4.3,"North Indian,Biryani,Mughlai,Chinese",19.0728,72.8826,Locality (matched)
409008,Bally,Kolkata,The Olde House Eatery,600,2.9,Continental,22.648,88.34,Locality (matched)
409015,Gariahat,Kolkata,The Banglar Rannaghar,300,2.9,"Indian,Tandoor,Combo",22.519,88.363,Locality (matched)
409019,Central Kolkata,Kolkata,Fatimas Kitchen,150,2.9,Chinese  Indian  Pastas,22.57,88.355,Locality (matched)
409027,Scruz Bandra East,Mumbai,Bombay Chang,300,2.9,Chinese,19.075,72.845,Locality (matched)
409032,Himayath Nagar,Hyderabad,Theboardgamecafe,500,2.9,"Indian,Chinese",17.4008,78.4813,Locality (matched)
409129,Kurla,Mumbai,Cloud Crown,350,4.4,"Chinese,Punjabi,Tandoor",19.0728,72.8826,Locality (matched)
409271,Maninagar,Ahmedabad,Lapinoz Pizza,199,4.2,Pizzas,22.996,72.603,Locality (matched)
409321,Pitampura,Delhi,Lords Of Shawarma (Pitampura),200,3.1,"Lebanese,Chinese",28.6942,77.131,Locality (matched)
409419,Matunga Wadala,Mumbai,Mejwani,300,3.3,Chinese,19.022,72.855,Locality (matched)
409534,Ballygunge,Kolkata,24 Seven,200,4.2,"Chinese,Fast Food,Indian",22.528,88.366,Locality (matched)
409546,Central Bangalore,Bangalore,Madras Meal Company,250,4.1,"South Indian,Chettinad",12.9767,77.5993,Locality (matched)
409568,Central Bangalore,Bangalore,Soros Flavor Coffee,300,2.9,"Beverages,American,Italian-American,Desserts",12.9767,77.5993,Locality (matched)
409583,Koramangala,Bangalore,Goodness Bakery,100,2.9,"Bakery,Desserts",12.9352,77.6245,Locality (matched)
409626,Salt Lake,Kolkata,Punjabi Dhabay,250,2.9,Indian,22.585,88.418,Locality (matched)
409646,Janakpuri,Delhi,Gourmet Tandoor,150,2.9,"Tandoor,Indian,Chinese,Continental",28.6219,77.0878,Locality (matched)
409648,Central Kolkata,Kolkata,Aalamir,200,2.9,"Chinese,Indian,Biryani",22.57,88.355,Locality (matched)
409662,Tolichowki,Hyderabad,Mandistan,400,3.6,Arabian,17.4001,78.418,Locality (matched)
409663,Mylapore,Chennai,Biriyani Venuma,400,2.9,"Biryani,Indian,Chinese",13.0339,80.2695,Locality (matched)
409923,Central Bangalore,Bangalore,Kaati Zone Rolls And Wraps,200,3.9,"Fast Food,Beverages",12.9767,77.5993,Locality (matched)
409930,Ashok Nagar,Bangalore,Simpli Namdhari,500,4.4,"Chinese,European,Italian,North Indian,Salads",12.9843,77.5936,Locality (matched)
409940,Wanowrie,Pune,Kareem'S,250,3.8,"Mughlai,North Indian,Maharashtrian,Biryani,Kebabs,Tandoor,Beverages",18.4934,73.889,Locality (matched)
409988,Behala,Kolkata,Swadist,600,2.9,"Chinese,Combo",22.499,88.313,Locality (matched)
410033,Central Kolkata,Kolkata,The Sandbox Cafe,300,2.9,Chinese,22.57,88.355,Locality (matched)
410095,Central Bangalore,Bangalore,The Bowl Company,300,4.2,"Continental,North Indian,Pan-Asian,Desserts,American,Asian,Beverages,Biryani,Chinese,Combo,European,Grill,Hyderabadi,Indian,Italian,Kebabs,Lucknowi,Mediterranean,Mexican,Mughlai,Oriental,Pastas,Punjab",12.9767,77.5993,Locality (matched)
410117,Rajouri Garden,Delhi,Spicy Crave,200,4,Chinese,28.6492,77.12,Locality (matched)
410257,Banjara Hills,Hyderabad,Wow! China,400,3.9,"Tibetan,Fast Food,Chinese,Asian,Snacks,Continental,Desserts,Beverages",17.4156,78.4347,Locality (matched)
410265,Rohini,Delhi,Wow! Momo,300,3.8,"Tibetan,Fast Food,Healthy Food,Asian,Chinese,Snacks,Continental,Desserts,Beverages",28.7041,77.1025,Locality (matched)
410266,Rohini,Delhi,Wow! China,400,3.5,"Tibetan,Fast Food,Chinese,Asian,Snacks,Continental,Desserts,Beverages",28.7041,77.1025,Locality (matched)
410294,Dhakuria,Kolkata,Erestro,400,4.5,"Chinese,Biryani,Tandoor,Indian",22.509,88.367,Locality (matched)
410453,Indiranagar,Bangalore,Yum Yum Kolkata,400,4.4,"Bengali,Indian,Chinese",12.9719,77.6412,Locality (matched)
410505,Beleghata,Kolkata,The Tandoori Startup,300,4.5,"Tandoor,Chinese,Beverages",22.562,88.39,Locality (matched)
410548,Paschim Vihar,Delhi,Tandoori Chamcha,300,3.8,"North Indian,Chinese,Mughlai,Desserts,Tandoor",28.6692,77.1013,Locality (matched)
410603,Banjara Hills,Hyderabad,Nizami Shawarma,250,2.9,"Arabian,Beverages",17.4156,78.4347,Locality (matched)
410677,Sithaphalmandi,Hyderabad,Robin Pizza Den,200,2.9,"Fast Food,Pizzas",17.402,78.515,Locality (matched)
410832,Srinivas Towers,Chennai,Haka,500,4.3,"Chinese,Asian,Seafood",13.0827,80.2707,City-level (approximate fallback)
410844,Central Bangalore,Bangalore,Taste Of Tibet,250,4.6,Chinese,12.9767,77.5993,Locality (matched)
410869,Pitampura,Delhi,Madhushala,600,2.9,"Indian,Chinese",28.6942,77.131,Locality (matched)
410887,Wanowrie,Pune,Shree Maharaja,100,4.2,South Indian,18.4934,73.889,Locality (matched)
410943,Tolichowki,Hyderabad,Shawarma Spot,200,2.9,Arabian,17.4001,78.418,Locality (matched)
410969,Alipore,Kolkata,Khana Americana,250,2.9,Italian-American,22.533,88.33,Locality (matched)
411031,Chembur,Mumbai,Zaika Restaurant,200,3.5,Chinese  Biryani  Tandoor,19.0522,72.9006,Locality (matched)
411090,Arumbakkam,Chennai,Joes Gourmet,300,4.3,Continental,13.073,80.21,Locality (matched)
411106,Himayath Nagar,Hyderabad,Crumbled Cheese,350,4.3,"Italian,Beverages,Pizzas,Pastas,Desserts,Mexican",17.4008,78.4813,Locality (matched)
411187,Dhankawadi,Pune,Burger.Com,200,2.9,Fast Food,18.457,73.847,Locality (matched)
411194,Kurla,Mumbai,Cafe Samrat,300,2.9,"Indian,Chinese,Biryani,Fast Food,Desserts",19.0728,72.8826,Locality (matched)
411273,Athwa,Surat,New Janta Ice Cream,200,4.1,"Ice Cream,Desserts,Beverages",21.178,72.793,Locality (matched)
411349,Perambur,Chennai,Lets Eat,300,2.9,"Chinese,Snacks,Indian",13.1155,80.234,Locality (matched)
411384,Vastral,Ahmedabad,The Fusion Pizza,500,4,Pizzas,22.99,72.658,Locality (matched)
411523,Banjara Hills,Hyderabad,Vadapav & More,200,2.9,Beverages,17.4156,78.4347,Locality (matched)
411550,Central Bangalore,Bangalore,Ciro'S Pizzeria,1000,4,"Pizzas,Italian,Continental,American,Desserts",12.9767,77.5993,Locality (matched)
411592,Rohini,Delhi,Chotiwala -The Mouth Watering Food,300,2.9,"North Indian,Biryani",28.7041,77.1025,Locality (matched)
411635,Aundh,Pune,Bombay Chinese Mh 02,200,2.9,Chinese,18.559,73.808,Locality (matched)
411660,Rohini,Delhi,Khan Chacha Hyderabadi,300,2.9,North Indian,28.7041,77.1025,Locality (matched)
411689,Lake Town,Kolkata,Parasnath Fast Food,300,2.9,Indian  Snacks  Thalis  Desserts,22.605,88.395,Locality (matched)
411690,Adajan,Surat,Concord Restaurant,300,4,North Indian,21.196,72.78,Locality (matched)
411708,Jadavpur,Kolkata,Heal Thy Food,500,2.9,"Beverages,Juices",22.499,88.371,Locality (matched)
411757,Annanagar,Chennai,Continent Vegetaria,200,2.9,"Snacks,Beverages",13.085,80.2101,Locality (matched)
411770,Paschim Vihar,Delhi,Chines Hot Hub,199,2.9,Chinese,28.6692,77.1013,Locality (matched)
411785,Ruby Area,Kolkata,Gitanjali Eating House,300,4.2,"North Indian,Chinese,Biryani",22.514,88.398,Locality (matched)
411816,Salt Lake,Kolkata,Poached Onion,700,2.9,"Indian,Kebabs",22.585,88.418,Locality (matched)
411841,Central Kolkata,Kolkata,The Good Food Cafe By Nature'S Basket,750,2.9,Continental  Italian  Desserts,22.57,88.355,Locality (matched)
411857,Rohini,Delhi,Shahenshah Taste Me Baap,300,2.9,North Indian,28.7041,77.1025,Locality (matched)
411871,Rohini,Delhi,Bemisal Dharmender Hotel,300,2.9,"North Indian,Chinese",28.7041,77.1025,Locality (matched)
411874,Rohini,Delhi,Express Sanjha Chulha Pure Veg,300,2.9,"Indian,Chinese",28.7041,77.1025,Locality (matched)
411882,Rohini,Delhi,Mdh Masala Legendry Since 1960,300,2.9,"Indian,Snacks",28.7041,77.1025,Locality (matched)
411903,Swargate,Pune,Annapurna Catering And Service Provider,300,2.9,"Chinese,Indian",18.5008,73.8586,Locality (matched)
411929,Villivakkam,Chennai,Syeds Biriyani And Fast Food,250,2.9,"Chinese,Indian,Biryani",13.103,80.208,Locality (matched)
411954,Vastrapur,Ahmedabad,The Chess Cafe,400,2.9,"Chinese,Continental,Pizzas,Indian",23.039,72.529,Locality (matched)
411969,Himayath Nagar,Hyderabad,Tasim - On The Go,300,4.3,"North Indian,Snacks",17.4008,78.4813,Locality (matched)
412054,Alwarpet,Chennai,Southside Taco,500,4.4,"Mexican,Desserts,Beverages,Snacks",13.0339,80.254,Locality (matched)
412059,Alipore,Kolkata,Kitchen By The Pond,200,2.9,Bengali,22.533,88.33,Locality (matched)
412151,Punjabi Bagh,Delhi,Chaubara,250,4.4,"Fast Food,Snacks,Beverages",28.665,77.131,Locality (matched)
412186,Kothapet & Dilsukhnagar,Hyderabad,Golden Dragon,150,2.9,Fast Food,17.37,78.528,Locality (matched)
412271,Koregaon Park,Pune,Trattoria By Toscano,1200,2.9,"Italian,Pizzas,Pastas,Continental,Salads,Desserts,Beverages,Combo,Healthy Food",18.5362,73.8938,Locality (matched)
412275,Charminar,Hyderabad,Cravings,250,2.9,"Fast Food,Snacks",17.3616,78.4747,Locality (matched)
412339,Kurla,Mumbai,Mini Pakwan Dry And Fry,205,2.9,"Kebabs,Fast Food",19.0728,72.8826,Locality (matched)
412432,Vadapalani,Chennai,Mystery Of Brew,200,2.9,Indian,13.0503,80.2121,Locality (matched)
412522,Rohini,Delhi,Sanjha Chulha Since 1979,300,2.9,North Indian,28.7041,77.1025,Locality (matched)
412737,Dhole Patil Road,Pune,Sweet Bengal,150,4.5,"Sweets,Indian,Snacks,Desserts",18.533,73.878,Locality (matched)
412772,Central Kolkata,Kolkata,Sharma Tiffin,200,2.9,North Indian,22.57,88.355,Locality (matched)
412778,Chembur,Mumbai,The Food Maniac,200,2.9,"Chinese,Indian,South Indian,Snacks,Beverages",19.0522,72.9006,Locality (matched)
412801,Perambur,Chennai,Khichdi Experiment,250,3.9,"Home Food,Indian,Healthy Food,North Indian,Snacks,Maharashtrian,Sweets,South Indian,Combo,Desserts,Beverages,Kebabs",13.1155,80.234,Locality (matched)
412802,Perambur,Chennai,The Biryani Experiment,500,3.6,"Biryani,Hyderabadi,Indian,Kebabs,North Indian,South Indian,Andhra,Afghani,Combo,Desserts,Beverages,Punjabi,Kerala,Sweets,Arabian,Lucknowi,Parsi,Tandoor",13.1155,80.234,Locality (matched)
412803,Perambur,Chennai,Paratha Experiment,200,4.1,"North Indian,Punjabi,Home Food,Indian,Snacks,Combo,Desserts,Beverages,South Indian,Continental,Chettinad,Healthy Food,Chinese,Sweets",13.1155,80.234,Locality (matched)
412804,Perambur,Chennai,Bowlsome,250,3.2,"Asian,North Indian,Continental,Healthy Food,Punjabi,Home Food,Oriental,Desserts,Beverages,Pan-Asian,Bengali,Mangalorean,Kashmiri,Lucknowi,Chinese,Sweets,Kebabs,Combo,Rajasthani,Awadhi",13.1155,80.234,Locality (matched)
412805,Perambur,Chennai,That Pizza Place,500,2.9,"Pizzas,Italian,Fast Food,Desserts,Continental,Mediterranean,American,Mexican,Indian,Combo,Beverages,Bakery,French,Sweets,European,Lebanese,Snacks",13.1155,80.234,Locality (matched)
412840,Jayanagar,Bangalore,Natraj Chole Bhature,299,4.2,"Indian,Chaat,Sweets",12.925,77.5938,Locality (matched)
412889,Rohini,Delhi,Moolchand Chur Chur Naan & Paratha Since 1979,300,2.9,North Indian,28.7041,77.1025,Locality (matched)
412898,Tolichowki,Hyderabad,Coconut Juice Bar,200,4.5,"Beverages,Desserts,Healthy Food,Ice Cream,Snacks",17.4001,78.418,Locality (matched)
413047,Swargate,Pune,The Momo Panda,200,4.3,"Fast Food,Tibetan",18.5008,73.8586,Locality (matched)
413059,Banjara Hills,Hyderabad,Healing Rice Bowls,200,3.3,North Indian,17.4156,78.4347,Locality (matched)
413190,Tolichowki,Hyderabad,Cane Land,150,2.9,Snacks  Beverages,17.4001,78.418,Locality (matched)
413236,Nungambakkam,Chennai,Modern Malayali Kitchen,300,4.3,"South Indian,Chinese,Beverages",13.0569,80.2425,Locality (matched)
413483,Jayanagar,Bangalore,Golden Chai,200,4.3,"Beverages,Snacks,Fast Food",12.925,77.5938,Locality (matched)
413534,Jayanagar,Bangalore,Senoritas Mexican Kitchen By Little Italy,500,3.8,"Mexican,Salads,Combo,Snacks,Healthy Food",12.925,77.5938,Locality (matched)
413536,Nungambakkam,Chennai,Senoritas Mexican Kitchen By Little Italy,500,2.9,"Mexican,Salads,Combo,Snacks,Healthy Food",13.0569,80.2425,Locality (matched)
413563,Santacruz East,Mumbai,China Garden Restaurant,300,2.9,"Chinese,Asian",19.0822,72.8416,Locality (matched)
413584,Annanagar,Chennai,Kurtos Cremeria,400,2.9,European,13.085,80.2101,Locality (matched)
413609,Alipore,Kolkata,Chinese Empire,300,2.9,Indian,22.533,88.33,Locality (matched)
413611,Kothapet & Dilsukhnagar,Hyderabad,Gully Lounge,493,2.9,"Chinese,South Indian,Biryani,Juices,Beverages,Ice Cream",17.37,78.528,Locality (matched)
413614,Appa Balwant Chowk Pune,Pune,Madhur Pure Veg,500,3.9,"Chinese,South Indian,Indian,Beverages,Ice Cream",18.515,73.856,Locality (matched)
413623,Ghatkopar Vikhroli,Mumbai,Quick Bite Fast Food And Juice,350,2.9,"Chinese,Continental,South Indian,North Indian",19.098,72.925,Locality (matched)
413647,Banjara Hills,Hyderabad,The Sandwich Story,200,2.9,"Healthy Food,Snacks",17.4156,78.4347,Locality (matched)
413661,South Kolkata,Kolkata,Dil Ka Dabba,120,4.5,North Indian  South Indian  Fast Food  Snacks  Thalis  Combo,22.5,88.345,Locality (matched)
413667,Scruz Bandra East,Mumbai,Keventers Ice Creamery,300,2.9,"Ice Cream,Desserts",19.075,72.845,Locality (matched)
413727,Ultadanga,Kolkata,The Cake Craft,700,2.9,Bakery,22.598,88.39,Locality (matched)
413757,Himayath Nagar,Hyderabad,Bachelor Burgers,200,3.4,"Continental,Italian",17.4008,78.4813,Locality (matched)
413769,Kothapet & Dilsukhnagar,Hyderabad,Bakers S Street,450,2.9,Fast Food  Bakery  Desserts  Beverages,17.37,78.528,Locality (matched)
413816,Rohini,Delhi,Cheesecake & Co,350,4.3,Bakery,28.7041,77.1025,Locality (matched)
413825,Nungambakkam,Chennai,Nellai Fast Food,300,3.8,"Chinese,Indian,Combo",13.0569,80.2425,Locality (matched)
413860,Charminar,Hyderabad,Tameems Shawarma,270,2.9,"Arabian,Snacks",17.3616,78.4747,Locality (matched)
413908,Royapettah,Chennai,Burger It Up,200,4.3,"American,Continental,Beverages,Desserts",13.0569,80.265,Locality (matched)
413956,Salt Lake,Kolkata,Hangry Baba,300,2.9,"Chinese,Tibetan",22.585,88.418,Locality (matched)
414014,Malleshwaram,Bangalore,Cakes Joint,200,2.9,"Bakery,Desserts",13.0035,77.5647,Locality (matched)
414019,Sector V Salt Lake,Kolkata,Veers Kitchen,400,2.9,"Chinese,Combo,Tandoor",22.575,88.431,Locality (matched)
414087,Camp,Pune,Her Paratha Factory,200,2.9,North Indian,18.5122,73.879,Locality (matched)
414114,Camp,Pune,Classic Pav Bhaji,200,2.9,"Snacks,Punjabi",18.5122,73.879,Locality (matched)
414163,Banjara Hills,Hyderabad,Ath - All Things Healthy!,200,4,Healthy Food  Indian  Keto  Snacks  Bakery  North Indian,17.4156,78.4347,Locality (matched)
414234,Uppal,Hyderabad,The Waffle Co,200,4.2,Desserts  Beverages,17.4062,78.559,Locality (matched)
414258,Adajan,Surat,The Bakers Dozen,300,4.2,Bakery,21.196,72.78,Locality (matched)
414263,Mahalaxmi Rd,Surat,Luxuria Cakes N Bakes,150,4.1,"Bakery,Desserts",21.188,72.81,Locality (matched)
414306,Koramangala,Bangalore,Food Court By Kitchens@,450,2.9,"North Indian,Biryani,Chinese,Mughlai,Seafood,Snacks,Beverages,Ice Cream,Desserts",12.9352,77.6245,Locality (matched)
414433,Rajajinagar,Bangalore,Punjabi Zaika,300,4.1,"Continental,Italian,Fast Food",12.9905,77.5554,Locality (matched)
414443,Rohini,Delhi,The Kababs & Curry,300,2.9,"Chinese,North Indian",28.7041,77.1025,Locality (matched)
414555,Kothapet & Dilsukhnagar,Hyderabad,Hungry Treats,200,2.9,"Mexican,Pizzas,Pastas",17.37,78.528,Locality (matched)
414556,Himayath Nagar,Hyderabad,House Of Burger,150,2.9,"Fast Food,Beverages",17.4008,78.4813,Locality (matched)
414589,Banjara Hills,Hyderabad,Zouq Fusion Foods,800,2.8,Turkish,17.4156,78.4347,Locality (matched)
414648,Royapettah,Chennai,Warmoven Cake & Desserts,200,4.5,"Bakery,Desserts,Ice Cream",13.0569,80.265,Locality (matched)
414649,Royapettah,Chennai,Indiana Burgers,200,4.6,"American,Desserts",13.0569,80.265,Locality (matched)
414694,Jayanagar,Bangalore,Piazza Pizza By Little Italy,500,3.8,"Pizzas,Salads,Combo,Italian,Mexican,Desserts,Beverages,Pastas",12.925,77.5938,Locality (matched)
414774,Rajajinagar,Bangalore,Homelike,300,3.2,"Thalis,Combo,Beverages,Pizzas,Indian",12.9905,77.5554,Locality (matched)
414777,Tolichowki,Hyderabad,Andhra Gunpowder,280,4.4,Andhra,17.4001,78.418,Locality (matched)
414818,Indiranagar,Bangalore,Ath - All Things Healthy!,200,4.5,"Healthy Food,Indian,Bakery,Snacks,North Indian,Keto",12.9719,77.6412,Locality (matched)
414901,Rajajinagar,Bangalore,The Shake Company,300,2.9,"Beverages,Desserts",12.9905,77.5554,Locality (matched)
414917,Aundh,Pune,Sub Culture,400,2.9,"Fast Food,Snacks,Ice Cream,Juices",18.559,73.808,Locality (matched)
414919,Maninagar,Ahmedabad,Raj Omlet Center,200,3.7,"Fast Food,Indian",22.996,72.603,Locality (matched)
414920,Bong Chinese Ruby Area,Kolkata,Bong Chinese,200,4.3,Asian,22.514,88.398,Locality (substring match: 'ruby area')
414930,Alipore,Kolkata,Food Buddyz,300,2.9,Snacks  Desserts  Beverages  Pastas,22.533,88.33,Locality (matched)
414939,Adajan,Surat,Eggs Cafe,300,2.9,Indian,21.196,72.78,Locality (matched)
414963,Dumdum,Kolkata,Paris Bakery,280,2.9,"Bakery,Snacks,Indian",22.642,88.42,Locality (matched)
414967,Shivaji Nagar,Pune,High Garden,400,2.9,"Italian,Indian,Oriental",18.5308,73.8478,Locality (matched)
415011,Mehdipatnam,Hyderabad,Bakers Magic,350,2.9,Fast Food,17.3952,78.438,Locality (matched)
415020,Royapettah,Chennai,Rotticious,250,2.9,"Fast Food,Italian,Chinese,Beverages",13.0569,80.265,Locality (matched)
415086,Malleshwaram,Bangalore,Desserted,600,2.9,"Beverages,Snacks,Fast Food,Indian,Chinese,Italian",13.0035,77.5647,Locality (matched)
415212,Adajan,Surat,Happy Egg Point,150,3.6,"Thalis,Snacks,Indian,Combo",21.196,72.78,Locality (matched)
415302,Koramangala,Bangalore,Juno,300,2.9,"Pan-Asian,Oriental,Chinese,Indian,Persian",12.9352,77.6245,Locality (matched)
415319,Majestic,Bangalore,Arabian Palace Restaurant,200,2.9,"Chinese,Tandoor,Indian",12.9767,77.5713,Locality (matched)
415326,Banjara Hills,Hyderabad,Kulfi & Falooda Project,200,2.7,"Desserts,Snacks,Beverages,Healthy Food",17.4156,78.4347,Locality (matched)
415388,Kothrud,Pune,H Dragon Chinese Center,200,2.9,"Asian,Chinese",18.5074,73.8077,Locality (matched)
415445,Kurla,Mumbai,Khurram Bhai,300,2.9,"Indian,Chinese,Tandoor,South Indian",19.0728,72.8826,Locality (matched)
415455,Dumdum,Kolkata,Drooling Panda,300,4.3,"Asian,Chinese,Fast Food,Combo",22.642,88.42,Locality (matched)
415487,Vastrapur,Ahmedabad,Page One,250,2.9,"Chinese,Indian,Fast Food,Continental,Oriental",23.039,72.529,Locality (matched)
415600,Matunga Wadala,Mumbai,Wah Malvan,299,2.9,North Indian,19.022,72.855,Locality (matched)
415623,Ameerpet,Hyderabad,Coastal Chops,300,2.9,Coastal  Indian  Seafood,17.4374,78.4487,Locality (matched)
415653,Vastrapur,Ahmedabad,Punjab Da Chaska,250,2.9,North Indian,23.039,72.529,Locality (matched)
415657,Athwa,Surat,Murlidhar Restaurant,280,2.9,"Thalis,Indian",21.178,72.793,Locality (matched)
415685,Burrabazar,Kolkata,Pizza Kingz,250,2.9,"Pizzas,Juices,Fast Food",22.572,88.351,Locality (matched)
415766,Basavanagudi,Bangalore,Skoosh Bubble Tea,300,4.4,Beverages,12.9422,77.576,Locality (matched)
415778,Perambur,Chennai,Pizza Lounge,250,2.9,"Fast Food,Pizzas",13.1155,80.234,Locality (matched)
415789,Paldi & Ambawadi,Ahmedabad,The Lio' Pizza,500,4,Pizzas,23.02,72.5555,Locality (matched)
415825,Bibwewadi,Pune,Grab Popcorn,200,2.9,"Fast Food,Chaat,Snacks",18.475,73.863,Locality (matched)
415913,T Nagar,Chennai,Kalil Rahman Biryani Kadai,280,2.9,"Biryani,Indian",13.0418,80.2341,Locality (matched)
415979,Rajouri Garden,Delhi,Hamiz Laziz Foods,350,4.5,"Indian,Mughlai,Biryani,Tandoor,Kebabs",28.6492,77.12,Locality (matched)
416005,Kothapet & Dilsukhnagar,Hyderabad,Cakes11,200,4,Bakery  Desserts,17.37,78.528,Locality (matched)
416015,Wazirpur Industrial Area,Delhi,Clay-1 Grill,400,4.1,"Indian,Chinese,Mughlai,Seafood",28.698,77.167,Locality (matched)
416043,Marol Sakinaka,Mumbai,Dola Kitchen And Bar,850,2.9,Chinese  North Indian  Seafood  Pan-Asian,19.1073,72.8873,Locality (matched)
416281,Beltala Road,Kolkata,Beetbox Health Bar,300,4.7,"Healthy Food,Mexican,Lebanese,Desserts",22.523,88.36,Locality (matched)
416289,Marol Sakinaka,Mumbai,Afra Alfaham Grill Corner,400,2.9,"Grill,Chinese",19.1073,72.8873,Locality (matched)
416291,Vastrapur,Ahmedabad,The South Spot,400,4.7,South Indian,23.039,72.529,Locality (matched)
416315,Dumdum,Kolkata,Taste House,280,2.9,"Chinese,Seafood",22.642,88.42,Locality (matched)
416322,Annanagar,Chennai,Arezu,400,3.7,"Indian,Fast Food,Arabian",13.085,80.2101,Locality (matched)
416376,Girish Park,Kolkata,Pabrai'S Fresh And Naturelle Icecream,300,4.9,"Ice Cream,Beverages,Desserts",22.586,88.36,Locality (matched)
416444,Kurla,Mumbai,Hotel New Jose,400,2.9,"Indian,Chinese",19.0728,72.8826,Locality (matched)
416537,Nallakunta & Vidyanagar,Hyderabad,Eat Neat,200,4.2,"Fast Food,Lebanese,Continental,Healthy Food",17.402,78.4985,Locality (matched)
416540,Nallakunta & Vidyanagar,Hyderabad,I Love Combos,300,2.9,"Continental,Pizzas,Beverages,Fast Food",17.402,78.4985,Locality (matched)
416545,Bldg No15 /402  Aniket Building  Shivaji Nagar,Mumbai,Tiffins By Sam,200,2.9,Indian,19.076,72.8777,City-level (approximate fallback)
416547,Nallakunta & Vidyanagar,Hyderabad,Sandwich Bristo,250,2.9,"European,Snacks,Fast Food",17.402,78.4985,Locality (matched)
416557,Pitampara,Delhi,Chunmun'S Snacks & More,250,2.9,"North Indian,Fast Food,Snacks",28.6942,77.131,Locality (matched)
416564,Nallakunta & Vidyanagar,Hyderabad,Emi Burger,400,2.9,"Snacks,Beverages,Fast Food",17.402,78.4985,Locality (matched)
416568,Indiranagar,Bangalore,Hopshaus,600,2.9,"Pizzas,American,Indian,Pan-Asian,Chinese,Kebabs",12.9719,77.6412,Locality (matched)
416587,Kilpauk,Chennai,Mr Mrs Madharasi Cafe,300,2.9,"Fast Food,Snacks,Chaat,Juices,Beverages",13.085,80.241,Locality (matched)
416617,South Kolkata,Kolkata,Simply Chinese,300,2.9,Chinese  Indian,22.5,88.345,Locality (matched)
416640,Central Kolkata,Kolkata,Brunch Italino,200,2.9,Bakery  Desserts  Snacks,22.57,88.355,Locality (matched)
416667,Kothrud,Pune,The Nutri Pro Kitchen,500,4.1,"Healthy Food,Salads,Juices,Continental,Indian",18.5074,73.8077,Locality (matched)
416699,Adajan,Surat,Healthy Culture,400,2.9,"Pizzas,Pastas",21.196,72.78,Locality (matched)
416830,Rajouri Garden Extension,Delhi,Louis Burger,600,4.2,"American,Fast Food",28.6492,77.12,Locality (matched)
416837,Adajan,Surat,Pan Asian Culture,400,3.6,Pan-Asian,21.196,72.78,Locality (matched)
416847,South Kolkata,Kolkata,Desi Chin,200,2.9,Chinese,22.5,88.345,Locality (matched)
416989,Dumdum,Kolkata,Shahi Dum Pukht,250,3.7,North Indian,22.642,88.42,Locality (matched)
417032,Salt Lake,Kolkata,Purple Panda By Purple Foods,200,2.9,Chinese,22.585,88.418,Locality (matched)
417036,Central Kolkata,Kolkata,Faloodah By Purple Foods,200,2.9,"Beverages,Desserts",22.57,88.355,Locality (matched)
417041,Kakurgachi,Kolkata,Red Bubble Cafe By Purple Foods,250,2.9,"Beverages,Desserts,Pizzas,Pastas,Snacks",22.585,88.39,Locality (matched)
417043,Kakurgachi,Kolkata,Sultanat E Biryani By Purple Foods,200,2.9,"Kebabs,North Indian,Biryani",22.585,88.39,Locality (matched)
417051,Tangra,Kolkata,Paradise Kitchen,250,2.9,"Fast Food,Beverages",22.546,88.396,Locality (matched)
417069,Marol Sakinaka,Mumbai,Signature Select,350,2.9,"Asian,Thai,Chinese",19.1073,72.8873,Locality (matched)
417079,Salt Lake,Kolkata,Johar,300,2.9,"Bengali,Indian",22.585,88.418,Locality (matched)
417169,Kothapet & Dilsukhnagar,Hyderabad,Platform 65,400,3.3,"Indian,North Indian,Chinese,Desserts,Beverages",17.37,78.528,Locality (matched)
417379,Swargate,Pune,Deep Blue Sea,250,2.9,"Fast Food,Seafood",18.5008,73.8586,Locality (matched)
417528,Athwa,Surat,A R Chinese,200,2.9,Indian,21.178,72.793,Locality (matched)
417617,Ekdalia,Kolkata,Flurys,400,4.7,"Desserts,Bakery,Snacks",22.523,88.366,Locality (matched)
417692,Paschim Vihar,Delhi,Dil Se Foodie Amul Butter Wale Burger,500,2.9,"Continental,American,Desserts,Fast Food,Mexican,Beverages,Punjabi",28.6692,77.1013,Locality (matched)
417694,Somajiguda & Khairtabad,Hyderabad,New Arabian Mandi Restaurant,400,2.9,Arabian,17.417,78.46,Locality (matched)
417750,Ghatlodia,Ahmedabad,Spaniard Pizzeria,250,2.9,"Pizzas,Fast Food",23.062,72.539,Locality (matched)
417826,Navrangpura,Ahmedabad,La Milano Pizzeria,400,4,"Pizzas,Pastas,Desserts,Italian",23.0365,72.561,Locality (matched)
417854,Adajan,Surat,Matka Biryani Culture,400,4.3,Biryani,21.196,72.78,Locality (matched)
417861,Indiranagar,Bangalore,Singhs Desi Swad,400,2.9,"Indian,Snacks,Beverages",12.9719,77.6412,Locality (matched)
417865,Mehdipatnam,Hyderabad,Andhra Meals And Rolls Zone,200,2.9,"South Indian,Indian",17.3952,78.438,Locality (matched)
417977,George Town,Chennai,C.F.C Hyderabad Dum Biryani & Fast Food,250,2.9,"Biryani,Fast Food",13.094,80.287,Locality (matched)
418016,Maninagar,Ahmedabad,Keventers Ice Creamery,300,2.9,"Ice Cream,Desserts",22.996,72.603,Locality (matched)
418076,Narhe,Pune,Ind Annamm,100,2.9,"Indian,Fast Food,Snacks,Beverages",18.446,73.811,Locality (matched)
418260,Naranpura,Ahmedabad,Butterfly Kitchen,200,2.9,"Indian,Chinese,Snacks,South Indian,Fast Food",23.048,72.558,Locality (matched)
418285,Ameerpet,Hyderabad,The Bakers Dozen,350,4.7,Bakery  Beverages,17.4374,78.4487,Locality (matched)
418311,Central Kolkata,Kolkata,Biryani Hub,199,2.9,Biryani,22.57,88.355,Locality (matched)
418353,Sector -15,Delhi,Mummys Kitchen,500,2.9,Biryani,28.735,77.12,Locality (matched)
418389,Indiranagar,Bangalore,Auntie Fungs,600,4,"Chinese,Thai,Asian",12.9719,77.6412,Locality (matched)
418484,Safal Square Vesu,Surat,Indian Chicken Express,200,2.9,"Fast Food,Indian",21.14,72.777,Locality (matched)
418529,Isanpur,Ahmedabad,Lamilano Pizzeria Ghodasar,400,4.4,Pizzas,22.97,72.61,Locality (matched)
418585,Rohini,Delhi,Chicken Khurana,300,2.9,"Indian,Desserts,Snacks",28.7041,77.1025,Locality (matched)
418656,Salt Lake,Kolkata,Masala Darbar,200,2.9,"North Indian,Chinese,Tandoor,Biryani",22.585,88.418,Locality (matched)
418785,Ashok Nagar,Bangalore,Times Square Cafe,300,2.9,"Fast Food,Desserts,Combo,Beverages",12.9843,77.5936,Locality (matched)
418879,Vadapalani,Chennai,Lassi No 1,200,2.9,"Beverages,Desserts",13.0503,80.2121,Locality (matched)
418950,Camp,Pune,Malabar Restaurant,300,2.9,Indian,18.5122,73.879,Locality (matched)
419093,Camp,Pune,Kerala House,300,4.2,"Indian,Chinese",18.5122,73.879,Locality (matched)
419240,Jadavpur,Kolkata,Malacca Strait,300,2.9,"Chinese,Thai",22.499,88.371,Locality (matched)
419255,Vastrapur,Ahmedabad,Wakka Makka,400,4.6,"Chinese,Asian,Beverages",23.039,72.529,Locality (matched)
419306,Vastrapur,Ahmedabad,Hot Lee Chinese,400,4.6,"Chinese,Asian,Beverages",23.039,72.529,Locality (matched)
419316,Salt Lake,Kolkata,Galawati,300,2.9,"Afghani,Mughlai",22.585,88.418,Locality (matched)
419354,Arumbakkam,Chennai,Single Tea Machi,120,2.9,"Fast Food,Juices,Chaat,Desserts,Beverages",13.073,80.21,Locality (matched)
419423,Central Bangalore,Bangalore,K C Kabab Corner,200,2.9,"Indian,Biryani",12.9767,77.5993,Locality (matched)
419476,Andheri East,Mumbai,Radhakrishna Pav Bhaji Centre,200,2.9,Fast Food,19.1136,72.8697,Locality (matched)
419538,Viman Nagar,Pune,Biryani Trip,350,2.9,Biryani,18.567,73.9143,Locality (matched)
419556,Baner,Pune,Paratha Envy,280,4.1,North Indian,18.559,73.7868,Locality (matched)
419707,Kachiguda,Hyderabad,Kfc,400,3.8,American  Snacks,17.3843,78.5013,Locality (matched)
419784,Perambur,Chennai,Chennai Fast Food,160,2.9,Indian,13.1155,80.234,Locality (matched)
419838,Salt Lake - Kolkata,Kolkata,S.P Kitchen,300,3.1,"Chinese,Combo",22.585,88.418,Locality (matched)
419872,Malleshwaram,Bangalore,Kodial Cafe ( We Use Ideal Icecream ) Malleshwaram,250,4.3,"Mangalorean,Ice Cream,Snacks",13.0035,77.5647,Locality (matched)
419904,South Kolkata,Kolkata,Calorie Crave,400,2.9,Continental  Indian  Desserts,22.5,88.345,Locality (matched)
419937,Central Kolkata,Kolkata,Sooper Burger,150,2.9,Continental,22.57,88.355,Locality (matched)
420074,Kilpauk,Chennai,Atoms By Blind Ch3Mistry,400,2.9,"Beverages,Continental,Italian",13.085,80.241,Locality (matched)
420184,Salt Lake,Kolkata,Dawat Patrified,500,2.9,"Chinese,Indian,Desserts",22.585,88.418,Locality (matched)
420232,Malleshwaram,Bangalore,Karnataka Bhel House,100,4.2,"Chaat,Snacks",13.0035,77.5647,Locality (matched)
420277,Salt Lake,Kolkata,Qfc - Quality Fried Chicken,300,4.6,"Indian,American",22.585,88.418,Locality (matched)
420362,Burrabazar,Kolkata,Bhuri Bhoj,299,2.9,"North Indian,Chinese",22.572,88.351,Locality (matched)
420370,Begumpet,Hyderabad,Tanisi Multicuisine Restaurant,300,2.9,"Indian,Chinese,Biryani,Continental",17.44,78.465,Locality (matched)
420391,Paldi & Ambawadi,Ahmedabad,Jumbo Box,300,3.9,"Indian,Street Food",23.02,72.5555,Locality (matched)
420451,Chembur,Mumbai,Kebabville,250,2.9,"Kebabs,Lebanese,Fast Food",19.0522,72.9006,Locality (matched)
420468,Powai,Mumbai,Pizza Bar,500,2.9,Pizzas,19.1176,72.906,Locality (matched)
420599,Nungambakkam,Chennai,Lord Of The Drinks,200,2.9,"Indian,Italian",13.0569,80.2425,Locality (matched)
420720,Koramangala,Bangalore,Dairy Day Ice Creams,200,4.5,"Ice Cream,Desserts",12.9352,77.6245,Locality (matched)
420727,Rani Bagh,Delhi,Kaleva,300,4.2,"Indian,Sweets,Street Food",28.695,77.131,Locality (matched)
420739,Piplod,Surat,Chalu Chinese,400,2.9,"Chinese,Seafood",21.166,72.777,Locality (matched)
420759,Annanagar,Chennai,Pizza Mechanics,200,2.9,Pizzas,13.085,80.2101,Locality (matched)
420838,Maninagar,Ahmedabad,Foodish Daily Chaska,300,2.9,"Pizzas,Fast Food,Snacks,Beverages",22.996,72.603,Locality (matched)
420864,Banjara Hills,Hyderabad,Hero Sandwiches,250,2.9,"Fast Food,Salads,Snacks,Desserts",17.4156,78.4347,Locality (matched)
420880,Koramangala,Bangalore,Ek Dum Desi,400,2.9,North Indian,12.9352,77.6245,Locality (matched)
420888,Kalyani Nagar,Pune,Donatella,400,4.4,"Pizzas,Italian,Mexican",18.5479,73.9014,Locality (matched)
421026,Khairtabad,Hyderabad,Hotel Indu Deluxe,400,4.9,"South Indian,Biryani",17.411,78.462,Locality (matched)
421111,Marol Sakinaka,Mumbai,Eighth Sin,400,2.9,Bakery,19.1073,72.8873,Locality (matched)
421128,Perambur,Chennai,The Sandwich Project,200,2.9,"Fast Food,Beverages",13.1155,80.234,Locality (matched)
421245,Vadapalani,Chennai,Chickwalk,300,4.4,"Fast Food,Continental,Beverages,Ice Cream",13.0503,80.2121,Locality (matched)
421326,Paldi & Ambawadi,Ahmedabad,Bablu Shree Farali Center,300,4.3,"Indian,Snacks",23.02,72.5555,Locality (matched)
421377,Powai,Mumbai,Tru Falafel,600,4.5,Lebanese  Middle Eastern  Healthy Food  Mediterranean  Arabian,19.1176,72.906,Locality (matched)
421414,Kurla,Mumbai,Al-Nf Restaurant,200,2.9,Chinese  Fast Food,19.0728,72.8826,Locality (matched)
421443,Scruz Bandra East,Mumbai,Meals On Fire,300,2.9,Chinese  Fast Food,19.075,72.845,Locality (matched)
421469,Viman Nagar,Pune,Fatsome Burgers,300,2.9,"American,Beverages,Pastas,Pizzas",18.567,73.9143,Locality (matched)
421488,Salt Lake,Kolkata,Lord Of The Fries,250,2.9,Snacks  Indian,22.585,88.418,Locality (matched)
421500,Shivaji Nagar,Pune,Cafe Durga,300,2.9,"South Indian,Fast Food,Beverages",18.5308,73.8478,Locality (matched)
421504,Shivaji Nagar,Pune,Munchieez,400,2.9,"Fast Food,Snacks,Beverages",18.5308,73.8478,Locality (matched)
421545,Dumdum,Kolkata,Aso Basi Pasapasi Kichukhan,200,2.9,"North Indian,Chinese",22.642,88.42,Locality (matched)
421563,Begumpet,Hyderabad,Kgf Italian Wood Fire Pizza,300,2.9,Italian  Pizzas,17.44,78.465,Locality (matched)
421608,Ruby Area,Kolkata,Absabsolute Barbecues,300,3.7,"North Indian,Mughlai,Chinese,Biryani",22.514,88.398,Locality (matched)
421614,Himayath Nagar,Hyderabad,Patiala On The Rocks,250,2.9,"Beverages,Snacks",17.4008,78.4813,Locality (matched)
421650,Athwa,Surat,Dalbati Tadka,200,2.9,Rajasthani,21.178,72.793,Locality (matched)
421659,Banjara Hills,Hyderabad,Mf Biryani And Shawarma,250,2.9,Biryani,17.4156,78.4347,Locality (matched)
421706,Himayath Nagar,Hyderabad,The Burger Dudes,250,2.9,"Continental,Fast Food,Snacks",17.4008,78.4813,Locality (matched)
421765,Ashok Nagar,Bangalore,Karavali Family Restaurant,200,4.1,"Mangalorean,Seafood,Chinese,Coastal",12.9843,77.5936,Locality (matched)
421777,Puna Patia,Surat,Navjivan Hotel,200,2.9,North Indian,21.155,72.79,Locality (matched)
421784,Royapettah,Chennai,Bateel,1000,2.9,"Desserts,Fast Food",13.0569,80.265,Locality (matched)
421798,Warje,Pune,The Land Of Chenab,600,2.9,"Indian,Kebabs",18.478,73.806,Locality (matched)
421912,Jadavpur,Kolkata,Idli Dosa,200,2.9,"South Indian,North Indian",22.499,88.371,Locality (matched)
422079,Banjara Hills,Hyderabad,Momos Momos,220,2.9,Fast Food,17.4156,78.4347,Locality (matched)
422104,Ultadanga Telenga Bagan,Kolkata,Flavours Inn Dhaba,500,2.9,"Chinese,Indian",22.598,88.39,Locality (substring match: 'ultadanga')
422198,Kothrud,Pune,Indian Chinese,200,2.9,"Chinese,North Indian,Beverages",18.5074,73.8077,Locality (matched)
422280,Kothrud,Pune,Moonlight Kitchen,200,2.9,"Chinese,North Indian,Maharashtrian,Beverages",18.5074,73.8077,Locality (matched)
422300,Matunga Wadala,Mumbai,Wah Maratha,199,2.9,Indian,19.022,72.855,Locality (matched)
422325,Rohini,Delhi,The Sugar Free Keto Kafe - By Artinci,200,4.8,"Healthy Food,Keto,Desserts,Ice Cream,Snacks,Beverages,Bakery",28.7041,77.1025,Locality (matched)
422471,Kurla,Mumbai,Bake Ur Day,400,4.3,"Desserts,Bakery",19.0728,72.8826,Locality (matched)
422664,Viman Nagar,Pune,Pizza Loca,350,2.9,"Pizzas,Pastas,Fast Food,Beverages",18.567,73.9143,Locality (matched)
422722,Arumbakkam,Chennai,Alibaba Shawarma And 40 Dishes,250,3.7,Lebanese,13.073,80.21,Locality (matched)
422749,Chembur,Mumbai,Dabba Garam (Homely Meals & More),150,4.1,North Indian,19.0522,72.9006,Locality (matched)
422757,Kestopur,Kolkata,Heavens Kitchen,300,2.9,Indian,22.602,88.426,Locality (matched)
422895,Central Bangalore,Bangalore,Rcb Cafe,700,2.9,Bakery,12.9767,77.5993,Locality (matched)
422933,Naranpura,Ahmedabad,Rps Pizzeria,200,2.9,"Pizzas,Pastas,Snacks",23.048,72.558,Locality (matched)
422942,Central Bangalore,Bangalore,Foodx Restaurant,200,2.9,"Indian,Chinese,Fast Food,Juices",12.9767,77.5993,Locality (matched)
422979,Punjabi Bagh,Delhi,Kalaunji By Sticky Rice,800,4.4,"North Indian,Mughlai,Biryani,Desserts,Indian,Kebabs",28.665,77.131,Locality (matched)
423180,Kothrud,Pune,Rap N Roll,300,2.9,"Combo,Fast Food,Asian,Snacks",18.5074,73.8077,Locality (matched)
423192,Kothrud,Pune,Won China,400,2.9,Chinese,18.5074,73.8077,Locality (matched)
423194,Kothrud,Pune,Malaka Spice,1300,4.5,"Asian,Japanese,Korean,Malaysian,Thai,Vietnamese",18.5074,73.8077,Locality (matched)
423195,Banjara Hills,Hyderabad,Meals101,350,4,"Chinese,North Indian,Desserts,Beverages",17.4156,78.4347,Locality (matched)
423202,Kothapet & Dilsukhnagar,Hyderabad,Millet Express,200,4.2,Healthy Food  South Indian,17.37,78.528,Locality (matched)
423205,Ruby Area,Kolkata,7 - Eleven,300,2.9,"Beverages,Fast Food,Desserts",22.514,88.398,Locality (matched)
423232,Salt Lake,Kolkata,Shanghai Flavours Of China Town,1000,3.8,Chinese,22.585,88.418,Locality (matched)
423285,Himayath Nagar,Hyderabad,The Shawarma Daddy,150,2.2,"Arabian,Continental,Snacks",17.4008,78.4813,Locality (matched)
423329,Majestic,Bangalore,Hotel New Prashanth Naati Style,300,2.9,"Chinese,Indian,Biryani,Seafood",12.9767,77.5713,Locality (matched)
423372,Mylapore,Chennai,The Magic Food Center,100,2.9,"Fast Food,Chaat",13.0339,80.2695,Locality (matched)
423462,South Kolkata,Kolkata,Kolkata Pantry,500,2.9,North Indian  Chinese  Bengali,22.5,88.345,Locality (matched)
423507,Old Washermanpet,Chennai,Pandi Briyani Hotel,250,2.9,"Biryani,South Indian",13.114,80.282,Locality (matched)
423514,Santosh Nagar,Hyderabad,Oven Story Pizza,600,4.3,Pizzas,17.36,78.498,Locality (matched)
423548,Ameerpet,Hyderabad,Hans Kitchen,350,2.9,Chinese  North Indian,17.4374,78.4487,Locality (matched)
423553,Marol Sakinaka,Mumbai,Polka Pop,120,2.9,Beverages,19.1073,72.8873,Locality (matched)
423689,Asif Nagar,Hyderabad,Falak Restaurant And Banquet Hall,250,2.9,"Biryani,Chinese,Mughlai",17.396,78.455,Locality (matched)
423727,Jayanagar,Bangalore,Mimi Takeout By Taiki,850,4.4,"Chinese,Asian,Thai",12.925,77.5938,Locality (matched)
423814,Majestic,Bangalore,Hotel Annapoorna,450,4.5,"Biryani,Andhra",12.9767,77.5713,Locality (matched)
423944,Central Kolkata,Kolkata,Sharma Milk,200,2.9,Chinese,22.57,88.355,Locality (matched)
424024,Salt Lake,Kolkata,London Dairy,300,2.9,Ice Cream,22.585,88.418,Locality (matched)
424029,Viman Nagar,Pune,The Burger Story,200,2.9,"Snacks,Fast Food,Beverages",18.567,73.9143,Locality (matched)
424132,Alipore,Kolkata,Just For Foodies,300,4.5,"South Indian,Fast Food",22.533,88.33,Locality (matched)
424158,Cunningham Road,Bangalore,Trippy Goat Cafe & Wine,1500,2.9,"Beverages,Continental,Italian",12.9873,77.5947,Locality (matched)
424203,Ruby Area,Kolkata,Aamaze Dhaba,200,2.9,"Indian,Chinese",22.514,88.398,Locality (matched)
424255,Marol Sakinaka,Mumbai,Saki Darbar,300,2.9,"Indian,Mughlai,Tandoor,Chinese",19.1073,72.8873,Locality (matched)
424271,Kurla,Mumbai,Kohlis Kitchen,300,2.9,"Chinese,Indian,Tandoor",19.0728,72.8826,Locality (matched)
424336,Lake Town,Kolkata,Patta Dona,200,2.9,Indian  Continental  Beverages  Fast Food,22.605,88.395,Locality (matched)
424361,Majestic,Bangalore,Udupi Sri Krishna Bhavan,200,2.9,South Indian,12.9767,77.5713,Locality (matched)
424420,Annanagar,Chennai,Narsuvai Biryani,275,2.9,Biryani,13.085,80.2101,Locality (matched)
424423,Nsp,Delhi,Bansal Sweet Shop,300,4.4,"Sweets,Snacks",28.698,77.152,Locality (matched)
424467,Mota Varachha,Surat,Pandeyji Restaurant,200,2.9,Indian,21.228,72.846,Locality (matched)
424558,Basavanagudi,Bangalore,La Pino'Z Pizza,220,3.9,Pizzas,12.9422,77.576,Locality (matched)
424616,Malleshwaram,Bangalore,Sea Spice Multicuisine Restaurant,400,2.9,"Seafood,Chinese,Biryani",13.0035,77.5647,Locality (matched)
424618,Jadavpur,Kolkata,The Nightingale,250,2.9,Chinese,22.499,88.371,Locality (matched)
424624,Kurla,Mumbai,Shalimar Juicy,200,2.9,"Indian,Beverages,Snacks,Desserts,Pizzas",19.0728,72.8826,Locality (matched)
424634,Navrangpura,Ahmedabad,Parosa,600,2.9,"Continental,Italian,Chinese,North Indian,Beverages",23.0365,72.561,Locality (matched)
424641,Kothrud,Pune,Out Of The Oven,200,2.9,Bakery,18.5074,73.8077,Locality (matched)
424643,Malleshwaram,Bangalore,Fishs Of The Day,400,2.9,Seafood,13.0035,77.5647,Locality (matched)
424731,Indiranagar,Bangalore,Mahesh Lunch Home,1000,4.1,"Indian,Seafood,Oriental",12.9719,77.6412,Locality (matched)
424758,South Kolkata,Kolkata,English Bazar Express,250,2.9,"Chinese,Thai",22.5,88.345,Locality (matched)
424819,Baner,Pune,Wok 'Ur' World,900,2.9,"Asian,Chinese,Seafood,Continental",18.559,73.7868,Locality (matched)
424874,Himayath Nagar,Hyderabad,Star Santosh Dhaba,300,3.4,"North Indian,Biryani,Chinese,Indian,Tandoor",17.4008,78.4813,Locality (matched)
424944,Perambur,Chennai,Thoothukudi Poricha Parotta,150,4.2,Indian,13.1155,80.234,Locality (matched)
425001,Lake Town,Kolkata,Mastea,300,4.3,"Continental,Chinese,Italian",22.605,88.395,Locality (matched)
425060,Kurla,Mumbai,Afghan Darbar Chinese Corner,240,2.9,"Chinese,Biryani",19.0728,72.8826,Locality (matched)
425098,Jodhpur Park,Kolkata,Red Pitcher,300,4.4,"Italian,Continental,Desserts,Pizzas,American,Mexican",22.503,88.362,Locality (matched)
425161,Chandkheda,Ahmedabad,Rolls And Rolls And More,300,2.9,"Chinese,Snacks",23.11,72.594,Locality (matched)
425283,Dhankawadi,Pune,The Chinese Window,300,2.9,Chinese,18.457,73.847,Locality (matched)
425288,Egmore,Chennai,Quarter Biryani,300,3.8,"Biryani,Combo,Chinese",13.0732,80.2609,Locality (matched)
425544,Laldarwaja,Ahmedabad,Recharge For Hunger,200,2.9,Continental,23.025,72.592,Locality (matched)
425588,T Nagar,Chennai,1By2,250,4.9,"Beverages,Snacks",13.0418,80.2341,Locality (matched)
425708,Indiranagar,Bangalore,Wraps Rolls & Bowls,250,4.3,"North Indian,Chinese,Fast Food,Desserts",12.9719,77.6412,Locality (matched)
425752,Salt Lake,Kolkata,Loafers Cafe,200,2.9,"Desserts,Bakery,Italian,Pizzas,Pastas",22.585,88.418,Locality (matched)
425780,Ruby Area,Kolkata,Ad Food Corner,150,2.9,Chinese,22.514,88.398,Locality (matched)
425785,Vastral,Ahmedabad,The Lio' Pizza,500,4.3,"Pizzas,Italian",22.99,72.658,Locality (matched)
425795,Sinhgad Road,Pune,Ars Arebian Shawarma,200,2.9,"Arabian,Fast Food,Beverages",18.47,73.825,Locality (matched)
425800,Powai,Mumbai,Spicy Tadka,300,4.3,Chinese  North Indian  Biryani  Sweets,19.1176,72.906,Locality (matched)
425918,Salt Lake,Kolkata,Dipas Kitchen,200,3.8,"North Indian,Chinese,Snacks",22.585,88.418,Locality (matched)
425927,Mantri Sqare Mall,Bangalore,Barbecue By Punjab Grill,900,2.9,"North Indian,Indian,Biryani,Punjabi,Kebabs,Mughlai,Desserts",13.0105,77.571,Locality (matched)
425950,Indiranagar,Bangalore,Bheemavarma'S Biryani,600,4.2,"Biryani,Andhra,Chettinad,South Indian,Hyderabadi,Kebabs,Combo",12.9719,77.6412,Locality (matched)
425956,Maninagar,Ahmedabad,Ronak Omlet,200,3.8,"Continental,Snacks",22.996,72.603,Locality (matched)
425974,Ra Puram,Chennai,Shri Ganesh Bhavan,250,4.6,South Indian,13.03,80.262,Locality (matched)
425995,Ghatkopar Vikhroli,Mumbai,Vadilal Ice Cream,200,4.6,Ice Cream,19.098,72.925,Locality (matched)
426000,Swargate,Pune,Top N Town,100,2.9,"Ice Cream,Desserts",18.5008,73.8586,Locality (matched)
426014,Navrangpura,Ahmedabad,Frankies And Fries,300,2.9,"Fast Food,Continental",23.0365,72.561,Locality (matched)
426022,Warje,Pune,Bkc Desi Hut,400,2.9,"Biryani,North Indian,Chinese,Beverages",18.478,73.806,Locality (matched)
426072,Pitampura,Delhi,The Yellow Bowl,200,4.4,"Chinese,Italian",28.6942,77.131,Locality (matched)
426106,Perambur,Chennai,Mr.Burger,280,2.9,"Pizzas,Pastas,Indian",13.1155,80.234,Locality (matched)
426166,Matunga East,Mumbai,Myfroyoland,400,4.7,Desserts  Ice Cream,19.029,72.856,Locality (matched)
426223,Alipore,Kolkata,Taza Home Made Food,299,2.9,Chinese,22.533,88.33,Locality (matched)
426232,Athwa,Surat,Rangila Vadapav And Fast Food,150,3.9,"Fast Food,Pizzas,Pastas,Snacks",21.178,72.793,Locality (matched)
426282,Kurla,Mumbai,Delicious Chinese,250,2.9,"North Indian,Chinese",19.0728,72.8826,Locality (matched)
426357,Marol Sakinaka,Mumbai,Food Trotters,350,2.9,"American,Continental,Italian,Fast Food",19.1073,72.8873,Locality (matched)
426393,Indiranagar,Bangalore,Sree Venkateshwara Foods,500,3.8,"Hyderabadi,Andhra,Continental",12.9719,77.6412,Locality (matched)
426449,Jadavpur,Kolkata,La Cantonese,400,2.9,"Chinese,Desserts",22.499,88.371,Locality (matched)
426476,Manohar Pukur Road,Kolkata,Flavourable,300,2.9,"Chinese,North Indian,Beverages",22.516,88.355,Locality (matched)
426507,Annanagar,Chennai,Mahtab,900,2.9,"North Indian,Desserts",13.085,80.2101,Locality (matched)
426627,Chembur,Mumbai,Artinci - Indulge Guilt Free!,250,4.5,Healthy Food  Keto  Desserts  Ice Cream  Beverages  Snacks  Bakery,19.0522,72.9006,Locality (matched)
426660,Chembur,Mumbai,Chaaps & More,300,4,"Indian,Punjabi,Tandoor",19.0522,72.9006,Locality (matched)
426682,Circus Avenue,Kolkata,Uno Pizzeria & Grill,400,4.2,"Italian,Pizzas,Pastas,Mexican,American",22.545,88.363,Locality (matched)
426730,Central Bangalore,Bangalore,Theobroma,500,4.5,"Desserts,Bakery,Beverages",12.9767,77.5993,Locality (matched)
426763,Ruby Area,Kolkata,Kimchi,300,4,Chinese,22.514,88.398,Locality (matched)
426799,Jadavpur,Kolkata,Ttoniq,300,2.9,"Beverages,Snacks",22.499,88.371,Locality (matched)
426818,Sion,Mumbai,New Neelam Restaurant And Bar,196,2.9,Chinese  Indian,19.0448,72.8619,Locality (matched)
426820,Vishrantwadi,Pune,R.K. Chinese,200,2.9,Chinese,18.567,73.872,Locality (matched)
426891,Shivaji Nagar,Pune,The Golden Samosa,100,2.9,Snacks,18.5308,73.8478,Locality (matched)
426915,Andheri East,Mumbai,Delhi King,355,2.9,"Fast Food,Pizzas,Snacks",19.1136,72.8697,Locality (matched)
426940,Burrabazar,Kolkata,Mahal Restaurant,200,2.9,"Bengali,Indian",22.572,88.351,Locality (matched)
426951,Kankurgachi,Kolkata,Bella Ciao,250,2.9,South Indian  Indian  Chinese  Combo,22.585,88.39,Locality (matched)
427119,Madhavaram - Manali,Chennai,Madurai Pandiyan Hotel,200,2.9,Indian,13.149,80.232,Locality (matched)
427121,Himayath Nagar,Hyderabad,Panda Momos,250,2.9,Chinese,17.4008,78.4813,Locality (matched)
427216,Shivaji Nagar,Pune,Bol Baby Bowl,300,2.9,"Continental,Indian",18.5308,73.8478,Locality (matched)
427280,Chembur,Mumbai,Get In My Belly,500,5,Indian,19.0522,72.9006,Locality (matched)
427282,Chembur,Mumbai,The Asian Pavilion,200,5,Asian  Chinese,19.0522,72.9006,Locality (matched)
427290,Chembur,Mumbai,Sugar Nest,300,2.9,Desserts  Bakery,19.0522,72.9006,Locality (matched)
427308,Central Bangalore,Bangalore,The Bangalore Kitchen,300,2.9,"Biryani,Fast Food,Barbecue",12.9767,77.5993,Locality (matched)
427365,Camp,Pune,Amalgam - Fusion Food,500,2.9,"Continental,Italian,Bakery,Pan-Asian,Oriental",18.5122,73.879,Locality (matched)
427395,Indiranagar,Bangalore,Coastal Home Food,249,2.9,"Indian,Seafood",12.9719,77.6412,Locality (matched)
427422,Central Bengalore,Bangalore,Zed The Baker,500,4,"Italian,Pizzas,Pastas,Indian",12.9767,77.5993,Locality (fuzzy match: 'central bangalore')
427471,Padmarao Nagar,Hyderabad,Oh My Shawarma,300,4.3,Indian,17.427,78.497,Locality (matched)
427506,Perambur,Chennai,Chatar Patar,300,2.9,"Fast Food,Street Food",13.1155,80.234,Locality (matched)
427515,Aundh,Pune,Taco Bell,300,3.9,Mexican,18.559,73.808,Locality (matched)
427522,Adajan,Surat,Kook Doo Cook,300,3.9,Fast Food,21.196,72.78,Locality (matched)
427572,Rohini,Delhi,The Golden Yolk,200,2.9,"Indian,Snacks",28.7041,77.1025,Locality (matched)
427645,Kothrud,Pune,Between The Buns,300,2.9,Fast Food,18.5074,73.8077,Locality (matched)
427662,Kothapet & Dilsukhnagar,Hyderabad,Madhouse Pizzas And Thichshakes,300,2.9,"Beverages,Juices,Salads",17.37,78.528,Locality (matched)
427724,Piplod,Surat,Dreamery By Getawhey,250,2.9,Desserts,21.166,72.777,Locality (matched)
427778,Bibwewadi,Pune,Pune Adda,200,4.6,"North Indian,Chinese,Biryani,Desserts,Punjabi,Mangalorean,Seafood,Mughlai,Thai,Indian",18.475,73.863,Locality (matched)
427804,Chembur,Mumbai,Mumbai Zaika,500,2.9,Chinese  North Indian  Tandoor  Biryani  Beverages  Desserts,19.0522,72.9006,Locality (matched)
427807,Kurla,Mumbai,Welcome Fastfood And Juice Center,150,2.9,"Beverages,Fast Food,Juices,Pizzas",19.0728,72.8826,Locality (matched)
427945,Egmore,Chennai,Ra3,300,2.9,"Indian,Chinese,Combo",13.0732,80.2609,Locality (matched)
428047,Egmore,Chennai,Roll'D Eats,300,2.9,Fast Food,13.0732,80.2609,Locality (matched)
428076,Swargate,Pune,Kwality Walls Frozen Dessert And Ice Cream Shop,300,2.9,Ice Cream,18.5008,73.8586,Locality (matched)
428100,Narayan Peth,Pune,Havmor Ice Cream,200,2.9,"Ice Cream,Desserts,Bakery",18.514,73.853,Locality (matched)
428117,Frazer Town,Bangalore,Saapaad,400,2.9,"South Indian,Biryani,Beverages",12.9967,77.6127,Locality (matched)
428123,Salt Lake,Kolkata,The Big Wrap,200,2.9,Fast Food,22.585,88.418,Locality (matched)
428125,Dumdum,Kolkata,Suswadu,300,2.9,Indian  Chinese,22.642,88.42,Locality (matched)
428149,George Town,Chennai,Anna Viruksham,180,2.9,"South Indian,Biryani,Combo,Thalis,Tandoor,Ice Cream,Juices,Beverages",13.094,80.287,Locality (matched)
428154,Shivaji Nagar,Pune,Noto - Healthy Ice Cream,250,2.9,Ice Cream,18.5308,73.8478,Locality (matched)
428183,Wanowrie,Pune,Ottoman Eats,300,4.1,"Lebanese,Kebabs,Fast Food,Beverages",18.4934,73.889,Locality (matched)
428208,Jadavpur,Kolkata,Go 69 Pizza,250,2.9,Pizzas,22.499,88.371,Locality (matched)
428225,Powai,Mumbai,Waffleland,300,2.9,Desserts  Snacks,19.1176,72.906,Locality (matched)
428247,Hyderabad,Hyderabad,Saapaatu,250,2.9,"South Indian,Indian",17.385,78.4867,Locality (matched)
428272,Saki Vihar Road,Mumbai,That Pizza Place,500,4.3,"Pizzas,Italian,Fast Food,Desserts,Continental,Mediterranean,American,Mexican,Indian,Combo,Beverages,Bakery,French,Sweets,European,Lebanese,Snacks",19.115,72.893,Locality (matched)
428351,Salt Lake,Kolkata,Ocean Grill,300,2.9,North Indian  Chinese  Italian  Continental,22.585,88.418,Locality (matched)
428356,Salt Lake,Kolkata,25 Main Street Cafe,300,2.9,Indian,22.585,88.418,Locality (matched)
428499,Indiranagar,Bangalore,Subbudus The Snackstop ( Eswaris Homemade Snacks ),150,4.8,"Sweets,Snacks,Indian",12.9719,77.6412,Locality (matched)
428704,Kothapet & Dilsukhnagar,Hyderabad,As Bakers,1400,2.9,"Bakery,Desserts",17.37,78.528,Locality (matched)
428729,Mylapore,Chennai,Giri Bhavan,200,2.9,South Indian,13.0339,80.2695,Locality (matched)
428760,T Nagar,Chennai,Wings Factory,398,3.9,"Chinese,Fast Food,Tandoor,Thai,African,Barbecue",13.0418,80.2341,Locality (matched)
428862,Central Kolkata,Kolkata,Banjara,200,2.9,"North Indian,Tandoor,Biryani,Chinese,Desserts,Beverages",22.57,88.355,Locality (matched)
428979,Rohini,Delhi,Dine House,500,2.9,"Italian,Chinese,Tandoor,North Indian",28.7041,77.1025,Locality (matched)
429004,Koramangala,Bangalore,Shehzadas Biryani,350,4.2,"Biryani,Hyderabadi,Andhra,North Indian,South Indian,Tandoor,Chinese,Seafood",12.9352,77.6245,Locality (matched)
429037,Kothapet & Dilsukhnagar,Hyderabad,Shri Santosh Family Dhaba,300,3.9,"North Indian,Chinese,Biryani",17.37,78.528,Locality (matched)
429087,Himayath Nagar,Hyderabad,Balaji Family Dhaba,350,3.4,Indian  Chinese,17.4008,78.4813,Locality (matched)
429138,Laldarwaja,Ahmedabad,A-One Bombay Biryani,200,2.9,"Biryani,Indian",23.025,72.592,Locality (matched)
429200,Rohini,Delhi,Chitrakut,400,4.2,"Biryani,North Indian,Chinese,Thalis",28.7041,77.1025,Locality (matched)
429205,Banjara Hills,Hyderabad,Kaati Zone Rolls And Wraps,200,4.3,Fast Food  Beverages,17.4156,78.4347,Locality (matched)
429206,Banjara Hills,Hyderabad,Burger It Up,200,4,"American,Continental,Beverages,Desserts,Fast Food",17.4156,78.4347,Locality (matched)
429207,Banjara Hills,Hyderabad,Kouzina Kafe -The Food Court,200,4.2,"Bakery,Ice Cream,Desserts,Beverages,American,Fast Food",17.4156,78.4347,Locality (matched)
429228,Himayath Nagar,Hyderabad,Shawarma House,200,2.9,"Arabian,Snacks",17.4008,78.4813,Locality (matched)
429251,Royapettah,Chennai,Madras Military Hotel,300,2.9,"Indian,Biryani,Combo",13.0569,80.265,Locality (matched)
429262,Kurla,Mumbai,Chilli Bean,300,2.9,Chinese,19.0728,72.8826,Locality (matched)
429282,Wanowrie,Pune,Hungry Punjabi,500,2.9,"Indian,Chinese",18.4934,73.889,Locality (matched)
429332,Egmore,Chennai,Simbox,200,4.4,"Indian,Chinese",13.0732,80.2609,Locality (matched)
429384,Nallakunta & Vidyanagar,Hyderabad,Chichore Cafe,600,2.9,Italian  Beverages,17.402,78.4985,Locality (matched)
429523,Kothrud,Pune,Bikkgane Biryani,350,4.1,"Hyderabadi,South Indian,North Indian,Biryani,Andhra,Mughlai",18.5074,73.8077,Locality (matched)
429659,Lake Town,Kolkata,The Shiraaz,250,2.9,"Indian,Chinese,Kebabs",22.605,88.395,Locality (matched)
429697,Paschim Vihar,Delhi,M2M Momos,200,2.9,North Indian,28.6692,77.1013,Locality (matched)
429719,Tarnaka  Nacharam & Malkajigiri,Hyderabad,House Of Biryani,350,2.9,Indian  Biryani,17.423,78.539,Locality (matched)
429772,Paschim Vihar,Delhi,Sam Special All Chinese Food,300,2.9,"Chinese,Fast Food",28.6692,77.1013,Locality (matched)
429796,Kurla,Mumbai,Modern Khichadi,350,4.9,Fast Food,19.0728,72.8826,Locality (matched)
429806,Nallakunta & Vidyanagar,Hyderabad,Cranky Fried Chicken,300,2.9,"Pizzas,Combo,Beverages",17.402,78.4985,Locality (matched)
429817,Nallakunta & Vidyanagar,Hyderabad,Thin Wrap Pizza Co,400,2.9,Pizzas,17.402,78.4985,Locality (matched)
429823,Nallakunta & Vidyanagar,Hyderabad,The Cheese Lovers,280,2.9,"Pizzas,Beverages,Fast Food",17.402,78.4985,Locality (matched)
429844,Nallakunta & Vidyanagar,Hyderabad,Makhani Pizzeria,450,2.9,Pizzas,17.402,78.4985,Locality (matched)
429864,Vv Puram,Bangalore,Upahara Darshini Kims Canteen,400,4.4,"South Indian,North Indian,Desserts,Chinese",12.9411,77.5745,Locality (matched)
429935,Frazer Town,Bangalore,Voosh Thalis & Bowls,199,4.1,"North Indian,Home Food,Indian,Beverages,Thalis,Combo",12.9967,77.6127,Locality (matched)
430119,Sinhgad Road,Pune,Chaat Cafe,150,2.9,"Fast Food,Italian,Beverages,Juices",18.47,73.825,Locality (matched)
430143,Athwa,Surat,Rd Sharma Dosa & Chinese,200,2.9,"North Indian,Chinese,Chaat,Sweets",21.178,72.793,Locality (matched)
430179,Prahlad Nagar,Ahmedabad,One Bite,250,2.9,"Fast Food,Snacks,Desserts,Beverages",23.011,72.506,Locality (matched)
430194,Royapettah,Chennai,Smoor,300,4.7,"Bakery,Beverages",13.0569,80.265,Locality (matched)
430458,Kothrud,Pune,Oasis The Royal Biryani,500,3.6,"Biryani,North Indian,Beverages,Combo,Desserts",18.5074,73.8077,Locality (matched)
430484,Rohini,Delhi,Karims Rohini,700,2.9,"Indian,North Indian",28.7041,77.1025,Locality (matched)
430783,Rabindrapally,Kolkata,Me & U,150,2.9,North Indian,22.5726,88.3639,City-level (approximate fallback)
430796,Egmore,Chennai,Madurai Simmakkal Konar Kadai,400,4.2,"South Indian,Indian",13.0732,80.2609,Locality (matched)
430865,Chembur,Mumbai,Combo Nation,200,2.9,"Indian,Chinese,Combo",19.0522,72.9006,Locality (matched)
430886,Indiranagar,Bangalore,Hungry Panda - Deliciously Chinese,600,3.2,"Chinese,Asian,Thai",12.9719,77.6412,Locality (matched)
430913,Kurla,Mumbai,Yadav Paan Shop,100,2.9,Paan  Indian,19.0728,72.8826,Locality (matched)
430964,Central Kolkata,Kolkata,Pizza Hutt,200,2.9,"Pizzas,Fast Food",22.57,88.355,Locality (matched)
430996,Mehdipatnam,Hyderabad,Walima Ki Dawat,700,2.9,"Biryani,Hyderabadi,Mughlai",17.3952,78.438,Locality (matched)
431014,Kothapet & Dilsukhnagar,Hyderabad,Czars Pizza,400,2.9,"Italian,Beverages,Pizzas,Snacks",17.37,78.528,Locality (matched)
431055,Nallakunta & Vidyanagar,Hyderabad,Momos And Pizza Hub,400,2.9,"Pizzas,Fast Food,Chinese",17.402,78.4985,Locality (matched)
431294,Kurla,Mumbai,Pataudi Darbar,300,4,North Indian  Biryani  Chinese  Desserts,19.0728,72.8826,Locality (matched)
431315,Santoshnagar & Saidabad,Hyderabad,Brista Restaurant,350,3.8,"Biryani,North Indian,Beverages,Desserts,Chinese",17.354,78.51,Locality (matched)
431485,Ruby Area,Kolkata,Foodie Folks,200,2.9,"Bengali,Indian,Continental,Italian,Oriental,Desserts",22.514,88.398,Locality (matched)
431506,Indiranagar,Bangalore,Giani Ice Cream,300,4.3,"Ice Cream,Beverages",12.9719,77.6412,Locality (matched)
431508,Charminar,Hyderabad,A1 Fast Food And Nahari Centre,150,2.9,"Indian,Biryani,Chinese",17.3616,78.4747,Locality (matched)
431576,Marol Sakinaka,Mumbai,Kitchen Of Joy,200,2.9,"Chinese,Tandoor,Grill",19.1073,72.8873,Locality (matched)
431712,Vastrapur,Ahmedabad,One Fine Dine The Cloud Kitchen,280,2.9,"Indian,Pizzas,Fast Food",23.039,72.529,Locality (matched)
431797,Nsp,Delhi,Kocktails & Kurries,400,2.9,"Indian,Asian,Italian,Fast Food",28.698,77.152,Locality (matched)
431808,Smarpally Kestopur,Kolkata,The Crabberia,500,4.1,"Seafood,Chinese",22.602,88.426,Locality (substring match: 'kestopur')
431828,Tarnaka Nacharam & Malkajigiri,Hyderabad,Soul Kitchen,500,4.1,Chinese,17.423,78.539,Locality (matched)
431901,Rohini,Delhi,Just 99,200,2.9,"Indian,Combo,Thalis",28.7041,77.1025,Locality (matched)
431946,Ghatkopar Vikhroli,Mumbai,Cakes By Chocolate Heaven,200,2.9,"Desserts,Bakery",19.098,72.925,Locality (matched)
431976,Central Kolkata,Kolkata,Cocoa Bakery,500,4.2,"Bakery,Desserts,Continental,Italian",22.57,88.355,Locality (matched)
431977,Nallakunta & Vidyanagar,Hyderabad,Dads Kitchen,400,2.9,Chinese,17.402,78.4985,Locality (matched)
431996,Scruz Bandra East,Mumbai,Cafe Kokomo,400,5,"Beverages,Snacks,Desserts,Bakery",19.075,72.845,Locality (matched)
432001,Kondhwa,Pune,Cafe Pune,150,2.9,Desserts,18.4633,73.893,Locality (matched)
432009,Somajiguda & Khairtabad,Hyderabad,Baker'S Valley Cake House,250,2.9,"Pizzas,Fast Food",17.417,78.46,Locality (matched)
432027,Kalyani Nagar,Pune,Southin Cafe,200,2.9,"Fast Food,Snacks,Thalis,Beverages",18.5479,73.9014,Locality (matched)
432030,Dumdum,Kolkata,Masala 21,300,4.2,Indian,22.642,88.42,Locality (matched)
432088,Chembur,Mumbai,The Sugar Free Keto Kafe - By Artinci,250,4.5,"Healthy Food,Keto,Beverages,Snacks,Ice Cream",19.0522,72.9006,Locality (matched)
432101,Piplod,Surat,Pizza Pedlar,200,2.9,"Pizzas,Italian",21.166,72.777,Locality (matched)
432127,Adajan,Surat,Urban Royal Restaurant,300,2.9,"Thalis,North Indian,Biryani,Punjabi",21.196,72.78,Locality (matched)
432131,Marol Sakinaka,Mumbai,Protein Chef Cafe- Sakinaka,500,4.2,"Healthy Food,Beverages,Fast Food",19.1073,72.8873,Locality (matched)
432145,Adajan,Surat,Egg Magic,300,2.9,Fast Food,21.196,72.78,Locality (matched)
432202,Central Bangalore,Bangalore,Punjabi Momos,300,2.9,"Chinese,Fast Food,Snacks,Desserts,Beverages,Asian,Tibetan",12.9767,77.5993,Locality (matched)
432270,Kothrud,Pune,Shawarma Culture,200,2.9,Indian,18.5074,73.8077,Locality (matched)
432286,Banjara Hills,Hyderabad,Diamond Bakery,350,2.9,Pizzas  Bakery,17.4156,78.4347,Locality (matched)
432310,Maninagar,Ahmedabad,Fire On Wheels,400,4.2,"North Indian,Biryani,Tandoor,Beverages",22.996,72.603,Locality (matched)
432334,Vastrapur,Ahmedabad,Chula Matka Biryani Kitchen,400,2.9,Biryani,23.039,72.529,Locality (matched)
432372,Central Bangalore,Bangalore,Punjabi Bowl,300,4.2,"Home Food,North Indian,Beverages,Indian,Combo,Chinese,Thalis",12.9767,77.5993,Locality (matched)
432396,Rohini,Delhi,Bansiwala,300,4.2,"North Indian,Snacks,Chinese,Bakery",28.7041,77.1025,Locality (matched)
432408,Mylapore,Chennai,Abbu-Bhais - Kebabs Shawarmas & Grills,400,3.8,Arabian,13.0339,80.2695,Locality (matched)
432423,Camp,Pune,Artinci - Indulge Guilt Free!,250,4.7,"Healthy Food,Keto,Desserts,Ice Cream,Snacks,Beverages,Bakery",18.5122,73.879,Locality (matched)
432496,Rohini,Delhi,Biryani Badshah,350,4.4,"Hyderabadi,South Indian,North Indian,Biryani,Andhra,Mughlai",28.7041,77.1025,Locality (matched)
432536,R.T. Nagar,Bangalore,Raidan,400,3.9,"Arabian,Chinese,Fast Food,Beverages,Mughlai",13.0209,77.5952,Locality (matched)
432552,Sion,Mumbai,Bombay Burgers,300,2.9,"American,Snacks",19.0448,72.8619,Locality (matched)
432557,Rohini,Delhi,Bikkgane Biryani,350,4.4,"Hyderabadi,South Indian,North Indian,Biryani,Andhra,Mughlai",28.7041,77.1025,Locality (matched)
432564,Central Bangalore,Bangalore,The Chaap Factory,300,4.2,"Thalis,Combo,North Indian,Pizzas,Beverages",12.9767,77.5993,Locality (matched)
432565,Jayanagar,Bangalore,Meghduth Biryanis,400,4.2,"Andhra,Biryani,South Indian",12.925,77.5938,Locality (matched)
432570,Chembur,Mumbai,Kake Da Hotel,500,4.1,North Indian  Chinese  Tandoor,19.0522,72.9006,Locality (matched)
432603,Malleshwaram,Bangalore,Grill Biriyanis,300,3.5,"Biryani,Andhra,Tandoor,Grill",13.0035,77.5647,Locality (matched)
432761,Scruz Bandra East,Mumbai,Quality Fast Foods,300,2.9,"Chinese,Fast Food",19.075,72.845,Locality (matched)
432780,Rohini,Delhi,Paratha Box - 2X Filling,250,4.4,"North Indian,Punjabi,Indian,Home Food,Combo,Beverages",28.7041,77.1025,Locality (matched)
432799,Santacruz,Mumbai,Paratha Box - 2X Filling,250,4.5,North Indian  Punjabi  Indian  Home Food  Combo  Beverages,19.0822,72.8416,Locality (matched)
432852,Kothrud,Pune,Feast India Co.,1000,2.9,"Indian,Oriental",18.5074,73.8077,Locality (matched)
432859,Perambur,Chennai,Donut Hut,200,2.9,"Indian,Snacks,Fast Food,Combo,Chinese,Seafood,Coastal,Desserts",13.1155,80.234,Locality (matched)
432877,Matunga Wadala,Mumbai,The Sichuan Dragon,200,2.9,Indian  Chinese  Ice Cream,19.022,72.855,Locality (matched)
432993,Arumbakkam,Chennai,Jai Food Zone,110,2.9,"Chaat,Ice Cream,Snacks,Beverages",13.073,80.21,Locality (matched)
433058,Powai Area,Mumbai,Nino Burgers,700,4.5,"American,Snacks",19.1176,72.906,Locality (matched)
433062,Kharkhana & Trimulgherry,Hyderabad,Balaji Tiffins,150,4.1,South Indian,17.465,78.505,Locality (matched)
433083,Navrangpura,Ahmedabad,Punjab Paratha Hub,300,2.9,North Indian,23.0365,72.561,Locality (matched)
433120,Marol Sakinaka,Mumbai,Francesco'S Pizzeria,1000,4.6,Pizzas  Italian  Pastas  Salads,19.1073,72.8873,Locality (matched)
433172,Rohini,Delhi,Filhall The Best Multi Cuisine Kitchen,200,2.9,"Indian,Chinese,Continental",28.7041,77.1025,Locality (matched)
433181,Kurla,Mumbai,Nityanand Family Restaurant Manglorian Style,300,2.9,"Indian,Chinese,Seafood",19.0728,72.8826,Locality (matched)
433182,Wanowrie,Pune,Pizzatto'S,300,2.9,Pizzas,18.4934,73.889,Locality (matched)
433208,South Kolkata,Kolkata,Jessore Local,300,2.9,Bengali,22.5,88.345,Locality (matched)
433219,South Kolkata,Kolkata,Punjabi Paltan,300,2.9,North Indian,22.5,88.345,Locality (matched)
433263,Alipore,Kolkata,Priya Tiffin Center,30,2.9,Snacks  Indian,22.533,88.33,Locality (matched)
433293,Camp,Pune,The Sugar Free Keto Kafe - By Artinci,250,4.4,"Healthy Food,Keto,Beverages,Ice Cream,Desserts,Bakery",18.5122,73.879,Locality (matched)
433300,Adajan,Surat,Quicker By Wok On Fire,400,4.4,"Chinese,Thai,Asian",21.196,72.78,Locality (matched)
433523,Salt Lake,Kolkata,Delicacy,300,4.4,"North Indian,Chinese,Tandoor",22.585,88.418,Locality (matched)
433557,Matunga Wadala,Mumbai,Simran Punjabi Food,250,2.9,Punjabi,19.022,72.855,Locality (matched)
433587,Paschim Vihar,Delhi,Ghee And Turmeric,500,4.1,"North Indian,Tandoor,Punjabi,Beverages,Desserts,Mughlai",28.6692,77.1013,Locality (matched)
433675,Dhankawadi,Pune,Mountain Mikes Pizza,200,2.9,"Italian,Pizzas,Bakery",18.457,73.847,Locality (matched)
433777,Andheri East,Mumbai,Konkan Chilly,500,2.9,North Indian  Seafood  Chinese,19.1136,72.8697,Locality (matched)
433800,Lower Parel Area,Mumbai,1441 Pizzeria,500,3.9,Italian  Pizzas  Pastas  Desserts  Beverages,18.9944,72.8258,Locality (matched)
433812,Swargate,Pune,Chinese Room,400,2.9,Chinese,18.5008,73.8586,Locality (matched)
433846,Kothrud,Pune,Umiya Kutchi Dabeli,100,2.9,"Snacks,Continental",18.5074,73.8077,Locality (matched)
433929,Bibwewadi,Pune,S Kumar Wadewale  Satara Road,100,2.9,"Snacks,Chaat",18.475,73.863,Locality (matched)
434066,Shivaji Nagar,Pune,Roopali Restaurant - Fc Road,400,4.5,"South Indian,Fast Food,North Indian,Beverages",18.5308,73.8478,Locality (matched)
434070,Vanasthalipuram,Hyderabad,Subbayya Gari Hotel,250,3.9,South Indian,17.339,78.554,Locality (matched)
434098,Kothapet & Dilsukhnagar,Hyderabad,Spice 9 Restaurants,300,3.8,"Biryani,North Indian,Indian",17.37,78.528,Locality (matched)
434187,Central Kolkata,Kolkata,Spicy Alley,300,2.9,"Chinese,Indian",22.57,88.355,Locality (matched)
434237,Kurla,Mumbai,Lark Pure Vegetarian Restaurant,300,2.9,"Indian,Chinese,Italian,Beverages,Fast Food",19.0728,72.8826,Locality (matched)
434278,Salt Lake,Kolkata,Pinch Of Spice,300,2.9,"Chinese,Biryani,Combo",22.585,88.418,Locality (matched)
434368,Chinar Park,Kolkata,Babumosai,299,3.9,"Indian,Chinese,Biryani,Combo",22.625,88.447,Locality (matched)
434378,Kirti Nagar,Delhi,Desi Mirch Masala,150,2.9,"Chinese,Fast Food,Thalis",28.652,77.149,Locality (matched)
434384,Kothrud,Pune,Deewan-E-Biryani - Kothrud,250,2.9,Biryani,18.5074,73.8077,Locality (matched)
434478,Annanagar,Chennai,Chaya & Kadi,100,2.9,"Indian,Seafood",13.085,80.2101,Locality (matched)
434505,Wanowrie,Pune,Kerala Express,300,2.9,"North Indian,Indian",18.4934,73.889,Locality (matched)
434548,Marol Sakinaka,Mumbai,Unnati Kitchen,250,2.9,"Indian,Chinese,Tandoor",19.1073,72.8873,Locality (matched)
434563,Kothapet & Dilsukhnagar,Hyderabad,Santrupti Restaurant,400,2.9,"South Indian,North Indian,Biryani",17.37,78.528,Locality (matched)
434609,Koramangala,Bangalore,Rolls & Wraps,200,2.9,Pizzas,12.9352,77.6245,Locality (matched)
434713,Adajan,Surat,Jalaram Pavbhaji Center,280,2.9,"Indian,Snacks",21.196,72.78,Locality (matched)
434724,Chembur,Mumbai,The Mother Touch,280,2.9,Chinese  Fast Food  Pizzas  Snacks,19.0522,72.9006,Locality (matched)
434735,Vastrapur,Ahmedabad,Bhullar S Butter Chicken Co.,400,2.9,"Indian,Desserts",23.039,72.529,Locality (matched)
434773,Swargate,Pune,Vadilal Ice Cream,200,2.9,Ice Cream,18.5008,73.8586,Locality (matched)
434781,Rohini,Delhi,Taste Of Nawaabs,650,2.9,"Biryani,Indian",28.7041,77.1025,Locality (matched)
434794,Jadavpur,Kolkata,Real Food'S,200,2.9,"Snacks,North Indian,Kebabs,Tandoor",22.499,88.371,Locality (matched)
434848,Chembur,Mumbai,Chembur South Central,280,2.9,South Indian,19.0522,72.9006,Locality (matched)
434849,Chembur,Mumbai,Shetty'S Dosa Corner,280,2.9,South Indian,19.0522,72.9006,Locality (matched)
434857,Chembur,Mumbai,New Welcome Dosa Corner,200,2.9,South Indian,19.0522,72.9006,Locality (matched)
434873,Central Bangalore,Bangalore,Holy Doh!,600,2.9,"Pizzas,Italian",12.9767,77.5993,Locality (matched)
434898,Ghatkopar Vikhroli,Mumbai,Mahavir Sweets And Farsan,200,2.9,"Desserts,Snacks,Sweets",19.098,72.925,Locality (matched)
434905,Ruby Park,Kolkata,Meraki Kitchen,300,2.9,"Chinese,North Indian,Indian,Tandoor",22.514,88.398,Locality (matched)
434921,Chembur,Mumbai,Swastik Fast Food Corner,200,2.9,South Indian,19.0522,72.9006,Locality (matched)
434957,Salt Lake,Kolkata,Grubvibe,200,2.9,"Chinese,Indian,Continental,Beverages",22.585,88.418,Locality (matched)
435034,Kothrud,Pune,A1 Olympia,260,2.9,"Fast Food,Snacks",18.5074,73.8077,Locality (matched)
435085,Chembur,Mumbai,Spice Laundry,280,2.9,Chinese  Indian  Asian  Biryani  Snacks  Beverages  Desserts,19.0522,72.9006,Locality (matched)
435089,Chembur,Mumbai,Tafe Terrace Cafe,280,4.4,"Asian,Continental,Italian,Desserts",19.0522,72.9006,Locality (matched)
435146,Salt Lake,Kolkata,Supermoon,200,2.9,Pizzas  Pastas  Beverages,22.585,88.418,Locality (matched)
435208,Kothapet & Dilsukhnagar,Hyderabad,Madhuban Grand,350,3.7,"North Indian,Chinese,Biryani,Snacks,Fast Food,Indian,Seafood",17.37,78.528,Locality (matched)
435226,Powai,Mumbai,Biryani Bowl,500,4.2,Biryani  Beverages,19.1176,72.906,Locality (matched)
435405,Cunningham Road,Bangalore,Chaayos Meri Wali Chai,250,4.7,"Bakery,Beverages,Chaat,Desserts,Fast Food,Home Food,Italian,Maharashtrian,Snacks,Street Food,Sweets",12.9873,77.5947,Locality (matched)
435426,Nallakunta & Vidyanagar,Hyderabad,Go Fresh The Pizza House,300,4.2,"Italian,Pizzas,Fast Food",17.402,78.4985,Locality (matched)
435472,Nallakunta & Vidyanagar,Hyderabad,Abu Shawarmas,200,4.2,"Arabian,Lebanese",17.402,78.4985,Locality (matched)
435482,Dumdum,Kolkata,Biryani Adda,150,2.9,Biryani,22.642,88.42,Locality (matched)
435483,South Kolkata,Kolkata,Ekdalia Rd,400,2.9,"Beverages,Combo,Snacks",22.5,88.345,Locality (matched)
435514,Central Kolkata,Kolkata,Salt,500,4.5,"Chinese,Bengali,Indian",22.57,88.355,Locality (matched)
435550,Kurla,Mumbai,Khaabuja,400,2.9,"Indian,Kebabs,Biryani",19.0728,72.8826,Locality (matched)
435567,Jadavpur,Kolkata,Toyo Kombucha,200,2.9,Beverages,22.499,88.371,Locality (matched)
435614,Madhavaram - Manali,Chennai,Black Bird,300,2.9,"Fast Food,Pizzas,Beverages",13.149,80.232,Locality (matched)
435748,Banjara Hills,Hyderabad,Haji Ali Fresh Fruit Juices,200,4.2,Beverages  Ice Cream  Fast Food,17.4156,78.4347,Locality (matched)
435779,Central Kolkata,Kolkata,Kwality Walls Frozen Dessert And Ice Cream Shop,300,2.9,Ice Cream,22.57,88.355,Locality (matched)
435825,Sion Bhakti Park,Mumbai,Dragon House,350,2.9,Chinese,19.043,72.868,Locality (matched)
435833,Kothrud,Pune,Neo'S Chinese,200,2.9,"North Indian,Punjabi",18.5074,73.8077,Locality (matched)
435835,Kurla,Mumbai,Rolling Spices,350,2.9,North Indian  Chinese  Indian,19.0728,72.8826,Locality (matched)
435903,Prahlad Nagar,Ahmedabad,Food Town,200,2.9,"Fast Food,Pizzas,Snacks",23.011,72.506,Locality (matched)
435950,Salt Lake,Kolkata,Mughliana,300,2.9,Mughlai,22.585,88.418,Locality (matched)
435952,Moti Nagar,Delhi,Chattore,150,2.9,"Chinese,Tandoor",28.656,77.145,Locality (matched)
435964,Esplanade,Kolkata,Keventers - Milkshakes And Desserts,300,4.9,Beverages  Ice Cream  Desserts,22.565,88.352,Locality (matched)
435979,Jubilee Hills,Hyderabad,Nue Cafe,800,3.9,"Pastas,Snacks,Salads,Juices,Sweets,Bakery,Beverages,Continental,Italian",17.4325,78.4071,Locality (matched)
435994,Kurla,Mumbai,Hotel Nasheman,400,2.9,"Chinese,Indian,Biryani,Snacks,Beverages",19.0728,72.8826,Locality (matched)
436015,Lake Town,Kolkata,A2Z Kitchen,300,2.9,"Fast Food,Combo,Juices",22.605,88.395,Locality (matched)
436100,Camp,Pune,Pgi Restaurant,400,2.9,Seafood,18.5122,73.879,Locality (matched)
436144,Tangra,Kolkata,New Arsalan Biryani Tangra,300,2.9,"Biryani,Combo",22.546,88.396,Locality (matched)
436226,Tolichowki,Hyderabad,Abu Faisal Restaurant Arabian Food,600,2.9,"Indian,Desserts",17.4001,78.418,Locality (matched)
436260,Rohini,Delhi,Taabartod Thali,200,2.9,"North Indian,Thalis,Tandoor,Desserts",28.7041,77.1025,Locality (matched)
436273,Annanagar,Chennai,Cholan Mess,800,4.1,"Indian,Chinese,Biryani,Beverages",13.085,80.2101,Locality (matched)
436293,Saltlake Sector 1,Kolkata,Broccoli Pizza & Pasta,300,4.3,Pizzas  Salads  Pastas  Italian  Healthy Food,22.58,88.413,Locality (matched)
436361,Central Kolkata,Kolkata,Miracle Fusions,600,2.9,"Pizzas,Pastas,Chinese,Snacks,Desserts,Beverages",22.57,88.355,Locality (matched)
436518,Nallakunta & Vidyanagar,Hyderabad,Rhm Bakers,199,2.9,Bakery  Pizzas  Fast Food  Beverages,17.402,78.4985,Locality (matched)
436531,Himayath Nagar,Hyderabad,Southern Flavours,350,4.1,"South Indian,Beverages,Indian",17.4008,78.4813,Locality (matched)
436610,Camp,Pune,Irani Cafe,200,4.3,"Bakery,Snacks,Desserts,Beverages",18.5122,73.879,Locality (matched)
436776,Royapettah,Chennai,Nifra Hot And Sweets,150,2.9,"Snacks,Beverages",13.0569,80.265,Locality (matched)
436948,T Nagar,Chennai,Thanjai Veeraswamy,250,3.9,South Indian,13.0418,80.2341,Locality (matched)
436960,Chembur,Mumbai,Chembur Cafe & Hotel,300,2.9,"Chinese,Indian,Seafood,Biryani,Beverages,Desserts",19.0522,72.9006,Locality (matched)
436988,Burrabazar,Kolkata,The Chicken House,200,4.5,"Snacks,Fast Food",22.572,88.351,Locality (matched)
437003,Central Bangalore,Bangalore,Carols Pastries & Bakers,500,4.5,Bakery,12.9767,77.5993,Locality (matched)
437135,Powai,Mumbai,Nawabi Kitchen,500,2.9,"Indian,Tandoor,Mughlai,Seafood,North Indian,Biryani",19.1176,72.906,Locality (matched)
437143,Powai,Mumbai,Spice Affair,500,2.9,"North Indian,Indian,Chinese,Tandoor",19.1176,72.906,Locality (matched)
437145,Powai,Mumbai,Urban Spice,500,2.9,"North Indian,Indian,Chinese,Tandoor",19.1176,72.906,Locality (matched)
437147,Koramangala,Bangalore,Mozon Burger,250,2.9,"Fast Food,Salads,Desserts",12.9352,77.6245,Locality (matched)
437151,South Kolkata,Kolkata,The Lunch Box Company,300,2.9,Indian,22.5,88.345,Locality (matched)
437170,Central Kolkata,Kolkata,Eaterniaa,300,2.9,"Chinese,Fast Food,Italian",22.57,88.355,Locality (matched)
437196,Central Kolkata,Kolkata,Shere Punjab Kolaghat,650,2.9,"Indian,Chinese,Salads",22.57,88.355,Locality (matched)
437204,Powai,Mumbai,Banjara Restaurant,500,2.9,Punjabi  Tandoor  Chinese  Thai  Mughlai,19.1176,72.906,Locality (matched)
437207,Powai,Mumbai,Chinese Pavilion,400,2.9,Chinese  Thai,19.1176,72.906,Locality (matched)
437213,Powai,Mumbai,Double Decker,300,2.9,Indian  Chinese  Tandoor  Seafood,19.1176,72.906,Locality (matched)
437214,Powai,Mumbai,Schezwan King,400,2.9,Chinese  Fast Food  North Indian,19.1176,72.906,Locality (matched)
437219,Powai,Mumbai,Nayaab Kitchen,500,2.9,Tandoor  Mughlai  Indian  Biryani  North Indian,19.1176,72.906,Locality (matched)
437283,Nallakunta & Vidyanagar,Hyderabad,Arbab Kitchen,280,2.9,"Biryani,Chinese,Seafood",17.402,78.4985,Locality (matched)
437299,Nallakunta & Vidyanagar,Hyderabad,Biryani Trip,350,4.4,Biryani,17.402,78.4985,Locality (matched)
437300,Nallakunta & Vidyanagar,Hyderabad,Paratha Envy,280,2.9,North Indian,17.402,78.4985,Locality (matched)
437304,Nallakunta & Vidyanagar,Hyderabad,Snack House,180,4.9,"Fast Food,Snacks",17.402,78.4985,Locality (matched)
437311,Nallakunta & Vidyanagar,Hyderabad,Momo Monk,180,2.9,"Chinese,Snacks",17.402,78.4985,Locality (matched)
437330,Rohini,Delhi,Yum-Shum Chinese,300,2.9,"Chinese,Snacks",28.7041,77.1025,Locality (matched)
437360,Navrangpura,Ahmedabad,Baked By Ninis,300,2.9,Bakery,23.0365,72.561,Locality (matched)
437416,Shivaji Nagar,Pune,Pizza Hut Express,300,2.9,Pizzas,18.5308,73.8478,Locality (matched)
437438,Himayath Nagar,Hyderabad,H.S.Kitchens Chilli And Garlic,300,2.9,Fast Food  Desserts,17.4008,78.4813,Locality (matched)
437476,Isanpur,Ahmedabad,Rocky Omelet King,100,2.9,"Snacks,Fast Food",22.97,72.61,Locality (matched)
437521,Magarpatta,Pune,Knight Riders,300,2.9,"Chinese,Continental,Indian,Biryani,Italian,Desserts",18.515,73.928,Locality (matched)
437531,Annanagar,Chennai,Inji And Soy Multi Cuisine Restaurant,300,2.9,"Chinese,Indian,Lebanese,Snacks,Beverages,Desserts",13.085,80.2101,Locality (matched)
437555,Annanagar,Chennai,Illis Group Of Restaurants,300,2.9,"Indian,Chinese,Arabian,Beverages",13.085,80.2101,Locality (matched)
437557,Charminar,Hyderabad,Feel In Saudia,200,2.9,"Beverages,Indian,Lebanese",17.3616,78.4747,Locality (matched)
437623,Royapettah,Chennai,Gobrgr@Tryst Gourmet,300,2.9,Fast Food,13.0569,80.265,Locality (matched)
437682,Perambur,Chennai,The Phoenix Kitchenz,399,2.9,Pizzas,13.1155,80.234,Locality (matched)
437688,Secunderabad,Hyderabad,Grab A Bowl,200,2.9,North Indian  South Indian  Healthy Food  Juices,17.4399,78.4983,Locality (matched)
437771,South Kolkata,Kolkata,Frytry,400,2.9,"Fast Food,Kebabs",22.5,88.345,Locality (matched)
437891,Koramangala,Bangalore,Baba Chill,500,2.9,"North Indian,Chinese,Fast Food",12.9352,77.6245,Locality (matched)
437892,Kalyani Nagar,Pune,Hapaa - Asian Stir,1500,2.9,"Asian,Chinese,Japanese",18.5479,73.9014,Locality (matched)
437905,Rajouri Garden,Delhi,Wok On Fire,400,4.7,"Chinese,Thai,Asian",28.6492,77.12,Locality (matched)
437907,Koramangala,Bangalore,Gopaljee Cafe,350,4.3,"Indian,North Indian,Fast Food",12.9352,77.6245,Locality (matched)
437955,Janakpuri,Delhi,The Burger Company,300,2.9,"Fast Food,Beverages",28.6219,77.0878,Locality (matched)
438002,Burrabazar,Kolkata,Nmco - Natural Milkshake Company By Mama Mia!,300,2.9,Beverages,22.572,88.351,Locality (matched)
438064,Tolichowki,Hyderabad,Treat On The Street,250,2.9,"Pizzas,Fast Food,Pastas,Snacks,Italian,Desserts,North Indian,Indian",17.4001,78.418,Locality (matched)
438070,Adajan,Surat,Samosazz,300,2.9,"Chinese,Fast Food,Pizzas,Beverages,Pastas",21.196,72.78,Locality (matched)
438073,George Town,Chennai,Yummy Shawarma,200,2.9,Arabian,13.094,80.287,Locality (matched)
438085,Piplod,Surat,Bacon Village,200,2.9,Continental,21.166,72.777,Locality (matched)
438198,Kothrud,Pune,Papacream,350,5,Ice Cream,18.5074,73.8077,Locality (matched)
438235,South Kolkata,Kolkata,Hakuna Matata,200,2.9,"Chinese,Indian",22.5,88.345,Locality (matched)
438252,Rohini Sector 7,Delhi,Protein Singh,250,2.9,"Fast Food,Salads,Beverages",28.718,77.122,Locality (matched)
438273,Sinhgad Road,Pune,Prachi Chinese,350,2.9,Chinese,18.47,73.825,Locality (matched)
438360,Salt Lake,Kolkata,Flesh N Bones,100,2.9,Biryani,22.585,88.418,Locality (matched)
438409,Adajan,Surat,Tit Bit Culture Multi Cuisine Restaurant,400,2.9,"Chinese,Desserts",21.196,72.78,Locality (matched)
438411,Koramangala,Bangalore,Lepcha Darjeeling Momos,150,2.9,Chinese,12.9352,77.6245,Locality (matched)
438413,Banjara Hills,Hyderabad,Shahi Mandi,350,2.9,Indian,17.4156,78.4347,Locality (matched)
438451,Central Kolkata,Kolkata,Myfroyoland,400,2.9,"Ice Cream,Desserts,Keto",22.57,88.355,Locality (matched)
438453,Rohini,Delhi,Patiala Flavours,500,2.9,Indian,28.7041,77.1025,Locality (matched)
438481,Himayath Nagar,Hyderabad,Qaffeine Coffee By Ohri'S,400,4.3,"Beverages,Desserts,Snacks",17.4008,78.4813,Locality (matched)
438489,Uppal,Hyderabad,Smoothie Bar,300,2.9,Beverages,17.4062,78.559,Locality (matched)
438514,Dumdum,Kolkata,Tamang'S Frozen Momo,200,2.9,"Chinese,Pastas",22.642,88.42,Locality (matched)
438520,Purasawalkam,Chennai,Sulthan Briyani,300,2.9,"Biryani,North Indian,Chinese",13.085,80.254,Locality (matched)
438583,Annanagar,Chennai,The Burp Factory,300,2.9,"Indian,Arabian",13.085,80.2101,Locality (matched)
438631,Uppal,Hyderabad,Homelyfit,300,2.9,Healthy Food  Continental  Indian  Chinese,17.4062,78.559,Locality (matched)
438641,Salt Lake,Kolkata,Berlin Burgers,400,4.7,"Fast Food,Seafood",22.585,88.418,Locality (matched)
438746,Central Bangalore,Bangalore,Ambarsaria Street,450,2.9,"Indian,Combo",12.9767,77.5993,Locality (matched)
438779,Tolichowki,Hyderabad,Khiljis Castle,250,2.9,"Arabian,Snacks,Fast Food",17.4001,78.418,Locality (matched)
438825,Paschim Vihar,Delhi,Moms Kitchen,250,2.9,"Indian,Seafood",28.6692,77.1013,Locality (matched)
438903,Powai,Mumbai,Biryani Wali,400,2.9,Biryani,19.1176,72.906,Locality (matched)
438944,Powai,Mumbai,Biryani & Free Sprite,400,2.9,Biryani  Beverages,19.1176,72.906,Locality (matched)
438945,Nsp,Delhi,Nirmal Vada Pav,250,2.9,"Street Food,Fast Food",28.698,77.152,Locality (matched)
438993,Santoshpur,Kolkata,Yin Yang - Pan Asian Delicacy,500,2.9,"Chinese,Desserts",22.49,88.38,Locality (matched)
438995,Kondhwa,Pune,United Tastes,200,2.9,"Snacks,Indian",18.4633,73.893,Locality (matched)
439007,Rajajinagar,Bangalore,Hungry Budget,300,2.9,"Biryani,Kebabs,Combo",12.9905,77.5554,Locality (matched)
439035,Central Kolkata,Kolkata,The Biryani Bowl,200,2.9,"North Indian,Biryani",22.57,88.355,Locality (matched)
439036,Alwarpet,Chennai,Gold Fresh Juice Shop,200,4.7,Juices,13.0339,80.254,Locality (matched)
439140,Chembur,Mumbai,Zhufu Chinese,400,4.4,Chinese,19.0522,72.9006,Locality (matched)
439141,Church Street,Bangalore,Biryani Blues,400,4.2,"Biryani,Kebabs,Lucknowi,Hyderabadi",12.975,77.605,Locality (matched)
439223,Salt Lake,Kolkata,Karims (Original From Jama Masjid Delhi 6),800,4.2,"Biryani,Desserts",22.585,88.418,Locality (matched)
439234,Sanitytestarea,Kolkata,Denzong Kitchen-A Unit Of Blue Star Restuarant,500,2.9,"Biryani,Mughlai",22.5726,88.3639,City-level (approximate fallback)
439293,Kodambakkam,Chennai,Parvathi Amma Mess,300,2.9,South Indian,13.05,80.2241,Locality (matched)
439357,Secunderabad,Hyderabad,Snack Sutra,200,2.9,Fast Food  Snacks  Beverages,17.4399,78.4983,Locality (matched)
439381,Central Bangalore,Bangalore,Hotel Green Tara,300,2.9,"Chinese,Tibetan",12.9767,77.5993,Locality (matched)
439390,Lake Town,Kolkata,Aamio Bengali,200,3.8,"Indian,Seafood,Beverages",22.605,88.395,Locality (matched)
439446,Annanagar,Chennai,Little Soi,1000,4.3,"Pan-Asian,Thai,Chinese",13.085,80.2101,Locality (matched)
439476,Nallakunta & Vidyanagar,Hyderabad,Hyderabadish,300,4.2,"Indian,Biryani,Kebabs",17.402,78.4985,Locality (matched)
439539,Ashok Vihar,Delhi,Mom'S Kitchen,249,2.9,Indian,28.695,77.177,Locality (matched)
439603,Uppal,Hyderabad,Biryani Zone,280,2.9,"Biryani,Chinese,Indian,Snacks,Arabian,Combo",17.4062,78.559,Locality (matched)
439626,Scruz Bandra East,Mumbai,China Palace,300,2.9,Chinese,19.075,72.845,Locality (matched)
439660,Kothapet & Dilsukhnagar,Hyderabad,Ys Mandi,400,2.9,"Arabian,Kebabs,Biryani",17.37,78.528,Locality (matched)
439669,Lake Town,Kolkata,The Vorpet Resto,250,2.9,Chinese,22.605,88.395,Locality (matched)
439671,Rajajinagar,Bangalore,Gulbarga Refreshments,200,2.9,"South Indian,North Indian,Beverages",12.9905,77.5554,Locality (matched)
439720,Charminar,Hyderabad,Eat N Treat,250,2.9,Sweets,17.3616,78.4747,Locality (matched)
439796,Perambur,Chennai,Burmese Bowl,200,2.9,"Chinese,Beverages,Ice Cream",13.1155,80.234,Locality (matched)
439841,Nungambakkam,Chennai,Impasta,1200,2.9,"Italian,Desserts",13.0569,80.2425,Locality (matched)
439844,Rohini,Delhi,Kbc(Kon Banega Chatora),500,2.9,"Chinese,Indian,Continental,Biryani",28.7041,77.1025,Locality (matched)
439878,Vastrapur,Ahmedabad,La Pinoz Pizza,300,2.9,Pizzas,23.039,72.529,Locality (matched)
439884,Andheri East,Mumbai,Sai Krupa Fast Food,300,2.9,"Biryani,Chinese,Indian",19.1136,72.8697,Locality (matched)
439934,Picnic Garden,Kolkata,Nishav'S Kitchen,100,2.9,Chinese,22.525,88.385,Locality (matched)
439959,Isanpur,Ahmedabad,Tea Post A Place To Talk,200,2.9,"Beverages,Fast Food",22.97,72.61,Locality (matched)
439964,Punjabi Bagh,Delhi,Indi Fork,1000,2.9,North Indian,28.665,77.131,Locality (matched)
439965,Banjara Hills,Hyderabad,Bistro Bites,350,2.9,"Fast Food,Pizzas,American",17.4156,78.4347,Locality (matched)
439975,Central Kolkata,Kolkata,Lytton Hotel,300,2.9,"Pizzas,Fast Food,North Indian",22.57,88.355,Locality (matched)
440001,Athwa,Surat,Shri Krishna Soup Juice Salad And  Amrutpan Kendra,200,2.9,"Indian,Beverages,Salads",21.178,72.793,Locality (matched)
440006,Golpark,Kolkata,Golpark Er Adda,500,2.9,Chinese  Fast Food,22.517,88.363,Locality (matched)
440032,Arumbakkam,Chennai,Kk Biriyani,300,2.9,"Chinese,Indian,Ice Cream,Beverages",13.073,80.21,Locality (matched)
440045,Laldarwaja,Ahmedabad,S. K. A-One Bombay Bhathiyara,200,2.9,Biryani,23.025,72.592,Locality (matched)
440202,Sinhgad Road,Pune,The Shawarma Bar And Grills,250,2.9,Arabian,18.47,73.825,Locality (matched)
440218,Marol Sakinaka,Mumbai,Chinese Food Co,400,2.9,"North Indian,Chinese,Seafood",19.1073,72.8873,Locality (matched)
440222,Koramangala,Bangalore,Papacream,350,2.9,Ice Cream,12.9352,77.6245,Locality (matched)
440360,Perambur,Chennai,Kambi Kari,300,2.9,"South Indian,Kebabs,Combo",13.1155,80.234,Locality (matched)
440376,Salt Lake,Kolkata,Cafeteria House,250,2.9,"Pizzas,Fast Food,Beverages",22.585,88.418,Locality (matched)
440378,Shivaji Nagar,Pune,Kwality Family Resto Bar(Rahul Cinemas),450,2.9,"North Indian,Punjabi,Biryani,Chinese,Desserts",18.5308,73.8478,Locality (matched)
440405,Uppal,Hyderabad,The Sandwich Box,300,2.9,"Continental,Snacks",17.4062,78.559,Locality (matched)
440426,Ashok Vihar,Delhi,Darbari Swad,400,2.9,"Indian,Tandoor,Biryani",28.695,77.177,Locality (matched)
440447,Purasawalkam,Chennai,Kalyana Virundhu Biryani,620,2.9,"Biryani,Indian",13.085,80.254,Locality (matched)
440721,Uppal,Hyderabad,Kfc Krishna Food Court,180,2.9,"Indian,Chinese",17.4062,78.559,Locality (matched)
440758,Knk- Nungambakam (Cds)- Chennai,Chennai,Cafe Coffee Day,300,2.9,"Beverages,Snacks,Desserts",13.0569,80.2425,Locality (matched)
440768,Majestic,Bangalore,Amrita Foods,250,2.9,South Indian,12.9767,77.5713,Locality (matched)
440817,Chembur,Mumbai,The K Company,500,2.9,"Indian,Seafood",19.0522,72.9006,Locality (matched)
440829,Shivaji Nagar,Pune,The Momo'S Point,140,2.9,Chinese,18.5308,73.8478,Locality (matched)
440897,Jayanagar,Bangalore,Rnr Biryani - Taste Of 1953,350,4.1,"Biryani,South Indian,Kebabs,Combo,Beverages,Desserts",12.925,77.5938,Locality (matched)
440915,Royapettah,Chennai,Hotel Sagar,300,2.9,"Biryani,Indian,Chinese,Beverages",13.0569,80.265,Locality (matched)
440957,Kalina Ck,Mumbai,Ghee And Turmeric,500,4.5,"North Indian,Tandoor,Punjabi,Beverages,Desserts,Mughlai",19.079,72.85,Locality (substring match: 'kalina')
440968,Sion Bhakti Park,Mumbai,Food Lee'S Family Restaurant,360,2.9,Indian  Chinese,19.043,72.868,Locality (matched)
441004,Kothapet,Hyderabad,Eatfit,270,4,"Healthy Food,Pizzas,North Indian,Thalis,Biryani",17.3745,78.531,Locality (matched)
441038,Mehdipatnam,Hyderabad,Labaan Bakers And Dairy,300,2.9,"Italian,Bakery",17.3952,78.438,Locality (matched)
441042,Himayath Nagar,Hyderabad,New Royal Kitchen,200,2.9,Italian  Beverages,17.4008,78.4813,Locality (matched)
441066,Paschim Vihar,Delhi,Singh N Ching,400,2.9,"North Indian,Tandoor,Biryani",28.6692,77.1013,Locality (matched)
441110,Athwa,Surat,La Casa Gelato,200,2.9,Paan,21.178,72.793,Locality (matched)
441131,Camp,Pune,Merwans Cake Stop,400,4.1,"Bakery,Desserts",18.5122,73.879,Locality (matched)
441144,Annanagar,Chennai,Kongu Nattu Kari Virunthu,600,2.9,"Chettinad,South Indian",13.085,80.2101,Locality (matched)
441148,Perambur,Chennai,Mystiq Foods,1200,2.9,"Indian,North Indian,Biryani",13.1155,80.234,Locality (matched)
441172,Himayath Nagar,Hyderabad,Virat Kitchen,300,2.9,North Indian  Chinese  Tandoor  Sweets  Beverages,17.4008,78.4813,Locality (matched)
441189,Piplod,Surat,The Amore Banquets,400,2.9,"North Indian,Punjabi",21.166,72.777,Locality (matched)
441206,Indiranagar,Bangalore,Cafe Imroze,300,2.9,"Chinese,Seafood,Continental",12.9719,77.6412,Locality (matched)
441224,Andheri East,Mumbai,The Masterpiece,300,2.9,Chinese,19.1136,72.8697,Locality (matched)
441240,Rohini,Delhi,Delhi Se,400,2.9,"Chinese,North Indian,Tandoor,Combo,Biryani,Beverages",28.7041,77.1025,Locality (matched)
441285,Shivaji Nagar,Pune,Banjos The Food Chain,300,2.9,"Fast Food,Chinese,Beverages",18.5308,73.8478,Locality (matched)
441287,Jadavpur,Kolkata,We Bake U Take,150,2.9,Bakery  Snacks,22.499,88.371,Locality (matched)
441293,Magarpatta,Pune,Charmi Family Restaurant,350,2.9,"Chinese,Indian,Mughlai",18.515,73.928,Locality (matched)
441378,Shivaji Nagar,Pune,Cafe Spice Wave,200,2.9,"American,Italian",18.5308,73.8478,Locality (matched)
441402,Chembur,Mumbai,The Baker'S Dozen,300,4.4,Bakery,19.0522,72.9006,Locality (matched)
441406,Sanitytestarea,Kolkata,Biryani Kingdom,250,2.9,"Indian,Biryani,Kebabs",22.5726,88.3639,City-level (approximate fallback)
441408,Perambur,Chennai,Hot Bowl Cafe,250,2.9,Chinese,13.1155,80.234,Locality (matched)
441413,Sanitytestarea,Kolkata,Yo Chinese,250,2.9,"Chinese,Combo,Fast Food",22.5726,88.3639,City-level (approximate fallback)
441414,Sanitytestarea,Kolkata,World Of Tandoor,250,2.9,"North Indian,Tandoor,Biryani",22.5726,88.3639,City-level (approximate fallback)
441510,Warje,Pune,Wok Hong,300,2.9,Chinese,18.478,73.806,Locality (matched)
441558,Shivaji Nagar,Pune,Fall In Love,250,2.9,"Chinese,Fast Food,Italian,Ice Cream,Street Food,Beverages",18.5308,73.8478,Locality (matched)
441609,Basavanagudi,Bangalore,Five Star Chicken Koli Hut,100,2.9,"Fast Food,Thai",12.9422,77.576,Locality (matched)
441614,Lake Town,Kolkata,Mezban Biryani,100,2.9,"Biryani,Combo,Beverages",22.605,88.395,Locality (matched)
441620,Behala,Kolkata,Chilyman,200,2.9,Chinese,22.499,88.313,Locality (matched)
441668,Isanpur,Ahmedabad,Shree Marutinandan Restaurant,200,2.9,"Indian,Chinese",22.97,72.61,Locality (matched)
441674,Vadapalani,Chennai,Tn10 Shawarma And Shake Factory,350,2.9,"Beverages,Fast Food",13.0503,80.2121,Locality (matched)
441707,Rohini,Delhi,Kohinoor Foods & Snacks,250,2.9,"North Indian,Snacks,Beverages",28.7041,77.1025,Locality (matched)
441726,Adajan,Surat,Bhandari Chakhna,300,2.9,"Indian,Fast Food",21.196,72.78,Locality (matched)
441763,Royapettah,Chennai,New Archana Fast Food,300,2.9,"Fast Food,Chinese,South Indian,Beverages",13.0569,80.265,Locality (matched)
441777,Ruby Area,Kolkata,Dastaan,600,2.9,Indian,22.514,88.398,Locality (matched)
441784,Himayath Nagar,Hyderabad,Sobremesa - Cakes And Desserts,300,4.3,"Bakery,Desserts",17.4008,78.4813,Locality (matched)
441787,Vastrapur,Ahmedabad,Cake Celebration,500,2.9,Bakery,23.039,72.529,Locality (matched)
441841,Chembur,Mumbai,Ranjeet Da Dhaba,600,4.3,"Indian,Desserts",19.0522,72.9006,Locality (matched)
441848,Rohini,Delhi,Fat Wrap / Fat Roll - Giant Juicy And Stuffed!,400,2.9,"Fast Food,Snacks,Beverages,Desserts",28.7041,77.1025,Locality (matched)
441870,Himayath Nagar,Hyderabad,Wallonia Waffle Co.,300,5,Desserts,17.4008,78.4813,Locality (matched)
442021,Himayath Nagar,Hyderabad,Splurge - Thickshakes And Milkshakes,300,5,Desserts  Ice Cream  Beverages,17.4008,78.4813,Locality (matched)
442023,Himayath Nagar,Hyderabad,The Liege Waffles,300,5,Desserts  Bakery,17.4008,78.4813,Locality (matched)
442044,Vanasthalipuram,Hyderabad,The Manufactory Shakes,200,2.9,Beverages,17.339,78.554,Locality (matched)
442122,Rajajinagar,Bangalore,Chung'S,400,2.9,"Thai,Chinese",12.9905,77.5554,Locality (matched)
442124,Egmore,Chennai,Mirchi Express,250,4.1,"Arabian,Continental,Italian,Grill,Thai,Biryani,Indian,Mughlai,Chinese",13.0732,80.2609,Locality (matched)
442222,Annanagar,Chennai,Virudhunagar Poricha Parota,500,2.9,"South Indian,Biryani",13.085,80.2101,Locality (matched)
442246,T Nagar,Chennai,Crunchy Munchy Chats,250,2.9,"Street Food,Italian",13.0418,80.2341,Locality (matched)
442251,Kalyani Nagar,Pune,London Dairy,280,2.9,Ice Cream,18.5479,73.9014,Locality (matched)
442257,Annanagar,Chennai,Zi Gang,500,2.9,"Fast Food,Continental,Desserts",13.085,80.2101,Locality (matched)
442290,Uppal,Hyderabad,Shamaa Hotel,300,3.8,"Indian,North Indian,Chinese,Seafood,Biryani,Tandoor,Ice Cream",17.4062,78.559,Locality (matched)
442292,Shivaji Nagar,Pune,The Pizza Box,299,2.9,Italian,18.5308,73.8478,Locality (matched)
442443,Bandra West,Mumbai,Sante Spa Cuisine,1900,2.9,"Healthy Food,Salads,Pizzas",19.0596,72.8295,Locality (matched)
442449,Arumbakkam,Chennai,Pocket Burger,400,2.9,"Pizzas,Italian,Fast Food,Beverages",13.073,80.21,Locality (matched)
442470,Residency Road,Bangalore,The Brooklyn Creamery - Healthy Ice Cream,200,2.9,"Desserts,Ice Cream,Healthy Food",12.9678,77.6039,Locality (matched)
442471,Dumdum,Kolkata,D Tasty Ride,500,2.9,"Chinese,Fast Food",22.642,88.42,Locality (matched)
442492,Shenoy Nagar,Chennai,Pizza Crush,499,2.9,"Italian,Pizzas,Snacks,Beverages",13.08,80.228,Locality (matched)
442503,Himayath Nagar,Hyderabad,Gourmet Gully,600,2.9,"Continental,Salads,Pizzas,Pastas,Italian-American",17.4008,78.4813,Locality (matched)
442532,Cg Road,Ahmedabad,Boss Burger,500,3.9,"American,Continental,Fast Food,Combo",23.035,72.562,Locality (matched)
442538,Cunningham Road,Bangalore,Ghee And Turmeric,500,4.2,"North Indian,Tandoor,Punjabi,Beverages,Desserts,Mughlai",12.9873,77.5947,Locality (matched)
442560,Maninagar,Ahmedabad,Brothers Burger,300,2.9,"Street Food,Fast Food,Continental",22.996,72.603,Locality (matched)
442561,Chembur,Mumbai,Getawhey - Healthy Ice Creams,250,2.9,Desserts,19.0522,72.9006,Locality (matched)
442707,Varachha,Surat,Bachelor'S Food,200,2.9,Chinese,21.214,72.842,Locality (matched)
442716,Chembur,Mumbai,Montain Kitchen,300,4.7,Chinese,19.0522,72.9006,Locality (matched)
442740,Park Circus,Kolkata,The Night Room,700,2.9,Asian,22.545,88.37,Locality (matched)
442757,South Kolkata,Kolkata,Sophi'S Tea Kettle,250,2.9,Beverages,22.5,88.345,Locality (matched)
442772,Piplod,Surat,Nicks Kitcchen,200,2.9,"Indian,Desserts",21.166,72.777,Locality (matched)
442774,Annanagar,Chennai,Basmati Foods,300,2.9,"Biryani,Snacks,Beverages",13.085,80.2101,Locality (matched)
442783,Jadavpur,Kolkata,Kaviar Charu Market Restaurant,600,2.9,"North Indian,Chinese,Tandoor,Indian",22.499,88.371,Locality (matched)
442789,Indiranagar,Bangalore,The Dessert Corner,200,4.5,"Bakery,Desserts",12.9719,77.6412,Locality (matched)
442828,Shivaji Nagar,Pune,The Dessert Heaven,200,4.6,"Bakery,Desserts",18.5308,73.8478,Locality (matched)
442864,Nallakunta & Vidyanagar,Hyderabad,Tejus Friends Kitchen,200,2.9,Indian  Chinese,17.402,78.4985,Locality (matched)
442870,Athwa,Surat,New Egg Zone,100,2.9,"Fast Food,Indian",21.178,72.793,Locality (matched)
442889,Himayath Nagar,Hyderabad,The Dessert Bakers,200,4.5,Bakery  Desserts  Snacks,17.4008,78.4813,Locality (matched)
442902,Vishrantwadi,Pune,Palace Of Theme Cakes,400,2.9,Bakery,18.567,73.872,Locality (matched)
442909,Kodambakkam,Chennai,Tikka Man,200,2.9,North Indian,13.05,80.2241,Locality (matched)
443002,Kothapet & Dilsukhnagar,Hyderabad,Rahmania Chat Corner,200,2.9,"Indian,Street Food",17.37,78.528,Locality (matched)
443016,Vastrapur,Ahmedabad,Dum Pe Dum,500,2.9,"Biryani,Kebabs,North Indian",23.039,72.529,Locality (matched)
443020,Frazer Town,Bangalore,Food Corner,250,2.9,"North Indian,Arabian,Snacks,Biryani",12.9967,77.6127,Locality (matched)
443045,Rohini,Delhi,Da Pizza Factory,300,2.9,Italian,28.7041,77.1025,Locality (matched)
443057,Santoshnagar & Saidabad,Hyderabad,Pista House Bakery,200,3.9,"Italian,Ice Cream,Beverages,Fast Food,Continental",17.354,78.51,Locality (matched)
443068,Kothapet & Dilsukhnagar,Hyderabad,Chitti In Town Robot Restaurant,250,2.9,"Indian,Chinese,Tandoor,Seafood",17.37,78.528,Locality (matched)
443086,Rohini,Delhi,Nirula'S,500,4.2,"Ice Cream,Desserts,Beverages",28.7041,77.1025,Locality (matched)
443102,Kothapet & Dilsukhnagar,Hyderabad,Fries.Com,300,2.9,"Chinese,Bakery,Beverages",17.37,78.528,Locality (matched)
443155,Kothapet & Dilsukhnagar,Hyderabad,A M Shah Haleem,500,2.9,Indian,17.37,78.528,Locality (matched)
443235,Kothapet & Dilsukhnagar,Hyderabad,Sri Raghavendra Tiffins & Meals,280,2.9,South Indian,17.37,78.528,Locality (matched)
443274,Burrabazar,Kolkata,Amber'S Kitchen,250,2.9,"North Indian,Biryani",22.572,88.351,Locality (matched)
443298,Central Bangalore,Bangalore,Tea Lounge Cafe,300,2.9,"North Indian,Fast Food",12.9767,77.5993,Locality (matched)
443345,Kothrud,Pune,Chow Chow Chinese,200,2.9,Chinese,18.5074,73.8077,Locality (matched)
443385,South Kolkata,Kolkata,La Maison Des Delices Patisserie & Bistro,1000,2.9,"Bakery,Continental,Pizzas",22.5,88.345,Locality (matched)
443387,Brigade Road,Bangalore,Flying Kombucha,200,2.9,"Juices,Beverages",12.9718,77.6079,Locality (matched)
443398,Marol Sakinaka,Mumbai,Indigo Potmeal Project,500,2.9,"Indian,Chinese",19.1073,72.8873,Locality (matched)
443409,Marol Sakinaka,Mumbai,Indigo Italiano Project,1000,2.9,"Pizzas,Pastas",19.1073,72.8873,Locality (matched)
443442,Marol Sakinaka,Mumbai,Indigo Asian Project,500,2.9,"Chinese,Indian",19.1073,72.8873,Locality (matched)
443483,Central Kolkata,Kolkata,Food King,400,2.9,Chinese,22.57,88.355,Locality (matched)
443504,South West,Delhi,Eatfit,270,4.3,"Healthy Food,Pizzas,North Indian,Thalis,Biryani",28.6139,77.209,City-level (approximate fallback)
443511,Santacruz,Mumbai,Eatfit,270,3.9,Healthy Food  Pizzas  North Indian  Thalis  Biryani,19.0822,72.8416,Locality (matched)
443550,Marol Sakinaka,Mumbai,Marol Fusion Food By D'Unik,400,2.9,"North Indian,Chinese,Kebabs",19.1073,72.8873,Locality (matched)
443564,Banjara Hills,Hyderabad,Mendys Panipuri,300,2.9,"Street Food,Chaat",17.4156,78.4347,Locality (matched)
443578,Santoshnagar & Saidabad,Hyderabad,Foodiez Hub,140,2.9,"Chinese,Indian",17.354,78.51,Locality (matched)
443587,Marol Sakinaka,Mumbai,Newlazeezcateres,200,2.9,Lebanese,19.1073,72.8873,Locality (matched)
443600,Marol Sakinaka,Mumbai,D'Unik Fusion Food,400,2.9,"Biryani,Chinese,Kebabs",19.1073,72.8873,Locality (matched)
443606,Kondhwa,Pune,Garrison Kitchen,400,2.9,"Chinese,Beverages",18.4633,73.893,Locality (matched)
443653,Swargate,Pune,Haidrabadi Biryani House,300,2.9,"Hyderabadi,Biryani",18.5008,73.8586,Locality (matched)
443730,Marol Sakinaka,Mumbai,Indigo Hindustani Project,500,2.9,"Chinese,Indian",19.1073,72.8873,Locality (matched)
443800,Basavanagudi,Bangalore,Red Chilies,300,2.9,"Chinese,South Indian",12.9422,77.576,Locality (matched)
443814,Adajan,Surat,Ajays Takeaway Foods,150,2.9,Fast Food,21.196,72.78,Locality (matched)
443815,Kothapet & Dilsukhnagar,Hyderabad,Habibi Hungry,200,4.6,"Arabian,Fast Food",17.37,78.528,Locality (matched)
443826,Banjara Hills,Hyderabad,Chulha Chowki,350,2.9,"Indian,Chinese,Kebabs,Tandoor,Biryani,Snacks,Beverages,Desserts,Arabian",17.4156,78.4347,Locality (matched)
443862,Arumbakkam,Chennai,Sri Sai Foods,10,2.9,Fast Food,13.073,80.21,Locality (matched)
443877,Varachha,Surat,Badmash Biryani,350,2.9,"Biryani,Mughlai",21.214,72.842,Locality (matched)
443922,Mylapore,Chennai,City Square Cafeteria,280,2.9,"Fast Food,Desserts,Beverages",13.0339,80.2695,Locality (matched)
443929,Himayath Nagar,Hyderabad,Delite Pizza And Shakes,200,2.9,"Pizzas,Beverages",17.4008,78.4813,Locality (matched)
443938,Swargate,Pune,Wok N Roll,1,2.9,"Chinese,Snacks",18.5008,73.8586,Locality (matched)
443970,Matunga Wadala,Mumbai,The Ice Cream Bakery - Tib,300,2.9,Ice Cream  Desserts  Bakery,19.022,72.855,Locality (matched)
443994,Varachha,Surat,Bolo Tara Rara,500,2.9,"North Indian,Punjabi",21.214,72.842,Locality (matched)
443995,Nallakunta & Vidyanagar,Hyderabad,Al Ibrahim Hotel,250,4.2,Biryani,17.402,78.4985,Locality (matched)
444039,South Kolkata,Kolkata,Snack It,250,2.9,"Indian,Chinese,Bengali,Oriental,Seafood",22.5,88.345,Locality (matched)
444043,Piplod,Surat,Ms Food,300,2.9,"Beverages,Combo",21.166,72.777,Locality (matched)
444178,Indiranagar,Bangalore,Magnolia Bakery,500,4.6,"Desserts,Bakery,Ice Cream",12.9719,77.6412,Locality (matched)
444195,Central Bangalore,Bangalore,Hotel Geo,650,2.9,"Coastal,Goan,Indian",12.9767,77.5993,Locality (matched)
444253,Ameerpet,Hyderabad,Sricanth Dhaba,280,3.2,Indian  Chinese,17.4374,78.4487,Locality (matched)
444315,Bibwewadi,Pune,Pan Biryani,200,2.9,"Biryani,Snacks,Fast Food,Lebanese,Combo",18.475,73.863,Locality (matched)
444346,Central Bangalore,Bangalore,Umpire Chicken County,300,2.9,"Chinese,Tandoor,North Indian,Biryani",12.9767,77.5993,Locality (matched)
444359,Hyderguda Old Mla Home,Hyderabad,American Bakers Bakers & Confectioners,250,2.9,Fast Food,17.398,78.474,Locality (matched)
444474,T Nagar,Chennai,Momos,300,2.9,Chinese,13.0418,80.2341,Locality (matched)
444508,Villivakkam,Chennai,Mithran Fast Food,300,2.9,"Chinese,Biryani",13.103,80.208,Locality (matched)
444623,Andheri East,Mumbai,Nivala Apka Apna,200,5,"North Indian,Chinese,Indian",19.1136,72.8697,Locality (matched)
444780,Rohini,Delhi,Theobroma,850,4.4,"Desserts,Bakery,Beverages",28.7041,77.1025,Locality (matched)
444841,Jadavpur,Kolkata,Toastie And Tonic,280,2.9,Indian  Bakery,22.499,88.371,Locality (matched)
444850,Jadavpur,Kolkata,Cafe Mon,200,2.9,Fast Food  Beverages  Desserts,22.499,88.371,Locality (matched)
444885,Athwa,Surat,Barbeque Night,300,3.8,"Mughlai,Chinese,Tandoor,Seafood",21.178,72.793,Locality (matched)
444998,Scruz Bandra East,Mumbai,Mumbai Wok Express,300,2.9,"North Indian,Chinese,Indian",19.075,72.845,Locality (matched)
445044,Kankurgachi Kolkata,Kolkata,Tibet Eats,400,2.9,Chinese,22.585,88.39,Locality (matched)
445065,Gautam Buddha Nagar,Mumbai,Bammaye Chinese,300,2.9,Chinese,19.076,72.8777,City-level (approximate fallback)
445068,Scruz Bandra East,Mumbai,Bombay Chinese,300,2.9,Chinese,19.075,72.845,Locality (matched)
445072,Gautam Buddha Nagar,Mumbai,Indian Wok Xpress,300,2.9,North Indian,19.076,72.8777,City-level (approximate fallback)
445114,Andheri West Area,Mumbai,Jkc,200,2.9,"Chinese,Biryani",19.1197,72.8464,Locality (matched)
445117,Central Kolkata,Kolkata,Kabir Biryani House And Restaurant,200,2.9,Biryani  Mughlai,22.57,88.355,Locality (matched)
445141,Athwa,Surat,Bakers Bunch,400,2.9,"Bakery,Fast Food,Snacks",21.178,72.793,Locality (matched)
445215,Scruz Bandra East,Mumbai,Chinese Palace,300,2.9,"Chinese,Seafood",19.075,72.845,Locality (matched)
445257,Shivaji Nagar,Pune,Sainath Khanawal,300,2.9,"Maharashtrian,Thalis",18.5308,73.8478,Locality (matched)
445258,Marol Sakinaka,Mumbai,The Lake Front Restaurant,300,2.9,North Indian  Chinese  Thalis  Biryani,19.1073,72.8873,Locality (matched)
445269,Annanagar,Chennai,Foodinbox,350,2.9,"North Indian,Chinese,Biryani,Tandoor",13.085,80.2101,Locality (matched)
445334,Swargate,Pune,Aarz Restaurant,240,2.9,Indian,18.5008,73.8586,Locality (matched)
445376,Bibwewadi,Pune,Ghone'S Pure Non-Veg,200,2.9,North Indian,18.475,73.863,Locality (matched)
445522,Indiranagar,Bangalore,69 Dacker'S Lane,250,2.9,"Bengali,Biryani",12.9719,77.6412,Locality (matched)
445592,Camp,Pune,Swarajya Wadewale,200,2.9,"Snacks,South Indian,Beverages",18.5122,73.879,Locality (matched)
445636,Koregaon Park,Pune,Let'S Hangout@001,1000,2.9,"Chinese,Pizzas,Pastas",18.5362,73.8938,Locality (matched)
445639,Kothapet & Dilsukhnagar,Hyderabad,Hunger'S Hub Fastfood,250,2.9,"Chinese,Bakery,Fast Food",17.37,78.528,Locality (matched)
445723,Salunkhe Vihar,Pune,Anda 420,200,2.9,Fast Food,18.485,73.902,Locality (matched)
445730,Marol Sakinaka,Mumbai,Meryaki,200,2.9,Chinese  Seafood,19.1073,72.8873,Locality (matched)
445739,Marol Sakinaka,Mumbai,Chinese@99,200,2.9,Chinese,19.1073,72.8873,Locality (matched)
445802,Rohini,Delhi,Murthalwala,200,4.2,"Punjabi,North Indian,Indian",28.7041,77.1025,Locality (matched)
445821,Rohini,Delhi,Mr Paratha,200,3.9,"Punjabi,North Indian,Indian",28.7041,77.1025,Locality (matched)
445826,Rohini,Delhi,Lala Pakode Wala,200,4.4,"Snacks,Fast Food,Punjabi",28.7041,77.1025,Locality (matched)
445830,Rohini,Delhi,Haandiwala,200,2.9,"Punjabi,North Indian,Indian",28.7041,77.1025,Locality (matched)
445835,Rohini,Delhi,Thaaliwalaa,200,4,"Punjabi,North Indian,Indian,Thalis",28.7041,77.1025,Locality (matched)
445859,Rohini,Delhi,Wat A Paratha,200,2.9,"Punjabi,North Indian,Indian",28.7041,77.1025,Locality (matched)
445869,Uppal,Hyderabad,Pista House Restaurant,400,4,"Biryani,Chinese,Tandoor,Ice Cream,Beverages",17.4062,78.559,Locality (matched)
445893,Rohini,Delhi,Chinese By Heart,200,4.1,"Chinese,Asian,Snacks,Fast Food",28.7041,77.1025,Locality (matched)
445907,Rohini,Delhi,The Hungry Street,200,2.9,"Continental,Snacks,Fast Food",28.7041,77.1025,Locality (matched)
445910,Rohini,Delhi,The Mealbox,200,2.9,"Thalis,Punjabi,North Indian,Indian",28.7041,77.1025,Locality (matched)
445923,Central Kolkata,Kolkata,J.K. Muskan Rool Jaiswal Corner,250,2.9,"Chinese,Pastas",22.57,88.355,Locality (matched)
445924,South Kolkata,Kolkata,Cookies & Cakes,400,4.7,Desserts,22.5,88.345,Locality (matched)
445927,Rohini,Delhi,Mr Naan & Mrs Curry,200,2.9,"Punjabi,North Indian,Indian",28.7041,77.1025,Locality (matched)
445936,Mylapore,Chennai,Kanji Kadai,400,4.3,"South Indian,Chinese",13.0339,80.2695,Locality (matched)
445973,Kurla,Mumbai,Benji'S Darbar,300,2.9,"Chinese,North Indian",19.0728,72.8826,Locality (matched)
445985,Kurla,Mumbai,Chicking,500,2.9,"Fast Food,Continental",19.0728,72.8826,Locality (matched)
445998,Jadavpur,Kolkata,The Melbourne Cafe,500,2.9,Continental  Bakery  Desserts,22.499,88.371,Locality (matched)
446023,Perambur,Chennai,S.R.Kathar Biryani,250,2.9,Indian,13.1155,80.234,Locality (matched)
446064,Himayath Nagar,Hyderabad,Hotel City Point,200,2.9,"Chinese,Indian",17.4008,78.4813,Locality (matched)
446172,Bibwewadi,Pune,Starboy Pizza & Shakes,400,2.9,"Pizzas,Fast Food,Desserts,Beverages",18.475,73.863,Locality (matched)
446175,Bibwewadi,Pune,Bhayankar Burgers,250,2.9,"Fast Food,American,Desserts",18.475,73.863,Locality (matched)
446178,Nallakunta & Vidyanagar,Hyderabad,Wow! Samosa,105,2.9,Snacks,17.402,78.4985,Locality (matched)
446189,Kothapet & Dilsukhnagar,Hyderabad,Sobremesa - Cakes And Dessets,300,4.4,Bakery  Desserts,17.37,78.528,Locality (matched)
446204,Sion Bhakti Park,Mumbai,Apeksha Tea And Snacks,140,2.9,"Fast Food,Pizzas,Snacks",19.043,72.868,Locality (matched)
446300,Kothrud,Pune,Hotel Shree Ganesh Krupa,200,2.9,"Chinese,Street Food",18.5074,73.8077,Locality (matched)
446397,Koramangala,Bangalore,Tricky Shakes,250,5,"Ice Cream,Beverages",12.9352,77.6245,Locality (matched)
446513,Swargate,Pune,Shree Savji Biryani,200,2.9,"North Indian,Biryani,Thalis",18.5008,73.8586,Locality (matched)
446548,Alipore,Kolkata,Cloud26,300,2.9,"Chinese,Continental,Pastas,Snacks",22.533,88.33,Locality (matched)
446585,Uppal,Hyderabad,Pista House Bakery,200,4,"Pizzas,Salads",17.4062,78.559,Locality (matched)
446654,Himayath Nagar,Hyderabad,Monster Pizza,140,2.9,Pizzas,17.4008,78.4813,Locality (matched)
446655,Santacruz East Mumbai.,Mumbai,Sai Kripa Fast Food Hotel,200,2.9,Indian,19.0822,72.8416,Locality (substring match: 'santacruz east')
446670,Uppal,Hyderabad,Pista House Tea,100,4.2,Beverages,17.4062,78.559,Locality (matched)
446785,Matunga Wadala,Mumbai,Santosh Kitchen,400,2.9,Chinese  Snacks,19.022,72.855,Locality (matched)
446793,Basavanagudi,Bangalore,Kempe Gowda Biryani (Nati Style),500,2.9,"Biryani,North Indian",12.9422,77.576,Locality (matched)
446812,Vardhman Premium Mall,Delhi,Biryani By Kilo,700,4.8,"Biryani,Mughlai,Kebabs,North Indian,Hyderabadi,Lucknowi,Andhra,South Indian",28.6139,77.209,City-level (approximate fallback)
446925,Bibwewadi,Pune,Thakur Food Products,300,2.9,"Bakery,Desserts",18.475,73.863,Locality (matched)
446935,George Town,Chennai,National Lodge,300,2.9,South Indian,13.094,80.287,Locality (matched)
446956,Central Kolkata,Kolkata,Bismillah Stores,200,2.9,"Fast Food,Pizzas",22.57,88.355,Locality (matched)
446976,Kothrud,Pune,Cafe Ocean 11,250,2.9,"Fast Food,Continental,Italian,Beverages",18.5074,73.8077,Locality (matched)
446983,Himayath Nagar,Hyderabad,The Tea Planet  Kachiguda,200,2.9,"Beverages,Snacks",17.4008,78.4813,Locality (matched)
447047,Bandra Area,Mumbai,Poetry By Love & Cheesecake,800,2.9,"European,Bakery",19.0596,72.8295,Locality (matched)
447106,Dumdum,Kolkata,Wakhani,300,2.9,Indian,22.642,88.42,Locality (matched)
447118,Powai,Mumbai,The Great Indian Appetizers,300,2.9,Chinese  Lebanese  Pizzas,19.1176,72.906,Locality (matched)
447202,Kothrud,Pune,Cafe Tom And Jerry,300,2.9,"Fast Food,Italian,Continental,Beverages",18.5074,73.8077,Locality (matched)
447258,Koramangala,Bangalore,Pizza Club 1987,250,2.9,Pizzas,12.9352,77.6245,Locality (matched)
447343,Ashok Nagar,Hyderabad,C Kitchen,250,2.9,Chinese,17.402,78.49,Locality (matched)
447347,South Kolkata,Kolkata,Cafe Yonder,600,2.9,Italian  Desserts,22.5,88.345,Locality (matched)
447348,Burrabazar,Kolkata,Sipsmart Cloud Kitchen,250,2.9,"Chinese,Bakery,Combo",22.572,88.351,Locality (matched)
447432,Koregaon Park,Pune,Hotel New Zaika,300,2.9,North Indian,18.5362,73.8938,Locality (matched)
447528,North Dumdum,Kolkata,I Am Hungry,200,2.9,Chinese,22.648,88.415,Locality (matched)
447545,Koregaon Park,Pune,Zaika Restaurant,300,2.9,North Indian,18.5362,73.8938,Locality (matched)
447668,Sion Bhakti Park,Mumbai,Foodi House,200,2.9,Biryani,19.043,72.868,Locality (matched)
447669,Sion Bhakti Park,Mumbai,Snacks Corners,300,2.9,"Fast Food,Snacks,Beverages",19.043,72.868,Locality (matched)
447670,Sion Bhakti Park,Mumbai,Eat Repeat,260,2.9,"Fast Food,Beverages",19.043,72.868,Locality (matched)
447671,Sion Bhakti Park,Mumbai,Swadd Momos,220,2.9,Chinese,19.043,72.868,Locality (matched)
447672,Sion Bhakti Park,Mumbai,The Spicy,200,2.9,"Indian,Chinese,Biryani",19.043,72.868,Locality (matched)
447673,Sion Bhakti Park,Mumbai,Anna Cafes,260,2.9,"Italian,Fast Food",19.043,72.868,Locality (matched)
447674,Sion Bhakti Park,Mumbai,Mehfil Cafe,320,2.9,"Italian,Fast Food",19.043,72.868,Locality (matched)
447675,Sion Bhakti Park,Mumbai,Indian Chinese,200,2.9,Chinese,19.043,72.868,Locality (matched)
447677,Sion Bhakti Park,Mumbai,Sandwich Hub,200,2.9,"Fast Food,Beverages",19.043,72.868,Locality (matched)
447678,Sion Bhakti Park,Mumbai,Bombay Tadka House,250,2.9,Chinese,19.043,72.868,Locality (matched)
447699,Koregaon Park,Pune,Singham,300,2.9,North Indian,18.5362,73.8938,Locality (matched)
447705,South Kolkata,Kolkata,All Day Breakfast,350,2.9,Bengali  Snacks  Indian,22.5,88.345,Locality (matched)
447706,Marol Sakinaka,Mumbai,Unicon Family Restaurant,550,2.9,"North Indian,Chinese,Mughlai,Biryani",19.1073,72.8873,Locality (matched)
447736,Alipore,Kolkata,Inch By The Lane,250,2.9,"Chinese,North Indian",22.533,88.33,Locality (matched)
447743,Scruz Bandra East,Mumbai,Mehfil,300,2.9,Chinese,19.075,72.845,Locality (matched)
447779,Marol Sakinaka,Mumbai,Kings Shawarma,150,2.9,Snacks,19.1073,72.8873,Locality (matched)
447789,Central Kolkata,Kolkata,High Life,700,2.9,Chinese  Indian,22.57,88.355,Locality (matched)
447801,Koregaon Park,Pune,Al Barkat,300,2.9,"North Indian,Fast Food,Chinese,Mughlai",18.5362,73.8938,Locality (matched)
447804,Koregaon Park,Pune,Happy Singh,300,2.9,"North Indian,Fast Food,Chinese,Mughlai",18.5362,73.8938,Locality (matched)
447808,Scruz Bandra East,Mumbai,City Wok Express,300,2.9,"Chinese,Seafood,Fast Food,Indian",19.075,72.845,Locality (matched)
447825,Koregaon Park,Pune,Rewar Park,300,2.9,"North Indian,Fast Food,Chinese,Mughlai",18.5362,73.8938,Locality (matched)
447836,Koregoan Park,Pune,Good Luck,300,2.9,"North Indian,Chinese,Mughlai",18.5362,73.8938,Locality (matched)
447837,Koregaon Park,Pune,Mughal Tadka,300,2.9,"North Indian,Fast Food,Chinese,Mughlai",18.5362,73.8938,Locality (matched)
447839,Koregaon Park,Pune,Aaina,300,2.9,"North Indian,Chinese,Fast Food,Mughlai",18.5362,73.8938,Locality (matched)
447842,Koregaon Park,Pune,Try Luck,300,2.9,"North Indian,Mughlai,Fast Food,Chinese",18.5362,73.8938,Locality (matched)
447844,Koregaon Park,Pune,Nawabi Tadka,300,2.9,"North Indian,Fast Food,Chinese,Mughlai",18.5362,73.8938,Locality (matched)
447845,Koregaon Park,Pune,Shah Restaurant,300,2.9,"North Indian,Fast Food,Chinese,Mughlai",18.5362,73.8938,Locality (matched)
447847,Koregaon Park,Pune,Foods Point,300,2.9,"North Indian,Chinese,Fast Food,Mughlai",18.5362,73.8938,Locality (matched)
447848,Koregaon Park,Pune,Mannat,300,2.9,"North Indian,Fast Food,Chinese,Mughlai",18.5362,73.8938,Locality (matched)
447850,Koregaon Park,Pune,Tawakkal,300,2.9,"North Indian,Fast Food,Chinese,Mughlai",18.5362,73.8938,Locality (matched)
447904,Nallakunta & Vidyanagar,Hyderabad,Vaishu'S Kitchen,300,2.9,"Biryani,Chinese",17.402,78.4985,Locality (matched)
447936,Koregaon Park,Pune,Sim Sim,300,2.9,"North Indian,Fast Food,Chinese,Mughlai",18.5362,73.8938,Locality (matched)
447954,South Kolkata,Kolkata,Immunno Kitchen,250,2.9,"Seafood,Chinese",22.5,88.345,Locality (matched)
447959,Egmore,Chennai,Madras Hotel Ashoka - Abhinandan,500,4.3,"South Indian,Indian",13.0732,80.2609,Locality (matched)
447965,Indiranagar,Bangalore,Zama,250,2.9,Turkish,12.9719,77.6412,Locality (matched)
448020,Marol Sakinaka,Mumbai,Kebab E Tandoor,350,2.9,"North Indian,Seafood,Biryani,Desserts,Chinese",19.1073,72.8873,Locality (matched)
448068,Purasawalkam,Chennai,Mary'S Kitchen,200,2.9,Chinese,13.085,80.254,Locality (matched)
448135,Powai,Mumbai,Biryani House,500,2.9,Biryani  Beverages,19.1176,72.906,Locality (matched)
448190,Powai,Mumbai,Biryani & Free Masala Chaas,500,2.9,Biryani  Beverages,19.1176,72.906,Locality (matched)
448216,Indiranagar,Bangalore,Momo Zone The Momo Company,200,4.4,"Chinese,Fast Food",12.9719,77.6412,Locality (matched)
448268,Powai,Mumbai,Irish Biryani,500,2.9,Hyderabadi  Biryani  Beverages,19.1176,72.906,Locality (matched)
448270,Charminar,Hyderabad,Msa Juices Shawarma Fruits,200,2.9,"Beverages,Juices,Indian",17.3616,78.4747,Locality (matched)
448272,Cossipore,Kolkata,My Dream Kitchen,200,2.9,"Biryani,Indian,Mughlai,Punjabi,Snacks",22.618,88.372,Locality (matched)
448286,Powai,Mumbai,Biryani Center,500,2.9,Biryani  Beverages,19.1176,72.906,Locality (matched)
448301,Vastrapur,Ahmedabad,Beijing Chicken Lollipops,400,4.4,"Chinese,Asian,Beverages",23.039,72.529,Locality (matched)
448309,Powai,Mumbai,Leela'S Kitchen,500,2.9,Bakery  Desserts,19.1176,72.906,Locality (matched)
448310,Powai,Mumbai,Buy 2 Get 1 Free Biryani,500,2.9,Biryani  Beverages,19.1176,72.906,Locality (matched)
448326,Powai,Mumbai,Biryani Point,500,2.9,Biryani  Beverages,19.1176,72.906,Locality (matched)
448329,Vastrapur,Ahmedabad,Ching Chong Chinese,400,4.8,"Chinese,Asian,Beverages",23.039,72.529,Locality (matched)
448344,Sector V Salt Lake,Kolkata,Lands Of Icecream,300,2.9,"Fast Food,Chinese,Pizzas,Beverages",22.575,88.431,Locality (matched)
448367,Pcmc,Pune,Hotel Radha Krishna World Of Veg,350,2.9,"North Indian,South Indian,Desserts,Street Food,Beverages",18.6298,73.7997,Locality (matched)
448370,Sector V Salt Lake,Kolkata,Arabian Wraps,200,2.9,"Fast Food,Chinese,Pizzas,Beverages",22.575,88.431,Locality (matched)
448438,Powai,Mumbai,Kebab Biryani,500,2.9,Biryani,19.1176,72.906,Locality (matched)
448442,Himayath Nagar,Hyderabad,Golden Bistro,250,2.9,"Chinese,Fast Food",17.4008,78.4813,Locality (matched)
448481,Kothrud,Pune,Madhuraj Kitchen,400,2.9,"North Indian,Street Food,Biryani",18.5074,73.8077,Locality (matched)
448490,Bandra East,Mumbai,Barbeque Nation,600,2.9,"North Indian,Mughlai,Seafood,Biryani,Desserts,Kebabs",19.0596,72.841,Locality (matched)
448491,Bandra East,Mumbai,Ubq By Barbeque Nation,300,2.9,"North Indian,Mughlai,Seafood,Biryani,Desserts,Kebabs",19.0596,72.841,Locality (matched)
448583,Aminjikarai,Chennai,Ammi'S Biryani,300,2.9,"Biryani,North Indian,Kebabs,Mughlai,Grill,Desserts,Sweets,Beverages",13.073,80.226,Locality (matched)
448584,Aminjikarai,Chennai,Eatfit,270,4.3,"Healthy Food,Pizzas,North Indian,Thalis,Biryani",13.073,80.226,Locality (matched)
448590,Aminjikarai,Chennai,Great Indian Khichdi,200,4.2,"Indian,Home Food,Healthy Food,Snacks",13.073,80.226,Locality (matched)
448613,Perambur,Chennai,The Shawarma Makers,220,2.9,"Arabian,Fast Food",13.1155,80.234,Locality (matched)
448701,Vishrantwadi,Pune,Foodie Point,200,2.9,"Chinese,North Indian",18.567,73.872,Locality (matched)
448720,Lingarajapuram Kammanahalli,Bangalore,Thayi Mane Utta,300,2.9,"South Indian,Biryani,Desserts,Beverages",13.0182,77.6288,Locality (matched)
448732,Kurla,Mumbai,Tavakkal Hotel,600,2.9,"Chinese,North Indian",19.0728,72.8826,Locality (matched)
448766,Paschim Vihar,Delhi,Uncle Ji Ka Kitchen,300,2.9,"North Indian,Thalis",28.6692,77.1013,Locality (matched)
448830,Banjara Hills,Hyderabad,Filful Shawarma,250,2.9,"Snacks,Lebanese",17.4156,78.4347,Locality (matched)
448834,Tarnaka  Nacharam & Malkajigiri,Hyderabad,Manus Kitchen Tiffins,500,4,South Indian  Combo  Sweets,17.423,78.539,Locality (matched)
448841,Sector V Salt Lake,Kolkata,Adda & Biryani,500,2.9,"Biryani,North Indian,Combo",22.575,88.431,Locality (matched)
448862,Shyam Bazar,Kolkata,Toast N Tonic,500,2.9,"Chinese,Seafood",22.599,88.372,Locality (matched)
448876,Sanitytestarea,Kolkata,Bhaijaan'S,300,2.9,"Biryani,North Indian,Chinese",22.5726,88.3639,City-level (approximate fallback)
448883,Marol Sakinaka,Mumbai,Desi Addict'S,250,2.9,"North Indian,Chinese,Combo,Desserts",19.1073,72.8873,Locality (matched)
448909,Himayath Nagar,Hyderabad,Zorro - Milkshakes And Thickshakes,300,5,Beverages,17.4008,78.4813,Locality (matched)
448956,Bibwewadi,Pune,Zhangg,200,2.9,Chinese,18.475,73.863,Locality (matched)
448977,Vastrapur,Ahmedabad,Entanglement,450,2.9,"Pizzas,Chinese,Fast Food,Beverages,Ice Cream",23.039,72.529,Locality (matched)
449000,Central Bangalore,Bangalore,Huda Bakery And Chats,100,2.9,"Desserts,Chaat",12.9767,77.5993,Locality (matched)
449055,Indiranagar,Bangalore,Anjana Iyengar Bakery And Chats,200,2.9,"Bakery,Desserts,Snacks",12.9719,77.6412,Locality (matched)
449079,Powai,Mumbai,Hyderabadi Dum Biryani,500,2.9,Biryani  Beverages,19.1176,72.906,Locality (matched)
449081,Powai,Mumbai,Bogo Biryani,500,2.9,Biryani  Beverages,19.1176,72.906,Locality (matched)
449111,Chembur,Mumbai,Maharashtrian Katta,200,2.9,"Street Food,Indian",19.0522,72.9006,Locality (matched)
449162,Ruby Area,Kolkata,What'S Your Need,200,2.9,Fast Food,22.514,88.398,Locality (matched)
449168,Central Kolkata,Kolkata,Beefeast,400,2.9,Pizzas  Pastas  Beverages,22.57,88.355,Locality (matched)
449174,Salt Lake,Kolkata,French Fry Snacks,200,2.9,"Fast Food,Desserts,Pizzas,Chinese,Beverages",22.585,88.418,Locality (matched)
449198,T Nagar,Chennai,The Belgian Street,300,2.9,"Bakery,Desserts,Chinese,Beverages",13.0418,80.2341,Locality (matched)
449239,Koregaon Park,Pune,A1 Restaurant,300,2.9,North Indian,18.5362,73.8938,Locality (matched)
449242,Navrangpura,Ahmedabad,Shaolin Panda,400,2.9,Chinese,23.0365,72.561,Locality (matched)
449312,Viman Nagar,Pune,Sizzling Wok,300,2.9,"Chinese,Desserts",18.567,73.9143,Locality (matched)
449361,Koregaon Park,Pune,Nagpur Saoji Black Curry,600,2.9,Indian,18.5362,73.8938,Locality (matched)
449364,Kestopur,Kolkata,Food Picasso,300,2.9,"American,Salads,Beverages",22.602,88.426,Locality (matched)
449372,Kothrud,Pune,Cafe Doraemon,200,2.9,"Pizzas,Chinese",18.5074,73.8077,Locality (matched)
449395,Perambur,Chennai,Arcot Biriyani,150,2.9,Indian,13.1155,80.234,Locality (matched)
449407,Kalyani Nagar,Pune,Hotel Sai Shivneri,250,2.9,"North Indian,Chinese,Biryani,Beverages",18.5479,73.9014,Locality (matched)
449427,Kothapet & Dilsukhnagar,Hyderabad,Bhaijaan'S Avenue,280,2.9,"North Indian,Seafood,Indian",17.37,78.528,Locality (matched)
449428,Nibm Post Office Road,Pune,Kolkata Kitchen,400,2.9,"North Indian,Tandoor,Fast Food",18.475,73.905,Locality (matched)
449454,Piplod,Surat,The Hidden Wok,200,2.9,Chinese,21.166,72.777,Locality (matched)
449569,Charminar,Hyderabad,Bilaad Eatery,275,2.9,Pizzas,17.3616,78.4747,Locality (matched)
449646,Egmore,Chennai,Taj Mugalai Since 1981,250,2.9,"Chinese,Arabian",13.0732,80.2609,Locality (matched)
449713,Swargate,Pune,Bread Bash,300,2.9,"Italian,Beverages",18.5008,73.8586,Locality (matched)
449737,Naranpura,Ahmedabad,Edr Cafe,200,2.9,Beverages,23.048,72.558,Locality (matched)
449740,Rohini,Delhi,Shahi Chiken Corner,350,2.9,Indian,28.7041,77.1025,Locality (matched)
449775,Villivakkam,Chennai,Pizza Stone,350,2.9,"Pizzas,Combo",13.103,80.208,Locality (matched)
449869,Basavanagudi,Bangalore,Nisarga Restaurant,300,2.9,"North Indian,Chinese,Snacks",12.9422,77.576,Locality (matched)
449962,Indiranagar,Bangalore,Cafe Grey By Dongle & Co,450,2.9,"Beverages,Pizzas,Fast Food,Bakery,Desserts",12.9719,77.6412,Locality (matched)
449996,Koramangala,Bangalore,Appu'S Donne Biryani,400,2.9,Biryani,12.9352,77.6245,Locality (matched)
450002,Sainik Vihar Pritampura,Delhi,Tandoori Junction,350,2.9,"North Indian,Tandoor,Thalis,Beverages",28.69,77.117,Locality (matched)
450029,Malleshwaram,Bangalore,Hokart - Sri Vinayaka Chats,120,2.9,"Chaat,Street Food,Snacks,Indian",13.0035,77.5647,Locality (matched)
450067,Rohini,Delhi,The Special Cheeseyest Pizza,200,2.9,"Pizzas,Fast Food",28.7041,77.1025,Locality (matched)
450110,Kothapet & Dilsukhnagar,Hyderabad,Grillistan,300,2.9,"Arabian,Fast Food,Pizzas,Snacks,Beverages",17.37,78.528,Locality (matched)
450125,Piplod,Surat,Citro Bake House,200,2.9,Bakery,21.166,72.777,Locality (matched)
450212,Park Circus,Kolkata,Amigo'S Corner,300,2.9,"Chinese,Indian,Pizzas,Pastas,Biryani,Desserts",22.545,88.37,Locality (matched)
450219,Purasawalkam,Chennai,New Hotel Madina Biriyani,300,2.9,"Indian,Chinese,Combo",13.085,80.254,Locality (matched)
450316,Dumdum,Kolkata,Starter Barter,500,2.9,"Chinese,Seafood",22.642,88.42,Locality (matched)
450352,Lake Town,Kolkata,Aamio Bengali Restaurant,200,2.9,"Bangladeshi,Bengali",22.605,88.395,Locality (matched)
450484,Rohini,Delhi,The Special Roll,200,2.9,Snacks,28.7041,77.1025,Locality (matched)
450510,Rohini,Delhi,Pradeep Egg Center,500,2.9,Snacks,28.7041,77.1025,Locality (matched)
450523,South Kolkata,Kolkata,Cafe Sabrosa,500,2.9,Fast Food  Continental  Beverages,22.5,88.345,Locality (matched)
450524,Koregaon Park,Pune,Food Pride,40,2.9,"Fast Food,Snacks,Bakery",18.5362,73.8938,Locality (matched)
450540,Navrangpura,Ahmedabad,William John'S Pizza,400,2.9,"Pizzas,Italian,Combo",23.0365,72.561,Locality (matched)
450571,Chembur,Mumbai,Freezo Cakes,200,2.9,Bakery,19.0522,72.9006,Locality (matched)
450588,Himayath Nagar,Hyderabad,Norfest - The Dhaba,250,4.2,Indian,17.4008,78.4813,Locality (matched)
450610,Indiranagar,Bangalore,Prm Biryani,400,2.9,Biryani,12.9719,77.6412,Locality (matched)
450654,Charminar,Hyderabad,Pista House Bakery Kotla,200,4.3,"Fast Food,Continental,Pizzas,Snacks",17.3616,78.4747,Locality (matched)
450692,Kestopur,Kolkata,Biryani Bowl,400,2.9,"Biryani,Indian",22.602,88.426,Locality (matched)
450694,Perambur,Chennai,Ambur Masha Allah Briyani,400,2.9,Biryani,13.1155,80.234,Locality (matched)
450781,South Kolkata,Kolkata,Lama'S Food Centre,200,2.9,"Chinese,Fast Food",22.5,88.345,Locality (matched)
450811,Swargate,Pune,Jayashree Pavbhaji And Juice Bar,200,2.9,"Street Food,Beverages",18.5008,73.8586,Locality (matched)
450868,Nallakunta & Vidyanagar,Hyderabad,All About Garlic Bread,300,2.9,Fast Food,17.402,78.4985,Locality (matched)
450935, Begumpet,Hyderabad,The Hide Away Cafe,480,2.9,Chinese,17.44,78.465,Locality (matched)
450971,Perambur,Chennai,Red E Drop Zone,1000,2.9,"Chinese,Seafood",13.1155,80.234,Locality (matched)
451020,Matunga Wadala,Mumbai,Jenny'S Brownies,300,2.9,"Desserts,Beverages",19.022,72.855,Locality (matched)
451031,Matunga Wadala,Mumbai,Miami Shakes & More,300,2.9,"Desserts,Beverages",19.022,72.855,Locality (matched)
451036,Matunga Wadala,Mumbai,Miami Waffle & Jawbreakers,300,2.9,Bakery  Desserts  Beverages,19.022,72.855,Locality (matched)
451038,Sangvi,Pune,The House Of Momos,200,2.9,Chinese,18.582,73.829,Locality (matched)
451039,Matunga Wadala,Mumbai,New York Waffle & Dinges,300,2.9,Desserts  Beverages,19.022,72.855,Locality (matched)
451045,Matunga Wadala,Mumbai,Starboy Pizza & Shakes,400,2.9,Pizzas  Fast Food  Desserts,19.022,72.855,Locality (matched)
451047,Matunga Wadala,Mumbai,Wack Waffle & Brownies,300,2.9,Desserts  Beverages,19.022,72.855,Locality (matched)
451060,Matunga Wadala,Mumbai,Winner Pizza (Fresh Dough),400,2.9,"Pizzas,Italian,Desserts,Beverages",19.022,72.855,Locality (matched)
451098,Sarthana,Surat,Ajay S,200,2.9,"Italian,North Indian",21.228,72.848,Locality (matched)
451101,South Kolkata,Kolkata,Shawarma Nation,300,4.7,"Middle Eastern,Fast Food,Lebanese",22.5,88.345,Locality (matched)
451104,Kalyani Nagar,Pune,Nothing But Chicken,400,2.9,"Salads,Raw meats",18.5479,73.9014,Locality (matched)
451114,Piplod,Surat,Lazzetti,300,2.9,Lebanese,21.166,72.777,Locality (matched)
451161,Kothrud,Pune,Biryanikar,300,2.9,"Biryani,Beverages,Ice Cream,Sweets",18.5074,73.8077,Locality (matched)
451188,Alipore,Kolkata,Salt N Spice,350,2.9,"Fast Food,Beverages,Snacks,Chinese,Ice Cream,Combo",22.533,88.33,Locality (matched)
451194,Kothapet & Dilsukhnagar,Hyderabad,Al-Madina Chinese Fast Food And Arabian Shawarma,300,2.9,Chinese,17.37,78.528,Locality (matched)
451276,Aundh,Pune,Cafe Sky,420,2.9,"Chinese,Juices",18.559,73.808,Locality (matched)
451331,Naroda,Ahmedabad,Chicken Express,300,2.9,Chinese,23.073,72.647,Locality (matched)
451353,Villivakkam,Chennai,Pizza Cottage,300,2.9,"Pizzas,Fast Food,Beverages",13.103,80.208,Locality (matched)
451361,Athwa,Surat,Urban King,200,2.9,"Gujarati,Chinese,North Indian",21.178,72.793,Locality (matched)
451366,Salunkhe Vihar Road,Pune,Nutrihunger,350,2.9,Healthy Food,18.485,73.902,Locality (matched)
451410,Athwa,Surat,Zam Zam Nan Chap,150,2.9,Indian,21.178,72.793,Locality (matched)
451422,Bibwewadi,Pune,Cake Creation The Cake Shop And Cafe,300,2.9,Bakery,18.475,73.863,Locality (matched)
451454,Matunga Wadala,Mumbai,Donut Hub,250,2.9,Desserts,19.022,72.855,Locality (matched)
451481,Athwa,Surat,Hotel Sainath,200,2.9,"Rajasthani,Gujarati,Indian,Punjabi,Snacks,Beverages",21.178,72.793,Locality (matched)
451489,Navrangpura,Ahmedabad,Wok On Fire - Indo Chinese - Pan Asian,500,4.8,"Chinese,Thai,Asian",23.0365,72.561,Locality (matched)
451508,Rohini,Delhi,Dilli Meri Jaan,350,2.9,"Chinese,Indian",28.7041,77.1025,Locality (matched)
451515,Central Kolkata,Kolkata,Bharat Biryani,350,2.9,"Biryani,Indian,Combo",22.57,88.355,Locality (matched)
451543,Nallakunta & Vidyanagar,Hyderabad,Brook Bite Brownie,200,2.9,Desserts,17.402,78.4985,Locality (matched)
451561,Kothrud,Pune,Hotel Shraddha Veg And Nonveg,300,2.9,"North Indian,Biryani",18.5074,73.8077,Locality (matched)
451592,Nsp,Delhi,The Tribbiani'S Pizzeria,450,2.9,"Pizzas,Italian,Beverages",28.698,77.152,Locality (matched)
451612,Tarnaka  Nacharam & Malkajigiri,Hyderabad,Yummy And Cakes Fast Food,200,2.9,Bakery  Snacks,17.423,78.539,Locality (matched)
451641,Vadapalani,Chennai,Arabian Paradise,250,2.9,"Arabian,Tandoor,Grill",13.0503,80.2121,Locality (matched)
451644,Aundh,Pune,Chimichurri - All Day Asian Diner,1000,2.9,"Pan-Asian,Beverages,Chinese",18.559,73.808,Locality (matched)
451712,Kothrud,Pune,The Feelia Cafe,300,2.9,Beverages,18.5074,73.8077,Locality (matched)
451738,Sinhgad Road,Pune,Kalandini Chinese,220,2.9,Chinese,18.47,73.825,Locality (matched)
451785,T Nagar,Chennai,Murugappa Mess,1,2.9,"South Indian,Indian,Desserts",13.0418,80.2341,Locality (matched)
451897,Kondhwa,Pune,Gausiya Restaurant,200,2.9,"Indian,Biryani",18.4633,73.893,Locality (matched)
451905,Chembur,Mumbai,New Banglore Iyengars Bakery,400,2.9,"Bakery,Snacks",19.0522,72.9006,Locality (matched)
451927,Vishrantwadi,Pune,Yash Chinese Center,250,2.9,Chinese,18.567,73.872,Locality (matched)
451954,Salunkhe Vihar Road,Pune,Kebstha,350,2.9,Indian,18.485,73.902,Locality (matched)
451978,Rohini,Delhi,Hyderabadi Biryani,350,2.9,"Biryani,Indian,Chinese,Beverages",28.7041,77.1025,Locality (matched)
451989,Rohini,Delhi,Hyderabadi Handi Biryani,350,2.9,North Indian,28.7041,77.1025,Locality (matched)
452003,Kothrud,Pune,Hot'S Chaines & Momos,200,2.9,"Chinese,Beverages",18.5074,73.8077,Locality (matched)
452049,Dumdum,Kolkata,Mai Aur Meri Chai,200,2.9,"Fast Food,Italian,Chinese",22.642,88.42,Locality (matched)
452070,Kothapet & Dilsukhnagar,Hyderabad,Military Xpress,300,2.9,South Indian,17.37,78.528,Locality (matched)
452169,Isanpur,Ahmedabad,Tandoor Chicken,70,2.9,Tandoor,22.97,72.61,Locality (matched)
452178,Himayath Nagar,Hyderabad,Jaihind Biryani (No Halal),400,2.9,Indian,17.4008,78.4813,Locality (matched)
452272,Central Bangalore,Bangalore,Nawabi Khana,300,2.9,"Arabian,Biryani",12.9767,77.5993,Locality (matched)
452292,Sion Bhakti Park,Mumbai,Shubham Fast Food,300,2.9,Chinese,19.043,72.868,Locality (matched)
452303,Shivaji Nagar,Pune,Mr.Idli,200,2.9,"South Indian,Fast Food",18.5308,73.8478,Locality (matched)
452320,Sanitytestarea,Kolkata,Caffe Crema,250,2.9,Beverages  Fast Food  Mexican  Indian  Snacks,22.5726,88.3639,City-level (approximate fallback)
452322,Chembur,Mumbai,Its Shawarma,250,2.9,"Lebanese,Kebabs,Salads,Healthy Food",19.0522,72.9006,Locality (matched)
452346,Shivaji Nagar,Pune,Swagat Veg Non Veg,200,2.9,"North Indian,Biryani,Tandoor,Kebabs",18.5308,73.8478,Locality (matched)
452374,Himayath Nagar,Hyderabad,Dharu Snacks,350,2.9,"Indian,Combo",17.4008,78.4813,Locality (matched)
452377,Kothrud,Pune,The Choco World,200,2.9,Beverages,18.5074,73.8077,Locality (matched)
452544,Navrangpura,Ahmedabad,Paaji De Parathe,200,2.9,North Indian,23.0365,72.561,Locality (matched)
452599,Himayath Nagar,Hyderabad,Bhagyalaxmi Dhaba,250,2.9,Indian  Chinese  Combo,17.4008,78.4813,Locality (matched)
452621,Navrangpura,Ahmedabad,Chaap Story,200,2.9,North Indian,23.0365,72.561,Locality (matched)
452624,Vastrapur,Ahmedabad,1000 Spicy,350,2.9,Indian,23.039,72.529,Locality (matched)
452629,Kurla,Mumbai,Getawhey - Healthy Ice Creams,250,2.9,"Desserts,Ice Cream",19.0728,72.8826,Locality (matched)
452673,Shivaji Nagar,Pune,Om Sadguru Snacks Center,120,2.9,"South Indian,Snacks",18.5308,73.8478,Locality (matched)
452723,Rohini,Delhi,Lajawab Biryani Corner,350,2.9,"Biryani,Chinese",28.7041,77.1025,Locality (matched)
452730,Banjarahills,Hyderabad,Grand Chicken Haleem,150,2.9,Hyderabadi,17.4156,78.4347,Locality (matched)
452742,Kothrud,Pune,Cheese And Crust,300,2.9,"Pizzas,Fast Food,Beverages",18.5074,73.8077,Locality (matched)
452752,Kothapet & Dilsukhnagar,Hyderabad,Vaishnavi Tiffins Meals Fast Food,360,2.9,Chinese,17.37,78.528,Locality (matched)
452795,Hatibagan,Kolkata,Damurs,600,2.9,"Indian,Chinese,Snacks",22.594,88.367,Locality (matched)
452843,Ameerpet,Hyderabad,Raagam Foods,300,2.9,Biryani,17.4374,78.4487,Locality (matched)
452847,Ameerpet,Hyderabad,Sonu De Snacks,150,2.9,Pizzas  North Indian  Fast Food,17.4374,78.4487,Locality (matched)
452853,Banjara Hills,Hyderabad,Bijing Chef,180,2.9,Chinese,17.4156,78.4347,Locality (matched)
452858,Kothapet & Dilsukhnagar,Hyderabad,Mana Inti Ruchulu,200,2.9,Indian,17.37,78.528,Locality (matched)
453146,Indiranagar,Bangalore,Happy Kydz Cafe,200,2.9,"Fast Food,Beverages",12.9719,77.6412,Locality (matched)
453197,Dumdum,Kolkata,Kathleen Cake Shop,200,2.9,Bakery  Fast Food  Snacks,22.642,88.42,Locality (matched)
453201,Tarnaka  Nacharam & Malkajigiri,Hyderabad,Sm Cake O Clock Bakers,400,2.9,Bakery  Fast Food,17.423,78.539,Locality (matched)
453234,Royapettah,Chennai,Meat Com,400,2.9,North Indian,13.0569,80.265,Locality (matched)
453249,Lake Town,Kolkata,The Food Tower,250,2.9,"Indian,Chinese,Combo",22.605,88.395,Locality (matched)
453302,Viman Nagar,Pune,Ikk Punjab,500,2.9,"North Indian,Chinese,Desserts",18.567,73.9143,Locality (matched)
453310,Koramangala,Bangalore,Lovespell Ice Creams,200,2.9,"Ice Cream,Beverages",12.9352,77.6245,Locality (matched)
453319,Swargate,Pune,King Of Chinese,200,2.9,Chinese,18.5008,73.8586,Locality (matched)
453346,Mehdipatnam,Hyderabad,Food Planet Restaurant,200,2.9,"Chinese,North Indian",17.3952,78.438,Locality (matched)
453413,Baner,Pune,Nashta Am Pm,250,2.9,"Chinese,Fast Food",18.559,73.7868,Locality (matched)
453494,Salt Lake,Kolkata,Red Chilly,400,2.9,"Chinese,Combo",22.585,88.418,Locality (matched)
453504,Chembur,Mumbai,Spycey Kitchen,350,2.9,"Indian,Beverages",19.0522,72.9006,Locality (matched)
453505,Jadavpur,Kolkata,Bohemian Cafe,300,2.9,"Continental,Mexican,Chinese",22.499,88.371,Locality (matched)
453532,Dumdum,Kolkata,Noni Ramish Nataraj Restaurant,540,2.9,"Indian,Biryani,Chinese",22.642,88.42,Locality (matched)
453553,Bibwewadi,Pune,Tea Time Paratha House,250,2.9,"Indian,Punjabi",18.475,73.863,Locality (matched)
453591,Navrangpura,Ahmedabad,My Sugarpot,250,2.9,"Beverages,Snacks",23.0365,72.561,Locality (matched)
453640,Sarthana,Surat,Modi S Punjabi Tadka,250,2.9,"Punjabi,Indian",21.228,72.848,Locality (matched)
453658,Andheri East,Mumbai,The Asian Place,400,4.7,Indian,19.1136,72.8697,Locality (matched)
453678,Nungambakkam,Chennai,Wok Of Life,600,2.9,"Chinese,Combo,Beverages",13.0569,80.2425,Locality (matched)
453679,Mylapore,Chennai,Creamy Cake Pops,800,2.9,Bakery,13.0339,80.2695,Locality (matched)
453804,Powai,Mumbai,Samaira Caterers,300,2.9,Chinese  North Indian  Fast Food  Beverages,19.1176,72.906,Locality (matched)
453805,Shivaji Nagar,Pune,Ronak Pav Bhaji And Juice Bar,200,2.9,"Street Food,Indian,Beverages,Fast Food,Ice Cream,Pizzas",18.5308,73.8478,Locality (matched)
453913,Central Bangalore,Bangalore,The Baklava Company,300,2.9,Desserts,12.9767,77.5993,Locality (matched)
453947,Rajouri Garden,Delhi,Urban Food House,150,2.9,"Chinese,Continental,Fast Food",28.6492,77.12,Locality (matched)
453959,Central Kolkata,Kolkata,The Red Velvet Bakery,200,2.9,Bakery  Fast Food  Snacks,22.57,88.355,Locality (matched)
454058,Kothrud,Pune,Atithi Family Restaurant And Bar,200,2.9,"Indian,Chinese,Desserts",18.5074,73.8077,Locality (matched)
454099,Ameerpet,Hyderabad,The Tim Cafe,200,2.9,Snacks  Mexican  Pizzas  Italian,17.4374,78.4487,Locality (matched)
454101,Nallakunta & Vidyanagar,Hyderabad,Food Studio,220,2.9,"Indian,Chinese,Arabian,Fast Food",17.402,78.4985,Locality (matched)
454121,Navrangpura,Ahmedabad,Urban Kadhai Co.,200,2.9,"North Indian,Combo,Kebabs,Biryani,Punjabi,Thalis,Indian,Tandoor",23.0365,72.561,Locality (matched)
454128,South Kolkata,Kolkata,Zees Kitchen,200,2.9,Fast Food,22.5,88.345,Locality (matched)
454148,R.T. Nagar,Bangalore,Energy Bowls,150,2.9,"Snacks,Fast Food",13.0209,77.5952,Locality (matched)
454166,Swargate,Pune,Rapid Fire,150,2.9,Chinese,18.5008,73.8586,Locality (matched)
454171,Navrangpura,Ahmedabad,Oye! Tandoor,200,2.9,"Indian,Arabian",23.0365,72.561,Locality (matched)
454179,Santoshnagar & Saidabad,Hyderabad,Saleem Phekus,250,2.9,"Chinese,Snacks",17.354,78.51,Locality (matched)
454193,Vadapalani,Chennai,Hotel Nava Rusi,250,2.9,"Indian,Chinese",13.0503,80.2121,Locality (matched)
454265,Dumdum,Kolkata,Mehfil,250,2.9,"Chinese,North Indian,Tandoor",22.642,88.42,Locality (matched)
454303,Rohini,Delhi,Lazeez Handi Biryani,350,2.9,"Biryani,Chinese,Beverages",28.7041,77.1025,Locality (matched)
454311,Rohini,Delhi,Handi Biryani Kingdom,350,2.9,"Biryani,Chinese,Beverages",28.7041,77.1025,Locality (matched)
454313,Rohini,Delhi,Handi Biryani Wala,350,2.9,"Biryani,Chinese,Beverages",28.7041,77.1025,Locality (matched)
454321,Rohini,Delhi,Handi Biryani Empire,350,2.9,"Biryani,Chinese,Beverages",28.7041,77.1025,Locality (matched)
454348,Rohini,Delhi,Handi Biryani,350,2.9,"Biryani,Chinese,Beverages",28.7041,77.1025,Locality (matched)
454371,Purasawalkam,Chennai,Le Shawarmez,200,2.9,"Snacks,Beverages",13.085,80.254,Locality (matched)
454382,Sector V Salt Lake,Kolkata,Awfis Space Solution Private Limited(Kloud Kitchen,500,2.9,Fast Food  Beverages,22.575,88.431,Locality (matched)
454385,South Kolkata,Kolkata,Snack On Sushi,1000,2.9,"Chinese,Beverages",22.5,88.345,Locality (matched)
454421,Sanitytestarea,Kolkata,K.G.N.Food Plaza,200,2.9,"Pizzas,Fast Food,Chinese,Pastas,Biryani,Beverages",22.5726,88.3639,City-level (approximate fallback)
454439,Ghatkopar Vikhroli,Mumbai,Diptales,200,2.9,"Desserts,Bakery",19.098,72.925,Locality (matched)
454443,Scruz Bandra East,Mumbai,Delish Munchies,200,2.9,"Street Food,Fast Food,Snacks,Beverages",19.075,72.845,Locality (matched)
454445,Kothrud,Pune,Samarth Pav Bhaji Juice Centre,200,2.9,"Street Food,Pizzas",18.5074,73.8077,Locality (matched)
454448,Frazer Town,Bangalore,Shetty'S Karavali,500,2.9,"South Indian,Seafood,Biryani,Beverages",12.9967,77.6127,Locality (matched)
454488,Shivaji Nagar,Pune,New Neeta Veg And Nonveg,300,2.9,"Indian,Biryani",18.5308,73.8478,Locality (matched)
454548,Santoshnagar & Saidabad,Hyderabad,Ms Crunchy Bites,200,2.9,"Pizzas,Fast Food,Beverages",17.354,78.51,Locality (matched)
454613,Banashankari,Bangalore,Desi Khana,300,2.9,"North Indian,Chinese,Thalis",12.9255,77.5468,Locality (matched)
454615,Perambur,Chennai,Grill It,150,2.9,"Chinese,Grill,Tandoor",13.1155,80.234,Locality (matched)
454650,Himayath Nagar,Hyderabad,Awesome Dimsum,600,2.9,North Indian,17.4008,78.4813,Locality (matched)
454668,Indiranagar,Bangalore,Rollswich Point,400,2.9,Fast Food,12.9719,77.6412,Locality (matched)
454692,Central Bangalore,Bangalore,Bb Bucket Biryani,700,2.9,"Biryani,North Indian,Chinese,Seafood",12.9767,77.5993,Locality (matched)
454746,Kondhwa,Pune,Cafe Al Muhsi,600,2.9,"Snacks,Pizzas,Beverages",18.4633,73.893,Locality (matched)
454751,Royapettah,Chennai,Sagas Foods,100,2.9,"Sweets,Beverages,Chaat",13.0569,80.265,Locality (matched)
454875,Perambur,Chennai,The Royal Restaurant,300,2.9,"Chinese,Indian",13.1155,80.234,Locality (matched)
455065,Park Circus,Kolkata,Ammi Jaan,300,2.9,"Biryani,Arabian,Desserts",22.545,88.37,Locality (matched)
455066,Kurla,Mumbai,Manora Chinese And Fast Food,250,2.9,Chinese,19.0728,72.8826,Locality (matched)
455121,Kondhwa,Pune,Chinese \Rstation,250,2.9,Chinese,18.4633,73.893,Locality (matched)
455145,Camp,Pune,Swad Casa,400,2.9,"Chinese,North Indian",18.5122,73.879,Locality (matched)
455205,Salt Lake,Kolkata,Kolkata@91,150,2.9,"Fast Food,Snacks,Beverages,Pastas",22.585,88.418,Locality (matched)
455305,Powai,Mumbai,The Goan Feni Tales,900,2.9,Goan  Seafood,19.1176,72.906,Locality (matched)
455315,Royapettah,Chennai,T Shop,150,2.9,"Beverages,Snacks,Indian,Fast Food",13.0569,80.265,Locality (matched)
455341,Ghatkopar Vikhroli,Mumbai,Kk (Khaokujao),200,2.9,Indian  Snacks  Fast Food  South Indian  Sweets  Beverages,19.098,72.925,Locality (matched)
455351,Tarnaka Nacharam & Malkajigiri,Hyderabad,Nallibokka Muttonmukka,500,2.9,"Indian,Chinese,Biryani",17.423,78.539,Locality (matched)
455352,Powai,Mumbai,Rolling Rolls,250,2.9,"Snacks,Fast Food",19.1176,72.906,Locality (matched)
455376,Banashankari,Bangalore,Thali Wala,300,2.9,"Indian,Chinese,Desserts",12.9255,77.5468,Locality (matched)
455399,Indiranagar,Bangalore,Vegan Vogue,1000,2.9,"Healthy Food,Mexican",12.9719,77.6412,Locality (matched)
455414,Kurla East Nehru Nagar,Mumbai,Swage A Stomach Settler,250,2.9,"Pastas,Pizzas,Beverages",19.073,72.893,Locality (matched)
455443,Keshav Puram,Delhi,Mama Chicken,450,2.9,"Chinese,North Indian,Pastas,Snacks,Mughlai",28.69,77.156,Locality (matched)
455458,Scruz Bandra East,Mumbai,Hurrem'S Turkish Baklava & Confectionery,1600,2.9,Turkish,19.075,72.845,Locality (matched)
455488,Athwa,Surat,Biryani Hazir Ho,350,2.9,"Biryani,Indian",21.178,72.793,Locality (matched)
455493,Athwa,Surat,Beijing Chicken Lollipop,300,2.9,"Chinese,Combo,Indian,Fast Food,Beverages",21.178,72.793,Locality (matched)
455494,Kurla,Mumbai,Siddhivinayak Restaurant,200,2.9,"Chinese,North Indian,Fast Food,Biryani",19.0728,72.8826,Locality (matched)
455502,Purasawalkam,Chennai,Seiko Grill,200,2.9,"Chinese,Beverages",13.085,80.254,Locality (matched)
455525,Kondhwa,Pune,Gurukrupa Paratha'S- Since 1985,200,2.9,"North Indian,Biryani",18.4633,73.893,Locality (matched)
455620,Lake Market,Kolkata,Old Monks,500,2.9,"Snacks,Chinese,Indian",22.514,88.356,Locality (matched)
455621,Kothrud,Pune,Kokan Fresh Fish,350,2.9,"Maharashtrian,Seafood",18.5074,73.8077,Locality (matched)
455646,Paldi & Ambawadi,Ahmedabad,Kd Bhajipavpulav,300,2.9,"Street Food,Indian",23.02,72.5555,Locality (matched)
455664,Piplod,Surat,Grover'S Chinese,200,2.9,Chinese,21.166,72.777,Locality (matched)
455672,Alwarpet,Chennai,Juice Box Alwarpet,150,2.9,"Beverages,Juices,Fast Food,Chinese,Snacks",13.0339,80.254,Locality (matched)
455877,Salt Lake,Kolkata,Khana Khajana,400,2.9,"Chinese,Arabian,Mughlai",22.585,88.418,Locality (matched)
455890,Borough - Iii,Kolkata,The Brooklyn Creamery - Healthy Ice Cream,200,2.9,"Desserts,Ice Cream,Healthy Food",22.5726,88.3639,City-level (approximate fallback)
455895,Charminar,Hyderabad,Gharib Nawaz Fast Food & Biryani,200,2.9,"Chinese,Beverages",17.3616,78.4747,Locality (matched)
456001,Bandra West,Mumbai,Natures Love Momo,200,2.9,Chinese,19.0596,72.8295,Locality (matched)
456035,Kasba,Kolkata,Cake Wizard,700,2.9,Bakery,22.514,88.38,Locality (matched)
456041,Navrangpura,Ahmedabad,Jahanvee Restaurant,700,2.9,"North Indian,Chinese,Pizzas,Desserts",23.0365,72.561,Locality (matched)
456048,Kestopur,Kolkata,Ohh Delicious,400,2.9,"Indian,North Indian",22.602,88.426,Locality (matched)
456060,Maninagar,Ahmedabad,Rasila Fast Food,200,2.9,"Chinese,Fast Food,Tandoor",22.996,72.603,Locality (matched)
456090,Adajan,Surat,Mahalaxmi Juice And Fast Food Corner,300,2.9,"Ice Cream,Beverages,Juices,Pizzas,American,Snacks",21.196,72.78,Locality (matched)
456121,Charminar,Hyderabad,Mashallah Bait Al Mandi The Arabian Restaurant,1600,2.9,North Indian,17.3616,78.4747,Locality (matched)
456209,Frazer Town,Bangalore,Sree Ganesha Fruit Juice Centre,300,2.9,"Beverages,Juices,Snacks,Fast Food",12.9967,77.6127,Locality (matched)
456230,Nsp,Delhi,China Gate Fast Food,250,2.9,Chinese,28.698,77.152,Locality (matched)
456261,Lake Market,Kolkata,L'Instant Cafe,650,2.9,Indian,22.514,88.356,Locality (matched)
456394,New Area,Kolkata,Sanjib Da Dhaba 4U,500,2.9,"North Indian,Biryani,Seafood",22.5726,88.3639,City-level (approximate fallback)
456649,Koramangala,Bangalore,English Thyme Restaurant,300,2.9,Indian,12.9352,77.6245,Locality (matched)
456754,Paldi & Ambawadi,Ahmedabad,Kekiz-The Cake Shop,150,2.9,"Bakery,Desserts",23.02,72.5555,Locality (matched)
456796,Charminar,Hyderabad,A'La Liberty,450,4.3,"North Indian,Chinese,Biryani",17.3616,78.4747,Locality (matched)
456806,Lake Town,Kolkata,Aaharadi,300,2.9,"Chinese,Indian",22.605,88.395,Locality (matched)
456823,Begampur,Delhi,Pehalwan Ji Delhi 6 Chicken Restaurant,300,2.9,"North Indian,Seafood,Biryani",28.535,77.198,Locality (matched)
456915,Kothapet & Dilsukhnagar,Hyderabad,Aradhya Chinese Fast Food Center,300,2.9,Chinese,17.37,78.528,Locality (matched)
456943,Egmore,Chennai,K2 Parotta & Biriyani,400,2.9,"North Indian,Biryani,Chinese",13.0732,80.2609,Locality (matched)
456957,Adajan,Surat,Raju Omlet,200,2.9,"Snacks,Indian",21.196,72.78,Locality (matched)
456986,Somwarpeth,Pune,Domino'S Pizza,400,2.9,Pizzas,18.52,73.86,Locality (matched)
457069,Himayath Nagar,Hyderabad,Kwality Wall S Frozen Dessert & Ice Cream Shop,200,2.9,"Ice Cream,Desserts",17.4008,78.4813,Locality (matched)
457079,Salt Lake,Kolkata,Cakes By Mama Mia!,300,2.9,"Bakery,Desserts",22.585,88.418,Locality (matched)
457158,Scruz Bandra East,Mumbai,Tonic Rest-O-Bar,400,2.9,Indian  Chinese,19.075,72.845,Locality (matched)
457186,Kurla,Mumbai,Cafe 9/10,400,2.9,"Chinese,Indian,Biryani",19.0728,72.8826,Locality (matched)
457249,Sarat Park,Kolkata,Reggae Cafe And Lounge,400,2.9,Pizzas  Chinese  Pastas  Beverages,22.5726,88.3639,City-level (approximate fallback)
457258,Shivaji Nagar,Pune,The Deccan Spice Restaurant,500,2.9,"North Indian,Malwani,Desserts,Chinese",18.5308,73.8478,Locality (matched)
457320,South Kolkata,Kolkata,Ahar Amaze,200,2.9,"Indian,Chinese",22.5,88.345,Locality (matched)
457322,Dumdum,Kolkata,Appayan,300,2.9,"Chinese,Combo",22.642,88.42,Locality (matched)
457462,Navrangpura,Ahmedabad,Mumbaiya Misal And Vadapav,150,2.9,Snacks,23.0365,72.561,Locality (matched)
457485,Dindoli,Surat,Aagman Punjabi And Chinese Food Corner,300,2.9,"North Indian,Chinese,Thalis",21.13,72.86,Locality (matched)
457540,Dumdum,Kolkata,Madhu'S Biryani,260,2.9,Biryani,22.642,88.42,Locality (matched)
457542,Rohini,Delhi,Shahi Tandoor,300,2.9,"Tandoor,Indian",28.7041,77.1025,Locality (matched)
457566,Shivaji Nagar,Pune,Al Mizan Biryani House,250,2.9,"Biryani,North Indian",18.5308,73.8478,Locality (matched)
457568,Ashok Vihar,Delhi,Daksh Rasoi,500,2.9,"North Indian,Thalis,Combo",28.695,77.177,Locality (matched)
457656,Bibwewadi,Pune,Breatato Co,300,2.9,"Street Food,Continental,Combo",18.475,73.863,Locality (matched)
457674,Scruz Bandra East,Mumbai,The Pixiu,400,2.9,Indian,19.075,72.845,Locality (matched)
457742,Indiranagar,Bangalore,Taco Street,250,2.9,"Mexican,Desserts,Beverages",12.9719,77.6412,Locality (matched)
457805,Purasawalkam,Chennai,Leenas Kitchen,250,2.9,Bakery,13.085,80.254,Locality (matched)
457870,Uppal,Hyderabad,Saarangi Restaurant,590,2.9,South Indian  North Indian,17.4062,78.559,Locality (matched)
457931,Kodambakkam,Chennai,Mad Over Madras,500,2.9,"Snacks,Pastas,Desserts",13.05,80.2241,Locality (matched)
457934,Ghatkopar Vikhroli,Mumbai,Night Wolf,100,2.9,Lebanese,19.098,72.925,Locality (matched)
457973,Perambur,Chennai,Jango'Z,400,2.9,"Pizzas,Desserts",13.1155,80.234,Locality (matched)
457984,Dumdum,Kolkata,Lovely Biriyani,300,2.9,Biryani,22.642,88.42,Locality (matched)
458006,Scruz Bandra East,Mumbai,Crypto Curry,400,2.9,Mughlai  North Indian,19.075,72.845,Locality (matched)
458108,Athwa,Surat,The Foodiezz,200,2.9,"Beverages,Snacks,Sweets",21.178,72.793,Locality (matched)
458109,Ruby Area,Kolkata,My Recipes,400,2.9,Chinese,22.514,88.398,Locality (matched)
458110,Banjara Hills,Hyderabad,Punjab National Hotel,800,2.9,"Punjabi,North Indian",17.4156,78.4347,Locality (matched)
458180,Kothrud,Pune,Meal Bowl,400,2.9,"North Indian,Chinese",18.5074,73.8077,Locality (matched)
458190,Kothrud,Pune,Modern Khichdi,400,2.9,North Indian,18.5074,73.8077,Locality (matched)
458255,Kothrud,Pune,Veg Sutra,400,2.9,"North Indian,Chinese",18.5074,73.8077,Locality (matched)
458258,Nsp,Delhi,Fat Tiger,300,5,"Pizzas,Chinese,Snacks,Beverages,American",28.698,77.152,Locality (matched)
458302,Marol Sakinaka,Mumbai,Mallika Bar And Family Restaurant,300,2.9,"Indian,Chinese",19.1073,72.8873,Locality (matched)
458328,Adajan,Surat,Trishiv Cafe & Resto,200,2.9,"Pizzas,Chinese,Snacks,Beverages",21.196,72.78,Locality (matched)
458329,North Dumdum,Kolkata,Hurried & Hungry,200,2.9,"Chinese,Snacks",22.648,88.415,Locality (matched)
458352,Swargate,Pune,Malvan Ch Kalvan,240,2.9,"Thalis,Biryani",18.5008,73.8586,Locality (matched)
458365,Baner,Pune,Urban Sandwich Co,400,2.9,Fast Food,18.559,73.7868,Locality (matched)
458404,Rohini,Delhi,Tandoori Bites,500,2.9,"Indian,North Indian,Fast Food",28.7041,77.1025,Locality (matched)
458465,T Nagar,Chennai,Five Star Chicken / Haleem Departmental Stores,200,2.9,"American,Snacks",13.0418,80.2341,Locality (matched)
458470,Athwa,Surat,Shivam,200,2.9,"Gujarati,Chinese,North Indian",21.178,72.793,Locality (matched)
458491,Mehdipatnam,Hyderabad,Ajooba Food Court,250,2.9,"Chinese,Sweets,Beverages",17.3952,78.438,Locality (matched)
458570,Rohini,Delhi,Kitchen Queen,200,2.9,"Indian,Combo,Beverages",28.7041,77.1025,Locality (matched)
458664,Tangra,Kolkata,Pooja Food Mart,200,2.9,Chinese  Indian,22.546,88.396,Locality (matched)
458731,Kothrud,Pune,Potbhar Biryani House,380,2.9,"Indian,Combo",18.5074,73.8077,Locality (matched)
458764,Kestopur,Kolkata,Chef Special,300,2.9,"Chinese,North Indian,Seafood,Biryani",22.602,88.426,Locality (matched)
458779,Fathima Nagar,Pune,Momos Junction,200,2.9,Chinese,18.5,73.91,Locality (matched)
458836,Vadapalani,Chennai,Vanga Jii,400,2.9,"North Indian,Lebanese,South Indian",13.0503,80.2121,Locality (matched)
458858,The New Sion Co-Operative Housing Society,Mumbai,Wow! China,400,2.9,Tibetan  Chinese  Asian  Snacks  Continental  Desserts  Beverages,19.0448,72.8619,Locality (substring match: 'sion')
458863,Naroda,Ahmedabad,Hotel Satluj,500,2.9,"North Indian,Mughlai",23.073,72.647,Locality (matched)
458919,Piplod,Surat,Punjabi & Chinese,200,2.9,"North Indian,Chinese,Biryani,Gujarati",21.166,72.777,Locality (matched)
458958,Vastrapur,Ahmedabad,Masty Foods,400,2.9,"North Indian,Chinese,Biryani,Tandoor",23.039,72.529,Locality (matched)
459010,Himayath Nagar,Hyderabad,Look At Me,338,2.9,"Pizzas,Snacks,Beverages",17.4008,78.4813,Locality (matched)
459098,Uppal,Hyderabad,Taj Bakery,200,2.9,Bakery,17.4062,78.559,Locality (matched)
459153,Maninagar,Ahmedabad,New Karnavati Dabeli,100,2.9,"Snacks,Fast Food,Pizzas",22.996,72.603,Locality (matched)
459212,Adajan,Surat,Asta La Vista Pasta,200,2.9,"Pastas,Italian",21.196,72.78,Locality (matched)
459317,Kilpauk,Chennai,Lassi N Shakes,160,2.9,"American,Italian,Pizzas,Snacks,Healthy Food,Juices,Beverages",13.085,80.241,Locality (matched)
459383,Naranpura,Ahmedabad,Between Bread,150,2.9,"Snacks,Pizzas,Beverages",23.048,72.558,Locality (matched)
459446,Burrabazar,Kolkata,Tewari Sweets,200,2.9,Indian  Desserts  Fast Food,22.572,88.351,Locality (matched)
459564,Rohini,Delhi,Pan & Grill,200,2.9,Snacks,28.7041,77.1025,Locality (matched)
459585,Royapettah,Chennai,Noto - Healthy Ice Cream,250,2.9,"Healthy Food,Ice Cream",13.0569,80.265,Locality (matched)
459654,Naranpura,Ahmedabad,Kulhad Masti,350,2.9,Beverages,23.048,72.558,Locality (matched)
459676,Adajan,Surat,La Plaza Pizza,200,2.9,"Pizzas,Italian,Snacks,Beverages",21.196,72.78,Locality (matched)
459756,Kurla,Mumbai,Craving Adda,400,2.9,Chinese,19.0728,72.8826,Locality (matched)
459789,Athwa,Surat,Al-Shifa Biryani,300,2.9,"Biryani,Mughlai",21.178,72.793,Locality (matched)
459811,Chembur,Mumbai,Rana'S Hunger Halt,500,2.9,Chinese  Indian,19.0522,72.9006,Locality (matched)
459817,Andheri East,Mumbai,The Curry Story,400,2.9,"Indian,Biryani,Beverages",19.1136,72.8697,Locality (matched)
459818,Andheri East,Mumbai,The Pepper Wok,400,2.9,Chinese,19.1136,72.8697,Locality (matched)
459832,Nsp,Delhi,Chef Nation,300,2.9,"Chinese,Beverages",28.698,77.152,Locality (matched)
459845,Adajan,Surat,Bombay Sandwich Badshah,200,2.9,"Snacks,Indian,Pizzas",21.196,72.78,Locality (matched)
460071,Chembur Colony,Mumbai,Volcano Momos,400,2.9,Chinese  Snacks  Italian,19.0522,72.9006,Locality (substring match: 'chembur')
460154,Marol Sakinaka,Mumbai,Mk Food Booth,250,2.9,"North Indian,Tandoor,Chinese,Snacks",19.1073,72.8873,Locality (matched)
460155,Marol Sakinaka,Mumbai,Chow Chow India,250,2.9,Chinese,19.1073,72.8873,Locality (matched)
460179,Navrangpura,Ahmedabad,Big Sandwich,150,2.9,"British,American,Chinese,Beverages",23.0365,72.561,Locality (matched)
460316,Begampur,Delhi,Yellow Berries,250,2.9,"North Indian,Bengali",28.535,77.198,Locality (matched)
460327,Himayath Nagar,Hyderabad,Rayees Shawarma & Momos,200,2.9,"Lebanese,Chinese",17.4008,78.4813,Locality (matched)
460415,Ghatkopar Ck Mum,Mumbai,Chaayos Meri Wali Chai,250,2.9,"Bakery,Beverages,Chaat,Desserts,Home Food,Italian,Maharashtrian,Snacks,Street Food,Sweets",19.0857,72.9083,Locality (substring match: 'ghatkopar')
460653,Rammandir,Kolkata,Bhikharam Chandmal Rajuji,400,2.9,Sweets  Desserts  Snacks,22.5726,88.3639,City-level (approximate fallback)
460665,Matunga Wadala,Mumbai,Royal Punjab Restaurant & Bar,400,2.9,North Indian  Chinese,19.022,72.855,Locality (matched)
460912,George Town,Chennai,Salam Biryani,300,2.9,"Chinese,North Indian",13.094,80.287,Locality (matched)
460957,Swargate,Pune,Appas Gurudev Pizza Sandwich Corner,200,2.9,"Pizzas,British,American,Snacks",18.5008,73.8586,Locality (matched)
461000,Shivaji Nagar,Pune,Kekiz The Cake Shop,300,2.9,"Bakery,Desserts",18.5308,73.8478,Locality (matched)
461036,Rohini,Delhi,Punjab Chicken Corner,300,2.9,"Punjabi,North Indian,Tandoor,Chinese",28.7041,77.1025,Locality (matched)
461103,Rohini,Delhi,Currynama By Seven Seas,800,2.9,"North Indian,Kebabs,Desserts",28.7041,77.1025,Locality (matched)
461119,Kurla,Mumbai,Achija Veg Restaurants,700,2.9,"North Indian,South Indian,Chinese,Beverages",19.0728,72.8826,Locality (matched)
461296,Bibwewadi,Pune,The Brrgrr Kitchen - By Cafe Bistro,300,2.9,"Snacks,Beverages",18.475,73.863,Locality (matched)
461321,Kurla,Mumbai,Fresh Breakfast,250,2.9,Indian  South Indian  Snacks,19.0728,72.8826,Locality (matched)
461434,Fdl_Scruz Bandra East,Mumbai,Mumbai Continental Chef,300,2.9,"Italian,Chinese,Snacks",19.075,72.845,Locality (substring match: 'scruz bandra east')
462156,Central Kolkata,Kolkata,Spice Wok,200,2.9,Snacks  Mughlai,22.57,88.355,Locality (matched)
462218,Chembur,Mumbai,Festa Della Pizza,750,2.9,"Italian,Pizzas",19.0522,72.9006,Locality (matched)
462318,Purasawalkam,Chennai,Gowri Fast Food,200,2.9,"Arabian,North Indian",13.085,80.254,Locality (matched)
462444,Rohini,Delhi,Mealizer,300,2.9,Chinese,28.7041,77.1025,Locality (matched)
462777,Rohini,Delhi,Bar Of Burger,300,2.9,"American,Beverages",28.7041,77.1025,Locality (matched)
462917,Burrabazar,Kolkata,New Arsalaan'S Kitchen,100,2.9,"Indian,Snacks",22.572,88.351,Locality (matched)
462935,Central Bangalore,Bangalore,Ujwal Family Bar And Restaurant,800,2.9,"Chinese,North Indian,South Indian",12.9767,77.5993,Locality (matched)
462955,Marol Sakinaka,Mumbai,Rich King,160,2.9,"North Indian,Indian,Chinese",19.1073,72.8873,Locality (matched)
462980,Kurla,Mumbai,Shakeywakey,400,2.9,"Beverages,Desserts",19.0728,72.8826,Locality (matched)
463132,Kalyani Nagar,Pune,Som Foods And Hospitality Private  Limited,500,2.9,"North Indian,Biryani,Indian,Salads",18.5479,73.9014,Locality (matched)
463157,Naranpura,Ahmedabad,Brewers The Coffee Bar,250,2.9,"Italian,North Indian,Mexican,Beverages",23.048,72.558,Locality (matched)
463185,Swargate,Pune,Mh 12 Biryani House,450,2.9,"Biryani,Indian,Seafood",18.5008,73.8586,Locality (matched)
463362,Swargate,Pune,Pizza Point,300,2.9,"Pizzas,American,Snacks",18.5008,73.8586,Locality (matched)
463445,Perambur,Chennai,New Star Hotel,300,2.9,"Biryani,Chinese,South Indian",13.1155,80.234,Locality (matched)
463463,Camp,Pune,Tandoor Restaurant & Bar,400,2.9,"North Indian,Chinese,Seafood,Beverages,Biryani,Maharashtrian",18.5122,73.879,Locality (matched)
463471,Chembur,Mumbai,Bunny'S Kitchen,300,2.9,American  Snacks,19.0522,72.9006,Locality (matched)
463483,Kurla,Mumbai,Prerna'S Handcrafted Ice Cream,400,2.9,"Ice Cream,Desserts,Beverages",19.0728,72.8826,Locality (matched)
463512,Nallakunta & Vidyanagar,Hyderabad,That Idly Place,150,2.9,"South Indian,Indian,Snacks",17.402,78.4985,Locality (matched)
463545,George Town,Chennai,Food Corner Family Restaurent,1,2.9,"South Indian,Chinese,Beverages",13.094,80.287,Locality (matched)
463559,Himayath Nagar,Hyderabad,New Sangam Hotel,230,2.9,"North Indian,Indian,Chinese,Snacks",17.4008,78.4813,Locality (matched)
463564,Himayath Nagar,Hyderabad,Sandwich Fun,200,2.9,"Pizzas,Snacks",17.4008,78.4813,Locality (matched)
463632,Marol Sakinaka,Mumbai,Rushhrs,300,2.9,American  Snacks  Beverages,19.1073,72.8873,Locality (matched)
463640,Kurla,Mumbai,Kurla Chinese & Seekh Paratha Corner,400,2.9,"Chinese,Indian",19.0728,72.8826,Locality (matched)
463779,Navrangpura,Ahmedabad,Gully Nukkad,300,2.9,"Snacks,Indian,British,Italian,Beverages",23.0365,72.561,Locality (matched)
463939,Swargate,Pune,Deccan Express,350,2.9,Chinese,18.5008,73.8586,Locality (matched)
464082,Perambur,Chennai,Love To Eat,350,2.9,"Biryani,Chinese,Snacks",13.1155,80.234,Locality (matched)
464118,Adajan,Surat,Surti Egg House,350,2.9,"Indian,North Indian",21.196,72.78,Locality (matched)
464309,Salt Lake,Kolkata,Since 2016 Cafe,500,2.9,Pizzas  North Indian,22.585,88.418,Locality (matched)
464358,Central Kolkata,Kolkata,Fresh Fried,200,2.9,"American,Snacks",22.57,88.355,Locality (matched)
464427,Shivaji Nagar,Pune,Madina Hotel,300,2.9,"North Indian,Biryani",18.5308,73.8478,Locality (matched)
464563,Purasawalkam,Chennai,King Queen Pizza,249,2.9,Snacks,13.085,80.254,Locality (matched)
464718,Scruz Bandra East,Mumbai,Hotel Rockline,350,2.9,"North Indian,Chinese,Seafood",19.075,72.845,Locality (matched)
464760,Purasawalkam,Chennai,A1 Food World,250,2.9,"Chinese,American,Pizzas,Snacks",13.085,80.254,Locality (matched)
464792,Shyam Bazar,Kolkata,The Platter Hub,300,2.9,"Kebabs,American,Lebanese,Combo",22.599,88.372,Locality (matched)
464989,Himayath Nagar,Hyderabad,Silver Spoon,160,2.9,Snacks  Combo,17.4008,78.4813,Locality (matched)
465030,Marol Sakinaka,Mumbai,Sufi Darbar Restaurant,300,2.9,"Chinese,Mughlai",19.1073,72.8873,Locality (matched)
465095,Marol Sakinaka,Mumbai,Unnati Tadka House,350,2.9,"North Indian,Indian,Chinese,Biryani",19.1073,72.8873,Locality (matched)
465218,Annanagar,Chennai,Nasi And Mee,1200,5,"Pan-Asian,Singaporean,Malaysian,Japanese,Asian,Chinese,Indonesian",13.085,80.2101,Locality (matched)
465491,Shivaji Nagar,Pune,Happy Family Restaurant,250,2.9,"North Indian,Biryani,Thalis",18.5308,73.8478,Locality (matched)
465523,Perambur,Chennai,Chennai Biryani Centre,400,2.9,"Biryani,Chinese",13.1155,80.234,Locality (matched)
465741,Central Kolkata,Kolkata,Sandwich Pizza House,200,2.9,"Chinese,Snacks,North Indian,Pizzas",22.57,88.355,Locality (matched)
465859,Shivaji Nagar,Pune,Friendship Corner,150,2.9,"Pizzas,British,Snacks,Beverages",18.5308,73.8478,Locality (matched)
465928,Marol Sakinaka,Mumbai,Sanskari Paratha,250,2.9,North Indian,19.1073,72.8873,Locality (matched)
466013,Central Kolkata,Kolkata,D' Ley Chinese Fast Food,300,2.9,"Chinese,Seafood,Beverages",22.57,88.355,Locality (matched)
466044,Kothrud,Pune,Greecania (Greek Food & Desserts),200,2.9,"Ice Cream,Snacks,Beverages",18.5074,73.8077,Locality (matched)
466087,Athwa,Surat,K.G.N.Biryani Centre,978,2.9,North Indian,21.178,72.793,Locality (matched)
466240,Burrabazar,Kolkata,College Street Kitchen,500,2.9,North Indian  Chinese  Tandoor,22.572,88.351,Locality (matched)
466297,Chembur,Mumbai,Bombay Seekh Corner,200,2.9,Snacks  Indian,19.0522,72.9006,Locality (matched)
466304,Kurla,Mumbai,Al Zaika Dhaba,300,2.9,Indian  Biryani  Chinese  Beverages  Seafood  Tandoor,19.0728,72.8826,Locality (matched)
466460,Marol Sakinaka,Mumbai,Aksha Dhaba,300,2.9,Mughlai  Arabian  Tandoor  Chinese  Seafood,19.1073,72.8873,Locality (matched)
466669,Andheri East,Mumbai,Filo Bakes,400,2.9,Bakery  Desserts,19.1136,72.8697,Locality (matched)
466772,Marol Sakinaka,Mumbai,Bench Bar,600,2.9,North Indian  Salads,19.1073,72.8873,Locality (matched)
466928,Kurla,Mumbai,Shane Ahmedi Hotel,300,2.9,Indian  Chinese  North Indian,19.0728,72.8826,Locality (matched)
234,Koramangala,Bangalore,Uday Sweets,100,3.9,Fast Food,12.9352,77.6245,Locality (matched)
256,Indiranagar,Bangalore,Yogisthaan,600,4.2,"Healthy Food,North Indian,Beverages,Indian,Mediterranean,Italian,Salads",12.9719,77.6412,Locality (matched)
322,Koramangala,Bangalore,Madurai Idly Shop,150,4.3,South Indian,12.9352,77.6245,Locality (matched)
325,Koramangala,Bangalore,Sree Krishna Kafe,137,4.5,South Indian,12.9352,77.6245,Locality (matched)
1203,Film Nagar,Hyderabad,Little Italy,1200,4.1,"Pizzas,Salads,Combo,Italian,Mexican,Desserts,Beverages",17.413,78.426,Locality (matched)
1540,Jayanagar,Bangalore,Ragoo'S,800,4.1,"North Indian,Italian",12.925,77.5938,Locality (matched)
1697,Punjagutta,Hyderabad,Chutneys,500,4.2,"North Indian,Chinese,South Indian",17.4256,78.453,Locality (matched)
1941,Andheri East,Mumbai,Shivsagar Sakinaka,550,4.3,"North Indian,South Indian,Chinese",19.1136,72.8697,Locality (matched)
1970,Basheer Bagh,Hyderabad,Cream Stone,350,4.4,"Ice Cream,Desserts,Beverages,Ice Cream Cakes",17.4001,78.474,Locality (matched)
2040,Jayanagar,Bangalore,Goli Vada Pav No .1,100,4.5,"Maharashtrian,North Indian,Fast Food,Street Food",12.925,77.5938,Locality (matched)
2085,Himayatnagar,Hyderabad,Dadu'S Mithai Vatika,250,4.4,"Sweets,Street Food,Snacks,Chaat,Bakery",17.4008,78.4813,Locality (matched)
2249,Aundh,Pune,Bhairavee Pure Veg. Restaurant,1000,4.3,"North Indian,Chinese,Thai,Continental",18.559,73.808,Locality (matched)
2408,Malleshwaram,Bangalore,Suchi Ruchi,200,4,"South Indian,Chinese,Chaat,North Indian,Fast Food,Snacks",13.0035,77.5647,Locality (matched)
2415,Malleshwaram,Bangalore,Veena Stores,100,4.5,South Indian,13.0035,77.5647,Locality (matched)
2535,Masab Tank,Hyderabad,Agra Sweets Banjara,250,4.3,"Sweets,Desserts,Chaat,Snacks,Beverages",17.402,78.453,Locality (matched)
2552,Malleshwaram,Bangalore,Gullu'S Chaat,250,3.8,"Chaat,Snacks,Fast Food",13.0035,77.5647,Locality (matched)
2647,Bandra East,Mumbai,Amey,250,4.3,"North Indian,Chinese,South Indian,Fast Food",19.0596,72.841,Locality (matched)
2846,Sivanchetti Gardens,Bangalore,Tewari Bros Mithai Shop,150,3.1,"Gujarati,Rajasthani,Fast Food",12.9605,77.601,Locality (matched)
2856,Ashok Nagar,Bangalore,Green Theory,1000,4.3,"Italian,Continental,Healthy Food",12.9843,77.5936,Locality (matched)
2881,Santacruz East,Mumbai,Oye Pappe!,250,2.9,"North Indian,Biryani,Combo",19.0822,72.8416,Locality (matched)
3009,Ballygunge,Kolkata,Hotel Swagath,450,4.6,North Indian  Chinese  South Indian,22.528,88.366,Locality (matched)
3078,Bhowanipore,Kolkata,Balwant Singh'S Eating House,600,4.1,North Indian,22.527,88.345,Locality (matched)
3083,Bhowanipore,Kolkata,Fast Filling - Allenby Road,250,3.7,"North Indian,Chinese,South Indian,Chaat,Thalis,Combo,Street Food,Fast Food,Snacks,Pizzas,Pastas,Mexican,Indian,Italian,Continental,Biryani,Kebabs",22.527,88.345,Locality (matched)
3214,Malleshwaram,Bangalore,Punjab Mail,300,4.1,"North Indian,Punjabi,Thalis,Chinese,Combo,Snacks",13.0035,77.5647,Locality (matched)
3227,Bhowanipore,Kolkata,Balaram Mullick & Radharaman Mullick Sweets-Bhawanipur,300,4.5,Desserts  Fast Food  Bakery,22.527,88.345,Locality (matched)
3325,Sion,Mumbai,Guru Kripa (Sion West),300,4.5,Fast Food,19.0448,72.8619,Locality (matched)
3363,Koti,Hyderabad,Sri Narsing Bhelpuri & Juice Centre (Bogulkunta),150,4.2,"Chaat,Italian,Juices",17.3833,78.4794,Locality (matched)
3438,Basavanagudi,Bangalore,Harshi Super Sandwich,100,3.7,"Snacks,Fast Food,Chaat",12.9422,77.576,Locality (matched)
3502,Deccan Gymkhana,Pune,Flavours Street,150,4.2,"Fast Food,Beverages",18.5162,73.8397,Locality (matched)
3627,Banjara Hills,Hyderabad,House Of Dosas,200,4.3,South Indian,17.4156,78.4347,Locality (matched)
3632,Basheer Bagh,Hyderabad,Mai Ki Rasoi,200,4.5,North Indian,17.4001,78.474,Locality (matched)
3635,Somajiguda,Hyderabad,Ice N Spice (Hotel Inner Circle),450,4.1,Indian  Chinese  Tandoor  South Indian,17.423,78.459,Locality (matched)
3836,Deccan Gymkhana,Pune,Amrapali,600,4.5,"North Indian,Chinese",18.5162,73.8397,Locality (matched)
3883,Gandhi Bazaar,Bangalore,Vidyarthi Bhavan,150,4.3,South Indian,12.942,77.573,Locality (matched)
3900,Ashok Nagar,Bangalore,Mad Over Donuts,200,4.2,"Desserts,Sweets,Bakery",12.9843,77.5936,Locality (matched)
4065,Sangamvadi,Pune,Nandu'S Paratha & Tnd Fastfood,200,4.2,"North Indian,Fast Food",18.533,73.876,Locality (matched)
4179,Ramgopalpet,Hyderabad,Anand Bhavan,150,3.7,North Indian  South Indian,17.431,78.483,Locality (matched)
4453,Camp,Pune,Coffee House,250,4.4,"North Indian,Chinese,South Indian,Fast Food",18.5122,73.879,Locality (matched)
4492,Elgin,Kolkata,Ridhi Sidhi,350,4,"Street Food,North Indian,Beverages,South Indian,Fast Food",22.538,88.352,Locality (matched)
4575,Bidhannagar,Kolkata,Fly Kouzina,1000,4.2,"Italian,Chinese,North Indian,Biryani,Kebabs,Healthy Food,Beverages,Desserts",22.585,88.418,Locality (matched)
4769,Begumpet,Hyderabad,Nrs Cafe Nandini,150,4.3,South Indian  Juices  Indian,17.44,78.465,Locality (matched)
4793,Seshadripuram,Bangalore,Rs Shiv Sagar,500,4.3,"North Indian,Chinese,South Indian,Mexican",12.9924,77.5773,Locality (matched)
4807,Ashok Nagar,Bangalore,Juice Junction,150,4.5,"Juices,Fast Food",12.9843,77.5936,Locality (matched)
4922,Golpark,Kolkata,Garden Cafe Express-Gariahat,300,4.3,South Indian,22.517,88.363,Locality (matched)
4925,Bidhannagar,Kolkata,Gangotri,300,4.3,"Street Food,North Indian,South Indian",22.585,88.418,Locality (matched)
5162,Jayanagar,Bangalore,Kedia'S Funfood,200,4.3,Street Food,12.925,77.5938,Locality (matched)
5551,Karve Nagar,Pune,Mayur Pavbhaji & Juice Bar,400,4.4,"Chaat,North Indian,Chinese,Maharashtrian,Fast Food",18.49,73.8163,Locality (matched)
5800,Bidhannagar,Kolkata,Rasam - The Stadel Hotel,300,4.3,South Indian,22.585,88.418,Locality (matched)
5950,Santacruz East,Mumbai,Gopal Krishna Veg,300,4.3,"South Indian,Chinese,Beverages,North Eastern,Continental,Juices,Desserts",19.0822,72.8416,Locality (matched)
5956,Kurla,Mumbai,Veg Sutra,250,4,"North Indian,Chinese,Pizzas,Desserts,Beverages,Fast Food",19.0728,72.8826,Locality (matched)
5979,Matunga,Mumbai,Health Juice Centre Matunga,400,4.5,Juices  Fast Food,19.027,72.848,Locality (matched)
6239,Shivajinagar,Pune,Chaitanya Paranthas,200,4.2,"North Indian,Punjabi,Chinese,Thalis,Combo,Beverages,Desserts",18.5308,73.8478,Locality (matched)
6278,Ghatkopar West,Mumbai,Neo Welcome Restaurant,300,4.3,"North Indian,Chinese,Beverages,South Indian,Fast Food",19.0864,72.9047,Locality (matched)
6291,Saki Naka,Mumbai,Rajdhani,400,4,"Rajasthani,Thalis,Indian",19.1073,72.8873,Locality (matched)
6326,Ghatkopar West,Mumbai,Meghdoot,850,4.5,"North Indian,Chinese,Continental",19.0864,72.9047,Locality (matched)
6353,Mylapore,Chennai,Freez Zone,250,4.7,Desserts,13.0339,80.2695,Locality (matched)
6469,Beleghata,Kolkata,Pawan Putra,700,4.4,"North Indian,Chinese,South Indian,Continental",22.562,88.39,Locality (matched)
6535,Saki Naka,Mumbai,Mad Over Donuts,200,4.5,"Desserts,Sweets,Bakery",19.1073,72.8873,Locality (matched)
6581,Somajiguda,Hyderabad,Jai Durga Maa Vaishno Dhabha,150,4.1,"Punjabi,North Indian",17.423,78.459,Locality (matched)
6780,Bhowanipore,Kolkata,Rooftop Topview,300,3.9,"South Indian,Fast Food",22.527,88.345,Locality (matched)
6803,Koregaon Park,Pune,Squisito,1100,4.4,"Italian,Mexican",18.5362,73.8938,Locality (matched)
6861,Malleshwaram,Bangalore,Mint Masala,375,4.2,"North Indian,Chinese,Continental",13.0035,77.5647,Locality (matched)
6927,Koti,Hyderabad,Bombay Juice,200,4.2,"Chaat,Chinese,Juices",17.3833,78.4794,Locality (matched)
6994,Koti,Hyderabad,Santosh Dhaba Exclusive,300,4.1,"North Indian,Biryani,Chinese,Italian,Mexican,Desserts",17.3833,78.4794,Locality (matched)
7003,Himayatnagar,Hyderabad,Almond House,800,4.6,"Sweets,Desserts,Snacks",17.4008,78.4813,Locality (matched)
7203,Koti,Hyderabad,Taj Mahal-Abids,300,4.3,"North Indian,Chinese,South Indian",17.3833,78.4794,Locality (matched)
7418,Maharshi Nagar,Pune,Cafe Bistro,250,4.5,Continental,18.498,73.872,Locality (matched)
7528,New Nallakunta,Hyderabad,Balaji Family Dhaba & Caterers,450,3.9,"North Indian,Chinese",17.403,78.495,Locality (matched)
7775,Chennai,Chennai,Gangotree,300,4.5,"Street Food,Desserts,Fast Food",13.0827,80.2707,Locality (matched)
7855,Modi Colony,Pune,Supriya Restaurant,400,4.4,"North Indian,Chinese,South Indian,Fast Food,Beverages,Snacks",18.5,73.876,Locality (matched)
7953,Lake Town,Kolkata,Sharma Snacks - Lake Town,100,4.3,Snacks  Street Food  Fast Food  Sweets,22.605,88.395,Locality (matched)
8471,Bidhannagar,Kolkata,Kwality Swirls,250,2.9,"Ice Cream,Beverages",22.585,88.418,Locality (matched)
8593,Koti,Hyderabad,Sri Radhe Chills And Thrills,200,4.2,"Italian,Juices,Fast Food",17.3833,78.4794,Locality (matched)
8678,Barabazar Market,Kolkata,Haldiram'S Prabhuji,300,3.9,Street Food  North Indian  Chinese  South Indian,22.572,88.351,Locality (matched)
8693,Kolkata,Kolkata,New Paul Dhaba - Veggie Hub,250,4.2,"North Indian,Chinese,South Indian,Fast Food,Tandoor",22.5726,88.3639,Locality (matched)
8694,Behala,Kolkata,Krishna'S The Vegetarian Paradise,200,4,"Street Food,North Indian,Chinese,South Indian,Fast Food",22.499,88.313,Locality (matched)
8706,Lal Bazar,Kolkata,The Yellow Straw,200,4.3,Beverages  Juices  Fast Food,22.568,88.351,Locality (matched)
8746,Bhowanipore,Kolkata,Chai Break - Allenby Rd,800,4.2,Indian  Chinese  Pizzas  Italian,22.527,88.345,Locality (matched)
8753,Bidhannagar,Kolkata,Maa Annapurna,200,4.2,Indian,22.585,88.418,Locality (matched)
8761,Kankurgachi,Kolkata,Haldirams-Cit Road,300,4.3,Street Food  North Indian  Chinese  South Indian,22.585,88.39,Locality (matched)
8902,Thousand Lights,Chennai,Krispy Kreme,170,4.5,"Desserts,Beverages",13.0569,80.254,Locality (matched)
8934,Royapettah,Chennai,Brunch,400,4.1,Chaat,13.0569,80.265,Locality (matched)
8939,Raja Annamalai Puram,Chennai,Udipi Sri Ganesh Bhavan,200,4.5,South Indian,13.03,80.262,Locality (matched)
8944,Mylapore,Chennai,Mami Tiffen,200,4.3,South Indian,13.0339,80.2695,Locality (matched)
9259,Chennai,Chennai,Nungambakkam Chaat Corner,150,4.1,"Chaat,Street Food",13.0827,80.2707,Locality (matched)
9341,Kodambakkam,Chennai,Hotel Akshaya,250,4.3,South Indian,13.05,80.2241,Locality (matched)
9434,Adarsh Nagar,Hyderabad,Sri Narsing Bhelpuri & Pav Bhaji (Himayathnagar),150,4.1,"Chaat,Italian",17.403,78.47,Locality (matched)
9510,T. Nagar,Chennai,Amdavadi Gujarati Restaurant,400,3.9,Gujarati,13.0418,80.2341,Locality (matched)
9753,Pitam Pura,Delhi,Sagar Ratna,450,4.1,"South Indian,North Indian,Chinese",28.6942,77.131,Locality (matched)
9763,Bhowanipore,Kolkata,Corner Cafe,250,4.4,Pizzas  Fast Food,22.527,88.345,Locality (matched)
9818,Vadapalani,Chennai,Mithai Mandir,300,4.6,Sweets,13.0503,80.2121,Locality (matched)
9848,Ramkote,Hyderabad,Sri Balaji Family Dhaba - Ramkote,200,4.1,"Punjabi,North Indian,Chinese",17.378,78.472,Locality (matched)
9966,Toli Chowki,Hyderabad,New Minerva Sweets,250,4.3,"Sweets,Chaat,Desserts",17.4001,78.418,Locality (matched)
9982,Shobhabazar,Kolkata,Cafe Splash,100,2.9,Fast Food,22.597,88.362,Locality (matched)
10070,Basheer Bagh,Hyderabad,Bikanervala,500,4.3,Sweets  North Indian  Chinese  South Indian,17.4001,78.474,Locality (matched)
10241,Sector 15 Rohini,Delhi,South Indian Corner,250,4,"South Indian,Fast Food",28.735,77.12,Locality (matched)
10251,King Koti,Hyderabad,Amay Tiffin Corner (Amul),100,4.1,South Indian,17.399,78.475,Locality (matched)
10254,Rohini,Delhi,Pasta Hut,400,4.2,"Pastas,Pizzas,Beverages,Snacks,Chinese",28.7041,77.1025,Locality (matched)
10258,Banjara Hills,Hyderabad,Bheemas Grand,150,4.1,South Indian,17.4156,78.4347,Locality (matched)
10272,Shivaji Nagar,Hyderabad,Spice Garden (Royal Reve Hotel),600,4.2,North Indian  Chinese  Continental,17.446,78.498,Locality (matched)
10273,Koti,Hyderabad,Scoops,200,4.5,"Ice Cream,Desserts,Beverages",17.3833,78.4794,Locality (matched)
10280,Bibvewadi,Pune,Radha Krushna,300,4.2,"North Indian,Chinese,South Indian,Fast Food",18.475,73.863,Locality (matched)
10301,Sector 9 Rohini,Delhi,Punjabi Rasoi,400,4.2,"North Indian,Chinese,Fast Food,South Indian,Italian,Desserts",28.715,77.121,Locality (matched)
10325,Sector 3 Rohini,Delhi,Pizzallo Hot,400,3,"Italian,Pizzas",28.722,77.1,Locality (matched)
10411,Visharant Wadi,Pune,Samruddhi,300,4.1,"Mughlai,North Indian,Chinese",18.567,73.872,Locality (matched)
10458,Basavanagudi,Bangalore,Tiwari'S Ghee Paratha & Chaat,300,4.1,Rajasthani,12.9422,77.576,Locality (matched)
10741,Matunga,Mumbai,Koldplay Ice Creams,250,4.4,Ice Cream  Desserts,19.027,72.848,Locality (matched)
10778,Sion,Mumbai,Cafe Istaa,300,4.2,Italian,19.0448,72.8619,Locality (matched)
10785,Sion,Mumbai,Seven Seven,650,3.9,"Italian,Chinese,Fast Food",19.0448,72.8619,Locality (matched)
10844,Vasanth Nagar,Bangalore,Hotel Chandrika,300,4.3,"North Indian,Chinese,Andhra,Biryani,Desserts,Ice Cream,South Indian,Beverages",12.9899,77.5926,Locality (matched)
10856,Shivajinagar,Pune,House Of Paratha,250,4.1,North Indian,18.5308,73.8478,Locality (matched)
10882,Masab Tank,Hyderabad,Madhur Sweets,250,4.4,"Sweets,Desserts",17.402,78.453,Locality (matched)
11041,Gopalapuram,Chennai,Pasta Square,300,4.4,Italian,13.045,80.257,Locality (matched)
11208,Shivajinagar,Pune,Hotel Shreyas,400,4.4,Maharashtrian,18.5308,73.8478,Locality (matched)
11239,Kurla West,Mumbai,Thambbi,400,4.3,"South Indian,Punjabi,Snacks,Thalis,Fast Food",19.07,72.879,Locality (matched)
11255,Bandra East,Mumbai,Only Parathas ( Pure Veg ),200,4.3,"Street Food,North Indian",19.0596,72.841,Locality (matched)
11547,Kachiguda,Hyderabad,Rambharose - Bhattad Ki Idli,150,4.2,South Indian,17.3843,78.5013,Locality (matched)
11620,Elgin,Kolkata,Chhappan Bhog,150,4.2,Sweets,22.538,88.352,Locality (matched)
11727,Kilpauk,Chennai,Bombaysthan,250,4.6,"Pizzas,Desserts",13.085,80.241,Locality (matched)
11729,Teynampet,Chennai,Brijwasi Sweets,300,3.9,North Indian,13.0418,80.254,Locality (matched)
11854,Narayanguda,Hyderabad,Taj Mahal Hotel,300,4.2,"North Indian,Chinese,South Indian,Tandoor",17.4013,78.4913,Locality (matched)
11884,Kothrud,Pune,Mumma'S Kitchen(Paud Road),200,4,"Maharashtrian,North Indian",18.5074,73.8077,Locality (matched)
11887,Erandwane,Pune,Samudra Veg,400,4.3,"North Indian,Chinese,South Indian,Fast Food",18.5089,73.83,Locality (matched)
11942,Chetpet,Chennai,Creamy Inn,250,4.2,Ice Cream,13.07,80.244,Locality (matched)
11952,Chembur,Mumbai,Maharana Kamath,300,4.1,"Street Food,North Indian,Chinese,Gujarati,South Indian,Beverages",19.0522,72.9006,Locality (matched)
12260,Shyam Bazar,Kolkata,Dimpi Restaurant,150,4.2,"Snacks,Indian,Chinese,South Indian,Vietnamese",22.599,88.372,Locality (matched)
12396,Jayanagar,Bangalore,New Shanthi Sagar,400,4.1,"North Indian,Chinese,Fast Food",12.925,77.5938,Locality (matched)
12615,Triplicane,Chennai,Ratna Cafe (Estd.1948),300,4.3,"South Indian,Sweets",13.057,80.276,Locality (matched)
12808,Wilson Garden,Bangalore,A2B Veg,300,4.2,"South Indian,North Indian,Sweets,Chinese",12.9498,77.5934,Locality (matched)
12824,Shivajinagar,Pune,Mathura Pure Veg,400,4.1,"Maharashtrian,Street Food,Fast Food",18.5308,73.8478,Locality (matched)
13011,Nungambakkam,Chennai,Vb Signature - Progressive Veg Restaurant,250,3.7,"North Indian,South Indian",13.0569,80.2425,Locality (matched)
13135,Sion,Mumbai,Peninsula Next,1300,4.4,"North Indian,Chinese,Mexican",19.0448,72.8619,Locality (matched)
13188,Shivajinagar,Pune,Shree Krishna Juice Bar,150,5,"Juices,Beverages",18.5308,73.8478,Locality (matched)
13459,Parvati Paytha,Pune,Navratna Veg,400,4.2,"North Indian,Chinese,South Indian,Fast Food",18.493,73.846,Locality (matched)
13752,Bhowanipore,Kolkata,Nu Variety,350,4.5,North Indian  South Indian  Fast Food,22.527,88.345,Locality (matched)
13798,Narayan Peth,Pune,Sri Murlidhar Veg Thali,200,4.6,"Maharashtrian,Gujarati,Rajasthani",18.514,73.853,Locality (matched)
13818,Ghatkopar West,Mumbai,Balaji Idli House,600,4.1,"North Indian,South Indian",19.0864,72.9047,Locality (matched)
13909,Fc Road,Pune,Wadeshwar(Fc Road),300,4.4,"South Indian,Street Food,Fast Food,Snacks,Beverages,Healthy Food,Indian",18.5236,73.841,Locality (matched)
13955,Erandwane,Pune,Ganesh Bhel,100,4.6,Fast Food,18.5089,73.83,Locality (matched)
14039,Cit Nagar,Chennai,The Idli Factory,300,4,South Indian,13.04,80.234,Locality (matched)
14058,Egmore,Chennai,Namma Veedu Vasanta Bhavan,150,4,South Indian,13.0732,80.2609,Locality (matched)
14084,Gaddiannaram,Hyderabad,Delicious Dosa,100,4,South Indian,17.362,78.517,Locality (matched)
14096,Egmore,Chennai,Sangeetha Veg Restaurant,150,4.4,"North Indian,Chinese,South Indian",13.0732,80.2609,Locality (matched)
14164,Erandwane,Pune,Krishna Dining,600,4.4,Maharashtrian,18.5089,73.83,Locality (matched)
14171,Kondhwa,Pune,Thanco'S Natural Ice Cream,200,2.9,"Ice Cream,Desserts",18.4633,73.893,Locality (matched)
14176,Shivajinagar,Pune,Mahabaleshwar Berry Bash,250,2.9,"Ice Cream,Desserts",18.5308,73.8478,Locality (matched)
14413,Rohini,Delhi,Keventers - Milkshakes And Desserts,300,4.4,"Beverages,Ice Cream,Desserts,Healthy Food",28.7041,77.1025,Locality (matched)
14429,Parvati Paytha,Pune,Baasuri,400,4,"North Indian,Chinese,Desserts,Beverages",18.493,73.846,Locality (matched)
14439,Sadashiv Peth,Pune,Saffron Vegetarian,500,4.3,"North Indian,Chinese,South Indian,Fast Food",18.5122,73.852,Locality (matched)
14451,Pashan,Pune,Gozo Homemade Ice-Creams,200,4.5,"Ice Cream,Desserts",18.537,73.797,Locality (matched)
14834,Egmore,Chennai,Hotel Saravana Bhavan,300,4,"North Indian,South Indian",13.0732,80.2609,Locality (matched)
14842,Vasanth Nagar,Bangalore,Mudpipe Cafe,500,4.2,"Mexican,Continental",12.9899,77.5926,Locality (matched)
14881,Raviwar Peth,Pune,Shahji'S Parantha House (Laxmi Road),500,4.3,North Indian,18.515,73.856,Locality (matched)
14903,Basheer Bagh,Hyderabad,Rahul Tiffins,150,3.7,South Indian,17.4001,78.474,Locality (matched)
14912,Egmore,Chennai,Mathsya - (Egmore),500,4.3,"Chaat,North Indian,Chinese,Continental,Italian",13.0732,80.2609,Locality (matched)
14936,Egmore,Chennai,Donut House,250,3.5,"Beverages,Desserts",13.0732,80.2609,Locality (matched)
15033,Hedua,Kolkata,Bandana Chat Centre,200,4.2,Snacks  Chinese,22.592,88.363,Locality (matched)
15034,Sampangi Rama Nagar,Bangalore,Samrat In Chalukya,600,4.2,"North Indian,South Indian",12.9707,77.5947,Locality (matched)
15217,Royapettah,Chennai,Id Sathyam,300,2.9,"South Indian,Andhra,Beverages,Desserts",13.0569,80.265,Locality (matched)
15274,Park Street Area,Kolkata,Delights,150,4.4,Chinese  South Indian  Fast Food,22.552,88.352,Locality (matched)
15400,Indiranagar,Bangalore,Paratha Plaza,250,4.4,North Indian,12.9719,77.6412,Locality (matched)
15419,Elgin,Kolkata,Paprika,700,2.9,Italian  Thai  Continental,22.538,88.352,Locality (matched)
15531,Himayatnagar,Hyderabad,Govind Dosa,250,4.3,South Indian,17.4008,78.4813,Locality (matched)
15586,Gopalapuram,Chennai,Rajeswari Restaurant,400,4.3,"North Indian,Chinese,South Indian,Biryani,Tandoor",13.045,80.257,Locality (matched)
15905,Shivaji Nagar,Bangalore,Anand Sweets And Savouries,200,4.6,"Sweets,Chaat,Snacks,Desserts,North Indian",12.9855,77.6057,Locality (matched)
16128,Shivajinagar,Pune,Shiv Sagar,300,4.2,"North Indian,South Indian,Chinese,Fast Food",18.5308,73.8478,Locality (matched)
16158,Koti,Hyderabad,Royal Tiffin Centre,150,3.8,South Indian,17.3833,78.4794,Locality (matched)
16326,Kalighat,Kolkata,South Indian Cafe,120,4,South Indian,22.519,88.342,Locality (matched)
16469,Mylapore,Chennai,Vrindavan,500,4.5,"Chinese,South Indian,Continental,Tandoor",13.0339,80.2695,Locality (matched)
16543,Purasaiwakkam,Chennai,A2B Veg,300,4.3,"South Indian,North Indian,Sweets,Chinese",13.085,80.254,Locality (matched)
16941,Basavanagudi,Bangalore,Ice Thunder - Balaji'S Veg,200,3.8,"South Indian,North Indian,Chinese,Desserts,Fast Food,Thalis",12.9422,77.576,Locality (matched)
17069,Choolai,Chennai,Hot Chips,250,4,"North Indian,South Indian",13.093,80.268,Locality (matched)
17077,Jayanagar,Bangalore,Maiyas Restaurants,250,4.3,"South Indian,Fast Food",12.925,77.5938,Locality (matched)
17368,Anna Nagar,Chennai,Nandhiniee Sweets,150,4.4,"Chaat,Sweets",13.085,80.2101,Locality (matched)
17446,Kilpauk,Chennai,Nithya Amirtham Sweets,200,4.6,"Sweets,Snacks,Desserts,Beverages",13.085,80.241,Locality (matched)
17447,Aminjikarai,Chennai,Nithya Amirtham,200,4.5,"South Indian,Sweets,North Indian,Chinese,Snacks",13.073,80.226,Locality (matched)
17596,Park Street Area,Kolkata,Ats Arun Dhaba,300,4.2,"North Indian,Chinese",22.552,88.352,Locality (matched)
17620,Park Street Area,Kolkata,Arun Tea Stall,100,4.4,Fast Food,22.552,88.352,Locality (matched)
17623,Cox Town,Bangalore,Manjit Da Dhaba,350,4.5,North Indian,12.9977,77.6178,Locality (matched)
17708,Khar West,Mumbai,Bachelorr'S,800,4.1,Fast Food  Desserts  Beverages,19.0696,72.8355,Locality (matched)
17809,Shivajinagar,Pune,Niranjan Veg Restaurant,500,4.3,"North Indian,Chinese,South Indian,Fast Food",18.5308,73.8478,Locality (matched)
18341,Purasaiwakkam,Chennai,Doveton Cafe,250,4.2,"North Indian,Chinese,South Indian,Indian,Tandoor",13.085,80.254,Locality (matched)
18362,Bhowanipore,Kolkata,Juicy Fresh,150,4.6,Beverages,22.527,88.345,Locality (matched)
18406,Gudimalkapur,Hyderabad,Sri Balaji Family Dhaba,300,3.9,North Indian,17.382,78.446,Locality (matched)
18483,Shalimar Bagh,Delhi,Mitthu Tikki Wala,300,4.1,"Street Food,Chinese",28.71,77.158,Locality (matched)
18493,Sector 9 Rohini,Delhi,Apni Rasoi (Sector 9 Dc Chowk Rohini),250,4,North Indian,28.715,77.121,Locality (matched)
18669,Matunga,Mumbai,Cafe 2.0,300,4.1,Fast Food  Pastas  Pizzas,19.027,72.848,Locality (matched)
18688,Masab Tank,Hyderabad,Fancy Ice Cream,150,3.9,Desserts,17.402,78.453,Locality (matched)
18848,Bhowanipore,Kolkata,Laxman Paan,250,4.6,Desserts,22.527,88.345,Locality (matched)
18893,Dilsukhnagar,Hyderabad,Sahadeva Reddy Pure Ghee Sweets,400,4.3,Sweets,17.3687,78.5247,Locality (matched)
18977,Ashok Nagar,Bangalore,Pabrai'S Fresh & Naturelle Ice Creams,180,4.4,"Ice Cream,Desserts",12.9843,77.5936,Locality (matched)
19004,Nungambakkam,Chennai,Cream Centre,1500,4.4,"North Indian,Italian,Mexican",13.0569,80.2425,Locality (matched)
19199,Bhowanipore,Kolkata,Casa Kitchen,1000,4.3,"North Indian,Chinese,Continental",22.527,88.345,Locality (matched)
19451,Chembur,Mumbai,Havmor Havfunn Ice Cream,300,4.4,Ice Cream  Ice Cream Cakes  Desserts,19.0522,72.9006,Locality (matched)
19476,Anand Nagar,Pune,The Juicy Hub,250,2.9,"Beverages,Fast Food",18.5,73.86,Locality (matched)
19496,Anna Nagar,Chennai,Italiano,250,4.2,"Pizzas,Continental,Beverages,Italian",13.085,80.2101,Locality (matched)
19516,Kestopur Rabindrapally,Kolkata,Hungerpangs,200,4.1,"American,Beverages,Continental,Desserts,Italian,Street Food,Snacks,Tibetan",22.602,88.426,Locality (substring match: 'kestopur')
19583,Sadashiv Peth,Pune,Aadd (M) Aadd(B),300,2.9,"Cafe,Beverages,Desserts",18.5122,73.852,Locality (matched)
19890,Anand Nagar,Pune,The Green Roof,700,4.1,"North Indian,Chinese,South Indian,Mexican,Italian",18.5,73.86,Locality (matched)
20068,Musheerabad,Hyderabad,Hotel Sandarshini,200,4,North Indian  Chinese  South Indian,17.405,78.497,Locality (matched)
20248,Ballygunge,Kolkata,Chatar Patar,200,4.3,"Street Food,Indian,Beverages,Chaat,Combo,Pastas,Snacks",22.528,88.366,Locality (matched)
20338,Sadashiv Peth,Pune,Cad (M) Cad (B),200,4,"Beverages,Desserts,Fast Food",18.5122,73.852,Locality (matched)
20516,B.B.D. Bagh,Kolkata,The Chutney Co.,400,4.5,South Indian,22.5697,88.348,Locality (matched)
20517,B.B.D. Bagh,Kolkata,Piccadilly Square,800,4.4,"Italian,Desserts,Bakery",22.5697,88.348,Locality (matched)
20611,Sector 7 Rohini,Delhi,Giani'S,200,4.3,"Ice Cream,Desserts,Beverages,Bakery",28.718,77.122,Locality (matched)
20656,Chembur,Mumbai,Juice Mantra,300,2.9,"Beverages,Juices,Fast Food",19.0522,72.9006,Locality (matched)
20702,Erandwane,Pune,Supreme Snacks,400,4.2,Fast Food,18.5089,73.83,Locality (matched)
20740,Kurla,Mumbai,Ayyappan Pure Veg,150,4.4,"South Indian,Chinese,North Indian,Beverages",19.0728,72.8826,Locality (matched)
20801,Dhankawadi,Pune,Tft Creams And Snacks,200,2.9,Fast Food,18.457,73.847,Locality (matched)
20863,Basavanagudi,Bangalore,Kamat Bugle Rock,400,4.4,"North Indian,South Indian",12.9422,77.576,Locality (matched)
21043,Mylapore,Chennai,Thaligai,400,4.5,South Indian,13.0339,80.2695,Locality (matched)
21144,Rasta Peth,Pune,Poona Cafe,200,4.3,"North Indian,Chinese,South Indian",18.517,73.865,Locality (matched)
21369,Khar West,Mumbai,Urban Street Cafe,450,4.5,Italian  Lebanese  Chinese  Indian  Mexican  Biryani  Pan-Asian  Asian  Salads  American,19.0696,72.8355,Locality (matched)
21395,Anand Nagar,Pune,Brahma Garden,500,4.3,"North Indian,South Indian,Chinese,Fast Food,Juices,Biryani,Punjabi",18.5,73.86,Locality (matched)
21459,Ballygunge,Kolkata,Crave Foodworks,1200,4.3,"Italian,Chinese,Mexican,Mediterranean,Thai",22.528,88.366,Locality (matched)
21559,Camp,Pune,Sukh Sagar,400,4.4,"North Indian,Chinese",18.5122,73.879,Locality (matched)
21560,Shukrawar Peth,Pune,Jayashree Garden,500,4.1,"North Indian,Chinese,Continental,Fast Food",18.515,73.85,Locality (matched)
21562,Kothrud,Pune,Palavi,400,4.2,"Mughlai,North Indian,Chinese,Fast Food",18.5074,73.8077,Locality (matched)
21751,Gokhalenagar,Pune,Tales & Spirits,600,4.1,"Italian,Continental",18.529,73.828,Locality (matched)
21895,Erandwane,Pune,Abhishek Veg Restaurant,400,4.3,"North Indian,Chinese,Fast Food",18.5089,73.83,Locality (matched)
22150,Narayan Peth,Pune,Sukanta,400,4.2,Maharashtrian,18.514,73.853,Locality (matched)
22299,Mylapore,Chennai,Munch,200,4.3,"Chaat,North Indian",13.0339,80.2695,Locality (matched)
22404,Mylapore,Chennai,Baker'S Cafe,300,4.5,"Bakery,Fast Food,Italian",13.0339,80.2695,Locality (matched)
22405,Teynampet,Chennai,Okadey'S,200,4.5,"North Indian,Chinese,Indian,Ice Cream,South Indian,Juices",13.0418,80.254,Locality (matched)
22469,Somwar Peth,Pune,Rajendra Paav Bhaji,350,4.4,"Street Food,Desserts",18.52,73.86,Locality (matched)
22501,Camp,Pune,Sujata Mastani,200,4.4,Desserts,18.5122,73.879,Locality (matched)
22908,Rohini,Delhi,Food 2 Go,200,3.9,"North Indian,Chinese",28.7041,77.1025,Locality (matched)
22948,Basheer Bagh,Hyderabad,Makers Of Milkshakes,260,4.2,Beverages  Desserts,17.4001,78.474,Locality (matched)
22959,Abids,Hyderabad,Hameedi Confectioners,300,4.4,Sweets,17.3915,78.4756,Locality (matched)
22986,Nampally,Hyderabad,Lakshman Ki Bandi,150,4.3,South Indian,17.39,78.468,Locality (matched)
23012,Basavanagudi,Bangalore,Hatti Kaapi - Coffee And More,150,4.2,"Beverages,Fast Food,South Indian,Bakery,Combo,Cafe,Snacks",12.9422,77.576,Locality (matched)
23069,Matunga,Mumbai,Vj Cafe,350,4.2,Beverages  Desserts  American  Fast Food,19.027,72.848,Locality (matched)
23182,Kothrud,Pune,Annapurna Pure Veg,250,4,"North Indian,Fast Food",18.5074,73.8077,Locality (matched)
23183,Guru Nanak Nagar,Pune,Chaat Bazaar,200,2.9,Fast Food,18.5,73.87,Locality (matched)
23221,Kankurgachi,Kolkata,Onam Restaurant,250,4.1,"Chinese,South Indian,Continental",22.585,88.39,Locality (matched)
23234,Bhowanipore,Kolkata,Apna Dhaba,300,4.1,Indian,22.527,88.345,Locality (matched)
23330,Kurla,Mumbai,Cake Me Away,250,4.1,"Desserts,Bakery",19.0728,72.8826,Locality (matched)
23358,Ghatkopar East,Mumbai,Pavilion,550,4.3,"North Indian,Chinese",19.0857,72.9083,Locality (matched)
23366,Sion,Mumbai,Agarwal Fast Food Pure Veg,200,4.2,Street Food  North Indian,19.0448,72.8619,Locality (matched)
23590,Shalimar Bagh,Delhi,Fingerlickerz Bombaywala (Shalimar Bagh),150,4.2,"Street Food,Fast Food,Maharashtrian,Indian,Snacks",28.71,77.158,Locality (matched)
23633,Gaddi Annaram,Hyderabad,Hungry Kya Pet Barlo,300,2.9,"Street Food,South Indian",17.362,78.517,Locality (matched)
23635,Basavanagudi,Bangalore,Dezire Sugarfree Sweets & Bakes,400,4.1,"Sweets,Bakery,Beverages",12.9422,77.576,Locality (matched)
23778,Santacruz East,Mumbai,Hotel Sudarshan,400,4.4,"South Indian,Indian,Chinese",19.0822,72.8416,Locality (matched)
24005,Balaji Nagar,Pune,Khushboo The Family Restaurant,500,4.3,"North Indian,Chinese,South Indian,Fast Food",18.493,73.87,Locality (matched)
24096,Dhankawadi,Pune,Aangan Veg Restaurant,500,4.2,"North Indian,Chinese,South Indian,Fast Food",18.457,73.847,Locality (matched)
24273,Periyamet,Chennai,Hotel Shiva Sagar,350,4.3,"North Indian,Jain,Chaat,Indian,South Indian,Tandoor",13.1,80.276,Locality (matched)
24448,Uppal,Hyderabad,Gayathri Tiffins,200,3.9,South Indian,17.4062,78.559,Locality (matched)
24684,Egmore,Chennai,Flower Drum,1100,4.4,"Chinese,Thai",13.0732,80.2609,Locality (matched)
24746,Kolkata,Kolkata,Gupta'S Veg,200,4.2,"North Indian,Chinese,Tandoor",22.5726,88.3639,Locality (matched)
24769,Krishna Nagar Colony,Hyderabad,Sri Raghavendra Udupi Veg,200,4,South Indian,17.385,78.4867,City-level (approximate fallback)
24854,Nungambakkam,Chennai,Dhanniya Soru,200,4.2,South Indian,13.0569,80.2425,Locality (matched)
24907,Scruz Bandra East,Mumbai,Nityanand Restaurant,350,3.8,"Street Food,North Indian,South Indian",19.075,72.845,Locality (matched)
25001,Bandra East,Mumbai,Celebrations 365,400,4.3,"North Indian,Chinese,South Indian,Continental",19.0596,72.841,Locality (matched)
25129,Kalighat,Kolkata,Wabi Sabi,800,4.5,"Indian,Continental,Fast Food,Mexican",22.519,88.342,Locality (matched)
25137,Bidhannagar,Kolkata,Baati Chokha,500,4.3,"North Indian,Indian",22.585,88.418,Locality (matched)
25303,Ayanavaram,Chennai,Hotel Kanthaa'S,150,3.9,"South Indian,Beverages,North Indian,Snacks,Fast Food,Chinese",13.105,80.232,Locality (matched)
25486,Rasta Peth,Pune,Mh 12 Pav Bhaji,250,4.1,"Snacks,Pizzas,Beverages,Street Food",18.517,73.865,Locality (matched)
25515,Teynampet,Chennai,Amaravathi Andhra Home Foods,300,4.6,"Andhra,Indian,North Indian",13.0418,80.254,Locality (matched)
25547,Andheri East,Mumbai,Narayan Sandwich House,250,4.3,"Healthy Food,Fast Food,Snacks",19.1136,72.8697,Locality (matched)
25556,Andheri East,Mumbai,Amar Juice Centre,450,4.3,Street Food  Juices  South Indian,19.1136,72.8697,Locality (matched)
25566,Andheri East,Mumbai,Havmor Havfunn,200,4.6,Ice Cream  Ice Cream Cakes  Desserts,19.1136,72.8697,Locality (matched)
25798,Malleshwaram,Bangalore,1947 Restaurant,900,4.4,"North Indian,Chinese,Desserts,Biryani",13.0035,77.5647,Locality (matched)
25900,Bidhannagar,Kolkata,Chowrasia Chaats,150,3.9,"Street Food,Snacks",22.585,88.418,Locality (matched)
26205,Egmore,Chennai,Shmoozie'S Hand-Crafted Ice Creams,200,2.9,"Ice Cream,Desserts",13.0732,80.2609,Locality (matched)
26361,Andheri East,Mumbai,Crrave N Eat,300,2.9,Desserts  Pizzas,19.1136,72.8697,Locality (matched)
26366,Ghatkopar West,Mumbai,Chandu Halwai,150,4.4,Sweets,19.0864,72.9047,Locality (matched)
26474,Tollygunge,Kolkata,Xis O Krim,250,2.9,Desserts,22.499,88.345,Locality (matched)
26497,Ballygunge,Kolkata,Nepal Sweets,150,4.6,Snacks  Desserts  Sweets  Chaat,22.528,88.366,Locality (matched)
26577,Ghatkopar East,Mumbai,Lalta Pav Bhaji (Vikrant Circle),200,4.3,"Fast Food,Chinese,Beverages,Juices",19.0857,72.9083,Locality (matched)
26656,Andheri East,Mumbai,Sanjeevani Foods - Real Maharastrian Food,150,2.9,Maharashtrian,19.1136,72.8697,Locality (matched)
26680,Egmore,Chennai,Milkyway,100,4.3,"Ice Cream,Desserts,Chaat",13.0732,80.2609,Locality (matched)
26703,Moti Nagar,Delhi,Shudh Vaishno Hotel (Karam Pura),400,4.3,Indian,28.656,77.145,Locality (matched)
27074,Malleshwaram,Bangalore,The Higher Taste Stores - Iskcon,200,4.4,"Sweets,Fast Food,North Indian,Italian,Beverages,Desserts",13.0035,77.5647,Locality (matched)
27136,Ghatkopar East,Mumbai,Chocday,350,4.5,Desserts  Bakery,19.0857,72.9083,Locality (matched)
27278,Old Sangvi,Pune,Hotel Sangam Khandesh Katta,400,4.3,Maharashtrian,18.585,73.833,Locality (matched)
27280,Sadashiv Peth,Pune,Pandurang Bhel,150,4.6,Fast Food,18.5122,73.852,Locality (matched)
27289,Aundh,Pune,Ashapuri Dining Hall,250,4,"North Indian,Chinese,Rajasthani",18.559,73.808,Locality (matched)
27319,Shivajinagar,Pune,Shraavan Restaurant,400,4.4,"North Indian,Chinese,Continental,Indian,Beverages",18.5308,73.8478,Locality (matched)
27594,Golpark,Kolkata,Banana Leaf,200,4.4,South Indian,22.517,88.363,Locality (matched)
27598,Bidhannagar,Kolkata,Chat Hut - Swimming Pool,150,4.3,Street Food,22.585,88.418,Locality (matched)
27693,Khairtabad,Hyderabad,Dwaraka Restaurant,250,4.2,"North Indian,Chinese,South Indian",17.411,78.462,Locality (matched)
27787,Saligramam,Chennai,Sri Paarvathi Bavan Ssweets And Veg Restaurant,150,4,"Sweets,South Indian,North Indian,Chinese,Snacks",13.047,80.198,Locality (matched)
27812,Santacruz East,Mumbai,Natural Ice Cream,150,4.7,Ice Cream,19.0822,72.8416,Locality (matched)
27990,Raviwar Peth,Pune,Hotel Yatrik,500,4,"Indian,South Indian",18.515,73.856,Locality (matched)
28066,Kothapet,Hyderabad,Sivarama Reddy Sweets,500,4.3,Sweets,17.3745,78.531,Locality (matched)
28121,T. Nagar,Chennai,Pakwan Chennai,1200,4.3,"North Indian,Chinese,Italian",13.0418,80.2341,Locality (matched)
28359,Bidhannagar,Kolkata,Snax Point,250,4,"Continental,Pizzas,Pastas,American,Tibetan,Fast Food,Beverages,Desserts,Combo,Biryani",22.585,88.418,Locality (matched)
28377,Kilpauk,Chennai,Mumbai Chatwala,200,4.4,"Chaat,Juices,Snacks",13.085,80.241,Locality (matched)
28828,Agarkar Nagar,Pune,Shree Krishna Palace,400,2.9,"North Indian,Fast Food,South Indian",18.533,73.879,Locality (matched)
28967,Rohini,Delhi,Dev China Town,300,3.9,"Chinese,Fast Food",28.7041,77.1025,Locality (matched)
28990,Koti,Hyderabad,Krupa Mess & Tiffins,200,3.6,South Indian,17.3833,78.4794,Locality (matched)
29221,Paschim Vihar,Delhi,Shahi Naan Wala,250,4.4,"North Indian,Fast Food,Tandoor,Combo,Snacks",28.6692,77.1013,Locality (matched)
29247,Kavadiguda,Hyderabad,Aamantran Pure Veg,450,4.2,North Indian  Chinese  South Indian  Jain,17.406,78.497,Locality (matched)
29348,Indiranagar,Bangalore,Apsara Ice Creams,150,4.5,"Ice Cream,Desserts",12.9719,77.6412,Locality (matched)
29576,Rohini,Delhi,R.P.W Pizza,350,3.5,Italian,28.7041,77.1025,Locality (matched)
29638,Parvati Paytha,Pune,Jagaat Bhaari Kolhapuri,200,4.2,Maharashtrian,18.493,73.846,Locality (matched)
29673,Ashok Nagar,Bangalore,Natural Ice Cream,150,4.7,Ice Cream,12.9843,77.5936,Locality (matched)
29708,Bidhannagar,Kolkata,Cremecup.In,250,4.5,Bakery,22.585,88.418,Locality (matched)
30287,Ghatkopar East,Mumbai,The Chocolate Room,250,3.9,"Fast Food,Desserts,Italian,Mexican",19.0857,72.9083,Locality (matched)
30312,Kodihalli,Bangalore,Smoodies,140,4.2,"Snacks,Healthy Food,Juices,Beverages,Desserts",12.9611,77.6486,Locality (matched)
30338,Alwarpet,Chennai,Ajnabi Mithaai Ghar,200,4.6,"Chaat,Sweets",13.0339,80.254,Locality (matched)
30458,Koramangala,Bangalore,Sukh Sagar,400,4.3,South Indian,12.9352,77.6245,Locality (matched)
30592,Kachiguda,Hyderabad,Sri Amul Tiffins Centre,200,4.3,South Indian,17.3843,78.5013,Locality (matched)
30663,Saki Naka,Mumbai,Shiv Sagar,200,4.3,"North Indian,Beverages,South Indian,Fast Food,Chinese",19.1073,72.8873,Locality (matched)
30889,Saki Naka,Mumbai,Natural Ice Cream,150,4.4,Desserts,19.1073,72.8873,Locality (matched)
31405,Sion,Mumbai,Kisan Dosawala,300,4.4,South Indian,19.0448,72.8619,Locality (matched)
31515,Sadashiv Peth,Pune,The Cake Studio & Cafe,350,4.7,Fast Food,18.5122,73.852,Locality (matched)
31827,Bhowanipore,Kolkata,Crazzy Momo,250,2.9,Tibetan,22.527,88.345,Locality (matched)
31961,Ghatkopar West,Mumbai,Shree Ram Juice Centre,300,3.6,"Fast Food,Juices",19.0864,72.9047,Locality (matched)
32198,Vishrantwadi,Pune,Dilli Chat Bhandar,250,2.9,North Indian,18.567,73.872,Locality (matched)
32302,Bhowanipore,Kolkata,Keventers - Milkshakes And Desserts,300,4.4,"Beverages,Ice Cream,Desserts,Healthy Food",22.527,88.345,Locality (matched)
32443,Shivajinagar,Pune,Natural Ice Cream,150,4.7,Ice Cream,18.5308,73.8478,Locality (matched)
32550,Shalimar Bagh,Delhi,Spice Sea,600,4.1,"North Indian,Chinese",28.71,77.158,Locality (matched)
32701,Park Street Area,Kolkata,Haldiram Food City - Russel Street,300,3.7,Desserts  Fast Food  Bakery,22.552,88.352,Locality (matched)
32719,New Alipore,Kolkata,Tewari Brothers,300,4.5,"Sweets,Snacks",22.51,88.332,Locality (matched)
32732,Sai Nagar,Hyderabad,Shiva Sai Reddy Sweets & Chat,200,4.4,Sweets,17.385,78.4867,City-level (approximate fallback)
32781,Koregaon Park,Pune,Modern Cakes,300,4.7,Bakery,18.5362,73.8938,Locality (matched)
33142,Chembur,Mumbai,Chembur Fast Food,300,3.9,"Chinese,North Indian",19.0522,72.9006,Locality (matched)
33168,Sector 7 Rohini,Delhi,My Shop Sector-7,300,4.1,"Fast Food,Italian,American,Beverages",28.718,77.122,Locality (matched)
33184,Camp,Pune,Rama Krishna,450,4.3,"North Indian,South Indian,Chinese,Fast Food,Snacks,Beverages,Indian",18.5122,73.879,Locality (matched)
33232,Ghatkopar West,Mumbai,A 1 Ice Creams,200,4.5,"Desserts,Ice Cream",19.0864,72.9047,Locality (matched)
33427,Karkhana,Hyderabad,Sukha Sagara,250,4.2,South Indian  North Indian  Chinese,17.447,78.5,Locality (matched)
33521,Viman Nagar,Pune,Shriniwas Veg,250,3.2,"North Indian,South Indian,Chinese,Combo,Pizzas,Snacks,Beverages,Desserts",18.567,73.9143,Locality (matched)
33561,Ghatkopar East,Mumbai,Junos Pizza,1000,4,"Pizzas,Pastas,Italian",19.0857,72.9083,Locality (matched)
33881,Pashan,Pune,Hotel Ronita Paratha,200,2.9,"North Indian,Chinese",18.537,73.797,Locality (matched)
34074,Peeragarhi Camp,Delhi,Kapoor Dhaba,200,3.6,North Indian,28.681,77.094,Locality (matched)
34105,Antop Hill,Mumbai,Agarwal'S Kulfi N Roll,250,4.4,Desserts,19.0224,72.858,Locality (matched)
34150,Himayatnagar,Hyderabad,Sri Shagun Mithai Vatika,200,4.3,"Desserts,Sweets",17.4008,78.4813,Locality (matched)
34331,Egmore,Chennai,Parwani'S Bombay Halwa House,550,4.3,North Indian,13.0732,80.2609,Locality (matched)
34387,Rohini,Delhi,Havmor Havfunn Ice Cream,200,4.6,"Ice Cream,Desserts",28.7041,77.1025,Locality (matched)
34415,Shivajinagar,Pune,Frozen Bottle,250,4.7,"Beverages,Ice Cream,Desserts",18.5308,73.8478,Locality (matched)
34431,Scruz Bandra East,Mumbai,Foodeementals,450,2.9,Desserts,19.075,72.845,Locality (matched)
34618,T. Nagar,Chennai,Famous Jigarthanda,100,4.3,Desserts,13.0418,80.2341,Locality (matched)
34714,Warje,Pune,Swarnaa Vegetarian,300,4.1,"North Indian,South Indian,Chinese,Continental,Punjabi",18.478,73.806,Locality (matched)
34840,Aundh,Pune,Madras Cafe,200,4.2,"South Indian,Thalis,Chinese,North Indian",18.559,73.808,Locality (matched)
34995,Shivaji Nagar,Pune,Ufo Fries & Corn,300,2.9,Fast Food,18.5308,73.8478,Locality (matched)
35105,Andheri East,Mumbai,Cake Walk 72,300,4.1,Desserts,19.1136,72.8697,Locality (matched)
35171,Elgin,Kolkata,Gokul Shree - Tit Bits,500,4.2,"North Indian,Chinese",22.538,88.352,Locality (matched)
35203,Bhowanipore,Kolkata,Parantha Point,200,4.2,North Indian,22.527,88.345,Locality (matched)
35213,Shenoy Nagar,Chennai,The Delhi Dhaba-Veg,350,4.3,"Chinese,Indian,North Indian,Tandoor",13.08,80.228,Locality (matched)
35323,Egmore,Chennai,Udipi Hotel Sudha,300,4.2,South Indian,13.0732,80.2609,Locality (matched)
35370,Shivajinagar,Pune,Falahaar,250,4.3,"Fast Food,Beverages,American,Pizzas",18.5308,73.8478,Locality (matched)
35589,Sector 7 Rohini,Delhi,Moti Mahal Delux Rohini,500,4.2,"North Indian,Chinese,Thalis,Combo",28.718,77.122,Locality (matched)
35699,Erandwane,Pune,Anand Veg,400,4.4,"North Indian,Fast Food,Chinese",18.5089,73.83,Locality (matched)
35747,Machuabazar,Kolkata,Fantastic Food Story,400,4.2,"North Indian,Chinese,Continental,South Indian,Fast Food,Beverages",22.585,88.361,Locality (matched)
35753,Navjivan,Ahmedabad,Karnavati Dabeli,200,4.1,"Snacks,Fast Food",23.023,72.58,Locality (matched)
35974,Navrangpura,Ahmedabad,The Shake Maker,300,4.2,Beverages,23.0365,72.561,Locality (matched)
35983,Navrangpura,Ahmedabad,Dairy Den,300,4.4,"Desserts,Beverages",23.0365,72.561,Locality (matched)
35984,Navrangpura,Ahmedabad,Topaz,500,2.9,"Indian,Chinese",23.0365,72.561,Locality (matched)
36039,Chilakalguda,Hyderabad,Sri Raghavendra Tiffins - Chilakalaguda,150,4,South Indian  Chinese,17.446,78.507,Locality (matched)
36192,Navrangpura,Ahmedabad,R.K.Centre,200,4.1,"Fast Food,South Indian,Pizzas,Pastas,Chinese",23.0365,72.561,Locality (matched)
36222,Navrangpura,Ahmedabad,Red Rose Snack Bar,200,2.9,"South Indian,Chinese",23.0365,72.561,Locality (matched)
36263,Old Mla Quarters,Hyderabad,Veggie Chinese,300,4,Chinese,17.385,78.4867,City-level (approximate fallback)
36311,Andheri East,Mumbai,Shubham Greens,350,4.2,"South Indian,North Indian,Maharashtrian,Chinese",19.1136,72.8697,Locality (matched)
36340,Memnagar,Ahmedabad,Neelkamal Coffee Bar,400,3.9,Street Food,23.049,72.547,Locality (matched)
36457,Jayanagar,Bangalore,Jalpaan,650,4.4,"Desserts,Italian,Jain,Mexican",12.925,77.5938,Locality (matched)
36550,New Alipore,Kolkata,Gokul Shree,100,4.6,Sweets  Fast Food,22.51,88.332,Locality (matched)
36657,Ambawadi,Ahmedabad,The Belgian Waffle Co.,200,4.2,"Desserts,Beverages",23.027,72.549,Locality (matched)
36664,Navrangpura,Ahmedabad,Cuppuccino,300,3.7,"Italian,Pastas,Beverages,Snacks,Desserts,Pizzas,Mexican,American",23.0365,72.561,Locality (matched)
36676,Navrangpura,Ahmedabad,Jugaad Nights,400,4.3,"Combo,Thalis,Indian,Chinese,North Indian,Beverages",23.0365,72.561,Locality (matched)
36761,Usmanpura,Ahmedabad,Mysore Cafe,150,4.1,South Indian,23.048,72.572,Locality (matched)
36778,Gulbai Tekra,Ahmedabad,Vaibhav Restaurant,200,4.3,Indian,23.033,72.554,Locality (matched)
36900,Sector 4 Rohini,Delhi,Wah Bhai Wah,200,3.8,"North Indian,Chinese,Tandoor,Beverages",28.718,77.103,Locality (matched)
37107,Taltala,Kolkata,Natural Ice Cream,150,4.8,Ice Cream,22.562,88.358,Locality (matched)
37111,Ahmedabad,Ahmedabad,Baker'S Den,200,4.3,Bakery,23.0225,72.5714,Locality (matched)
37207,Powai,Mumbai,Tender Fresh,150,4.6,Ice Cream,19.1176,72.906,Locality (matched)
37306,Kothrud,Pune,Waari Book Cafe,200,3.9,Desserts,18.5074,73.8077,Locality (matched)
37343,Banjara Hills,Hyderabad,Just Parantha,200,4.2,North Indian,17.4156,78.4347,Locality (matched)
37354,Sampangiram Nagar,Bangalore,Savi Sagar,300,4.2,"Beverages,Chinese,Fast Food,Jain,North Indian,South Indian",12.9707,77.5947,Locality (matched)
37477,Navrangpura,Ahmedabad,Home Town Meals,300,3.7,"Punjabi,Chinese",23.0365,72.561,Locality (matched)
37478,Prahlad Nagar,Ahmedabad,The Dark Roast,500,4.6,"Cafe,Italian,Combo,Beverages",23.011,72.506,Locality (matched)
37483,Navrangpura,Ahmedabad,M.L.F Franco,300,4,Fast Food,23.0365,72.561,Locality (matched)
37566,University Area,Ahmedabad,Chai Wai,200,4.5,"Beverages,Fast Food",23.033,72.545,Locality (matched)
37578,Navrangpura,Ahmedabad,Gwalia Sweets & Fast Food,250,4.3,"Sweets,North Indian,Chaat,Snacks,Bakery,Desserts,Beverages",23.0365,72.561,Locality (matched)
37629,Chetpet,Chennai,Shree Mithai,250,4.5,"Desserts,Street Food,Chaat",13.07,80.244,Locality (matched)
37698,Tagore Garden Extension,Delhi,Nathu'S Sweets,200,3.7,"Sweets,Chinese,Desserts,North Indian,South Indian,Italian,Street Food,Beverages,Indian,Fast Food",28.642,77.093,Locality (matched)
37757,Vastrapur,Ahmedabad,Chula Dhosa Hut,400,2.9,South Indian,23.039,72.529,Locality (matched)
37802,Maninagar,Ahmedabad,Mr. & Mrs. Idly,250,4.2,"South Indian,Fast Food",22.996,72.603,Locality (matched)
37813,Gulbai Tekra,Ahmedabad,Toritos,600,4,"Continental,Mexican,Italian",23.033,72.554,Locality (matched)
37814,Ahmedabad,Ahmedabad,Jayhind Sweets,300,4.3,Sweets,23.0225,72.5714,Locality (matched)
37953,Navrangpura,Ahmedabad,Natural Ice Cream,150,4.8,Ice Cream,23.0365,72.561,Locality (matched)
37996,Navrangpura,Ahmedabad,Vittlebox,250,4.2,"Punjabi,Combo,Chinese,Fast Food,South Indian,Mexican",23.0365,72.561,Locality (matched)
38003,Navrangpura,Ahmedabad,Burgometry,250,4,Fast Food,23.0365,72.561,Locality (matched)
38155,Anna Nagar,Chennai,Roll Over,300,4.1,"Desserts,Beverages,Pan-Asian,Snacks",13.085,80.2101,Locality (matched)
38278,Bidhannagar,Kolkata,Medley - Juicery & Beyond,150,4,Beverages  Desserts  Healthy Food  Juices  Salads  Ice Cream,22.585,88.418,Locality (matched)
38428,Rohini,Delhi,Maha Laxmi Dhaba,300,4.1,North Indian,28.7041,77.1025,Locality (matched)
38437,Ambawadi,Ahmedabad,Birmies,350,4.3,"Mexican,Chinese,Punjabi,Fast Food",23.027,72.549,Locality (matched)
38622,Teynampet,Chennai,Parvathi Bavan Sweets,250,4.4,"Sweets,Snacks,Desserts,North Indian,South Indian",13.0418,80.254,Locality (matched)
38662,Koti,Hyderabad,Shree Santosh Family Dhaba,200,3.8,"North Indian,Chinese,Tandoor,Biryani,Beverages,Indian",17.3833,78.4794,Locality (matched)
38824,West Mambalam,Chennai,Osb Hot & Chat,200,4.3,"Street Food,South Indian,North Indian",13.035,80.22,Locality (matched)
39047,Kothrud,Pune,Malgudi Tiffin,250,4.2,"South Indian,North Indian,Chinese",18.5074,73.8077,Locality (matched)
39059,Chickpet,Bangalore,South Ruchi'S,150,4,"Chinese,Fast Food,North Indian,South Indian",12.9698,77.5806,Locality (matched)
39066,Gandhi Nagar,Bangalore,Amulya Veg Restaurant,350,2.9,"Chinese,Continental,Jain,North Indian,South Indian",12.9784,77.5773,Locality (matched)
39080,Somajiguda,Hyderabad,Punjabi Paratha House,200,4,Punjabi  North Indian,17.423,78.459,Locality (matched)
39109,Kilpauk,Chennai,Little North,500,4.3,"Chinese,North Indian",13.085,80.241,Locality (matched)
39223,Sector 7 Rohini,Delhi,Waffle King,300,4.2,"Desserts,Continental,Ice Cream,Beverages",28.718,77.122,Locality (matched)
39376,Ashok Nagar,Bangalore,Frozen Bottle,250,3.8,"Beverages,Ice Cream,Desserts",12.9843,77.5936,Locality (matched)
39400,Gandhi Nagar,Bangalore,South Ruchis Square,500,4.2,"Biryani,Chinese,Desserts,Fast Food,Jain,North Indian,South Indian",12.9784,77.5773,Locality (matched)
39404,Kalyani Nagar,Pune,Royal Baking Co,350,3.9,"Bakery,Desserts,Continental,Fast Food,Combo,Italian,Biryani,Beverages",18.5479,73.9014,Locality (matched)
39412,Chickpet,Bangalore,Punjabi Pure Veg Restaurant Since1994,250,3.7,"Chinese,Jain,North Indian",12.9698,77.5806,Locality (matched)
39564,Nagarathpete,Bangalore,Pai Vihar Grand,250,4.3,"Chinese,North Indian,South Indian",12.9647,77.5793,Locality (matched)
39602,Shukrawar Peth,Pune,Preeti Pavbhaji & Juicebar,200,3.8,"Fast Food,Pizzas,Beverages",18.515,73.85,Locality (matched)
39922,Shivajinagar,Pune,Sharvaree Restaurant,700,4.3,"Maharashtrian,North Indian,Chinese",18.5308,73.8478,Locality (matched)
40314,Abids,Hyderabad,Mini Punjab,400,3.7,"South Indian,North Indian,Chinese,Punjabi",17.3915,78.4756,Locality (matched)
40329,Sector 7 Rohini,Delhi,Shree Rathnam,600,4.2,"South Indian,North Indian,Chinese",28.718,77.122,Locality (matched)
40364,Agarkar Nagar,Pune,Sahare Dining Hall,300,4.4,"Gujarati,Rajasthani,Combo,Beverages",18.533,73.879,Locality (matched)
40376,Koti,Hyderabad,Santosh Dhaba Jashan,300,4.1,"North Indian,Chinese,Italian",17.3833,78.4794,Locality (matched)
40443,Rajajinagar,Bangalore,New Shanti Sagar,200,4,"South Indian,Chinese,North Indian,Fast Food",12.9905,77.5554,Locality (matched)
40476,Rajamohallah,Hyderabad,Marathi Katta,150,4.2,Maharashtrian,17.385,78.4867,City-level (approximate fallback)
40730,Chembur,Mumbai,Bina'S Fresh Batch Homemade Ice Cream,900,2.9,"Desserts,Ice Cream",19.0522,72.9006,Locality (matched)
40837,Navrangpura,Ahmedabad,1944 The Hocco Kitchen,450,4.4,"North Indian,Fast Food",23.0365,72.561,Locality (matched)
40844,Gulbai Tekra,Ahmedabad,Hocco Eatery,400,4.4,"North Indian,Pizzas",23.033,72.554,Locality (matched)
40847,Gulbai Tekra,Ahmedabad,Havmor Havfunn,250,4.6,"Ice Cream,Ice Cream Cakes,Desserts",23.033,72.554,Locality (matched)
41002,Ameerpet,Hyderabad,Sri Raghavendra Vegetarian Restaurant,150,4.1,South Indian  North Indian  Andhra,17.4374,78.4487,Locality (matched)
41005,Kachiguda,Hyderabad,Sri Raghavendra Tiffins,150,4.3,"South Indian,Andhra",17.3843,78.5013,Locality (matched)
41006,Ameerpet,Hyderabad,Udupi Park Pure Veg,150,4.1,South Indian,17.4374,78.4487,Locality (matched)
41013,Matunga,Mumbai,Mawali Bhai Dosa,300,4.1,South Indian,19.027,72.848,Locality (matched)
41104,Chickpet,Bangalore,Adiga'S,200,3.9,"South Indian,North Indian,Chinese,Thalis,Fast Food,Juices,Desserts",12.9698,77.5806,Locality (matched)
41108,Mylapore,Chennai,Ruchi Pure Veg,250,4,South Indian,13.0339,80.2695,Locality (matched)
41118,Gulbai Tekra,Ahmedabad,Havmor Havfunn Ice Cream,250,4.3,"Ice Cream,Desserts",23.033,72.554,Locality (matched)
41307,Budh Vihar,Delhi,Btw,200,3.7,"Street Food,North Indian",28.716,77.085,Locality (matched)
41321,Indiranagar,Bangalore,Green G Juice Bar,200,4.2,"Beverages,Continental,Desserts",12.9719,77.6412,Locality (matched)
41484,Chembur,Mumbai,Hotel Mayur,300,3.7,North Indian,19.0522,72.9006,Locality (matched)
41485,Chembur,Mumbai,Vig,250,4.3,"North Indian,Fast Food",19.0522,72.9006,Locality (matched)
41967,Shenoy Nagar,Chennai,Antari By Soul Garden Bistro,300,2.9,"Bakery,Desserts,Ice Cream,Beverages",13.08,80.228,Locality (matched)
42034,Bidhannagar,Kolkata,Swirls,200,3.9,"Desserts,Ice Cream",22.585,88.418,Locality (matched)
42061,Basavanagudi,Bangalore,Gokul Veg,500,4.3,"North Indian,Jain,Indian,Beverages,Desserts",12.9422,77.576,Locality (matched)
42094,Vastrapur,Ahmedabad,Happy Rolls,350,2.9,"Fast Food,Beverages",23.039,72.529,Locality (matched)
42113,Bidhannagar,Kolkata,Waffle Square Express,200,3,Desserts,22.585,88.418,Locality (matched)
42220,Ambawadi,Ahmedabad,Ab Chai Pe Charcha,200,3.3,"Snacks,Fast Food,Beverages",23.027,72.549,Locality (matched)
42225,Gultekdi,Pune,Spice Stories,500,3.9,"Maharashtrian,North Indian",18.488,73.867,Locality (matched)
42232,Paldi,Ahmedabad,Navjivan Restaurant,400,4.1,"Punjabi,North Indian,Chinese,Continental",23.013,72.562,Locality (matched)
42313,Paldi,Ahmedabad,Udipi Cafe,450,4.2,"Punjabi,Indian,Chinese",23.013,72.562,Locality (matched)
42315,Ambawadi,Ahmedabad,Tummy Fillers,200,4.1,"Fast Food,Beverages",23.027,72.549,Locality (matched)
42345,Paldi,Ahmedabad,China Hut,400,4,"North Indian,Chinese",23.013,72.562,Locality (matched)
42365,Sector 5 Rohini,Delhi,Zaffran,400,2.9,North Indian,28.716,77.108,Locality (matched)
42416,Baguihati,Kolkata,Annapurna Pure Veg Restaurant,250,4.1,"Indian,Chinese,Snacks,Thalis",22.612,88.418,Locality (matched)
42466,Anna Nagar,Chennai,Lassi Shop,100,4.3,"Beverages,Ice Cream,Desserts,Fast Food,Juices,North Indian,American,Snacks,Bakery",13.085,80.2101,Locality (matched)
42577,Pulikeshi Nagar,Bangalore,Cream Stone,400,4.3,"Ice Cream,Desserts,Beverages",12.995,77.61,Locality (matched)
42725,Kolkata,Kolkata,Saatvik,800,4.3,"Continental,North Indian,Chinese",22.5726,88.3639,Locality (matched)
42733,Koramangala,Bangalore,Makers Of Milkshakes,260,4.2,"Beverages,Desserts",12.9352,77.6245,Locality (matched)
42739,Rajajinagar,Bangalore,Hotel Udupi Ruchi,300,4.1,"South Indian,Chinese,Desserts,North Indian",12.9905,77.5554,Locality (matched)
42906,Kothrud,Pune,Sheetal Restaurant,400,4.4,"North Indian,South Indian,Chinese",18.5074,73.8077,Locality (matched)
43036,Kilpauk,Chennai,The Noodle Theory,400,4,"Asian,Fast Food",13.085,80.241,Locality (matched)
43274,Shivajinagar,Pune,Panchali Restaurant,500,4.3,North Indian,18.5308,73.8478,Locality (matched)
43312,Chembur,Mumbai,Sind Pani Puri House,200,4.5,Snacks,19.0522,72.9006,Locality (matched)
43380,Vikaspuri,Delhi,Vanakkam Madras Cafe,150,4.2,"South Indian,Chinese",28.639,77.068,Locality (matched)
43409,Delhi,Delhi,Madras Dosa & Chinese Corner (Shalimar Bagh),300,3.9,"South Indian,Chinese,Italian,Beverages,Snacks",28.6139,77.209,Locality (matched)
43620,Himayatnagar,Hyderabad,The Platinum Hotel-Clove,800,4,"North Indian,South Indian,Continental,Chinese",17.4008,78.4813,Locality (matched)
43802,Chembur,Mumbai,Keventers - Milkshakes And Desserts,300,4.3,Beverages  Ice Cream  Desserts  Healthy Food,19.0522,72.9006,Locality (matched)
43931,Santacruz East,Mumbai,Baskin Robbins,350,4.7,"Ice Cream,Desserts",19.0822,72.8416,Locality (matched)
43996,Jamalia,Chennai,Hunger Square,250,4.5,"Italian,Fast Food",13.09,80.274,Locality (matched)
44174,Agarkar Nagar,Pune,Uncle Kitchen,250,2.9,"Fast Food,North Indian,Chinese",18.533,73.879,Locality (matched)
44245,Kurla,Mumbai,Sawali Restaurant (Pure Veg),550,4.3,"South Indian,Indian,Chinese",19.0728,72.8826,Locality (matched)
44272,Koregaon Park,Pune,Fantasy Juice Bar & Snacks,250,2.9,Juices,18.5362,73.8938,Locality (matched)
44304,Santacruz East,Mumbai,Vijay Stores,200,4.3,"Snacks,Sweets",19.0822,72.8416,Locality (matched)
44372,Ambawadi,Ahmedabad,Real Paprika,250,2.9,"Pizzas,Italian",23.027,72.549,Locality (matched)
44388,Ellisbridge,Ahmedabad,Alinea Restaurant & Banquet,550,4.1,"Indian,Chinese,Continental,Italian,Mexican",23.023,72.568,Locality (matched)
44462,Koramangala,Bangalore,Xo Belgian Waffle,250,4.3,Desserts,12.9352,77.6245,Locality (matched)
44605,Memnagar,Ahmedabad,Dinner Bell 2,400,4.1,"Indian,Chinese,Continental",23.049,72.547,Locality (matched)
44907,Aundh,Pune,Darshini,200,4.1,South Indian,18.559,73.808,Locality (matched)
44930,Bidhannagar,Kolkata,Momo'S Corner - Swimming Pool,100,2.9,Tibetan,22.585,88.418,Locality (matched)
45184,Central Kolkata,Kolkata,Oye!! Paratha,150,2.9,North Indian,22.57,88.355,Locality (matched)
45221,Jorasanko,Kolkata,Jay Ambe Bhojanalaya,200,3.9,North Indian,22.59,88.358,Locality (matched)
45469,Karve Nagar,Pune,Paramhans Pure Veg,300,4,"Rajasthani,Indian,Chinese",18.49,73.8163,Locality (matched)
45547,Ghatkopar East,Mumbai,Shree Sadguru'S Pure Veg Restaurant,350,4,"Indian,Chinese,South Indian,Fast Food",19.0857,72.9083,Locality (matched)
45575,Ramanthapur,Hyderabad,Sri Santhosh Family Dhaba,400,4.1,"North Indian,Tandoor,Punjabi,Chinese",17.39,78.539,Locality (matched)
45634,Ahmedabad,Ahmedabad,Deepti'S Delicious Homely Food,150,4.5,Indian,23.0225,72.5714,Locality (matched)
45691,Prashant Vihar Rohini,Delhi,Hot Spot Mini Shop,300,3.8,"Italian,Beverages,Fast Food,Snacks",28.705,77.135,Locality (matched)
45915,Vastrapur,Ahmedabad,Shiva'S Coffee Bar & Snacks,250,3.7,"Fast Food,Pizzas,Beverages",23.039,72.529,Locality (matched)
45974,Somajiguda,Hyderabad,Maa Santosh Dhaba,400,4.1,"North Indian,Chinese",17.423,78.459,Locality (matched)
46125,Bidhannagar,Kolkata,Plush 28,1200,4.4,"Indian,Chinese,Oriental,Italian",22.585,88.418,Locality (matched)
46222,Kilpauk,Chennai,Prive Restaurant,1200,4.4,"Continental,North Indian",13.085,80.241,Locality (matched)
46280,Maninagar,Ahmedabad,Tummy Fillers,200,4,"Fast Food,Italian,Snacks",22.996,72.603,Locality (matched)
46287,Kachiguda,Hyderabad,Balaji Santosh Dhaba,350,4,"North Indian,Chinese",17.3843,78.5013,Locality (matched)
46321,Andheri East,Mumbai,Amar Juice Centre,550,4.2,"Indian,Chinese",19.1136,72.8697,Locality (matched)
46376,Maninagar,Ahmedabad,Real Paprika - Maninagar,400,3.7,"Fast Food,Pizzas",22.996,72.603,Locality (matched)
46543,Maninagar,Ahmedabad,City Corner - Maninagar,250,4.2,"South Indian,Fast Food,Chinese,North Indian",22.996,72.603,Locality (matched)
46548,Maninagar,Ahmedabad,Charlie,149,2.9,"Pizzas,Pastas,Snacks,Beverages",22.996,72.603,Locality (matched)
46567,Maninagar,Ahmedabad,Choice Corner Restaurant,350,4.2,"Indian,Chinese,Combo,Thalis,Beverages,North Indian,Punjabi",22.996,72.603,Locality (matched)
46717,Maninagar,Ahmedabad,Shree Annapurna- Maninagar,200,4.3,"North Indian,Combo,Punjabi,Chinese,Thalis,Beverages",22.996,72.603,Locality (matched)
46728,Maninagar,Ahmedabad,Ms Food,400,3.9,Fast Food,22.996,72.603,Locality (matched)
46868,Sector 2 Rohini,Delhi,Kushal Bhojnalaya,200,4.2,North Indian,28.715,77.098,Locality (matched)
46904,Chennai,Chennai,Maggevala Curly Cravings,200,4.1,"Fast Food,Beverages",13.0827,80.2707,Locality (matched)
46907,Maninagar,Ahmedabad,Mehmaan,250,3.6,"Gujarati,North Indian,Thalis",22.996,72.603,Locality (matched)
46943,T. Nagar,Chennai,Kovai Pazhamudir Nilayam,150,4.5,"Juices,Beverages",13.0418,80.2341,Locality (matched)
46979,Parvati Paytha,Pune,A1 Pizza Sandwich And Burger,200,2.9,Fast Food,18.493,73.846,Locality (matched)
47010,Mundhwa,Pune,Punjabi Chef,300,2.9,"North Indian,Thalis,Beverages,Desserts",18.539,73.921,Locality (matched)
47493,3Rd Block Jayanagar,Bangalore,Hari Super Sandwich,100,4,"Fast Food,Chaat,Snacks,Pizzas,North Indian,Indian",12.925,77.5938,Locality (substring match: 'jayanagar')
47507,Sudhama Nagar,Bangalore,Bombay Kulfi,100,3.9,"Desserts,Ice Cream",12.9611,77.599,Locality (matched)
47705,Ghatkopar East,Mumbai,Cheese On Fire,300,2.9,Snacks,19.0857,72.9083,Locality (matched)
47737,Kilpauk,Chennai,Kakada Ramprasad,400,4.5,"North Indian,Tandoor,Indian,Mexican,Street Food",13.085,80.241,Locality (matched)
47800,Navrangpura,Ahmedabad,Jasuben Shah Old Pizza,300,4.3,Pizzas,23.0365,72.561,Locality (matched)
47824,Himayatnagar,Hyderabad,Bombay Kulfis,100,4.4,Ice Cream,17.4008,78.4813,Locality (matched)
47834,Dharavi,Mumbai,Annai Dosa Corner,300,2.9,South Indian,19.038,72.8538,Locality (matched)
47896,Ghatkopar West,Mumbai,Tosita Bakery,200,2.9,Bakery,19.0864,72.9047,Locality (matched)
47983,New Nallakunta,Hyderabad,Sri Raghavendra Curry Express,200,4.3,"South Indian,Andhra",17.403,78.495,Locality (matched)
48056,Asalpha,Mumbai,Cheelizza- India Ka Pizza,500,4.2,"Italian,Fast Food,Chinese,Desserts,Pizzas",19.093,72.903,Locality (matched)
48133,Navrangpura,Ahmedabad,Ek One Uno Pizza,600,2.9,"Pizzas,Snacks",23.0365,72.561,Locality (matched)
48158,Venkateshwara Colony,Hyderabad,Scoops,300,4.4,Desserts  Ice Cream  Chaat,17.385,78.4867,City-level (approximate fallback)
48190,Mumbai,Mumbai,Satus Sweets Snacks & Namkeen,200,4.2,"Sweets,Snacks",19.076,72.8777,Locality (matched)
48406,Kurla,Mumbai,Steamy Mugs,300,4.5,Fast Food,19.0728,72.8826,Locality (matched)
48568,Basavanagudi,Bangalore,Chai Mane,100,3.7,"Fast Food,Snacks,Beverages",12.9422,77.576,Locality (matched)
48834,Prashant Vihar Rohini,Delhi,Vaishno Rasoi,300,3.9,North Indian,28.705,77.135,Locality (matched)
48902,Ballygunge,Kolkata,Mithai,150,4.7,Desserts,22.528,88.366,Locality (matched)
49083,Jogupalya,Bangalore,Popat,200,4.4,"Fast Food,North Indian",12.9707,77.621,Locality (matched)
49096,Ashok Nagar,Bangalore,Mtr,300,4.4,South Indian,12.9843,77.5936,Locality (matched)
49135,Shivajinagar,Pune,Keventers - Milkshakes And Desserts,300,4.1,"Beverages,Ice Cream,Desserts,Healthy Food",18.5308,73.8478,Locality (matched)
49149,Taltala,Kolkata,Bhikharam Chandmal,250,3.9,Sweets  Snacks  Fast Food  Indian,22.562,88.358,Locality (matched)
49172,Shivajinagar,Pune,Housefull Paratha,700,2.9,"North Indian,Punjabi",18.5308,73.8478,Locality (matched)
49281,Gandhinagar,Bangalore,Priyadarshini Restaurant,150,4.4,"South Indian,Desserts,Fast Food",12.9784,77.5773,Locality (fuzzy match: 'gandhi nagar')
49297,Chembur,Mumbai,Sadguru Veg Diet-(Bmc),550,4.5,"North Indian,Fast Food",19.0522,72.9006,Locality (matched)
49336,Bodakdev,Ahmedabad,Tephra Lounge,600,2.9,"Cafe,Fast Food,Beverages",23.043,72.506,Locality (matched)
49348,Jorabagan,Kolkata,Jain Surbhi,150,3.5,"South Indian,North Indian",22.588,88.356,Locality (matched)
49356,Park Street Area,Kolkata,Jyoti Vihar,300,4.3,South Indian,22.552,88.352,Locality (matched)
49523,Navrangpura,Ahmedabad,Vipul Dudhia ( Gajara ),200,4.4,"Sweets,Ice Cream",23.0365,72.561,Locality (matched)
49562,Naranpura,Ahmedabad,Season 9,250,4.1,"Indian,Chinese,Continental",23.048,72.558,Locality (matched)
49767,Kachiguda,Hyderabad,Ibaco,800,4.2,"Ice Cream,Desserts",17.3843,78.5013,Locality (matched)
49771,Ramgopalpet,Hyderabad,Sri Siddhi Udupi Tiffins & Restaurant,150,4.3,North Indian  South Indian,17.431,78.483,Locality (matched)
49843,Ashok Nagar,Bangalore,Ibaco,800,4.7,Desserts,12.9843,77.5936,Locality (matched)
49860,Wanwadi,Pune,Havmor Havfunn,200,4.5,"Ice Cream,Ice Cream Cakes,Desserts",18.495,73.878,Locality (matched)
50032,Amberpet,Hyderabad,Balaji Santosh Family Dhaba,300,4.2,"North Indian,Tandoor,Chinese",17.398,78.513,Locality (matched)
50153,Ramdev Nagar,Ahmedabad,Frankie Station,300,4.4,Snacks,23.033,72.524,Locality (matched)
50236,Periyamet,Chennai,Bombay Kulfi,150,4.6,"Ice Cream,Desserts",13.1,80.276,Locality (matched)
50343,Bkc,Mumbai,Snaxx,500,5,Snacks,19.0668,72.8681,Locality (matched)
50362,Khairtabad,Hyderabad,Sukha Sagara North Indian & Chinese,300,3.9,"North Indian,Chinese",17.411,78.462,Locality (matched)
50366,Ellisbridge,Ahmedabad,Khichdi Etc,500,4.4,"North Indian,Gujarati,Indian,Desserts",23.023,72.568,Locality (matched)
50384,Nungambakkam,Chennai,Id,300,4.4,South Indian,13.0569,80.2425,Locality (matched)
50493,Ghatkopar East,Mumbai,Pizzas Etc,600,4.3,"Italian,Jain,Fast Food",19.0857,72.9083,Locality (matched)
50508,Perambur,Chennai,S2C Chaat,100,4.1,"Street Food,Sweets",13.1155,80.234,Locality (matched)
50658,Banjara Hills,Hyderabad,Keventers - Milkshakes And Desserts,300,4,"Beverages,Ice Cream,Desserts,Healthy Food",17.4156,78.4347,Locality (matched)
50711,Koramangala,Bangalore,Sri Krishna Sagar,126,4.2,"South Indian,North Indian,Fast Food,Beverages,Jain",12.9352,77.6245,Locality (matched)
50933,Navrangpura,Ahmedabad,Shree Manmohan Kharek Center,100,2.9,Snacks,23.0365,72.561,Locality (matched)
51056,Pitam Pura,Delhi,Singhs Vada Pav,150,4.2,"Street Food,Fast Food,Snacks,North Indian,Beverages",28.6942,77.131,Locality (matched)
51096,Navrangpura,Ahmedabad,Sankalp,350,4,"South Indian,Beverages",23.0365,72.561,Locality (matched)
51160,Ghatkopar East,Mumbai,Krishna Cafe,200,2.9,"Fast Food,Continental",19.0857,72.9083,Locality (matched)
51420,Ghatkopar East,Mumbai,Shree Gurukrupa (Tilak Road),600,4.3,"North Indian,Chinese",19.0857,72.9083,Locality (matched)
51448,Naranpura,Ahmedabad,Savoureux,650,4.4,"Indian,Chinese,Continental",23.048,72.558,Locality (matched)
51526,Egmore,Chennai,Hotel Aradhana,350,4.2,"South Indian,Chinese,North Indian",13.0732,80.2609,Locality (matched)
51607,Anand Nagar,Pune,Sudama'S Misal House,250,4.3,"Fast Food,Maharashtrian",18.5,73.86,Locality (matched)
51662,Ashok Nagar,Bangalore,Hari Super Sandwich,100,4,Fast Food,12.9843,77.5936,Locality (matched)
51680,Bodakdev,Ahmedabad,Cafe De Italiano,650,4,Cafe,23.043,72.506,Locality (matched)
51704,Sanjeeva Reddy Nagar,Hyderabad,Hotel Udupi Home,150,4.1,South Indian,17.438,78.44,Locality (matched)
51737,Swargate,Pune,Gokul Chinese,300,2.9,Chinese,18.5008,73.8586,Locality (matched)
51887,Adikmet,Hyderabad,Nrs Nandini,150,4.3,South Indian,17.401,78.506,Locality (matched)
51889,Gaddiannaram,Hyderabad,Nrs Anand Tiffins,150,3.8,South Indian,17.362,78.517,Locality (matched)
51922,Lake Town,Kolkata,Anand Food Plaza,200,4.1,"North Indian,South Indian",22.605,88.395,Locality (matched)
51962,Royapuram,Chennai,Hotel Sukha Nivas,250,4.3,"South Indian,North Indian,Chinese,Tandoor",13.113,80.294,Locality (matched)
52026,Chennai,Chennai,Chennai Woodlands - Since 1963,300,4.2,"South Indian,North Indian,Desserts,Beverages,Thalis",13.0827,80.2707,Locality (matched)
52035,Naranpura,Ahmedabad,Evening Post,650,4.2,"Indian,Chinese,Continental",23.048,72.558,Locality (matched)
52055,Guru Nanak Nagar,Pune,The Veg Culture,400,2.9,"North Indian,Continental,Italian,Mexican,Lebanese",18.5,73.87,Locality (matched)
52262,Rohini,Delhi,Kutumb,600,2.9,"Chinese,North Indian",28.7041,77.1025,Locality (matched)
52369,Ghatkopar East,Mumbai,Scoop - Premium Italian Ice Cream,150,4.1,"Ice Cream,Desserts,Beverages,Italian",19.0857,72.9083,Locality (matched)
52577,Secot 24Rohini,Delhi,New Punjabi Rasoi,300,3.7,North Indian,28.7041,77.1025,Locality (substring match: 'rohini')
52667,Santacruz East,Mumbai,Bake N Nuts,450,2.9,Desserts,19.0822,72.8416,Locality (matched)
52927,Malleshwaram,Bangalore,Malleshwaram Holige Mane,120,4.4,"Desserts,South Indian,Sweets",13.0035,77.5647,Locality (matched)
52982,Navrangpura,Ahmedabad,Meritorious,350,4.3,Indian,23.0365,72.561,Locality (matched)
53037,Dhankawadi,Pune,Raju Uncle'S Chole Bhature,150,4.1,Punjabi,18.457,73.847,Locality (matched)
53099,Amberpet,Hyderabad,Hotel Shanthi Delux,250,4.3,"South Indian,North Indian,Chinese",17.398,78.513,Locality (matched)
53100,Old Malakpet,Hyderabad,Suprabhat Tiffins,250,4.2,South Indian,17.3735,78.498,Locality (matched)
53119,Vastrapur,Ahmedabad,Sizzling Pizza,350,3.9,"Pizzas,Continental,Italian",23.039,72.529,Locality (matched)
53128,Paldi,Ahmedabad,Bon Homie,700,4.1,"Punjabi,Italian,Mexican,Chinese",23.013,72.562,Locality (matched)
53268,Paldi,Ahmedabad,Alpine Restaurant & Banquet,800,2.9,"Indian,Chinese",23.013,72.562,Locality (matched)
53270,Maninagar,Ahmedabad,Urban Zykaa,400,4.2,North Indian,22.996,72.603,Locality (matched)
53310,Bhowanipore,Kolkata,Pabrai'S Fresh And Naturelle Ice Cream,200,4.8,Ice Cream,22.527,88.345,Locality (matched)
53451,Kilpauk,Chennai,The Thick Shake Factory,350,3.9,"Beverages,Desserts",13.085,80.241,Locality (matched)
53490,Ashok Nagar,Bangalore,Palmgrove Ballal Residency,400,4.4,"Chinese,Coastal,Desserts,Fast Food,Jain,North Indian,South Indian",12.9843,77.5936,Locality (matched)
53559,Anna Nagar,Chennai,Akshayam Sweets N Bakers,300,4.4,"South Indian,North Indian,Chinese",13.085,80.2101,Locality (matched)
53637,Nallakunta,Hyderabad,Sri Raghavendra Tiffins,250,4.3,South Indian,17.403,78.495,Locality (matched)
53796,Kalasiguda,Hyderabad,Jaggu Mithai,250,4.2,Desserts  Biryani  Chaat  Fast Food,17.439,78.498,Locality (matched)
53832,Kankaria,Ahmedabad,Dinner Point Restaurant,550,4.4,"Indian,Chinese",22.997,72.606,Locality (matched)
53965,Kalighat,Kolkata,Ramakrishna Lunch Home,200,4.3,South Indian  Beverages,22.519,88.342,Locality (matched)
53981,Chanakyapuri,Ahmedabad,Brick Kitchen - Five Petals,500,4.4,"Indian,Chinese,Continental",23.0225,72.5714,City-level (approximate fallback)
54003,Santacruz East,Mumbai,Newyork Burrito Company,500,4.3,"Mexican,American,Snacks",19.0822,72.8416,Locality (matched)
54357,Asalpha,Mumbai,O Cakes,300,4.4,"Desserts,Bakery,Sweets",19.093,72.903,Locality (matched)
54414,Navrangpura,Ahmedabad,Cheers,250,4.7,"Desserts,Beverages",23.0365,72.561,Locality (matched)
54451,Malleshwaram,Bangalore,La Heaven,384,4.1,"Desserts,Bakery,Beverages",13.0035,77.5647,Locality (matched)
54470,Alwarpet,Chennai,Grind Coffee House,100,4.4,Beverages,13.0339,80.254,Locality (matched)
54473,George Town,Chennai,Hotel Shiva Shagar,450,4.1,"Beverages,North Indian,South Indian",13.094,80.287,Locality (matched)
54742,Vastrapur,Ahmedabad,Kesar Foods,500,4.3,Indian,23.039,72.529,Locality (matched)
54871,Jodhpur Tekra,Ahmedabad,9834 The Fruit Truck,300,4.5,"Juices,Beverages,Desserts,Healthy Food",23.026,72.522,Locality (matched)
54947,Jodhpur Village,Ahmedabad,Prime Dine Restaurant,600,4.3,"Indian,Chinese,Continental,Thai,Mexican",23.026,72.522,Locality (matched)
54948,Ellisbridge,Ahmedabad,Sasuji,350,4.6,Indian,23.023,72.568,Locality (matched)
55019,Bandra East,Mumbai,Baskin Robbins,350,4.5,Desserts  Ice Cream,19.0596,72.841,Locality (matched)
55045,Poongavanapuram,Chennai,Murugan Idli Shop,200,4.3,South Indian,13.0827,80.2707,City-level (approximate fallback)
55065,Paldi,Ahmedabad,Hotel The Lotus Park,250,4,"North Indian,Chinese,Beverages,Biryani,Continental,Desserts,Fast Food,Snacks,Italian,Indian,Thalis",23.013,72.562,Locality (matched)
55068,Ellisbridge,Ahmedabad,Ambrosia Restaurant,600,2.9,"Indian,Chinese,Continental,South Indian",23.023,72.568,Locality (matched)
55079,Navrangpura,Ahmedabad,Neelam Sandwich & Pizza,300,4.2,"Snacks,Beverages",23.0365,72.561,Locality (matched)
55251,Deccan Gymkhana,Pune,Satwik Dining Hall,200,2.9,Maharashtrian,18.5162,73.8397,Locality (matched)
55365,Isanpur,Ahmedabad,Maruti Dhosa Hub,0,4.1,South Indian,22.97,72.61,Locality (matched)
55368,Ellisbridge,Ahmedabad,Treat,350,4.5,Indian,23.023,72.568,Locality (matched)
55393,Lake Town,Kolkata,Fruitose,150,4.3,Juices  Fast Food,22.605,88.395,Locality (matched)
55549,Ambawadi,Ahmedabad,Jay Bhole Vadapav - Nehru Nagar,200,3.9,Fast Food,23.027,72.549,Locality (matched)
55710,Paldi,Ahmedabad,Ladli Fast Food,0,3.5,"Fast Food,Italian",23.013,72.562,Locality (matched)
55847,Pitam Pura,Delhi,Aapki Rasoi,200,3.3,"North Indian,Tandoor,Indian,Punjabi",28.6942,77.131,Locality (matched)
55949,Kankaria,Ahmedabad,Purohit Restaurant,450,4.3,"Indian,Chinese,North Indian",22.997,72.606,Locality (matched)
55957,Himayatnagar,Hyderabad,Goli Soda,100,4.1,"Beverages,Desserts",17.4008,78.4813,Locality (matched)
56039,Kothrud,Pune,Krazy Cafe,150,2.9,Fast Food,18.5074,73.8077,Locality (matched)
56093,Abids,Hyderabad,G Pulla Reddy Sweets,300,4.4,"Sweets,Desserts",17.3915,78.4756,Locality (matched)
56102,Mehdipatnam,Hyderabad,G Pulla Reddy Sweets,300,4.3,Sweets  Desserts,17.3952,78.438,Locality (matched)
56173,Sindhu Bhavan Road,Ahmedabad,Wok On Fire,400,4.1,"Chinese,Thai,Pan-Asian,Asian,Oriental",23.033,72.503,Locality (matched)
56227,Kalighat,Kolkata,Maharaj,100,4.5,Snacks,22.519,88.342,Locality (matched)
56360,George Town,Chennai,Novelty Tea House,450,4.1,"North Indian,South Indian,Chinese",13.094,80.287,Locality (matched)
56524,Vastrapur,Ahmedabad,Apna Punjab Parattha,250,3.8,Indian,23.039,72.529,Locality (matched)
56724,Kolkata,Kolkata,Dehat,200,4.3,Indian  North Indian  Rajasthani  Thalis  Combo,22.5726,88.3639,Locality (matched)
56740,West Marredpally,Hyderabad,Geetha Tiffins,150,4.3,South Indian,17.446,78.5,Locality (matched)
56930,Basheer Bagh,Hyderabad,Yaariyan,400,3.8,"North Indian,South Indian,Italian,Chinese,Chaat,Beverages,Desserts",17.4001,78.474,Locality (matched)
57007,Aundh,Pune,Radhika Veg Restaurant,500,4.2,"North Indian,South Indian,Chinese,Fast Food",18.559,73.808,Locality (matched)
57128,Mundhwa,Pune,Paaji'S Paratha House,200,4,"North Indian,Chinese",18.539,73.921,Locality (matched)
57335,Koregaon Park,Pune,Shreenath Sandwich,150,2.9,Fast Food,18.5362,73.8938,Locality (matched)
57383,Saki Naka,Mumbai,Keventers - Milkshakes And Desserts,300,4.1,"Beverages,Ice Cream,Desserts,Healthy Food",19.1073,72.8873,Locality (matched)
57386,T. Nagar,Chennai,Goli Vada Pav No 1,100,4.1,"Maharashtrian,North Indian,Fast Food,Street Food",13.0418,80.2341,Locality (matched)
57422,Kilpauk,Chennai,Seena Bhai 1977 Dosa Centre,150,3.3,South Indian,13.085,80.241,Locality (matched)
57507,Nungambakkam,Chennai,Shubh,300,4.4,"North Indian,Sweets,Snacks,Street Food",13.0569,80.2425,Locality (matched)
57617,Erandwane,Pune,Shri Gajanan Shegaon Kachori,100,4.3,Fast Food,18.5089,73.83,Locality (matched)
57640,Bidhannagar,Kolkata,Alt-The Healthy Kitchen,400,4.2,"Healthy Food,Thalis,Beverages,Pizzas,Chinese",22.585,88.418,Locality (matched)
57702,Purasaiwakkam,Chennai,Svadista,200,2.9,"Pizzas,Street Food",13.085,80.254,Locality (matched)
57711,Sion,Mumbai,Agarwal Parathas And Snacks,250,3.7,Snacks,19.0448,72.8619,Locality (matched)
57956,Rohini,Delhi,Madras Cafe,200,3.9,South Indian,28.7041,77.1025,Locality (matched)
57964,Rohini,Delhi,Nivetha Dosa Corner,150,4.1,South Indian,28.7041,77.1025,Locality (matched)
58089,Vastrapur,Ahmedabad,Iscon Ganthiya,100,4,Fast Food,23.039,72.529,Locality (matched)
58100,Sivanchetti Gardens,Bangalore,Sagar Delicacy,300,4.3,"North Indian,South Indian,Chinese",12.9605,77.601,Locality (matched)
58378,Kilpauk,Chennai,Sandwich Hub By Anika Foods,200,4.2,Pastas,13.085,80.241,Locality (matched)
58396,Santacruz East,Mumbai,Apsara Ice Creams,150,4.6,"Ice Cream,Desserts",19.0822,72.8416,Locality (matched)
58425,Paldi,Ahmedabad,Modi Sandwich And Pizza-Paldi,250,3.9,"Fast Food,Beverages",23.013,72.562,Locality (matched)
58575,Uppal,Hyderabad,Sri Gayathri Tiffins,100,4.2,South Indian,17.4062,78.559,Locality (matched)
58631,Mandaveli,Chennai,Subham Ganesan,100,4.5,"Sweets,Snacks",13.033,80.265,Locality (matched)
58745,Indiranagar,Bangalore,Srinidhi Sagar,200,4,"South Indian,North Indian,Indian,Chinese,Beverages,Desserts",12.9719,77.6412,Locality (matched)
58746,Domlur,Bangalore,Srinidhi Sagar Deluxe,200,3.9,"South Indian,North Indian,Indian,Chinese,Beverages,Desserts",12.961,77.6387,Locality (matched)
58758,Indiranagar,Bangalore,Srinidhi Sagar Food Line,400,2.9,"Chinese,South Indian,North Indian",12.9719,77.6412,Locality (matched)
58832,Naranpura,Ahmedabad,The Waffle Co,150,3.2,"Desserts,Beverages,Bakery,Cafe,Fast Food",23.048,72.558,Locality (matched)
59016,Camp,Pune,Garden Vada Pav Centre,100,4.4,Street Food,18.5122,73.879,Locality (matched)
59146,Victoria Layout,Bangalore,Krispy Kreme,170,4.7,"Desserts,Beverages",12.9829,77.613,Locality (matched)
59184,Ambawadi,Ahmedabad,Khana Khazana,250,3.9,"Indian,Chinese",23.027,72.549,Locality (matched)
59292,Ashok Nagar,Bangalore,Baskin Robbins,400,4.4,Desserts,12.9843,77.5936,Locality (matched)
59316,Shyamal,Ahmedabad,Havmor The Eatery,250,4,"Fast Food,Street Food,Desserts,Ice Cream,Beverages",23.033,72.515,Locality (matched)
59426,Ahmedabad,Ahmedabad,Kabir Restaurant,550,4,Indian,23.0225,72.5714,Locality (matched)
59431,Memnagar,Ahmedabad,Belgians Waffle,350,2.9,"Desserts,Beverages",23.049,72.547,Locality (matched)
59557,Anna Nagar,Chennai,The Grand Sweets And Snacks - Amirtham Restaurant,400,4.7,"Sweets,Snacks",13.085,80.2101,Locality (matched)
59590,Basavanagudi,Bangalore,South Kitchen,150,4.5,"Fast Food,South Indian",12.9422,77.576,Locality (matched)
59883,Satara Road Bibvewadi,Pune,Mankar Dosa,200,4,"South Indian,Fast Food",18.475,73.863,Locality (matched)
59970,Paldi,Ahmedabad,Pizza Zone,250,2.9,Pizzas,23.013,72.562,Locality (matched)
59996,Jivraj Park,Ahmedabad,Aamantran Fast Food,250,4.3,North Indian,22.993,72.556,Locality (matched)
60225,Chembur,Mumbai,Singh Grill Chaap,400,4.1,"Indian,Tandoor,Punjabi,Biryani,North Indian",19.0522,72.9006,Locality (matched)
60508,Saki Naka,Mumbai,Cafe O,700,2.9,Continental,19.1073,72.8873,Locality (matched)
60509,Saki Naka,Mumbai,Curry Twist,1000,4.3,"Indian,Chinese,Continental",19.1073,72.8873,Locality (matched)
60532,Lake Gardens,Kolkata,Dosa Express,300,3.9,South Indian  Continental  Snacks,22.506,88.355,Locality (matched)
60557,Maninagar,Ahmedabad,Kota Kachori,300,4.2,"Fast Food,Desserts,Beverages",22.996,72.603,Locality (matched)
60573,Ayanavaram,Chennai,Eat Me,200,2.9,"Snacks,Juices",13.105,80.232,Locality (matched)
60585,Perambur,Chennai,Tattu Idly And Variety Dosa Shop,150,4,South Indian,13.1155,80.234,Locality (matched)
60743,Triplicane,Chennai,Rajasthani Roti Ghar,200,4.3,North Indian,13.057,80.276,Locality (matched)
60888,Alwarpet,Chennai,Eating Circles,200,4.5,South Indian,13.0339,80.254,Locality (matched)
60965,Paschim Vihar,Delhi,New Durga Dosa Corner,150,4,"South Indian,Snacks,Fast Food,Indian",28.6692,77.1013,Locality (matched)
60999,Alwarpet,Chennai,Jokers Kitchen,300,2.9,"North Indian,Italian,Continental",13.0339,80.254,Locality (matched)
61033,Santacruz East,Mumbai,Sai Krupa Bhelpuri House,150,4.2,"Chaat,Fast Food",19.0822,72.8416,Locality (matched)
61249,Rohini,Delhi,Jain Kulfi (Vikas Jain'S),100,4.1,Desserts,28.7041,77.1025,Locality (matched)
61348,Kalighat,Kolkata,Banana Leaf@Komala Vilas,200,4.5,South Indian,22.519,88.342,Locality (matched)
61427,Warje,Pune,Ratna Veg Cuisine,400,4.2,"North Indian,South Indian",18.478,73.806,Locality (matched)
61686,Cit Nagar,Chennai,Uppilis On D Go,200,3.9,South Indian,13.04,80.234,Locality (matched)
61983,Jayanagar,Bangalore,Rajathadri Food Fort,350,4.4,"Chinese,South Indian,North Indian,Desserts,Fast Food",12.925,77.5938,Locality (matched)
62038,Navrangpura,Ahmedabad,Kunal Restaurant,650,2.9,"Indian,Chinese",23.0365,72.561,Locality (matched)
62227,Maharshi Nagar,Pune,Purnabramha,600,4,Maharashtrian,18.498,73.872,Locality (matched)
62233,Erandwane,Pune,Multi Spice,500,4.4,"North Indian,Chinese,Continental,Mexican,South Indian",18.5089,73.83,Locality (matched)
62239,Ramgopalpet,Hyderabad,China Express & Sizzling Joe,500,4,Chinese  Italian,17.431,78.483,Locality (matched)
62467,Navrangpura,Ahmedabad,Day 'N' Night,400,4.3,"South Indian,North Indian,Chinese,Fast Food,Punjabi,Indian",23.0365,72.561,Locality (matched)
62511,Santosh Nagar,Hyderabad,Balaji Family Dhaba,300,4.1,"Indian,Chinese,Punjabi,Jain",17.36,78.498,Locality (matched)
62669,Himayatnagar,Hyderabad,Apsara Ice Creams,150,4.3,"Ice Cream,Desserts",17.4008,78.4813,Locality (matched)
62710,Kothrud,Pune,Iddos,300,3.8,South Indian,18.5074,73.8077,Locality (matched)
62729,Kothrud,Pune,Shahi Durbar,200,4.3,"Ice Cream,Desserts",18.5074,73.8077,Locality (matched)
63079,Ganesh Peth,Pune,Oum Kailash Dairy,150,2.9,Desserts,18.518,73.862,Locality (matched)
63469,Ellisbridge,Ahmedabad,Udupi Shree Darshini Restaurant,300,4.4,South Indian,23.023,72.568,Locality (matched)
63487,Navrangpura,Ahmedabad,Anand Ankurwala,300,4.2,"Fast Food,Snacks",23.0365,72.561,Locality (matched)
63597,Ghatkopar East,Mumbai,Bouganvilla,1500,4.4,"Italian,Mexican,Indian",19.0857,72.9083,Locality (matched)
63616,Indiranagar,Bangalore,Imli,400,3.8,"North Indian,Punjabi",12.9719,77.6412,Locality (matched)
63642,Ganga Dham,Pune,Devuncle Kitchen,600,4.2,"North Indian,Chinese,Beverages",18.465,73.86,Locality (matched)
64048,Navrangpura,Ahmedabad,Urban Khichdi,300,4.2,Indian,23.0365,72.561,Locality (matched)
64062,Modi Colony,Pune,Nic Natural Ice Creams,120,4.6,"Ice Cream,Desserts",18.5,73.876,Locality (matched)
64079,Pitam Pura,Delhi,Punjabi Zaika,350,4.3,North Indian,28.6942,77.131,Locality (matched)
64317,Thousand Lights,Chennai,Juice'R Rus,150,4.1,"Beverages,Juices,Desserts",13.0569,80.254,Locality (matched)
64416,Paldi,Ahmedabad,Rp'S Pizzeria,550,4,Italian,23.013,72.562,Locality (matched)
64609,Athwa,Surat,Desserts & More,200,4.1,"Desserts,Bakery",21.178,72.793,Locality (matched)
64617,Vesu,Surat,Go China - Vesu,300,4.3,"Chinese,Thai,Pan-Asian,Combo",21.14,72.777,Locality (matched)
64647,Piplod,Surat,Let'S Meet Cafe,250,4.4,"Cafe,Fast Food",21.166,72.777,Locality (matched)
64704,Kilpauk,Chennai,Fusilli Reasons,200,4.5,"Pastas,Fast Food,Italian",13.085,80.241,Locality (matched)
64765,Shahpur,Ahmedabad,Only Home Delivery,300,3.7,"North Indian,Chinese,Combo,Desserts,Beverages,Biryani,Salads",23.033,72.581,Locality (matched)
64770,Athwa,Surat,The Belgian Waffle Co.,270,4.5,"Desserts,Beverages",21.178,72.793,Locality (matched)
64990,Adajan Gam,Surat,3Seventy Kitchen,600,4.5,"North Indian,Chinese,Continental",21.196,72.78,Locality (matched)
64992,Athwa,Surat,Gangour,200,3.9,"Fast Food,Chaat,South Indian,North Indian,Desserts,Beverages",21.178,72.793,Locality (matched)
65187,Lord Sinha Rd,Kolkata,Mayaram Restaurant,300,4.1,"South Indian,Italian,Chinese",22.5726,88.3639,City-level (approximate fallback)
65286,Lal Darwaja,Ahmedabad,Kalapi,600,4.2,"Indian,Chinese",23.025,72.592,Locality (matched)
65300,Vijayanagar,Bangalore,Flodeis,400,2.9,"Continental,Desserts,Beverages,Snacks",12.9719,77.5372,Locality (matched)
65400,Ellisbridge,Ahmedabad,New Freeze Land,350,4.3,"Pizzas,Beverages,Chinese,Snacks,Pastas,Combo,Desserts,Chaat,Indian,Fast Food,Juices",23.023,72.568,Locality (matched)
65412,Vastrapur,Ahmedabad,Jay Bhole Vadapav,200,4,"Snacks,Fast Food",23.039,72.529,Locality (matched)
65415,Athwa,Surat,The Dough Company,330,4,Bakery,21.178,72.793,Locality (matched)
65420,Ellisbridge,Ahmedabad,Buddy'S Pizza,500,2.9,Pizzas,23.023,72.568,Locality (matched)
65440,Bhatha,Surat,The Chocolate Room,300,4,"Continental,Italian,Beverages",21.173,72.765,Locality (matched)
65484,Kothapet,Hyderabad,Green Treat,400,4.1,"North Indian,South Indian",17.3745,78.531,Locality (matched)
65486,Kothapet,Hyderabad,Sri Sweets & Savories,300,4.1,Sweets,17.3745,78.531,Locality (matched)
65590,Ellisbridge,Ahmedabad,Spice Zone,500,4.4,"Indian,Chinese",23.023,72.568,Locality (matched)
65641,Maninagar,Ahmedabad,Happinezz Ice Creams,250,4.5,"Desserts,Beverages,Ice Cream",22.996,72.603,Locality (matched)
65682,Athwa Gate,Surat,The Shake Maker,250,4.1,Beverages,21.183,72.798,Locality (matched)
65686,Athwa,Surat,Table Talk,200,4.3,"Punjabi,Thalis,North Indian,Tandoor,Snacks",21.178,72.793,Locality (matched)
65694,Athwa,Surat,Alpha Restaurant,300,4.4,"Punjabi,Chinese",21.178,72.793,Locality (matched)
65696,Vip Road,Surat,Pizza Da Dhaba,220,2.9,"Italian,Fast Food",21.165,72.78,Locality (matched)
65713,Pashan,Pune,Tea Villa Cafe,800,4.3,"Continental,Mediterranean,Italian,Desserts,Beverages",18.537,73.797,Locality (matched)
65837,Piplod,Surat,Bring Me Coffee,500,2.9,"Cafe,Fast Food",21.166,72.777,Locality (matched)
65838,Athwa,Surat,Thalaivaa,300,4.4,South Indian,21.178,72.793,Locality (matched)
65845,Athwa,Surat,Falafel Lovers,400,4.3,"Lebanese,Italian",21.178,72.793,Locality (matched)
66031,Indiranagar,Bangalore,Sri Krishna Sweets,200,4.7,Sweets,12.9719,77.6412,Locality (matched)
66037,Shivaji Nagar,Hyderabad,Sri Krishna Sweets,200,4.3,Sweets,17.446,78.498,Locality (matched)
66040,Chembur,Mumbai,Sri Krishna Sweets,200,4.4,Sweets,19.0522,72.9006,Locality (matched)
66083,Athwa,Surat,Surtea,200,4.5,Fast Food,21.178,72.793,Locality (matched)
66086,Adajan,Surat,Wok On Fire,400,4.2,"Chinese,Thai,Pan-Asian,Asian,Oriental",21.196,72.78,Locality (matched)
66091,Parvati,Pune,Kaka Halwai,150,4.2,Street Food,18.493,73.846,Locality (matched)
66153,Surat,Surat,Blue Basil,800,2.9,"Continental,North Indian,Chinese",21.1702,72.8311,Locality (matched)
66160,New Magdalla,Surat,Kailash Parbat,300,3.6,"Punjabi,Snacks,Chinese,Beverages",21.158,72.765,Locality (matched)
66162,Nanpura,Surat,Kansar Gujarati Thali,250,3.7,"Gujarati,Thalis",21.19,72.814,Locality (matched)
66168,Vesu,Surat,The Pancake Story,300,4.8,"Desserts,Beverages",21.14,72.777,Locality (matched)
66245,Perambur,Chennai,Milkie Mustache,400,4.9,"Beverages,Desserts",13.1155,80.234,Locality (matched)
66320,Anna Nagar,Chennai,Annanagar Vaishanava'S - Thattu Idli Kadai,200,4.3,"Indian,South Indian,Chinese,Chaat",13.085,80.2101,Locality (matched)
66631,Anna Nagar,Chennai,Murali Krishna Andhra Hotel,250,4.1,"North Indian,South Indian,Chinese",13.085,80.2101,Locality (matched)
66633,Bidhannagar,Kolkata,Agarwal'S Kitchen,250,4.2,"Combo,Thalis,North Indian,Desserts,Beverages",22.585,88.418,Locality (matched)
66681,Mylapore,Chennai,Mylai Karpagambal Mess,250,4.5,South Indian,13.0339,80.2695,Locality (matched)
67259,Sector 7 Rohini,Delhi,Gulshan Di Chaap,200,3.9,"North Indian,Mughlai",28.718,77.122,Locality (matched)
67557,Kodungaiyur,Chennai,Soman Unavagam,300,4,"South Indian,North Indian,Chinese",13.133,80.254,Locality (matched)
67617,Vastrapur,Ahmedabad,Fresh N Fresh,250,4.3,Bakery,23.039,72.529,Locality (matched)
67724,Naktala,Kolkata,Azad Hind Dhaba,400,3.7,"Indian,North Indian,Chinese,Thalis",22.478,88.361,Locality (matched)
67791,Narayanguda,Hyderabad,Rambharose - Bhattad Ki Idli,150,4.2,South Indian,17.4013,78.4913,Locality (matched)
67824,Kothrud,Pune,Mithas,400,4.5,"Sweets,Desserts,Snacks",18.5074,73.8077,Locality (matched)
67978,New Tippasandra,Bangalore,Sri Ganesh Juice Center,200,4.5,Beverages,12.9744,77.6511,Locality (matched)
67981,Valasaravakkam,Chennai,Lassiwala,100,2.9,Beverages,13.04,80.183,Locality (matched)
68000,Girdhar Nagar,Ahmedabad,Rajkamal,550,4.2,Indian,23.0225,72.5714,City-level (approximate fallback)
68019,Navrangpura,Ahmedabad,Foodie'S Call,100,4.3,"Snacks,Beverages",23.0365,72.561,Locality (matched)
68204,Naranpura,Ahmedabad,Prince Restaurant (Naranpura),500,4.3,"Chinese,North Indian",23.048,72.558,Locality (matched)
68209,Begumpet,Hyderabad,Reliance Bakery,300,4.3,Bakery  Desserts,17.44,78.465,Locality (matched)
68213,Memnagar,Ahmedabad,Shivam Snacks,200,4.1,"Indian,North Indian",23.049,72.547,Locality (matched)
68275,Shivajinagar,Pune,Maharaja Bhog,800,2.9,"North Indian,Rajasthani,Gujarati",18.5308,73.8478,Locality (matched)
68432,Madhupura,Ahmedabad,New Mehfil Restaurant,300,4.4,"North Indian,Continental",23.033,72.602,Locality (matched)
68599,University Area,Ahmedabad,Dangee Dums Yums,400,4.6,"Desserts,Bakery,Ice Cream",23.033,72.545,Locality (matched)
68605,Lal Darwaja,Ahmedabad,Lucky Restaurant,300,4.4,North Indian,23.025,72.592,Locality (matched)
68838,Raja Annamalai Puram,Chennai,Lassi Cream-Mrc Nagar,100,4.2,"Desserts,Beverages,Ice Cream,Bakery",13.03,80.262,Locality (matched)
68893,Ghatkopar West,Mumbai,Tkx - The Khana Xpress,700,2.9,Beverages,19.0864,72.9047,Locality (matched)
69120,Rohini,Delhi,Giani,350,4.2,Ice Cream,28.7041,77.1025,Locality (matched)
69165,Ghatkopar East,Mumbai,Newyork Burrito Company,500,4.3,Mexican  American  Snacks,19.0857,72.9083,Locality (matched)
69278,Sion,Mumbai,Ramesh Da Dhaba,200,4.2,North Indian,19.0448,72.8619,Locality (matched)
69507,George Town,Chennai,Seena Bhai 1977 Dosa Center,100,4,South Indian,13.094,80.287,Locality (matched)
69773,Ashok Nagar,Bangalore,The Chariot Veg Restaurant,400,3.9,"Chinese,South Indian,North Indian,Desserts,Fast Food,Punjabi",12.9843,77.5936,Locality (matched)
69901,Shivaji Nagar,Bangalore,Robin Brown Ice Cream,250,2.9,Desserts,12.9855,77.6057,Locality (matched)
69957,Vesu,Surat,Grover'S Tandoori Shala,300,3.8,"North Indian,Mughlai,Punjabi,Chinese,Fast Food,Snacks",21.14,72.777,Locality (matched)
69997,Shankarapura,Bangalore,Slv Corner Restaurant,450,4.3,"Chinese,South Indian,North Indian,Desserts,Fast Food",12.945,77.572,Locality (matched)
70056,Athwa,Surat,Mahesh Pav Bhaji,300,4,"Fast Food,Street Food,Chinese,South Indian,Pizzas,Snacks,Desserts,Beverages",21.178,72.793,Locality (matched)
70147,Vastrapur,Ahmedabad,Food On Way,200,4.1,"North Indian,Chinese,Gujarati,Thalis,Biryani,Punjabi,Indian,Beverages,Salads,Combo",23.039,72.529,Locality (matched)
70297,Chembur,Mumbai,Mamledar Misal,150,4.2,Maharashtrian,19.0522,72.9006,Locality (matched)
70345,Vesu,Surat,Shakes & Scoops Vesu,150,4.3,"Ice Cream,Beverages",21.14,72.777,Locality (matched)
70518,New Textile Market,Surat,Purohit Gujarati Thali,200,2.9,Gujarati,21.19,72.825,Locality (matched)
70614,Shukrawar Peth,Pune,Wadeshwar (Bajirao Road),300,4.6,"South Indian,Fast Food,Snacks,Street Food,Beverages",18.515,73.85,Locality (matched)
70628,Navrangpura,Ahmedabad,The Big F,300,4.2,"Fast Food,Beverages",23.0365,72.561,Locality (matched)
70657,Majura Gate,Surat,Jalaram Khichdi,250,4.3,"Punjabi,Thalis,Combo,North Indian,Mughlai,Gujarati,Biryani",21.183,72.8,Locality (matched)
70695,Mahim,Mumbai,Baba Falooda,150,4.4,Desserts  Beverages,19.041,72.841,Locality (matched)
70757,Yamuna Nagar,Surat,Pizza World,250,2.9,"Italian-American,Fast Food",21.19,72.842,Locality (matched)
70760,Varachha,Surat,Laxmi Food Inn,300,4.3,"North Indian,South Indian,Gujarati,Chinese",21.214,72.842,Locality (matched)
70940,Dilsukhnagar,Hyderabad,Sahadeva Reddy Tiffins,150,4.2,South Indian,17.3687,78.5247,Locality (matched)
70946,Erandwane,Pune,Shaukeen - The Complete Paan Shop,150,4.7,Desserts,18.5089,73.83,Locality (matched)
70952,Navrangpura,Ahmedabad,From The North,300,4.3,Indian,23.0365,72.561,Locality (matched)
71036,Varachha,Surat,Taj Mahal Restaurant,160,3.5,"Punjabi,Chinese,North Indian,Thalis,Tandoor",21.214,72.842,Locality (matched)
71037,Nanpura,Surat,Tipsy Topsy,250,4.3,"Thalis,North Indian,Chaat,Fast Food,Street Food",21.19,72.814,Locality (matched)
71058,Yamuna Nagar,Surat,Cross Road Restaurant,250,3.9,"North Indian,Chinese",21.19,72.842,Locality (matched)
71103,Nanpura,Surat,Jayjalaram Dana Chana,150,2.9,Snacks,21.19,72.814,Locality (matched)
71104,Majura Gate,Surat,Sasumaa'S,360,4,"Gujarati,Chinese",21.183,72.8,Locality (matched)
71172,Gopipura,Surat,A One Coco,150,4.1,Ice Cream,21.19,72.828,Locality (matched)
71204,Yamuna Nagar,Surat,Malhar Dhosa,250,2.9,South Indian,21.19,72.842,Locality (matched)
71274,Ambawadi,Ahmedabad,Foodhut,200,2.7,Cafe,23.027,72.549,Locality (matched)
71588,Narayanguda,Hyderabad,Vnr Fresh Juice Center,200,3.5,"Beverages,Desserts",17.4013,78.4913,Locality (matched)
71637,Ambawadi,Ahmedabad,Bikanervala,600,4.2,"North Indian,South Indian,Desserts",23.027,72.549,Locality (matched)
71638,Kalupur,Ahmedabad,Jalaram,250,4.3,North Indian,23.027,72.6,Locality (matched)
71694,Erandwane,Pune,The Betel Leaf - Paan And Desserts,300,4.8,"Paan,Desserts",18.5089,73.83,Locality (matched)
72251,Taltala,Kolkata,What'S Your Flavour?,150,4.8,Desserts,22.562,88.358,Locality (matched)
72304,Bhatar Athwa,Surat,Punjabi Di Hatti,300,4.1,"Punjabi,Chinese,North Indian,Biryani,Thalis,Combo,Mughlai",21.155,72.785,Locality (matched)
72350,Ganganagar,Bangalore,Vishnu Garden,251,4.4,"Chinese,South Indian,North Indian",13.0362,77.5921,Locality (matched)
72396,Navrangpura,Ahmedabad,Keventers - Milkshakes And Desserts,300,4.4,"Beverages,Ice Cream,Desserts,Healthy Food",23.0365,72.561,Locality (matched)
72430,Paldi,Ahmedabad,Vipul Dudhiya Sweets,300,4.4,"Sweets,Snacks",23.013,72.562,Locality (matched)
72545,Andheri East,Mumbai,99 Pancakes,300,4.4,"Desserts,Beverages",19.1136,72.8697,Locality (matched)
72652,Annamalai Colony,Chennai,Masaledaar Dhaba,600,4.3,"North Indian,Punjabi,Indian,Thalis,Chinese",13.0827,80.2707,City-level (approximate fallback)
72668,Bibwewadi,Pune,Relax Corner Pure Veg,300,3.9,"Maharashtrian,Punjabi,Fast Food",18.475,73.863,Locality (matched)
72878,Ghatkopar East,Mumbai,Blossom - The Fusion Spot (Odeon),750,3.6,North Indian,19.0857,72.9083,Locality (matched)
73027,Adajan Gam,Surat,The Veg Factory,250,2.9,"Italian,Mexican,Pizzas",21.196,72.78,Locality (matched)
73099,Shivajinagar,Pune,Galaxy - Orbett Hotel,1000,2.9,"North Indian,Asian,Continental",18.5308,73.8478,Locality (matched)
73680,Sector 7 Rohini,Delhi,Southy,200,3.6,"South Indian,Snacks,Beverages",28.718,77.122,Locality (matched)
73758,Ameerpet,Hyderabad,Sai Darshini Tiffins,150,4.3,South Indian,17.4374,78.4487,Locality (matched)
73861,Kothrud,Pune,Cafe Dreamland,400,3.8,"Desserts,Fast Food",18.5074,73.8077,Locality (matched)
74019,Adikmet,Hyderabad,Eatz & Drinkzz,300,4.5,Fast Food,17.401,78.506,Locality (matched)
74116,Mangawadi,Pune,Arun Ice Creams,100,4.8,"Ice Cream,Desserts",18.5204,73.8567,City-level (approximate fallback)
74651,Narotam Nagar,Surat,A One Cold Coco,150,4.1,"Beverages,Desserts",21.175,72.805,Locality (matched)
75141,Koregaon Park,Pune,The Mousse Coupe,250,2.9,Desserts,18.5362,73.8938,Locality (matched)
75307,Vishal Nagar,Surat,Famous Fast Food,250,4.5,Fast Food,21.2,72.85,Locality (matched)
75313,Vishal Nagar,Surat,Mr Pizza G,200,3.5,"Pizzas,Fast Food",21.2,72.85,Locality (matched)
75315,Nana Varachha,Surat,Dr Pizza & Foods,250,2.9,"Fast Food,Pizzas,Chinese",21.22,72.838,Locality (matched)
75457,Vishal Nagar,Surat,Only Dhosa,300,4.4,South Indian,21.2,72.85,Locality (matched)
75609,George Town,Chennai,Rasoee,150,4,"North Indian,Street Food,Chinese,Fast Food",13.094,80.287,Locality (matched)
75799,Shivajinagar,Pune,Lkd | La Kheer Deli,200,4.3,Desserts,18.5308,73.8478,Locality (matched)
76167,Visharant Wadi,Pune,Joshi Wadewale,100,4.3,"Street Food,South Indian",18.567,73.872,Locality (matched)
76170,Anna Nagar,Chennai,Hotel Ganapathy Bhavan,300,4.4,"South Indian,North Indian,Chinese",13.085,80.2101,Locality (matched)
76424,Vastrapur,Ahmedabad,Sasuma,100,4.2,"Gujarati,Snacks,Fast Food,North Indian",23.039,72.529,Locality (matched)
76579,University Area,Ahmedabad,Toritos Cafe Time,500,2.9,"Fast Food,Continental,Pastas",23.033,72.545,Locality (matched)
76762,Saki Naka,Mumbai,Ohhdaily- Healthy & Homely Tiffins,200,4.1,"Thalis,Indian,Home Food",19.1073,72.8873,Locality (matched)
76794,Navrangpura,Ahmedabad,Kovallam,150,4.2,"South Indian,Indian,Snacks,Combo,Thalis,Desserts",23.0365,72.561,Locality (matched)
76856,Athwa,Surat,Cornerstone Cafe,300,2.9,"Fast Food,Pastas,Pizzas",21.178,72.793,Locality (matched)
76858,Adajan,Surat,Feeling Hungry,300,3.5,"Indian,Chinese,Punjabi,Thalis",21.196,72.78,Locality (matched)
76889,Narotam Nagar,Surat,Topaz Restaurant,300,4.4,"North Indian,Punjabi,Rajasthani,Gujarati,Thalis,Chinese,Home Food,Desserts,Sweets,Snacks,Indian,Beverages",21.175,72.805,Locality (matched)
76890,Adajan,Surat,Kshitij Restaurant,350,4.5,"North Indian,Punjabi,Rajasthani,Gujarati,Thalis,Chinese,Home Food,Desserts,Sweets,Snacks,Indian,Beverages",21.196,72.78,Locality (matched)
76891,Athwa,Surat,Silvernest Restaurant,400,4.3,"North Indian,Punjabi,Rajasthani,Gujarati,Thalis,Chinese,Home Food,Desserts,Sweets,Snacks,Indian,Beverages",21.178,72.793,Locality (matched)
77337,Ellisbridge,Ahmedabad,Shakti - The Sandwich Shop,300,4.2,"Fast Food,Pizzas,Combo",23.023,72.568,Locality (matched)
77391,Ghodasar,Ahmedabad,Comfy Restaurant,0,4,"Indian,Chinese",22.98,72.605,Locality (matched)
77532,Ahmedabad,Ahmedabad,Shiv Shakti Kathiyawadi,300,4.3,Indian,23.0225,72.5714,Locality (matched)
77534,Naranpura,Ahmedabad,Shakti - The Sandwich Shop: Naranpura,350,3.9,"Fast Food,Snacks",23.048,72.558,Locality (matched)
77540,Athwa,Surat,Maskaa Maarke,151,2.9,"North Indian,Chinese",21.178,72.793,Locality (matched)
77543,Habsiguda,Hyderabad,Hotel Suprabhat,200,4.3,South Indian,17.4055,78.546,Locality (matched)
77567,Paschim Vihar,Delhi,Yamu'S Panchayat,400,4.5,"North Indian,Desserts",28.6692,77.1013,Locality (matched)
77711,Narayan Peth,Pune,The Vegetable - Fc Road,350,2.9,"North Indian,Continental,European,Italian",18.514,73.853,Locality (matched)
77744,Athwa,Surat,Famous Frankie,200,4.1,Fast Food,21.178,72.793,Locality (matched)
77865,Ghansi Bazaar,Hyderabad,Sai Charan Dhaba,300,4.1,"North Indian,Tandoor",17.362,78.474,Locality (matched)
78120,Kankurgachi,Kolkata,The Cake Xpress,200,4.3,"Desserts,Bakery",22.585,88.39,Locality (matched)
78140,Begampura,Surat,Nareshbhai V Bhelwala,200,4.2,"Chaat,Chinese,Punjabi,North Indian,Fast Food,Street Food,Mexican,Pizzas",21.198,72.825,Locality (matched)
78177,Yakhutpura,Hyderabad,Masqati True Juice,200,4,"Juices,Chaat,Beverages,Desserts",17.363,78.47,Locality (matched)
78178,Indiranagar,Bangalore,Burma Burma,1300,4.5,"Pan-Asian,Burmese",12.9719,77.6412,Locality (matched)
78336,Surat,Surat,Cream N Crust,150,4.4,"Desserts,Ice Cream",21.1702,72.8311,Locality (matched)
78387,Ghansi Bazaar,Hyderabad,Agra Mithai Ghar And Restaurant,200,4.3,"Sweets,Beverages,Chaat,Desserts,Fast Food",17.362,78.474,Locality (matched)
78514,Habsiguda,Hyderabad,Hotel Suprabhat Multi Cuisine Restaurant,400,4.1,"Chinese,Tandoor,North Indian",17.4055,78.546,Locality (matched)
79232,Vishal Nagar,Surat,Aa One Coco,120,2.9,Beverages,21.2,72.85,Locality (matched)
79247,Gopipura,Surat,A One Cold Drinks Center,100,3.9,Beverages,21.19,72.828,Locality (matched)
79269,Ellisbridge,Ahmedabad,M.M.Parotha House,200,3.7,"Indian,Chinese,Fast Food",23.023,72.568,Locality (matched)
79298,Ghatkopar East,Mumbai,Blossom (Vikrant Circle),800,4.2,Snacks,19.0857,72.9083,Locality (matched)
79299,Ghatkopar East,Mumbai,Om Sai Ram Dolphin Frankee,350,4.6,"Fast Food,Beverages",19.0857,72.9083,Locality (matched)
79308,Nungambakkam,Chennai,Spice Klub,1100,4.3,"North Indian,Indian,Continental",13.0569,80.2425,Locality (matched)
79331,Udhna,Surat,Sarvottam Restaurant,300,3.9,"Beverages,Chinese,Punjabi",21.15,72.828,Locality (matched)
79386,Athwa,Surat,Petite Point,250,3.9,"North Indian,Punjabi,Rajasthani,Gujarati,Thalis,Chinese,Home Food,Desserts,Sweets,Snacks,Indian,Beverages",21.178,72.793,Locality (matched)
79395,Chickpet,Bangalore,Chaat Paavlian,150,2.9,Fast Food,12.9698,77.5806,Locality (matched)
79606,Salabatpura,Surat,Shree Sai Restaurant Fancy Dhosa - Salabatpura,200,4.2,"South Indian,Chinese,Fast Food,Beverages,Combo,Punjabi",21.193,72.822,Locality (matched)
79815,Athwa,Surat,Supreme Restaurant & Fastfood,220,2.9,"Punjabi,Indian",21.178,72.793,Locality (matched)
79873,Kankurgachi,Kolkata,The Tunnel,500,4,"Mexican,Continental,Indian,Italian",22.585,88.39,Locality (matched)
79899,Ameerpet,Hyderabad,Shri Raghavendra Pure Veg,180,4,South Indian,17.4374,78.4487,Locality (matched)
79995,Budh Vihar,Delhi,Victory Pizza,400,2.9,North Indian,28.716,77.085,Locality (matched)
80378,Takara Basthi,Hyderabad,Hotel Shri Raghavendra Pure Veg,200,4.4,South Indian,17.385,78.4867,City-level (approximate fallback)
81023,Chembur,Mumbai,Family Tree,400,3.7,"Indian,Italian,Chinese",19.0522,72.9006,Locality (matched)
81093,Athwa,Surat,Richie Rich On Wheels,350,3.8,"Fast Food,Pizzas,Pastas,Italian,Indian,American,Chinese,South Indian,North Indian,Tandoor,Punjabi",21.178,72.793,Locality (matched)
81094,Athwa,Surat,Richie Rich Juices & Shakes,250,3.7,"Juices,Beverages",21.178,72.793,Locality (matched)
81220,Vastrapur,Ahmedabad,Khana Khazana-Vastrapur,400,3.9,Indian,23.039,72.529,Locality (matched)
82016,Abids,Hyderabad,Shah Icecream,300,4.3,Ice Cream,17.3915,78.4756,Locality (matched)
82094,Sector 10 Rohini,Delhi,Dine House By Eleven Course,1650,2.9,"Chinese,North Indian,Italian,Mexican",28.72,77.115,Locality (matched)
82374,Yerawada,Pune,Nine Square,300,2.9,"Chinese,North Indian,Continental,Desserts",18.558,73.883,Locality (matched)
82433,Gunti Jangaiah Nagar,Hyderabad,Dark Stone,300,3.5,"Ice Cream,Beverages",17.385,78.4867,City-level (approximate fallback)
82666,Ghatkopar West,Mumbai,Ghatkopar Jolly Gymkhana,600,4.2,"North Indian,Chinese,Pizzas,Indian,Fast Food,Snacks",19.0864,72.9047,Locality (matched)
82668,Santacruz East,Mumbai,The Belgian Waffle Co.,200,4.5,"Desserts,Beverages",19.0822,72.8416,Locality (matched)
82789,Koyambedu,Chennai,Dosa Corner,150,4.1,"South Indian,North Indian",13.07,80.196,Locality (matched)
82798,Lal Darwaja,Ahmedabad,Bismillah,400,4,"Ice Cream,Desserts,Juices,Beverages",23.025,72.592,Locality (matched)
82961,Adajan,Surat,Hotel Shiv Mahal,400,4.3,"North Indian,Fast Food",21.196,72.78,Locality (matched)
83104,Sion,Mumbai,Mahalaxmi Juice Centre,300,2.9,Juices,19.0448,72.8619,Locality (matched)
83242,Toli Chowki,Hyderabad,Hotel Anand Bhavan,150,3.9,South Indian,17.4001,78.418,Locality (matched)
83447,Ghatkopar East,Mumbai,R Steam Hot,500,4.2,Continental,19.0857,72.9083,Locality (matched)
83604,Magdalla,Surat,Bombay Blue,800,2.9,"North Indian,Chinese,Desserts",21.158,72.765,Locality (matched)
83674,Himayatnagar,Hyderabad,Nandu Fresh Fruit Juice Centre,250,3.8,Beverages,17.4008,78.4813,Locality (matched)
83834,Bidhannagar,Kolkata,Waffle Square,200,2.9,Desserts,22.585,88.418,Locality (matched)
83857,Nanpura,Surat,G Dada 'M Hungry,250,4.3,"Mexican,Italian,Thalis",21.19,72.814,Locality (matched)
84147,Jodhpur Village,Ahmedabad,Saurashtra Chawana & Sweets,200,4.3,"Sweets,Snacks",23.026,72.522,Locality (matched)
84158,Paschim Vihar,Delhi,Lakhan Pan,100,4.6,Juices,28.6692,77.1013,Locality (matched)
84562,Narotam Nagar,Surat,G Dada,250,3.9,"Gujarati,Punjabi,Thalis,Home Food,Desserts,Sweets,Snacks",21.175,72.805,Locality (matched)
84571,Maninagar,Ahmedabad,Hungry Birds,400,3.5,Indian,22.996,72.603,Locality (matched)
84572,Jashoda Nagar,Ahmedabad,Ashirwad Restaurant,250,4.1,"Indian,Thalis,North Indian,Punjabi,Chinese,Continental,Snacks,Pizzas",23.008,72.639,Locality (matched)
84755,Ghansi Bazaar,Hyderabad,Mahalaxmi Tiffin Centre,200,4.2,Indian,17.362,78.474,Locality (matched)
84822,Santosh Nagar,Hyderabad,Balaji Dinesh Mithai Bhandar,200,4.1,"Sweets,Snacks",17.36,78.498,Locality (matched)
85056,Nana Varachha,Surat,Monpara Fastfood & Coldrinks,100,2.9,"Punjabi,Chinese,South Indian",21.22,72.838,Locality (matched)
85113,Paschim Vihar,Delhi,Sharma Shud Vashno Dhaba,200,4.2,North Indian,28.6692,77.1013,Locality (matched)
85161,Sardar Colony,Ahmedabad,Lazeez,250,4.1,"Indian,Chinese",23.0225,72.5714,City-level (approximate fallback)
85205,Gopipura,Surat,New Shree Sainath Food Parlour,200,3.5,"Indian,Thalis,Punjabi",21.19,72.828,Locality (matched)
85320,Chamrajpet,Bangalore,By 2 Coffee,100,4.4,South Indian,12.9573,77.5677,Locality (matched)
85352,Adajan,Surat,Dil Se Re,300,2.9,"Indian,Chinese,Continental,Italian,Mexican",21.196,72.78,Locality (matched)
85725,Athwa,Surat,Maharaja,150,2.9,"Fast Food,Beverages",21.178,72.793,Locality (matched)
85954,Mota Varachha,Surat,Laziz Pizza - Platinum Point,400,3.9,"Pizzas,Fast Food",21.228,72.846,Locality (matched)
86138,Athwa,Surat,Sardarji Ka Dhaba,250,3.2,Punjabi,21.178,72.793,Locality (matched)
86443,Pulikeshi Nagar,Bangalore,Nic Natural Ice Creams,120,4.6,"Ice Cream,Desserts",12.995,77.61,Locality (matched)
86488,Begampura,Surat,Nareshbhai Bhelwala,200,4.3,"Chaat,Pizzas,Fast Food,Street Food,Mexican,Italian,Chinese",21.198,72.825,Locality (matched)
86504,Athwa,Surat,Atul Bakery,250,3.7,"Snacks,Desserts",21.178,72.793,Locality (matched)
86595,Navrangpura,Ahmedabad,Wah,500,4.2,"Pizzas,Italian-American",23.0365,72.561,Locality (matched)
86835,Chiriamore,Kolkata,Ghosh Food Corner,250,3.9,"South Indian,North Indian,Chinese,Punjabi,Snacks",22.635,88.43,Locality (matched)
86889,Hyderabad,Hyderabad,Veggie Chinese,150,4,Chinese,17.385,78.4867,Locality (matched)
86998,New Tippasandra,Bangalore,New Krishna Sagar,100,4.1,"South Indian,North Indian,Chinese,Snacks",12.9744,77.6511,Locality (matched)
87128,Park Street Area,Kolkata,Shree Krishna Hot Chips,80,4.6,Snacks,22.552,88.352,Locality (matched)
87269,Vesu,Surat,Pojo'S Kitchen,400,4.3,"Continental,Italian",21.14,72.777,Locality (matched)
87270,New Magdalla,Surat,Kinaara - The Cafe,500,4.2,"Fast Food,Chinese,Italian,Beverages,Desserts",21.158,72.765,Locality (matched)
87290,Athwa,Surat,China Town -Chinese Food,200,4.2,"Chinese,Indian",21.178,72.793,Locality (matched)
87293,Surat,Surat,Maa Paratha Center,250,4.4,"Indian,Fast Food",21.1702,72.8311,Locality (matched)
87329,Parvat Patiya,Surat,Morari Restaurant,150,4.1,"Punjabi,Rajasthani,Gujarati,Thalis,Chinese,Home Food,Desserts,Sweets,Snacks,Indian,North Indian,Beverages",21.185,72.857,Locality (matched)
87330,Parvat Patiya,Surat,Hotel Maruti,200,4.2,"Punjabi,Chinese,Fast Food,Rajasthani,Gujarati,Juices,Home Food,Sweets,Snacks,Indian,North Indian,Beverages",21.185,72.857,Locality (matched)
87373,Katargam,Surat,Radhe Restaurant,150,4.2,"South Indian,Chinese,Beverages",21.22,72.818,Locality (matched)
87404,Begampura,Surat,Creamy Heaven,150,4.2,"Desserts,Beverages,Ice Cream",21.198,72.825,Locality (matched)
87882,Udhna,Surat,Tulsi Restaurant,180,4,"Punjabi,Chinese",21.15,72.828,Locality (matched)
87895,Shukrawar Peth,Pune,Shri Kailash Dairy,200,4.1,"Beverages,Desserts,Sweets,Snacks,Ice Cream",18.515,73.85,Locality (matched)
88016,Kurla,Mumbai,Brownie Bee The Cake Boutique,200,3.8,Desserts,19.0728,72.8826,Locality (matched)
88424,Bandra East,Mumbai,Gupta Bhelpuri Center,200,2.9,Chaat,19.0596,72.841,Locality (matched)
88668,Athwa,Surat,51 Rainbow Ice Cream,200,4.4,"Ice Cream,Fast Food,Beverages",21.178,72.793,Locality (matched)
88876,Navrangpura,Ahmedabad,Santushti - Shakes & More,400,4.2,"Desserts,Beverages",23.0365,72.561,Locality (matched)
88949,Moonlight Cream Sagrampura,Surat,Bismillah,200,4.3,"Desserts,Ice Cream,Beverages,Juices",21.195,72.818,Locality (substring match: 'sagrampura')
88954,Varachha,Surat,Bismillah Pav Bhaji & Fast Food,200,4,Fast Food,21.214,72.842,Locality (matched)
89508,Ashok Nagar,Pune,Skoop Ice Cream Parlour,200,2.9,Desserts,18.522,73.876,Locality (matched)
89773,Punjagutta,Hyderabad,Shanbhag Hotel,300,3.9,South Indian  Chinese  Biryani,17.4256,78.453,Locality (matched)
89835,Egmore,Chennai,Jus Bites,250,2.9,Desserts,13.0732,80.2609,Locality (matched)
89982,Kilpauk,Chennai,Rajasthan Chat House,250,2.9,Fast Food,13.085,80.241,Locality (matched)
90005,Vesu,Surat,Neo Politan Pizza - Vesu,300,3.7,"Pizzas,Fast Food,Beverages,Italian",21.14,72.777,Locality (matched)
90053,Usmanpura,Ahmedabad,Sanman Hotel,450,4.1,Indian,23.048,72.572,Locality (matched)
90109,Santacruz East,Mumbai,Shiv Sai Bhelpuri,300,2.9,Fast Food,19.0822,72.8416,Locality (matched)
90696,Anna Nagar,Chennai,Firangi Falooda,200,2.9,"Cafe,Beverages,Desserts,Fast Food,Juices",13.085,80.2101,Locality (matched)
91168,Bidhannagar,Kolkata,Icy Fusion,300,4.3,Ice Cream,22.585,88.418,Locality (matched)
91536,Gidc Naroda,Ahmedabad,Kamal'S Restaurant,350,3.6,"Indian,North Indian,Chinese,Punjabi,Pizzas",23.073,72.647,Locality (matched)
91682,Choolai,Chennai,Kolkata Express,200,2.9,"Fast Food,Chaat",13.093,80.268,Locality (matched)
91930,Ellisbridge,Ahmedabad,Swati Snacks,900,4.5,Indian,23.023,72.568,Locality (matched)
92839,Khairtabad,Hyderabad,Kamat Hotel,500,4.3,"North Indian,South Indian,Fast Food",17.411,78.462,Locality (matched)
93153,Adajan,Surat,99 Pancakes,500,4.5,"Desserts,Beverages",21.196,72.78,Locality (matched)
93521,Adajan,Surat,Chalman Exotic Locho & Khaman,500,4.2,Fast Food,21.196,72.78,Locality (matched)
93539,Anna Nagar,Chennai,Millet Maagic Meal,300,4.5,"Healthy Food,South Indian",13.085,80.2101,Locality (matched)
93902,Sanjay Nagar,Surat,Hotel Ashish,150,4,"Chinese,Punjabi",21.19,72.858,Locality (matched)
94119,Athwa,Surat,Juice Factory,200,4.5,"Desserts,Beverages",21.178,72.793,Locality (matched)
94415,Ramesh Nagar,Delhi,Choolah (Pure Veg),200,3.6,"North Indian,Mughlai,Punjabi",28.654,77.112,Locality (matched)
94705,Patel Nagar,Surat,Shree Khodiyar Kathyawadi Dhaba,250,3.9,"Gujarati,Punjabi,Indian",21.185,72.825,Locality (matched)
94717,Malleshwaram,Bangalore,Sai Cafe Veg,250,4.3,South Indian,13.0035,77.5647,Locality (matched)
94759,Basavanagudi,Bangalore,Roti Ghar,400,4.1,"Chinese,South Indian,North Indian,Desserts,Fast Food,Beverages,Mughlai",12.9422,77.576,Locality (matched)
95220,Khadia,Ahmedabad,Shakti - The Sandwich Shop Ratanpole,300,3.8,"Pizzas,Combo",23.023,72.594,Locality (matched)
95223,Ghatkopar East,Mumbai,Jay Ma Shitala Juice Center,100,2.9,Juices  Desserts  Beverages,19.0857,72.9083,Locality (matched)
95394,Palanpur Patia,Surat,Br Pizza,250,3.8,"Pizzas,Fast Food",21.183,72.783,Locality (matched)
95623,Umarwada,Surat,Shakti - The Sandwich Shop,300,3.5,"Fast Food,American,Italian,Indian,Snacks,Italian-American,Beverages",21.205,72.833,Locality (matched)
95753,Gulbai Tekra,Ahmedabad,Legends Of Punjab By Pepperazi,700,4.2,"North Indian,Thai,Italian,Barbecue,Mexican",23.033,72.554,Locality (matched)
95801,Katargam,Surat,Ashish Restaurant-Katargam,500,4.5,"North Indian,Punjabi,Chinese",21.22,72.818,Locality (matched)
95869,Swargate,Pune,Chilling Adda,300,2.9,"North Indian,Fast Food,Italian,Beverages",18.5008,73.8586,Locality (matched)
95947,Pitam Pura,Delhi,Dosa Corner,250,4.1,"Chinese,South Indian",28.6942,77.131,Locality (matched)
96048,Pankaj Nagar,Surat,Shree Sai Snacks And Fast Food,200,4.4,"South Indian,Fast Food,Pizzas,American,Juices,Beverages",21.19,72.855,Locality (matched)
96206,Parvati Paytha,Pune,Kalpana Bhel,100,4.1,Fast Food,18.493,73.846,Locality (matched)
96389,Patel Nagar,Surat,Darshan Restaurant,500,3.9,North Indian,21.185,72.825,Locality (matched)
96511,Ashok Nagar,Bangalore,Oye Kulcha!,200,2.9,"North Indian,Punjabi,Street Food,South Indian",12.9843,77.5936,Locality (matched)
96579,Hadapsar,Pune,Deepa'S Mess,200,4.4,Indian,18.5089,73.926,Locality (matched)
96772,Bidhannagar,Kolkata,Chennai Square,500,4.6,South Indian,22.585,88.418,Locality (matched)
97063,Adajan,Surat,Cake It Out,300,4.5,"Desserts,Ice Cream",21.196,72.78,Locality (matched)
97115,Ambawadi,Ahmedabad,Gita Samosa Centre,250,4.3,"Snacks,Fast Food",23.027,72.549,Locality (matched)
97131,Varachha,Surat,Bs Mysore Dosa,200,3.8,"Fast Food,Chinese",21.214,72.842,Locality (matched)
97147,Uttran,Surat,B & G Food Campus,200,3.7,Fast Food,21.22,72.78,Locality (matched)
97170,Teynampet,Chennai,Snofield,250,4.5,Ice Cream,13.0418,80.254,Locality (matched)
97272,Shivajinagar,Pune,Ramsar Bakery,150,4.1,"Desserts,Fast Food,Bakery",18.5308,73.8478,Locality (matched)
97301,Ghorpadi,Pune,Ganesh Bhavan Sweets And Snacks,100,4.4,"Fast Food,Sweets,Snacks",18.505,73.886,Locality (matched)
97724,Kothrud,Pune,Hari Om Juice Bar,200,2.9,"Fast Food,Beverages",18.5074,73.8077,Locality (matched)
98251,Kurla,Mumbai,Food Wonder Snacks And Chaat,350,2.9,"North Indian,Fast Food,South Indian",19.0728,72.8826,Locality (matched)
98926,Ghatkopar,Mumbai,Jhama Sweets,150,4.4,"Sweets,Chaat",19.0857,72.9083,Locality (matched)
99161,Mylapore,Chennai,Vb Sweets And Snacks,200,2.9,"Sweets,Snacks",13.0339,80.2695,Locality (matched)
99291,Ellisbridge,Ahmedabad,Hari Om Chole Puri,300,4.2,North Indian,23.023,72.568,Locality (matched)
99672,Vastrapur,Ahmedabad,Rudu Kathiawad,200,3.3,"Gujarati,Punjabi,Thalis,Indian,Beverages,Sweets,Jain,Salads,Home Food",23.039,72.529,Locality (matched)
99734,Hirabaugh,Surat,Chakabhai Bhelwala,100,4.1,Fast Food,21.193,72.83,Locality (matched)
99886,Rohini,Delhi,New Punjabi Dhaba,300,3.3,North Indian,28.7041,77.1025,Locality (matched)
99983,Memnagar,Ahmedabad,Roti Da Wraps,250,4.1,"Snacks,Fast Food",23.049,72.547,Locality (matched)
100139,Kurla,Mumbai,Sweet Bengal,150,4.7,"Sweets,Indian,Snacks,Desserts",19.0728,72.8826,Locality (matched)
100599,Laxmi Encleve - Katargam,Surat,Shubh Laxmi,400,4.1,"Fast Food,Chaat,South Indian,North Indian,Desserts,Beverages",21.22,72.818,Locality (substring match: 'katargam')
100825,Lake Gardens,Kolkata,New Kalpana Mistanna Bhander,200,4.7,Desserts,22.506,88.355,Locality (matched)
101420,Kalighat,Kolkata,Maharani,400,4.6,Fast Food,22.519,88.342,Locality (matched)
101442,Kothrud,Pune,Shri Swami Samartha Pure Veg,450,3.7,"North Indian,Chinese,Biryani,Desserts",18.5074,73.8077,Locality (matched)
101484,Uppal,Hyderabad,Hotel Surabhi Udupi Veg,150,4.2,South Indian,17.4062,78.559,Locality (matched)
102324,Jayanagar,Bangalore,Kapoor'S Cafe,500,4.1,North Indian,12.925,77.5938,Locality (matched)
103057,Beleghata,Kolkata,Crazy 4 Cakes,200,3.9,Desserts  Bakery  Fast Food,22.562,88.39,Locality (matched)
104122,Jam Bagh,Hyderabad,Scoops Tiffin,100,4.2,South Indian,17.386,78.478,Locality (matched)
104124,Kachiguda,Hyderabad,Shree Ganesh Darshini,150,3.6,South Indian,17.3843,78.5013,Locality (matched)
104306,Shivajinagar,Pune,Green Signal.,500,4.4,"Chinese,Continental,Indian,North Indian",18.5308,73.8478,Locality (matched)
104317,Krishan Vihar,Delhi,Apni Rasoi,300,4,"North Indian,Chinese,Tandoor,Snacks,Pastas",28.715,77.1,Locality (matched)
104342,New Textile Market,Surat,P. Hotel Bhagat Tarachand,400,4.1,"North Indian,Chinese,Punjabi",21.19,72.825,Locality (matched)
104519,Pankaj Nagar,Surat,Mahalakshya Live Ice Cream & Thick Shakes,150,4.4,"Desserts,Beverages",21.19,72.855,Locality (matched)
104769,Tagore Garden Extension,Delhi,Tite Da Dhaba,200,4.1,North Indian,28.642,77.093,Locality (matched)
105167,Shivaji Nagar,Bangalore,Bhartiya Jalpan,270,4.3,"North Indian,Fast Food,Punjabi,Beverages,Desserts",12.9855,77.6057,Locality (matched)
105280,Pal Gam,Surat,The Galaxy Revolving Restaurant,800,4.3,"Fast Food,Chinese,North Indian",21.165,72.775,Locality (matched)
105291,Naranpura,Ahmedabad,Anand Bhajipav And Pulav,300,3.7,"Fast Food,North Indian",23.048,72.558,Locality (matched)
105296,Gopipura,Surat,Jai Shankar Lassi,100,4.3,Beverages,21.19,72.828,Locality (matched)
105418,Nangloi,Delhi,Banke Bihari Restaurant,300,3.6,"Street Food,Desserts",28.683,77.063,Locality (matched)
105985,Katargam,Surat,New Maharaja Restaurant,350,2.9,Fast Food,21.22,72.818,Locality (matched)
106021,Vesu,Surat,La Pizza Treno,600,2.9,Italian,21.14,72.777,Locality (matched)
106025,Surat,Surat,Hotel Modern,300,4,"Punjabi,Rajasthani,Gujarati,Thalis,Chinese,Home Food,Desserts,Sweets,Snacks,Indian,North Indian,Beverages",21.1702,72.8311,Locality (matched)
106033,Karve Nagar,Pune,Potoba,300,4.4,"Maharashtrian,North Indian,Chinese",18.49,73.8163,Locality (matched)
106049,Adajan,Surat,The Foodiez Point,200,3.9,"Chinese,Combo,Singaporean,Asian",21.196,72.78,Locality (matched)
106249,Kasba,Kolkata,New Shiv Namkeen And Sweets,150,4.4,Sweets  Indian,22.514,88.38,Locality (matched)
106402,Paldi,Ahmedabad,Shriram Dabeli Vada Pav,200,4.4,Fast Food,23.013,72.562,Locality (matched)
106424,Ayanavaram,Chennai,Siva'S Foodie Paradise,99,2.9,Fast Food,13.105,80.232,Locality (matched)
106745,Santacruz East,Mumbai,Chutney Plus,300,3.9,"Fast Food,South Indian,Indian",19.0822,72.8416,Locality (matched)
106756,Kurla,Mumbai,One More Bite,200,2.9,"Bakery,Desserts,Sweets",19.0728,72.8826,Locality (matched)
106988,Amroli,Surat,Tulsi Restaurant Amroli,500,4.3,North Indian,21.235,72.828,Locality (matched)
106990,Adajan,Surat,Happyiezz,300,2.9,"Snacks,Beverages,Fast Food",21.196,72.78,Locality (matched)
107046,Ellisbridge,Ahmedabad,Mahalaxmi Pav Bhaji,200,4.3,North Indian,23.023,72.568,Locality (matched)
107301,Koramangala,Bangalore,Yum In My Tum,200,3.9,"Chinese,Continental,Beverages,Pizzas,Italian,North Indian,Pastas,Desserts,Tibetan,Healthy Food",12.9352,77.6245,Locality (matched)
107488,Hirabaugh,Surat,Sonal Bhel & Fast Food,100,3.9,Fast Food,21.193,72.83,Locality (matched)
107646,Ellisbridge,Ahmedabad,Honest,350,4.3,"North Indian,Fast Food",23.023,72.568,Locality (matched)
107695,Jayanagar,Bangalore,Tea Villa Cafe,1000,4.2,"Chinese,Continental,Desserts,Fast Food,Italian,Mexican,Pan-Asian",12.925,77.5938,Locality (matched)
107741,Himayatnagar,Hyderabad,Hotel Akshaya,300,4.3,"South Indian,North Indian",17.4008,78.4813,Locality (matched)
108098,Shanti Nagar,Bangalore,The Bangalore Cafe,400,4.1,"North Indian,Chaat,Chinese,Pizzas,Desserts",12.9581,77.5993,Locality (matched)
108343,Satellite,Ahmedabad,Chhaswala,200,4.6,"Beverages,Desserts",23.027,72.507,Locality (matched)
108791,Range Hills,Pune,Aaoji Khhaoji,500,4,North Indian,18.549,73.838,Locality (matched)
108879,Ellisbridge,Ahmedabad,Jay Jalaram Parotha House,250,3.9,North Indian,23.023,72.568,Locality (matched)
108893,Navjivan,Ahmedabad,Jay Shree Jalaram Parotha House,200,2.8,Indian,23.023,72.58,Locality (matched)
108986,Narayanguda,Hyderabad,Nic Natural Ice Creams,120,4.5,"Ice Cream,Desserts",17.4013,78.4913,Locality (matched)
109194,Varachha,Surat,New Taj Mahal Restaurant,180,3.7,"Punjabi,Chinese",21.214,72.842,Locality (matched)
109781,Chembur,Mumbai,Jeevan Boarding House,150,4.5,"Thalis,Indian",19.0522,72.9006,Locality (matched)
110129,Chembur,Mumbai,Amul Ice Cream Parlour,200,4.5,Ice Cream,19.0522,72.9006,Locality (matched)
110312,Kurla West,Mumbai,Cakeology,300,4,"Desserts,Bakery",19.07,72.879,Locality (matched)
110580,Odhav,Ahmedabad,Jay Shree Sanskar Ice Cream And Lassi Corner,200,4.4,"Desserts,Beverages",23.029,72.656,Locality (matched)
110634,Navrangpura,Ahmedabad,Prem Mewada Ice Cream,250,4.2,"Ice Cream,Beverages",23.0365,72.561,Locality (matched)
110741,Himayatnagar,Hyderabad,Seeta Fruit Juice Centre,200,3.4,Ice Cream  Beverages,17.4008,78.4813,Locality (matched)
110742,Afzal Gunj,Hyderabad,Jalebiwalas Mithai Bhandar,300,3.8,Desserts  Bakery,17.376,78.472,Locality (matched)
110747,Feelkhana,Hyderabad,Hotel Mansingh,250,4,"North Indian,South Indian,Chinese",17.373,78.483,Locality (matched)
110751,Khairtabad,Hyderabad,Sri Balaji Mithai Bhandar,300,4.3,Sweets  Desserts  Beverages,17.411,78.462,Locality (matched)
111033,Bhowanipore,Kolkata,Sharma Jalpan,100,4.1,Snacks  Fast Food,22.527,88.345,Locality (matched)
111494,Bidhannagar,Kolkata,Kouzina Marine,1000,4.1,"North Indian,Chinese,Italian,Biryani,Healthy Food,Kebabs,Beverages,Desserts",22.585,88.418,Locality (matched)
111495,Tingre Nagar,Pune,Cafe U N Me,400,2.9,"Desserts,Fast Food,Beverages",18.557,73.893,Locality (matched)
111563,Perambur,Chennai,Makers Of Milkshakes,300,3.8,"Beverages,Desserts",13.1155,80.234,Locality (matched)
111619,Sion,Mumbai,Delight Punjabi Kulfi & Cold Drinks,300,4.3,Desserts,19.0448,72.8619,Locality (matched)
111637,Abids,Hyderabad,Gafoor Ice Cream,200,3.7,"Ice Cream,Desserts",17.3915,78.4756,Locality (matched)
112136,Washermanpet,Chennai,Hotel Parijatha - G.A Road,300,4.4,"North Indian,South Indian,Chinese,Biryani",13.114,80.282,Locality (matched)
112202,Sadashiv Peth,Pune,The Habit,150,2.9,Fast Food,18.5122,73.852,Locality (matched)
112991,Triplicane,Chennai,Sarmani Veg Restaurant,300,4.4,"South Indian,North Indian,Chinese,Tandoor",13.057,80.276,Locality (matched)
113037,Khairtabad,Hyderabad,Us Live Pops,150,4.8,American,17.411,78.462,Locality (matched)
113043,Begum Bazar,Hyderabad,Simrats Dhaba,300,4.1,"North Indian,Chinese",17.383,78.473,Locality (matched)
113368,Abids & Koti,Hyderabad,Balaji Vishnu Sweet House,150,2.9,Sweets,17.387,78.477,Locality (matched)
114033,Egmore,Chennai,The Patiala House,600,4.3,North Indian,13.0732,80.2609,Locality (matched)
114318,Ambawadi,Ahmedabad,Tea Post,200,4.5,Fast Food,23.027,72.549,Locality (matched)
114462,Palanpur,Surat,Helli & Chilli Chinese,250,3.9,Chinese,21.183,72.783,Locality (matched)
114912,Paldi,Ahmedabad,Paldi Juice Corner,150,4.1,"Beverages,Juices",23.013,72.562,Locality (matched)
114922,Memnagar,Ahmedabad,Cafe Hideout,300,2.9,"Cafe,Fast Food",23.049,72.547,Locality (matched)
114937,Surat,Surat,Thali Junction,150,3.6,"Thalis,Chinese,North Indian,Punjabi,Combo",21.1702,72.8311,Locality (matched)
115070,Paikpara,Kolkata,Rakshit Sweets,100,4.4,"Sweets,Snacks",22.61,88.368,Locality (matched)
115073,Bhowanipore,Kolkata,Ice-O-Metry,250,3.7,"Desserts,Ice Cream",22.527,88.345,Locality (matched)
116825,Erandwane,Pune,Shri Chaturshringi Mata Snacks Center,200,4.2,Indian,18.5089,73.83,Locality (matched)
117012,Shivajinagar,Pune,Poona Food Truck,300,4.4,"Continental,Fast Food,Italian",18.5308,73.8478,Locality (matched)
117138,Varachha,Surat,Best Western-Yuvraj,200,2.9,"Punjabi,Chinese",21.214,72.842,Locality (matched)
117182,Perambur,Chennai,Soupman Shop,150,4.1,"North Indian,Chinese",13.1155,80.234,Locality (matched)
117363,Kachiguda,Hyderabad,Makers Of Milkshakes,300,4.3,Beverages,17.3843,78.5013,Locality (matched)
117500,Khokhra,Ahmedabad,Laxmi Idli Vada Centre,200,3.4,"South Indian,Chinese,North Indian",23.018,72.612,Locality (matched)
117548,Old Wadaj,Ahmedabad,Ashray,550,2.9,"Chinese,North Indian,Continental",23.045,72.576,Locality (matched)
117791,Nanpura,Surat,La Pino'Z Pizza,300,4.2,"Pizzas,Italian,Snacks,Desserts,Beverages",21.19,72.814,Locality (matched)
117881,Nungambakkam,Chennai,Karachi Bakery And Cafe,600,4.4,"Snacks,North Indian,Desserts,Bakery,American,Italian,Sweets",13.0569,80.2425,Locality (matched)
117904,Chickpet,Bangalore,Homese Just Veg,200,2.9,"South Indian,North Indian,Fast Food",12.9698,77.5806,Locality (matched)
118357,Kachiguda,Hyderabad,Lassi Shop,100,3.1,"Juices,Ice Cream",17.3843,78.5013,Locality (matched)
118546,Chembur,Mumbai,Chelaram Farsan,100,4.4,Snacks  Sweets,19.0522,72.9006,Locality (matched)
118717,University Area,Ahmedabad,Nini'S Kitchen,1000,4.4,"North Indian,Italian,Lebanese,American,Mexican",23.033,72.545,Locality (matched)
118742,Isanpur,Ahmedabad,Kutchi Karnavati,100,3.5,"Fast Food,Pizzas,Chinese,Snacks",22.97,72.61,Locality (matched)
118818,Kadugondanahalli,Bangalore,Vijayalakshmi Veg,100,4.3,"Chinese,South Indian,Fast Food",13.0058,77.628,Locality (matched)
118906,Parvat Patiya,Surat,Kutchi King,100,3.4,Fast Food,21.185,72.857,Locality (matched)
119009,Tiretti,Kolkata,Banchharam'S,150,4.4,Sweets  Desserts,22.575,88.358,Locality (matched)
119014,Udhna,Surat,Ashish Ii Restaurant,400,4.5,"North Indian,Punjabi,Chinese",21.15,72.828,Locality (matched)
119436,Noble Nagar Tenament,Ahmedabad,Shri Chamunda Bhojnalaya & Kathiyawadi Dhaba & Punjabi,300,4,"Combo,Thalis,North Indian,Gujarati,Punjabi,Pizzas,Beverages",23.0225,72.5714,City-level (approximate fallback)
119567,Vesu,Surat,Hajoori'S Kulfi,150,2.9,Desserts,21.14,72.777,Locality (matched)
119585,Ganj Peth,Pune,Milan Pure Veg Restaurant,220,4.4,Indian,18.515,73.858,Locality (matched)
119596,Padmarao Nagar,Hyderabad,Balaji Papalal Mithai Wala,200,4.2,"Sweets,Desserts",17.427,78.497,Locality (matched)
120023,Gandhi Nagar,Bangalore,M/S. Sukhsagar Hotel Gandhinagar,200,4.2,North Indian,12.9784,77.5773,Locality (matched)
120100,Paschim Vihar,Delhi,Sgf - Spice Grill Flame (Paschim Vihar),250,3.7,"North Indian,Fast Food,Chinese",28.6692,77.1013,Locality (matched)
120118,Narol,Ahmedabad,Havmor - The Eatery.,400,4.1,"Street Food,Desserts,Ice Cream,Beverages",22.956,72.61,Locality (matched)
121084,Cambridge Layout,Bangalore,Sendhoor Coffee,200,4.3,"South Indian,Indian,Beverages",12.9738,77.6318,Locality (matched)
121172,West Marredpally,Hyderabad,Sindh Sahib,200,4.5,Indian,17.446,78.5,Locality (matched)
121189,Ambawadi,Ahmedabad,Jalaram Parotta House,200,3.9,"North Indian,Gujarati",23.027,72.549,Locality (matched)
121212,Hatkeshwar,Ahmedabad,Surbhi Restaurant,350,4.3,"North Indian,Chinese",23.0,72.612,Locality (matched)
121267,Vastrapur,Ahmedabad,Gajanand Pauva House,200,4.5,"Street Food,Snacks",23.039,72.529,Locality (matched)
121328,Singanpor,Surat,Thakkar'S- Hotel Jalaram Kathiyawadi,200,4.1,"Punjabi,Chinese,South Indian,Fast Food",21.185,72.79,Locality (matched)
121478,Ellisbridge,Ahmedabad,La Patron Cafe,600,3.8,"Mexican,Mediterranean,Fast Food,Chinese,Thai",23.023,72.568,Locality (matched)
121732,Kurla,Mumbai,Om Sai Juice And Fast Food,250,3.9,"Fast Food,Beverages",19.0728,72.8826,Locality (matched)
121809,Vishala,Ahmedabad,Punjabi Point,250,4.1,North Indian,22.985,72.556,Locality (matched)
121913,Rohini,Delhi,Vinayak Restaurant,200,2.9,Chinese,28.7041,77.1025,Locality (matched)
121985,Andheri East,Mumbai,Munna Bhel Puri House,99,3.9,Chaat,19.1136,72.8697,Locality (matched)
122371,Visharant Wadi,Pune,Srushti Garden (Pure Veg),300,3.8,Indian,18.567,73.872,Locality (matched)
122399,Yousufguda,Hyderabad,4In Natural Fruit Juice,250,4,Juices  Healthy Food,17.426,78.43,Locality (matched)
122651,T. Nagar,Chennai,Mr. Papdi,400,4.2,"North Indian,Chaat,Street Food",13.0418,80.2341,Locality (matched)
122882,Dilsukhnagar,Hyderabad,Sri Sai Raghavendra Udupi Veg,100,4.1,"South Indian,Juices,Ice Cream",17.3687,78.5247,Locality (matched)
122888,Kilpauk,Chennai,Feastinn,250,4.4,"North Indian,Chaat,Pizzas,Beverages",13.085,80.241,Locality (matched)
122891,Malleshwaram,Bangalore,Malleshwaram Dose Corner,120,4.4,"South Indian,Snacks",13.0035,77.5647,Locality (matched)
122905,T. Nagar,Chennai,Bhakshana By Paati Veedu,600,4.5,"South Indian,Indian",13.0418,80.2341,Locality (matched)
123664,Athwa,Surat,Madras Dosa Center,200,2.9,Fast Food,21.178,72.793,Locality (matched)
123798,Kodambakkam,Chennai,Hot Chappathies,180,4.1,"North Indian,Chinese,Biryani,Chaat,Indian,Tandoor",13.05,80.2241,Locality (matched)
123971,Kankurgachi,Kolkata,Krazy For Chocolates-Kankurgachi,300,4.4,Desserts  Bakery,22.585,88.39,Locality (matched)
124053,Bandra East,Mumbai,Nic Natural Ice Creams,120,4.6,Ice Cream  Desserts,19.0596,72.841,Locality (matched)
124391,Ellisbridge,Ahmedabad,Urban Foods,100,2.9,"North Indian,Punjabi,Chinese",23.023,72.568,Locality (matched)
124585,Sector 15 Rohini,Delhi,Gurdass Man Dhaba,300,3.9,Indian,28.735,77.12,Locality (matched)
124605,Majura Gate,Surat,Radhakrishna Restaurant,200,4.2,North Indian,21.183,72.8,Locality (matched)
124728,Feelkhana,Hyderabad,Jashan Juice And Pizza One,150,4.2,"Beverages,Juices",17.373,78.483,Locality (matched)
124751,Bhowanipore,Kolkata,Chettys Corner,200,4.7,Fast Food,22.527,88.345,Locality (matched)
125137,Sector 14 Rohini,Delhi,The Waffle Co.,200,4.2,"Ice Cream,Desserts,Beverages",28.73,77.125,Locality (matched)
125149,Salabatpura,Surat,Hira Mistan & Restaurant,300,3.9,"Punjabi,Chinese,Fast Food,Sweets,North Indian,Combo",21.193,72.822,Locality (matched)
126017,Rohini,Delhi,Dev Kitchen,200,2.9,"North Indian,Chinese,Continental",28.7041,77.1025,Locality (matched)
126067,Navrangpura,Ahmedabad,Shree Krishna Cold Drinks & Dairy Farm,100,4.1,"Desserts,Beverages",23.0365,72.561,Locality (matched)
126707,Satellite,Ahmedabad,Hari Om Centre,200,3.8,"North Indian,Gujarati,Punjabi,Thalis,Indian",23.027,72.507,Locality (matched)
126793,Thousand Lights,Chennai,Apsara Ice Creams,150,4.4,"Ice Cream,Desserts",13.0569,80.254,Locality (matched)
127527,Ambawadi,Ahmedabad,Delight,200,3.9,"Fast Food,Chinese,South Indian",23.027,72.549,Locality (matched)
127595,Athwa,Surat,Cake Bonzerbites- Live Cake,300,4.2,Desserts,21.178,72.793,Locality (matched)
128078,Paschim Vihar,Delhi,New Durga Corner,150,4.1,"South Indian,Chinese",28.6692,77.1013,Locality (matched)
128221,Dhankawadi,Pune,Ufo Fries And Corn,300,3.6,"Fast Food,Beverages",18.457,73.847,Locality (matched)
128438,Mylapore,Chennai,Green Crush,85,4.6,"Beverages,Juices",13.0339,80.2695,Locality (matched)
128453,Anna Nagar,Chennai,The Cheese Cafe,250,4.6,"North Indian,Italian,Mexican",13.085,80.2101,Locality (matched)
128591,Begampura,Surat,Natraj Ice Cream,300,2.9,Beverages,21.198,72.825,Locality (matched)
128643,Domlur,Bangalore,Kota Kachori And Falahaar,15,4.1,"Chaat,North Indian,Snacks,Rajasthani,Sweets,Desserts,Beverages",12.961,77.6387,Locality (matched)
128757,University Area,Ahmedabad,Apna Adda Barbeque  Rolls And Tikkas,300,4.2,"North Indian,Barbecue",23.033,72.545,Locality (matched)
128958,Old Washermanpet,Chennai,Shafi Sweets,400,4.3,"Snacks,Sweets,Desserts",13.114,80.282,Locality (matched)
129102,Seshadripuram,Bangalore,Purani Dehli,300,3.7,"North Indian,Combo,Snacks,Chinese,Sweets,Beverages",12.9924,77.5773,Locality (matched)
129158,Adajan Patiya,Surat,Wooddy Jhone'S Pizza,300,3,"Italian,Pizzas",21.196,72.78,Locality (matched)
129390,Navrangpura,Ahmedabad,Jay Bhavani Vadapav,150,3.8,"Fast Food,Snacks,Combo,American,Pizzas,Beverages",23.0365,72.561,Locality (matched)
129549,Vesu,Surat,Uncle Momos,150,3.4,Fast Food,21.14,72.777,Locality (matched)
129627,Pankaj Nagar,Surat,Bonanza Natural Ice Cream,150,4.4,"Ice Cream,Beverages",21.19,72.855,Locality (matched)
129915,Perambur,Chennai,Muthamizh A/C Restaurant,250,4.3,South Indian,13.1155,80.234,Locality (matched)
130098,Yoginagar Society,Surat,Gopal Chinese,200,3.9,Chinese,21.1702,72.8311,City-level (approximate fallback)
130204,Maharshi Nagar,Pune,Hotel Utsav Deluxe,1000,2.9,"North Indian,South Indian,Thai",18.498,73.872,Locality (matched)
130241,Vastrapur,Ahmedabad,Shree Janta Ice Cream,200,2.9,Continental,23.039,72.529,Locality (matched)
130420,Santacruz East,Mumbai,Moussestruck,150,4.7,"Desserts,Sweets,Bakery",19.0822,72.8416,Locality (matched)
130508,Chennai,Chennai,Sree Vishnu Bhavan,200,4,South Indian,13.0827,80.2707,Locality (matched)
130766,Kasba,Kolkata,Sharma Snacks,100,4.2,"Beverages,Chaat",22.514,88.38,Locality (matched)
131640,Katraj,Pune,Chill Out,300,4,"Fast Food,Street Food,Beverages",18.453,73.862,Locality (matched)
131671,Athwa,Surat,Dadi Maa Nu Khichu,100,2.9,Gujarati,21.178,72.793,Locality (matched)
131692,Lake Town,Kolkata,The Bang Onn Cafe,250,4,"Chinese,Italian,Continental,Beverages",22.605,88.395,Locality (matched)
131773,Ghatkopar West,Mumbai,Sai Sandwich Centre,300,4.4,"Fast Food,Pizzas",19.0864,72.9047,Locality (matched)
132183,Uttran,Surat,Kailash Fast Food,150,2.9,Fast Food,21.22,72.78,Locality (matched)
132329,Narayan Peth,Pune,Kod - King Of Desserts And Waffles,200,2.9,"Desserts,Beverages",18.514,73.853,Locality (matched)
132379,Parvati,Pune,Hotel Annapurna Tarangan,150,4.2,Maharashtrian,18.493,73.846,Locality (matched)
132452,Anna Nagar,Chennai,Tosamania,250,2.9,South Indian,13.085,80.2101,Locality (matched)
132622,Shanti Nagar,Bangalore,Marwadi Chaat & Tiffin Services Shanti Nagar,300,3.9,North Indian,12.9581,77.5993,Locality (matched)
132623,Basavanagudi,Bangalore,Antarastriya,200,2.9,"Chinese,Tibetan,Mexican,Italian-American",12.9422,77.576,Locality (matched)
132911,Purasaiwakkam,Chennai,Akshaya Veg Restaurant,150,3.9,Indian,13.085,80.254,Locality (matched)
132945,Pal Gam,Surat,Ifruit,200,2.9,"Desserts,Fast Food",21.165,72.775,Locality (matched)
133046,Chandkheda,Ahmedabad,Lakhiya Fast Food,200,2.9,South Indian,23.11,72.594,Locality (matched)
133393,Andheri East,Mumbai,Dessert Junction,200,3.7,Desserts,19.1136,72.8697,Locality (matched)
133490,Jorasanko,Kolkata,Crazy 4 Cakes - Ganesh Talkies,200,4,"Desserts,Bakery,Fast Food",22.59,88.358,Locality (matched)
133839,Adajan Patiya,Surat,Taiyar Pan Center,50,4.6,"Desserts,Paan",21.196,72.78,Locality (matched)
133995,Anand Nagar,Pune,Shanti Swayampakghar,250,4.2,North Indian,18.5,73.86,Locality (matched)
134066,Erandwane,Pune,Shakezone,250,2.9,"Beverages,Desserts",18.5089,73.83,Locality (matched)
134330,Ambawadi,Ahmedabad,Taste Of Mumbai-Bombay Street Cafe,450,3.9,"South Indian,Beverages",23.027,72.549,Locality (matched)
134785,Sangamvadi,Pune,Anna Idli,300,4,South Indian,18.533,73.876,Locality (matched)
135036,Kalyani Nagar,Pune,Sonu Shakewala,300,2.9,Beverages,18.5479,73.9014,Locality (matched)
135037,Kalyani Nagar,Pune,Uncle Da Dhaba,500,2.9,North Indian,18.5479,73.9014,Locality (matched)
135112,Somwar Peth,Pune,Granny Ammaas Cake,300,4.1,"Desserts,Bakery",18.52,73.86,Locality (matched)
136444,Vishal Nagar,Surat,Bismillah B Blast,200,4,Beverages,21.2,72.85,Locality (matched)
136656,Narayanguda,Hyderabad,Sri Balaji Prithviraj Family Dhaba,400,3.9,"North Indian,Chinese",17.4013,78.4913,Locality (matched)
136720,Saidabad,Hyderabad,Lassi Shop-Is Sadan Cross Road,100,4.1,Ice Cream,17.35,78.509,Locality (matched)
137826,Begumpet,Hyderabad,Sind Bakery,250,2.9,Bakery  Pizzas,17.44,78.465,Locality (matched)
138163,Shivajinagar,Pune,Cafe Rudra,200,2.9,Fast Food,18.5308,73.8478,Locality (matched)
138888,Singanpor,Surat,Madhav Restaurant,200,3.3,North Indian,21.185,72.79,Locality (matched)
138998,Kodambakkam,Chennai,Mm Cafe Point,100,2.9,"Beverages,Snacks",13.05,80.2241,Locality (matched)
139468,Bhowanipore,Kolkata,Punjabi Paratha,150,4.4,Indian,22.527,88.345,Locality (matched)
139470,Bidhannagar,Kolkata,Krazzy For Ice Cream Sundae,350,3.6,"Ice Cream,Desserts,Beverages",22.585,88.418,Locality (matched)
139721,Bapunagar,Ahmedabad,Pragati The Restaurant And Banquet,500,2.9,"North Indian,Chinese",23.033,72.626,Locality (matched)
139790,Gudimalkapur,Hyderabad,Sri Udupi Grand,300,4.2,South Indian  Chinese  Indian,17.382,78.446,Locality (matched)
140013,Armane Nagar,Bangalore,Sattvam,1200,4.2,"Chinese,South Indian,North Indian,Continental,Desserts,Italian",13.0104,77.5657,Locality (matched)
140269,Maninagar,Ahmedabad,Manek Chowk Ganthiya Corner,200,2.9,Gujarati,22.996,72.603,Locality (matched)
140314,Paldi,Ahmedabad,Jalaram Parotha House,450,3.9,"North Indian,Gujarati",23.013,72.562,Locality (matched)
140399,Ashok Bhai- Citylight,Surat,Shree Sainath Fast Food- Ashok Bhai,200,4.3,Pizzas,21.17,72.792,Locality (matched)
140406,Athwa,Surat,Cake Bakebon- Live Cake,400,4.4,Desserts,21.178,72.793,Locality (matched)
140410,Athwa,Surat,Amritsari Zaika,250,3.9,"North Indian,Punjabi,Indian,Combo",21.178,72.793,Locality (matched)
140552,Surat,Surat,Daddy'S Cake,450,4.4,Desserts,21.1702,72.8311,Locality (matched)
141185,Jayanagar,Bangalore,Patio 805,300,3.5,"Pan-Asian,Fast Food,Cafe",12.925,77.5938,Locality (matched)
141571,Old Malakpet,Hyderabad,Jain Kitchen Pure Veg Restaurant,200,4.1,"North Indian,Jain,Chinese,Tandoor",17.3735,78.498,Locality (matched)
141879,Purasaiwakkam,Chennai,Shree Maa Inti Devi Chat,200,3.6,"Snacks,Street Food,Chaat",13.085,80.254,Locality (matched)
141986,Tilak Nagar,Delhi,Haldiram'S (Tilak Nagar),450,4.4,"Sweets,Desserts,North Indian",28.639,77.092,Locality (matched)
142909,Shalimar Bagh,Delhi,Samose Wale,150,4.1,Snacks,28.71,77.158,Locality (matched)
143066,Thousand Lights,Chennai,Jugalbhandhi,1200,2.9,"North Indian,Indian,Italian,Pastas,Continental",13.0569,80.254,Locality (matched)
143460,Athwa,Surat,Om Sai Fast Food,250,3.8,"Fast Food,Beverages",21.178,72.793,Locality (matched)
144725,Kg-Iii,Delhi,Aggarwal Standard Sweets,250,3.8,"Sweets,Snacks",28.6139,77.209,City-level (approximate fallback)
145378,Kodambakkam,Chennai,The Sandwich Shop,200,4.1,"Indian,Fast Food",13.05,80.2241,Locality (matched)
145671,Umarwada,Surat,Laddu Gopal Sweets & Fast Food,200,3.8,"Sweets,North Indian,Chinese,South Indian",21.205,72.833,Locality (matched)
145832,Khadia,Ahmedabad,Bombay Gulalwadi Bhajipav-Manek Chowk,200,2.9,Fast Food,23.023,72.594,Locality (matched)
146006,Sanjay Nagar,Surat,Hotel Shiv Shakti,150,3.6,"Punjabi,Rajasthani,Gujarati,Thalis,Chinese,Home Food,Desserts,Sweets,Snacks,Indian,North Indian,Beverages",21.19,72.858,Locality (matched)
146023,Koti,Hyderabad,Eat Italy,400,4.2,"Italian,American,Pastas,Pizzas",17.3833,78.4794,Locality (matched)
146389,Kankurgachi,Kolkata,The London Shakes And Cafe,300,4.1,"Fast Food,Beverages,Italian,Pizzas,Desserts,Snacks",22.585,88.39,Locality (matched)
146402,T. Nagar,Chennai,Frozen Bottle,250,4.2,"Beverages,Ice Cream,Desserts",13.0418,80.2341,Locality (matched)
146420,Shivaji Nagar,Bangalore,Bhartiya Jalpan - Sweets Dry Fruit And Savouries,300,3.8,"Indian,Sweets",12.9855,77.6057,Locality (matched)
146490,Chamrajpet,Bangalore,Karnataka Bhel House,100,4.4,Chaat,12.9573,77.5677,Locality (matched)
146670,Dilsukhnagar,Hyderabad,Sri Siddhi Vinayaka Tiffins And Meals,100,4.3,South Indian,17.3687,78.5247,Locality (matched)
146975,Narolgam,Ahmedabad,Shree Ambika Ma,200,3,"Chinese,North Indian,South Indian",22.97,72.628,Locality (matched)
147547,Bibwewadi,Pune,Yenna Dosa,300,4.5,South Indian,18.475,73.863,Locality (matched)
147655,Paldi,Ahmedabad,Ashapura Fast Food,200,2.9,"Fast Food,South Indian",23.013,72.562,Locality (matched)
147670,Perambur,Chennai,Sri Balaji Chapatti Stall,300,4.3,Home Food,13.1155,80.234,Locality (matched)
147742,Khadia,Ahmedabad,Mahalaxmi Bhaji Pav Center (Main Bazar) -Manek Chowk,200,4.5,Fast Food,23.023,72.594,Locality (matched)
148127,Varachha,Surat,Navjeevan Hotel,200,3.4,North Indian,21.214,72.842,Locality (matched)
148133,Sima Nagar,Surat,Gayatri Bakery & Cake Shop,300,4.1,Desserts,21.195,72.848,Locality (matched)
148254,Piplod,Surat,Baskin Robbins,200,2.9,"Desserts,Ice Cream",21.166,72.777,Locality (matched)
148766,Jam Bagh,Hyderabad,Temptations,200,4.4,Desserts  Beverages,17.386,78.478,Locality (matched)
149154,Laldarwaja,Ahmedabad,Dangee Dums,400,2.9,"Desserts,Bakery",23.025,72.592,Locality (matched)
149172,Khar West,Mumbai,Shree Krishna Chhaya,400,4.3,North Indian  South Indian  Chinese  Fast Food,19.0696,72.8355,Locality (matched)
149204,Naranpura,Ahmedabad,Happy Sugar,350,2.8,"Desserts,Beverages",23.048,72.558,Locality (matched)
149409,Golconda Fort,Hyderabad,Golconda Sugar Cane Juice,110,3.9,"Juices,Ice Cream,Healthy Food",17.3833,78.4011,Locality (matched)
149631,Khadia,Ahmedabad,Ahmedabad Fast Food,200,2.9,"Pizzas,Fast Food,Chinese",23.023,72.594,Locality (matched)
150356,Kalas,Pune,Sam'S Cafe & Cake Shop,250,2.9,"Continental,Fast Food,Cafe,Bakery",18.582,73.899,Locality (matched)
150646,Nampally,Hyderabad,Cream Stone,250,4.4,Ice Cream  Desserts  Beverages  Ice Cream Cakes,17.39,78.468,Locality (matched)
151132,Jashoda Nagar,Ahmedabad,Hotel Chatako,250,3,"North Indian,Chinese",23.008,72.639,Locality (matched)
151182,Kilpauk,Chennai,Chatpata Chat House,150,4.1,"South Indian,Bakery,Desserts",13.085,80.241,Locality (matched)
151229,Rajajinagar,Bangalore,Happy Platter,300,4,"Chinese,Combo,Italian,Pastas,Snacks",12.9905,77.5554,Locality (matched)
151287,Sri Durga Enclave,Hyderabad,Bhoomi Foods,65,4.4,"Indian,South Indian,Andhra",17.385,78.4867,City-level (approximate fallback)
151965,New Malakpet,Hyderabad,Om Best Paratha,200,4,North Indian,17.3735,78.498,Locality (matched)
153035,Khatodra Wadi,Surat,Jalaram Restaurant -Udhna,350,3.9,"Gujarati,Punjabi,Chinese",21.175,72.83,Locality (matched)
153962,Naranpura,Ahmedabad,Maharaj Samosa Center,150,3.9,Snacks,23.048,72.558,Locality (matched)
154020,Shanti Nagar,Bangalore,Udta Punjab Cafe,150,2.9,North Indian,12.9581,77.5993,Locality (matched)
154260,Amroli,Surat,S Kumar Sandwich Amroli,150,4.5,Fast Food,21.235,72.828,Locality (matched)
154526,Ambawadi,Ahmedabad,Meal Box Ambawadi,200,3,"North Indian,Chinese",23.027,72.549,Locality (matched)
154601,Narolgam,Ahmedabad,Apunka Adda,200,4.2,"Snacks,Fast Food,Pizzas,Beverages",22.97,72.628,Locality (matched)
154603,Ambawadi,Ahmedabad,Mealbox Ambawadi,200,2.8,"North Indian,Chinese,Punjabi",23.027,72.549,Locality (matched)
154689,Tarnaka,Hyderabad,Hitex Santosh Family Dhaba,300,3.7,North Indian,17.426,78.534,Locality (matched)
154935,Isanpur,Ahmedabad,Umiya Annapurna Kathiyawadi,250,3.9,"Gujarati,North Indian",22.97,72.61,Locality (matched)
154975,Rajajinagar,Bangalore,Shree Veerabhadreshwara Rotti Holige Mane,200,4.1,South Indian,12.9905,77.5554,Locality (matched)
155212,West Mambalam,Chennai,Lassi Shop,99,4.2,"Desserts,Ice Cream",13.035,80.22,Locality (matched)
155284,Jashoda Nagar,Ahmedabad,Matel Restaurant,300,4.1,"North Indian,Gujarati",23.008,72.639,Locality (matched)
155541,Shivaji Nagar,Bangalore,Sreeraj Lassi Bar,250,4.2,"Juices,Desserts",12.9855,77.6057,Locality (matched)
155882,Sector 9 Rohini,Delhi,Shri Balaji Rasoi,250,3.9,North Indian,28.715,77.121,Locality (matched)
156610,Koramangala,Bangalore,99 Variety And Dosa & Pav Bhaji,200,4,South Indian,12.9352,77.6245,Locality (matched)
156913,Himayath Nagar,Hyderabad,Sri Shivshakti Jodhpur Sweets,150,3.5,"Sweets,Snacks",17.4008,78.4813,Locality (matched)
156965,Varachha,Surat,Avadh Restaurant,500,4.4,North Indian,21.214,72.842,Locality (matched)
157031,Haripura,Surat,Albela Cold Drink & Juice Center,200,4.4,"Ice Cream,Beverages",21.192,72.833,Locality (matched)
157379,Mehdipatnam,Hyderabad,Sri Durga Udupi Tiffins & Meals,150,4,South Indian,17.3952,78.438,Locality (matched)
157553,Mylapore,Chennai,Lassi Cream-Citi Centre,150,4,"Desserts,Beverages,Ice Cream,Bakery",13.0339,80.2695,Locality (matched)
157690,New Magdalla,Surat,The Green Kitchen,500,4.2,Fast Food,21.158,72.765,Locality (matched)
157695,Dilsukhnagar,Hyderabad,Varalakshmi Tiffins,300,4.3,South Indian,17.3687,78.5247,Locality (matched)
158019,Ashok Nagar,Bangalore,Sattuani,200,2.9,"North Indian,Chinese",12.9843,77.5936,Locality (matched)
158413,Andheri East,Mumbai,The Mother'S Touch Rajasthani,200,3.5,Indian  Rajasthani,19.1136,72.8697,Locality (matched)
158458,Narayanguda,Hyderabad,New York Waffles & Dinges,300,3.3,"Desserts,Beverages,Fast Food",17.4013,78.4913,Locality (matched)
158736,Banjara Hills,Hyderabad,Balaji Sitaram Mithai Bhandar,150,4.1,"Sweets,Fast Food",17.4156,78.4347,Locality (matched)
158964,Adajan,Surat,Megh Malhar Dhosa,300,2.9,South Indian,21.196,72.78,Locality (matched)
158998,Haripura,Surat,Mahesh Dosa Center,200,4.2,South Indian,21.192,72.833,Locality (matched)
159098,Bidhannagar,Kolkata,Tanngo Chutney,300,4.1,South Indian,22.585,88.418,Locality (matched)
159263,Paldi,Ahmedabad,Kutchi King,200,4.1,Street Food,23.013,72.562,Locality (matched)
159496,Rohini,Delhi,S.P.W Pizza,200,2.9,"Chinese,Fast Food",28.7041,77.1025,Locality (matched)
159643,Piplod,Surat,Madhav Chinese,200,2.9,"Chinese,Fast Food",21.166,72.777,Locality (matched)
160120,Basavanagudi,Bangalore,Asha Sweets Center,1000,4.3,Indian,12.9422,77.576,Locality (matched)
160134,Abids,Hyderabad,Masqati Ice Cream,300,4.3,"Ice Cream,Pizzas,Desserts",17.3915,78.4756,Locality (matched)
160456,Maninagar,Ahmedabad,New Karnavati Dabeli And Vadapav,150,4.1,"Street Food,Fast Food,Chaat,Beverages",22.996,72.603,Locality (matched)
160853,Paschim Vihar,Delhi,Sunny Fruit Juice And Shakes,300,2.9,Beverages,28.6692,77.1013,Locality (matched)
160883,Budh Vihar,Delhi,Pandit Ji Ka Dhaba,200,3.2,North Indian,28.716,77.085,Locality (matched)
160975,Vastrapur,Ahmedabad,Santosh Fast Food,200,2.9,Fast Food,23.039,72.529,Locality (matched)
161067,Adajan,Surat,Rajbhog Ice Cream & Kulfi,200,2.9,"Desserts,Ice Cream,Beverages",21.196,72.78,Locality (matched)
161375,Andheri East,Mumbai,Just Rice,200,2.9,Indian,19.1136,72.8697,Locality (matched)
161570,Pocket C-11 Sector 5 Rohini,Delhi,Urban Bawarchi,300,2.9,North Indian,28.716,77.108,Locality (matched)
161742,Gopipura,Surat,Chandan Bhojnalay,150,4.2,"Thalis,Gujarati,Indian,Punjabi",21.19,72.828,Locality (matched)
162296,Kothrud,Pune,Pizza Express,250,2.9,Fast Food,18.5074,73.8077,Locality (matched)
162981,Swargate,Pune,Crazy Cheesy,400,4.3,"Pizzas,Pastas,American,Italian",18.5008,73.8586,Locality (matched)
163029,Mohammed Wadi,Pune,Nutrimonk.Life,200,3.9,"Healthy Food,Fast Food,Biryani,Continental,Salads",18.46,73.92,Locality (matched)
163361,Sadashiv Peth,Pune,The Cake & Cream Factory,200,4.2,"Desserts,Bakery",18.5122,73.852,Locality (matched)
164198,Amroli,Surat,Amardeep Icecream & Juices,200,4.7,Desserts,21.235,72.828,Locality (matched)
164351,Andheri East,Mumbai,Havmour Ice Cream,150,2.9,Ice Cream,19.1136,72.8697,Locality (matched)
164361,Kondhwa,Pune,Sardarji'S Paratha & Chaap House,250,4.1,"North Indian,Beverages",18.4633,73.893,Locality (matched)
164494,Dum Dum,Kolkata,New Bharat Sweets,100,4,Sweets,22.642,88.42,Locality (matched)
164505,Lake Town,Kolkata,Khatirdari,300,3.7,"North Indian,Chinese,Continental",22.605,88.395,Locality (matched)
164809,Parvat Patiya,Surat,Mahadev Dalbati,200,4.3,"Fast Food,Rajasthani",21.185,72.857,Locality (matched)
164974,Gomtipur,Ahmedabad,Kanpur Mithai House,250,4.2,"Sweets,Desserts",23.013,72.618,Locality (matched)
165069,Piplod,Surat,Urban Punjab,350,4.1,Indian,21.166,72.777,Locality (matched)
166043,Navrangpura,Ahmedabad,Punjab Paratha Point,150,4.1,North Indian,23.0365,72.561,Locality (matched)
166056,Aundh,Pune,Cream Stone,200,4.1,"Ice Cream,Desserts,Beverages",18.559,73.808,Locality (matched)
166186,Nana Varachha,Surat,Laxmi Chinese,300,2.9,"Chinese,Fast Food",21.22,72.838,Locality (matched)
166202,Pal Gam,Surat,Desi Videsi - The Road Side Lounge,200,3.4,"Punjabi,Fast Food,Chinese,Pizzas,Biryani,Continental,Pastas,North Indian,Pan-Asian,Street Food,Salads,Combo,Healthy Food,Thalis,Mexican,Italian,Sweets",21.165,72.775,Locality (matched)
166808,Koti,Hyderabad,Lassi Hub,150,4.1,Ice Cream,17.3833,78.4794,Locality (matched)
166837,Taltala,Kolkata,Jashoda Mistanna Bhandar,100,4.4,Sweets  Fast Food,22.562,88.358,Locality (matched)
166974,Rohini,Delhi,Abbys -The Food Hub,300,2.9,"North Indian,Fast Food,Beverages",28.7041,77.1025,Locality (matched)
168091,Uppal,Hyderabad,Karthikeya Tiffins Pure Veg,150,4.1,South Indian,17.4062,78.559,Locality (matched)
168585,New Malakpet,Hyderabad,Jai Bhavani Tiffins,150,3.8,South Indian  Beverages,17.3735,78.498,Locality (matched)
168666,Vastrapur,Ahmedabad,Cake Bonzerbite,400,4.4,"Bakery,Desserts",23.039,72.529,Locality (matched)
169250,Santacruz East,Mumbai,Srirang Foods,300,4.7,Indian,19.0822,72.8416,Locality (matched)
172838,Athwa,Surat,Go China,300,4.1,"Chinese,Thai,Pan-Asian,Combo",21.178,72.793,Locality (matched)
173238,Ponniammanmedu,Chennai,Kala Home Made Foods,250,4,"Fast Food,Snacks",13.13,80.198,Locality (matched)
173432,West Mambalam,Chennai,Udipi Hotel Maha Ganapathy,250,4.4,"North Indian,South Indian",13.035,80.22,Locality (matched)
174954,Sector 8 Rohini,Delhi,Standard Rabri Faluda And Shakes,150,4.3,Desserts,28.713,77.126,Locality (matched)
175026,Sector 6 Rohini,Delhi,Pawan Vaishno Dhaba,150,3.7,North Indian,28.71,77.118,Locality (matched)
175054,Kurla,Mumbai,Giani'S,200,4.5,"Ice Cream,Desserts,Beverages",19.0728,72.8826,Locality (matched)
175131,West Marredpally,Hyderabad,Magic On Tongue,200,4.2,North Indian  Rajasthani  Sweets  Chaat  Indian  Snacks  Street Food  Home Food,17.446,78.5,Locality (matched)
175788,Ponniammanmedu,Chennai,Muhil Soup,200,4.3,"Snacks,Indian,Chinese",13.13,80.198,Locality (matched)
176159,Ghatkopar East,Mumbai,Then & Now,400,4.2,"Continental,Mexican,Italian",19.0857,72.9083,Locality (matched)
176243,Paschim Vihar,Delhi,The Cake Mistri,450,2.9,"Snacks,Indian",28.6692,77.1013,Locality (matched)
176737,Naranpura,Ahmedabad,Anand Bhajipav & Pulav (Ankurwala),200,4,"Fast Food,Chinese,Punjabi,South Indian,Snacks",23.048,72.558,Locality (matched)
177233,Athwa,Surat,Go Italy,250,2.9,"Italian,Fast Food,Pizzas,Burmese,Mexican,Thalis,Combo",21.178,72.793,Locality (matched)
177234,Adajan,Surat,Trishiv Chinese Corner,200,4.1,"Chinese,Fast Food,Street Food,Pan-Asian,Asian",21.196,72.78,Locality (matched)
177558,Ghatkopar West,Mumbai,Khichdi The Global Food,400,2.9,"Indian,Punjabi",19.0864,72.9047,Locality (matched)
177925,Shalimar Bagh,Delhi,Shravana Cafe,300,3.6,"South Indian,Chinese",28.71,77.158,Locality (matched)
180310,Lake Town,Kolkata,Urban Masala,500,4.3,"Indian,Chinese,Continental,Italian,Tandoor",22.605,88.395,Locality (matched)
180333,Kankaria,Ahmedabad,P.Bhagat Tarachand,400,2.9,North Indian,22.997,72.606,Locality (matched)
180348,Navrangpura,Ahmedabad,Mleko,200,3.5,"Cafe,Desserts,Beverages,Continental,Pizzas,Italian-American,Pastas,Mexican,Snacks",23.0365,72.561,Locality (matched)
180509,Andheri East,Mumbai,Smoodies,140,4.2,"Snacks,Healthy Food,Juices,Beverages,Desserts",19.1136,72.8697,Locality (matched)
181374,Ghatkopar East,Mumbai,Sweet Secret,500,2.9,"Bakery,Desserts",19.0857,72.9083,Locality (matched)
183297,Narolgam,Ahmedabad,Shree Ram Khana Khajana,250,4.1,"Punjabi,Chinese,South Indian",22.97,72.628,Locality (matched)
183305,Khadia,Ahmedabad,Manek Sandwich & Pizza,300,4.3,Fast Food,23.023,72.594,Locality (matched)
183789,Begumpet,Hyderabad,Bakingo,300,4.2,Bakery  Desserts  Beverages  Snacks,17.44,78.465,Locality (matched)
184584,Gokhalenagar,Pune,Banglore Iyanger Bakery,200,2.9,"Bakery,Desserts",18.529,73.828,Locality (matched)
184704,Ghatkopar East,Mumbai,Dairy Don,200,4.8,"Desserts,Beverages",19.0857,72.9083,Locality (matched)
185579,Adajan,Surat,Lucky Pav Bhaji,200,2.9,Fast Food,21.196,72.78,Locality (matched)
186503,Indiranagar,Bangalore,Habibi Falafel,300,4.3,"Arabian,Mediterranean,Lebanese,Fast Food,Middle Eastern",12.9719,77.6412,Locality (matched)
187314,Shivajinagar,Pune,Wich Wich,200,2.9,Fast Food,18.5308,73.8478,Locality (matched)
187356,Shyamal,Ahmedabad,Chennai Express,200,4,South Indian,23.033,72.515,Locality (matched)
188190,Shivajinagar,Pune,Gulp,200,4.9,"Beverages,Desserts,Fast Food",18.5308,73.8478,Locality (matched)
188571,Ghatkopar West,Mumbai,Dp'S Fast Food Centre,250,4,"South Indian,Chinese,Fast Food",19.0864,72.9047,Locality (matched)
189683,Santacruz East,Mumbai,Radha Krishna Sweets,200,4.2,"Sweets,Fast Food,Snacks",19.0822,72.8416,Locality (matched)
189872,Athwa,Surat,Lovely Pavbhaji & Dosa,110,2.9,"Fast Food,Snacks",21.178,72.793,Locality (matched)
190142,Jayanagar,Bangalore,Ashok Vattika,400,3.6,"North Indian,Chinese,Tandoor,Beverages,Desserts",12.925,77.5938,Locality (matched)
190571,Anna Nagar,Chennai,Shri Gowri Krishnaa,200,4.5,"South Indian,North Indian,Chinese",13.085,80.2101,Locality (matched)
190780,Nalgonda,Hyderabad,Suprabhat Tiffins.,300,4.2,South Indian  North Indian,17.385,78.4867,City-level (approximate fallback)
191644,Gidc Naroda,Ahmedabad,Chandravilas Corner,150,2.9,"Gujarati,Fast Food",23.073,72.647,Locality (matched)
191686,Nana Varachha,Surat,Akshar Fast Food,200,3.5,"Fast Food,Chinese",21.22,72.838,Locality (matched)
191797,Gulbai Tekra,Ahmedabad,Chai Sutta Bar,400,2.9,"Street Food,Cafe,Snacks",23.033,72.554,Locality (matched)
192057,Swargate,Pune,Malhar,200,2.9,"Ice Cream,Italian,South Indian",18.5008,73.8586,Locality (matched)
192058,Lake Town,Kolkata,Sai Jalpan Junction-Lake Town,200,4.4,"Snacks,South Indian",22.605,88.395,Locality (matched)
193493,Sector 10 Rohini,Delhi,Haldiram'S,350,4.3,"Sweets,North Indian",28.72,77.115,Locality (matched)
193930,Annanagar East,Chennai,The Cane Station,150,4.6,Juices,13.087,80.22,Locality (matched)
194256,Paldi,Ahmedabad,Karnavati Snacks,200,2.9,"Snacks,Italian,Beverages",23.013,72.562,Locality (matched)
194287,Vastrapur,Ahmedabad,New Prince Bhajipav Corner,300,4.1,"Fast Food,South Indian",23.039,72.529,Locality (matched)
194462,Naranpura,Ahmedabad,Prajapati Farali Khichdi Center,200,4.2,"Snacks,Chaat",23.048,72.558,Locality (matched)
194914,Ganga Dham,Pune,Rj'S Sandwich,100,2.9,"Beverages,Fast Food,Pizzas",18.465,73.86,Locality (matched)
195029,Behala,Kolkata,The Veg Dhaba,200,3.9,"Indian,Thalis",22.499,88.313,Locality (matched)
195188,Anand Nagar,Pune,House Of Chole Bhature And Parathas,200,3.7,Combo,18.5,73.86,Locality (matched)
195424,Seshadripuram,Bangalore,Havmor Ice Cream Havfun Parlour,200,4.2,"Ice Cream,Desserts",12.9924,77.5773,Locality (matched)
195580,Vesu,Surat,Sardar Ji Ka Dhaba,300,2.9,"North Indian,Punjabi",21.14,72.777,Locality (matched)
195656,Lake Town,Kolkata,Anand Food Corner,250,4.2,"Indian,Snacks,North Indian",22.605,88.395,Locality (matched)
195786,Langford Gardens,Bangalore,Lifetree,350,2.9,"Continental,Indian,Beverages,Desserts,Biryani",12.955,77.6023,Locality (matched)
195893,Jogupalya,Bangalore,Sri Krishna Nanda Gokula Veg,200,4.3,"South Indian,Chinese",12.9707,77.621,Locality (matched)
196811,Ellisbridge,Ahmedabad,Radhika'S Authentic South Indian Food,300,4.3,South Indian,23.023,72.568,Locality (matched)
196826,Maninagar,Ahmedabad,The Mohalla,250,4,"Pizzas,American,Fast Food,Snacks,Beverages,Combo",22.996,72.603,Locality (matched)
197009,Pulikeshi Nagar,Bangalore,Kunafa World,500,4.4,Middle Eastern,12.995,77.61,Locality (matched)
197238,Shankarapura,Bangalore,The Belgian Waffle Co.,200,4.5,"Desserts,Beverages",12.945,77.572,Locality (matched)
197766,Memnagar,Ahmedabad,Belgian Waffles,350,2.9,"Fast Food,Snacks,Desserts",23.049,72.547,Locality (matched)
198051,Sarthana,Surat,Green Foods,200,2.9,Indian,21.228,72.848,Locality (matched)
199229,Shivajinagar,Pune,Modern Cafe,300,4.3,"South Indian,North Indian",18.5308,73.8478,Locality (matched)
201120,Andheri East,Mumbai,Khichdi Paradise,300,4,"Home Food,Indian,North Indian,Beverages",19.1136,72.8697,Locality (matched)
201131,Santacruz East,Mumbai,Kripa Sagar Pure Veg Restaurant,150,3.6,"Fast Food,Beverages,North Indian,South Indian,Biryani,Chinese,Juices,Pizzas,Desserts,Sweets",19.0822,72.8416,Locality (matched)
201138,Andheri East,Mumbai,Maa Ki Khichdi,300,4,"Home Food,Indian,North Indian",19.1136,72.8697,Locality (matched)
201514,Kasba Peth,Pune,Chowpati Natural Kulfi,100,2.9,"Desserts,Ice Cream",18.517,73.857,Locality (matched)
201657,Kankurgachi,Kolkata,Falam,250,4.3,Juices  Salads  Ice Cream  Snacks,22.585,88.39,Locality (matched)
201877,Ghansi Bazaar,Hyderabad,Coffee Cream,200,4,"Beverages,Fast Food,Italian,Snacks",17.362,78.474,Locality (matched)
202836,Santacruz East,Mumbai,Hangout Cakes & More,150,4.2,Bakery,19.0822,72.8416,Locality (matched)
203053,Katargam,Surat,Dairy Don,120,4.5,"Beverages,Ice Cream",21.22,72.818,Locality (matched)
203251,Tagore Garden Extension,Delhi,Cake Factory,500,2.9,Bakery,28.642,77.093,Locality (matched)
203530,Vastrapur,Ahmedabad,Wtf! Pizza'S & Bar-Be-Que,250,4,"Fast Food,Italian,Pizzas,Jain",23.039,72.529,Locality (matched)
203770,Satellite,Ahmedabad,7 Days,250,2.9,Snacks,23.027,72.507,Locality (matched)
203887,Ashok Nagar,Bangalore,Chaatimes,150,4.4,"Chaat,Beverages",12.9843,77.5936,Locality (matched)
204243,Indiranagar,Bangalore,Halli Mane Rotti,200,4.1,South Indian,12.9719,77.6412,Locality (matched)
204348,Kilpauk,Chennai,Bombay Halwa House,500,4.4,"North Indian,Punjabi,Sindhi",13.085,80.241,Locality (matched)
204368,Vijayanagar,Bangalore,Durga Chats Club Road,100,3.6,"Chaat,Juices",12.9719,77.5372,Locality (matched)
204552,Shanti Nagar,Bangalore,Adithya Tiffin Centre,200,2.9,North Indian,12.9581,77.5993,Locality (matched)
204598,Jam Bagh,Hyderabad,Swathi Mess And Dhaba,200,3.9,"Biryani,Chinese,Hyderabadi,North Indian,Indian",17.386,78.478,Locality (matched)
204706,Jayanagar,Bangalore,New Shanti Upahar,200,4.4,South Indian,12.925,77.5938,Locality (matched)
204946,Narayan Peth,Pune,Khandesh Junction,200,3.8,"Maharashtrian,Punjabi,Beverages,Combo",18.514,73.853,Locality (matched)
205180,Himayatnagar,Hyderabad,Masala Republic,500,4.1,"Continental,North Indian",17.4008,78.4813,Locality (matched)
205488,Gopipura,Surat,Jay Jalaram Thali,130,3.5,"Thalis,Punjabi,Gujarati,Combo,Chinese,North Indian,Mughlai,Biryani",21.19,72.828,Locality (matched)
205813,Ashok Nagar,Bangalore,Paakashala,500,4.3,"South Indian,North Indian,Chinese",12.9843,77.5936,Locality (matched)
206481,Kurla,Mumbai,Mojza Moments With Cake,150,4.2,"Desserts,Bakery,Fast Food",19.0728,72.8826,Locality (matched)
207415,Andheri East,Mumbai,Desi Desserts,400,2.9,Desserts,19.1136,72.8697,Locality (matched)
207634,Lake Town,Kolkata,Sgf - Spice Grill Flame,250,4,"North Indian,Fast Food,Chinese",22.605,88.395,Locality (matched)
207963,Vyasarpadi,Chennai,Pranav Chats,150,3.3,Chaat,13.116,80.247,Locality (matched)
207982,Navrangpura,Ahmedabad,Riviera Restaurant,400,4,"North Indian,Chinese,Continental",23.0365,72.561,Locality (matched)
208017,Naranpura,Ahmedabad,Alma Of Aliments,100,2.9,"Fast Food,Indian",23.048,72.558,Locality (matched)
208617,Mg Road,Kolkata,Gupta Brothers The Abarkhabo Shoppe,250,4.4,Indian,22.581,88.356,Locality (matched)
209038,Aundh,Pune,Desi Flavours,200,2.9,"Fast Food,Desserts,Ice Cream,Beverages",18.559,73.808,Locality (matched)
209143,Chickpet,Bangalore,Lassi Shop,200,2.9,"Juices,Fast Food",12.9698,77.5806,Locality (matched)
209158,Kavadiguda,Hyderabad,Sri Mohans Chat,150,4.1,"Beverages,Chaat,Fast Food,Juices,North Indian",17.406,78.497,Locality (matched)
209379,Begampura,Surat,Shree Kheteswar Mithaiwala,200,4.2,Sweets,21.198,72.825,Locality (matched)
209690,Ghatkopar East,Mumbai,Bhagat Tarachand,300,4.1,North Indian,19.0857,72.9083,Locality (matched)
209838,Memnagar,Ahmedabad,Paratha Hai Ji,300,4.2,Indian,23.049,72.547,Locality (matched)
210033,Memnagar,Ahmedabad,Bol De Bowl,300,2.9,Fast Food,23.049,72.547,Locality (matched)
210035,Chembur,Mumbai,Au Naturel Popsicle,200,2.9,"Desserts,Healthy Food,Ice Cream",19.0522,72.9006,Locality (matched)
211245,Sion,Mumbai,Tortaa Cake Shop,500,2.9,"Bakery,Desserts",19.0448,72.8619,Locality (matched)
211283,Tagore Garden Extension,Delhi,Cake 24Ghante,500,2.9,Bakery,28.642,77.093,Locality (matched)
213337,Kavadiguda,Hyderabad,Veerji Ka Dhaba,200,4.1,North Indian,17.406,78.497,Locality (matched)
213355,Isanpur,Ahmedabad,Udipi Darshini,300,3.6,Indian,22.97,72.61,Locality (matched)
213575,Kuber Nagar,Ahmedabad,Sai Baba Idli Dhosa Center,200,4.1,South Indian,23.073,72.618,Locality (matched)
213931,University Area,Ahmedabad,Huber & Holly,350,4.3,"Pizzas,Pastas,Beverages,Desserts,Ice Cream",23.033,72.545,Locality (matched)
214166,Malleshwaram,Bangalore,Asha Food Camp,250,4.5,"Indian,Beverages,Biryani,Chinese,Desserts,Ice Cream,Juices,Tandoor,North Indian,Street Food,Chaat,South Indian",13.0035,77.5647,Locality (matched)
215012,Vishala,Ahmedabad,Shakti - The Sandwich Shop - Vishala,300,4.4,"Pizzas,Combo",22.985,72.556,Locality (matched)
215357,Kavadiguda,Hyderabad,Aamantran - Mithaaii,200,3.7,"Chaat,Snacks,Bakery,Sweets",17.406,78.497,Locality (matched)
215453,Srirampura,Bangalore,Maggi Mane,200,4.3,"Beverages,Fast Food,Italian",12.9979,77.5735,Locality (matched)
216061,Ghatkopar East,Mumbai,Laxman'S Om Vada Pav,100,4.4,"Fast Food,Snacks",19.0857,72.9083,Locality (matched)
216229,Ambawadi,Ahmedabad,Urban Foods Ambawadi,250,2.6,"Chinese,North Indian,Punjabi",23.027,72.549,Locality (matched)
216561,Lake Town,Kolkata,Him Cream,100,2.9,Ice Cream,22.605,88.395,Locality (matched)
216894,Tri Nagar,Delhi,M.K. Chinese Food,450,2.9,Chinese,28.68,77.167,Locality (matched)
217306,Athwa Gate,Surat,Hotel Priya,300,4.3,"South Indian,Punjabi,North Indian,Thalis,Combo",21.183,72.798,Locality (matched)
217351,Athwa,Surat,Santushti Shakes & More,150,4.3,"Beverages,Desserts,Ice Cream",21.178,72.793,Locality (matched)
218244,Powai,Mumbai,R Bhagat Tarrachand,300,4.2,"North Indian,Mughlai,Street Food,Biryani,Home Food,Kebabs,Punjabi,Sindhi",19.1176,72.906,Locality (matched)
218579,Egmore,Chennai,Sri Krishna Sweets,200,4.4,"Sweets,Snacks,Street Food",13.0732,80.2609,Locality (matched)
219321,Santosh Nagar,Hyderabad,Balaji Mithai Wala & Chat,150,4,Sweets,17.36,78.498,Locality (matched)
219356,Gultekdi,Pune,Squisito Cafe Italiano,250,4.3,"Beverages,Desserts,Pastas",18.488,73.867,Locality (matched)
219460,Ashok Nagar,Bangalore,Go Native,600,4.2,"Healthy Food,Jain,North Indian,South Indian",12.9843,77.5936,Locality (matched)
219602,Punjagutta,Hyderabad,Arya Bhavan Pure Veg,200,4.2,Indian,17.4256,78.453,Locality (matched)
219834,Varachha,Surat,Everything @99,150,3.5,"Thalis,Punjabi,North Indian,Biryani",21.214,72.842,Locality (matched)
219909,Swargate,Pune,Nanumal Bhojraj Sweets,350,2.9,Sweets,18.5008,73.8586,Locality (matched)
219920,Chembur,Mumbai,Pan World Cafe,100,4.4,Paan,19.0522,72.9006,Locality (matched)
220162,Rohini,Delhi,The Pizza Point,250,2.9,"Chinese,Pastas,Pizzas",28.7041,77.1025,Locality (matched)
220829,Thousand Lights,Chennai,Old Mercara,650,4.4,Ice Cream,13.0569,80.254,Locality (matched)
221197,Udhna,Surat,Nv Fastfood,150,4,"Fast Food,North Indian,Chinese,South Indian,Snacks,Pizzas",21.15,72.828,Locality (matched)
221964,Ballygunge,Kolkata,Kurry Patta,250,4.5,"Chinese,North Indian,South Indian",22.528,88.366,Locality (matched)
221975,Isanpur,Ahmedabad,Rudra Fast Food,150,2.9,"Fast Food,Pizzas",22.97,72.61,Locality (matched)
222053,Himayatnagar,Hyderabad,Stikstof,500,2.9,Ice Cream,17.4008,78.4813,Locality (matched)
222381,Rani Gunj,Hyderabad,Aashirvad Tiffins,200,4.2,South Indian  Fast Food  Chinese  Snacks  Juices,17.396,78.499,Locality (matched)
223313,Andheri East,Mumbai,Dil Se Dalia,250,2.9,Fast Food  North Indian,19.1136,72.8697,Locality (matched)
224293,Vastrapur,Ahmedabad,Cake Eggless,600,4.4,"Desserts,Fast Food",23.039,72.529,Locality (matched)
224303,Purasawalkam,Chennai,Lassi Junction Purasawalkam,300,4.1,"Beverages,Juices,Fast Food,Snacks,Desserts",13.085,80.254,Locality (matched)
224326,Jodhpur Village,Ahmedabad,The Swad,200,4,"Thalis,Punjabi,Gujarati,North Indian,Chinese,Combo,Desserts",23.026,72.522,Locality (matched)
225492,Mahadev Nagar Tekra,Ahmedabad,Momos'S World,150,2.9,Chinese,23.0225,72.5714,City-level (approximate fallback)
225792,Sector 1 Rohini,Delhi,Cake Studio-100% Veg,99,3.8,"Bakery,Chinese,Snacks,Desserts",28.716,77.095,Locality (matched)
225926,Rustampura,Surat,Raj Food Corner,200,3.4,"Beverages,Fast Food",21.195,72.81,Locality (matched)
226813,Isanpur,Ahmedabad,Nagar Fast Food,150,4.5,Fast Food,22.97,72.61,Locality (matched)
227152,Chembur,Mumbai,Shree Vishnu Hotel,250,4.4,"Indian,Thalis",19.0522,72.9006,Locality (matched)
227157,Jorabagan,Kolkata,Foody Junction,150,3.7,Home Food  North Indian,22.588,88.356,Locality (matched)
227235,Sector 8 Rohini,Delhi,Fruitarian - Fruit Salads,200,4.2,"Healthy Food,Salads,Ice Cream,Beverages,Juices,Navratri Special,North Indian,Snacks",28.713,77.126,Locality (matched)
227974,Tarnaka,Hyderabad,Ssv -Tiffin'S And Snacks,149,4.3,South Indian  Snacks  Combo,17.426,78.534,Locality (matched)
228308,Old Malakpet,Hyderabad,Kekiz Cake Shop,100,3.6,Bakery,17.3735,78.498,Locality (matched)
228725,Tarnaka,Hyderabad,Sudarshan Reddy Pure Ghee Sweets,200,4.4,Desserts  Sweets,17.426,78.534,Locality (matched)
229063,Kothrud,Pune,Caramella'S,400,2.9,"Desserts,Bakery",18.5074,73.8077,Locality (matched)
229581,Chembur,Mumbai,Annapurna Meals,250,4.1,North Indian  Sindhi  Punjabi  Thalis,19.0522,72.9006,Locality (matched)
229687,Rohini,Delhi,The Crispy Bites,400,3.9,Fast Food,28.7041,77.1025,Locality (matched)
230143,Vasanth Nagar,Bangalore,The Food Corner,150,4.5,"Chinese,North Indian",12.9899,77.5926,Locality (matched)
230452,Ellisbridge,Ahmedabad,Cia Chinese In Ahmedabad,250,2.4,Chinese,23.023,72.568,Locality (matched)
230802,Behala,Kolkata,The Combo King (Pure Veg),200,4,North Indian,22.499,88.313,Locality (matched)
230804,Behala,Kolkata,Amber - Veg Food Delivery,250,4,"North Indian,Thalis",22.499,88.313,Locality (matched)
231224,Navrangpura,Ahmedabad,Vadilal Ice Creams,300,2.9,"Hyderabadi,Indian",23.0365,72.561,Locality (matched)
231373,Raja Bazar,Kolkata,Janta Sweets,200,4.1,"Desserts,Sweets",22.582,88.367,Locality (matched)
231770,Shanti Nagar,Bangalore,Rj 19 Cafe,200,2.9,North Indian,12.9581,77.5993,Locality (matched)
231777,Shanti Nagar,Bangalore,Dadi Di Rasoi,200,3.7,North Indian,12.9581,77.5993,Locality (matched)
231794,Shanti Nagar,Bangalore,Paratha House,200,2.9,North Indian,12.9581,77.5993,Locality (matched)
231795,Shanti Nagar,Bangalore,Salasar Balaji Restaurant,200,2.9,North Indian,12.9581,77.5993,Locality (matched)
232321,Behala,Kolkata,Agarwal'S Vegetarian,250,4.2,"Street Food,North Indian,Chinese,South Indian,Fast Food",22.499,88.313,Locality (matched)
232393,West Mambalam,Chennai,Sre Bakya Fast Food,250,4.2,"South Indian,North Indian,Biryani,Chinese,Tandoor,Snacks,Beverages,Combo",13.035,80.22,Locality (matched)
232602,Chickpet,Bangalore,Chetty'S Corner,200,4,Fast Food,12.9698,77.5806,Locality (matched)
233108,Rohini,Delhi,Vaishno Punjabi Dhaba,300,4.5,North Indian,28.7041,77.1025,Locality (matched)
233403,Vesu,Surat,Madras Dhosa Center,200,4.4,South Indian,21.14,72.777,Locality (matched)
235488,Chamrajpet,Bangalore,Sri Sai Cafe,150,4.3,Fast Food,12.9573,77.5677,Locality (matched)
235505,Ellisbridge,Ahmedabad,Puffizza,700,4.2,"Pizzas,Italian,Fast Food",23.023,72.568,Locality (matched)
236430,Vastrapur,Ahmedabad,Kilos - By Food On Way,150,4.2,"North Indian,Punjabi,Thalis,Salads,Beverages,Chinese,Combo,Tandoor",23.039,72.529,Locality (matched)
237103,Bhowanipore,Kolkata,The Flaming Bowl,1000,4.1,"Chinese,Thai,Japanese,Burmese,North Indian",22.527,88.345,Locality (matched)
237691,Rohini,Delhi,Bablu Best Bakers,250,3.5,"Bakery,Desserts",28.7041,77.1025,Locality (matched)
238268,Teynampet,Chennai,Cream Stone,300,4.6,"Ice Cream,Desserts,Beverages",13.0418,80.254,Locality (matched)
238578,West Marredpally,Hyderabad,The Starter,250,4.4,Chaat  Street Food  Beverages  Home Food  Salads  Snacks,17.446,78.5,Locality (matched)
239232,Ghatkopar East,Mumbai,Inox,400,2.9,Fast Food,19.0857,72.9083,Locality (matched)
239536,Baguihati,Kolkata,Nisha'S Veg Kitchen,300,4.4,"Indian,Rajasthani,Punjabi,Thalis,Desserts,Beverages",22.612,88.418,Locality (matched)
239676,Kilpauk,Chennai,Swaad Punjab Ka,500,4.1,"Punjabi,North Indian",13.085,80.241,Locality (matched)
240497,Budh Vihar,Delhi,Pandit Ji Ke Paranthe,300,3.3,Indian,28.716,77.085,Locality (matched)
241328,Gulbai Tekra,Ahmedabad,1441 Pizzeria,400,4.3,"Italian,Pizzas,Pastas,Fast Food,Desserts,Beverages",23.033,72.554,Locality (matched)
241674,Vastrapur,Ahmedabad,The Healthy Stove,200,3.8,"North Indian,Healthy Food,Salads,Chinese,Thalis,Fast Food,Street Food,Beverages,Biryani,Continental,Punjabi,Italian,Gujarati",23.039,72.529,Locality (matched)
241787,Shivajinagar,Pune,Chirp Cafe,400,4.4,"Beverages,Chinese,Indian,Italian,Pizzas",18.5308,73.8478,Locality (matched)
241788,Shivajinagar,Pune,Khichdi Express,200,4.6,"Healthy Food,Home Food,Desserts",18.5308,73.8478,Locality (matched)
241997,Santacruz East,Mumbai,Youzhi - By Stove,400,2.9,"Asian,Pan-Asian,Chinese,Beverages,Desserts",19.0822,72.8416,Locality (matched)
242130,Wanowrie,Pune,Dum Biryani,300,2.9,Maharashtrian,18.4934,73.889,Locality (matched)
242154,Ashok Nagar,Bangalore,Quattro,1000,2.9,"Italian,Mexican,Pizzas,Pastas",12.9843,77.5936,Locality (matched)
242720,Mylapore,Chennai,Mani Sri Saastha Kitchen,250,2.9,Indian,13.0339,80.2695,Locality (matched)
243711,Modi Colony,Pune,Cafe Chokolade,120,4.7,"Desserts,Ice Cream",18.5,73.876,Locality (matched)
244078,Gokhalenagar,Pune,Ganpat Sweets,100,4.6,"Indian,Snacks",18.529,73.828,Locality (matched)
244883,Kothapet,Hyderabad,Nic Natural Ice Creams,120,4.5,Ice Cream  Desserts,17.3745,78.531,Locality (matched)
246047,Jayanagar,Bangalore,Parimala Sweets,200,2.9,"Snacks,Sweets",12.925,77.5938,Locality (matched)
247094,Srirampura,Bangalore,Geet'S Kitchen,199,2.9,"North Indian,South Indian",12.9979,77.5735,Locality (matched)
247097,Powai,Mumbai,Damodar Kulfiwala,150,2.9,"Desserts,Ice Cream",19.1176,72.906,Locality (matched)
247275,Santacruz East,Mumbai,Shreenath Sweets Snacks And Farsan,150,4.1,"Desserts,Snacks,Sweets",19.0822,72.8416,Locality (matched)
247601,Beleghata,Kolkata,John'S Bakery,100,4.1,Bakery,22.562,88.39,Locality (matched)
247659,Narayanguda,Hyderabad,Jenny'S Brownies,300,3.2,"Desserts,Beverages",17.4013,78.4913,Locality (matched)
248929,Navrangpura,Ahmedabad,Swad-E-Punjab,300,4.3,"North Indian,Punjabi,Thalis,Combo,Gujarati",23.0365,72.561,Locality (matched)
248965,Kothrud,Pune,Singh Saab,200,4,"Indian,Snacks,Punjabi,Street Food,Desserts,Beverages",18.5074,73.8077,Locality (matched)
249765,Bhowanipore,Kolkata,Noodle Chef,350,4,"Chinese,Fast Food",22.527,88.345,Locality (matched)
249774,Shivaji Nagar,Pune,Crazysizzlers,600,2.9,"Pastas,Pizzas,Continental,Chinese,Thai",18.5308,73.8478,Locality (matched)
249968,Sector 11 Rohini,Delhi,Dhruv'S Kitchen,250,2.9,Indian,28.718,77.11,Locality (matched)
250455,Koyambedu,Chennai,Dosa Kadai - Since 1989,150,4.1,"South Indian,North Indian",13.07,80.196,Locality (matched)
250461,Barabazar Market,Kolkata,Satvik,250,2.9,Indian,22.572,88.351,Locality (matched)
250575,Himayatnagar,Hyderabad,A Bleu Basil,700,4.1,Indian,17.4008,78.4813,Locality (matched)
251329,Khairtabad,Hyderabad,Babai Express,200,3.7,Snacks  South Indian  Telangana,17.411,78.462,Locality (matched)
251566,Ghatkopar East,Mumbai,Say Cheese,250,4.1,"Fast Food,Snacks,Italian,Chinese,Pizzas,Combo",19.0857,72.9083,Locality (matched)
251601,Kodambakkam,Chennai,Shakes And Desserts,200,3.9,"Ice Cream,Juices,North Indian,Salads",13.05,80.2241,Locality (matched)
252614,Paschim Vihar,Delhi,Nic Natural Ice Creams,120,4.5,"Ice Cream,Desserts",28.6692,77.1013,Locality (matched)
253380,Mylapore,Chennai,Nei Idly Sambar,200,3.8,South Indian,13.0339,80.2695,Locality (matched)
253424,Prashant Vihar Rohini,Delhi,Spice N Curry,300,3.9,"Chinese,North Indian",28.705,77.135,Locality (matched)
253593,Gultekdi,Pune,Shreeji Pure Veg,300,4.1,"North Indian,South Indian,Chinese",18.488,73.867,Locality (matched)
253822,Santacruz East,Mumbai,Sandwich Plus,200,2.9,Fast Food,19.0822,72.8416,Locality (matched)
253828,Santacruz East,Mumbai,French Fries Fusion,200,2.9,Fast Food,19.0822,72.8416,Locality (matched)
253871,Lake Town,Kolkata,Idly Aunty,250,4,South Indian,22.605,88.395,Locality (matched)
254041,Vishal Nagar,Surat,La Pino'Z Pizza,300,4.3,"Pizzas,Italian,Snacks,Desserts,Beverages",21.2,72.85,Locality (matched)
255436,Koramangala,Bangalore,Chaat Street,200,4.2,"Fast Food,Snacks,Chaat,Street Food,Beverages,Combo,North Indian,Indian,Maharashtrian,Rajasthani",12.9352,77.6245,Locality (matched)
255789,Rajajinagar,Bangalore,Great Indian Khichdi,200,4.2,"Indian,Home Food,Healthy Food,Snacks",12.9905,77.5554,Locality (matched)
255996,Chembur,Mumbai,Feast Cakes And Bakes,500,2.9,Bakery,19.0522,72.9006,Locality (matched)
256660,Bharthana,Surat,Kwality Walls Frozen Dessert & Ice Cream Shop,100,4.6,"Desserts,Ice Cream",21.15,72.77,Locality (matched)
257452,Kondhwa Budruk,Pune,Drunken Shake,100,2.9,Beverages,18.457,73.899,Locality (matched)
257810,Santacruz,Mumbai,Great Indian Khichdi,200,4.4,Indian  Home Food  Healthy Food  Snacks,19.0822,72.8416,Locality (matched)
258189,Rohini,Delhi,Great Indian Khichdi,200,4.3,"Indian,Home Food,Healthy Food,Snacks",28.7041,77.1025,Locality (matched)
258598,Saki Naka,Mumbai,Fresh Meals Company,300,3.8,"North Indian,Home Food",19.1073,72.8873,Locality (matched)
258721,Karve Nagar,Pune,Cloud Khichdi,250,4.1,"North Indian,Punjabi,Maharashtrian,Gujarati",18.49,73.8163,Locality (matched)
259466,Gandhi Nagar,Chennai,Chennai Creams,200,2.9,Indian,13.008,80.257,Locality (matched)
259810,Banjara Hills,Hyderabad,Govi'S Organic Foods,300,4.7,Sweets  Desserts  Snacks  Home Food  Indian,17.4156,78.4347,Locality (matched)
260124,Mylapore,Chennai,Inox,400,2.9,Fast Food,13.0339,80.2695,Locality (matched)
260136,Banjara Hills,Hyderabad,Inox,400,2.9,Fast Food,17.4156,78.4347,Locality (matched)
260175,Kachiguda,Hyderabad,Lassi Corner,150,4.1,"Hyderabadi,Desserts,Fast Food",17.3843,78.5013,Locality (matched)
260510,Pitam Pura,Delhi,Kwality Walls Frozen Dessert & Ice Cream Shop,100,4.6,"Desserts,Ice Cream",28.6942,77.131,Locality (matched)
260791,Erandwane,Pune,Sundae Everyday Ice Creams,200,4.2,"Ice Cream,Desserts",18.5089,73.83,Locality (matched)
260964,Himayatnagar,Hyderabad,Fruitfull,150,4.2,Healthy Food,17.4008,78.4813,Locality (matched)
261161,Camp,Pune,The Brooklyn Creamery - The Healthy Ice Cream,200,2.9,"Desserts,Ice Cream",18.5122,73.879,Locality (matched)
261259,Santacruz East,Mumbai,Juhu Chaatwala,200,2.9,Fast Food,19.0822,72.8416,Locality (matched)
261729,Himayatnagar,Hyderabad,The Belgian Waffle Co.,200,4.4,"Desserts,Beverages",17.4008,78.4813,Locality (matched)
263204,Purasaiwakkam,Chennai,The Greenhouse Barbecue,900,4.2,Barbecue,13.085,80.254,Locality (matched)
263572,Rohini,Delhi,Pure Veg Meals By Lunchbox,200,2.9,"North Indian,Desserts,Biryani",28.7041,77.1025,Locality (matched)
263590,Santacruz East,Mumbai,Pure Veg Meals By Lunchbox,200,3.9,"North Indian,Desserts,Biryani",19.0822,72.8416,Locality (matched)
263632,Shaniwar Peth,Pune,Pure Veg Meals By Lunchbox,200,2.9,"North Indian,Desserts,Biryani",18.517,73.85,Locality (matched)
263677,Ellisbridge,Ahmedabad,Pure Veg Meals By Lunchbox,200,2.9,"North Indian,Desserts,Biryani",23.023,72.568,Locality (matched)
263833,Purasaiwakkam,Chennai,Pure Veg Meals By Lunchbox,200,3.5,"North Indian,Desserts,Biryani",13.085,80.254,Locality (matched)
263841,Abids & Koti,Hyderabad,Pure Veg Meals By Lunchbox,200,4.2,North Indian  Desserts  Biryani,17.387,78.477,Locality (matched)
263962,Navrangpura,Ahmedabad,Apsara Ice Creams,150,4.6,"Ice Cream,Desserts",23.0365,72.561,Locality (matched)
264137,Ameerpet,Hyderabad,Scoops Ameerpet,250,2.9,Ice Cream  Desserts  Beverages,17.4374,78.4487,Locality (matched)
264937,Ghatkopar East,Mumbai,Chat Chaska,100,2.9,Chaat,19.0857,72.9083,Locality (matched)
266271,Nungambakkam,Chennai,Moo It,200,2.9,"Desserts,Ice Cream,Juices",13.0569,80.2425,Locality (matched)
267206,Rohini,Delhi,Super India Restaurant,300,2.9,North Indian,28.7041,77.1025,Locality (matched)
267734,Memnagar,Ahmedabad,Lassi Ghar,100,4.1,Beverages,23.049,72.547,Locality (matched)
268334,Kilpauk,Chennai,Gosip,200,4.2,"Italian,Fast Food,Beverages",13.085,80.241,Locality (matched)
270045,Navrangpura,Ahmedabad,Hotel Cosmopolitan - Coriander,500,2.9,"North Indian,Chinese",23.0365,72.561,Locality (matched)
270067,Ellisbridge,Ahmedabad,Mexicano By The Bay - Cafe,500,2.9,Mexican,23.023,72.568,Locality (matched)
271760,East Kolkata Township,Kolkata,Pabrai'S Fresh And Naturelle Ice Creams,200,4.8,Ice Cream,22.535,88.415,Locality (matched)
273543,Koramangala,Bangalore,Grand Vaishno Dhaba,200,2.9,North Indian,12.9352,77.6245,Locality (matched)
274015,Ellisbridge,Ahmedabad,Wagh Bakri Tea Lounge,500,2.9,"Beverages,Fast Food",23.023,72.568,Locality (matched)
276110,Kalighat,Kolkata,Adi Sree Hari Mistanna Bhandar,100,4.5,"Sweets,Desserts,Combo,Snacks",22.519,88.342,Locality (matched)
276890,Kothrud,Pune,Sri Krishna Aanand Bhavan,200,4.4,"Indian,Snacks,Beverages",18.5074,73.8077,Locality (matched)
277174,Shukrawar Peth,Pune,Bapat Upahar Gruha,200,3.7,Indian,18.515,73.85,Locality (matched)
277399,Chembur,Mumbai,Dessert Cloud - Chembur,150,4.3,"Desserts,Beverages",19.0522,72.9006,Locality (matched)
279826,Paschim Vihar,Delhi,Shudh Vaishno Shanker Dhaba,300,4.2,North Indian,28.6692,77.1013,Locality (matched)
283324,Kilpauk,Chennai,Jalsa,500,2.9,"Chaat,Beverages",13.085,80.241,Locality (matched)
284045,Memnagar,Ahmedabad,Jalaram Parotha House - Townhallwala,200,3.7,"Fast Food,Indian",23.049,72.547,Locality (matched)
284758,Santacruz East,Mumbai,Oriental Pure Veg,300,2.9,Chinese,19.0822,72.8416,Locality (matched)
285177,Sion,Mumbai,Poojari Pav	Bhaji,150,4,Fast Food,19.0448,72.8619,Locality (matched)
285642,Malleshwaram,Bangalore,Ganesh Dharshini,100,4.3,South Indian,13.0035,77.5647,Locality (matched)
286573,Narotam Nagar,Surat,Apsara Ice Creams,150,4.4,"Ice Cream,Desserts",21.175,72.805,Locality (matched)
286775,Vastrapur,Ahmedabad,The Shake.Com,200,2.9,Beverages,23.039,72.529,Locality (matched)
286810,Vastrapur,Ahmedabad,Jassi De Parathe,650,4.4,North Indian,23.039,72.529,Locality (matched)
287313,Ghod Dod Road,Surat,Mealwale,250,4.1,North Indian,21.178,72.795,Locality (matched)
288605,Nava Vadaj,Ahmedabad,Kutchi Fast Food,200,4.1,Fast Food,23.057,72.576,Locality (matched)
288656,Anna Nagar,Chennai,A1 Chips Anna Nagar,200,4.4,"Snacks,Sweets",13.085,80.2101,Locality (matched)
289548,Malleshwaram,Bangalore,New Agarwal Bhavan,150,4.2,"Bakery,Sweets,Snacks",13.0035,77.5647,Locality (matched)
289974,Andheri East,Mumbai,Fast Food Corner - Tejal'S Kitchen,250,2.9,"Fast Food,Continental",19.1136,72.8697,Locality (matched)
290397,Nana Varachha,Surat,Icecream House,80,3.4,"Ice Cream,Beverages,Desserts",21.22,72.838,Locality (matched)
290843,Bhowanipore,Kolkata,Dosa Coffee,350,4.4,South Indian,22.527,88.345,Locality (matched)
291259,Andheri East,Mumbai,Sweet Bengal,150,4.5,Sweets  Indian  Snacks  Desserts,19.1136,72.8697,Locality (matched)
291308,Ameerpet,Hyderabad,Hd Restaurant,150,3.5,South Indian  Chinese  Fast Food  Desserts  Beverages,17.4374,78.4487,Locality (matched)
291742,Thousand Lights,Chennai,It'S Waffle Time,300,2.9,Cafe,13.0569,80.254,Locality (matched)
291769,Ellisbridge,Ahmedabad,Tealogy,150,2.9,"Fast Food,Beverages",23.023,72.568,Locality (matched)
292062,Deccan Gymkhana,Pune,Wagh Bakri Tea Lounge,500,2.9,Fast Food,18.5162,73.8397,Locality (matched)
292289,Alwarpet,Chennai,Gogo Desi,250,2.9,Indian,13.0339,80.254,Locality (matched)
292974,Abids,Hyderabad,Famous Ice Cream,150,4.3,Ice Cream,17.3915,78.4756,Locality (matched)
292984,Bidhannagar,Kolkata,Saffron,300,4.3,"North Indian,Mughlai,Beverages",22.585,88.418,Locality (matched)
293369,Basheer Bagh,Hyderabad,Italian Express,350,3.4,"Italian,Mongolian,Jain",17.4001,78.474,Locality (matched)
293795,Maninagar,Ahmedabad,Sainath Sandwich & Pizza,200,4.3,"Pizzas,Fast Food,Continental",22.996,72.603,Locality (matched)
293863,Kilpauk,Chennai,Desi-Fied,250,2.9,"Italian,Chinese,Indian",13.085,80.241,Locality (matched)
293883,Choolaimedu,Chennai,Roti Aur Paratha,250,4.4,North Indian,13.064,80.228,Locality (matched)
293884,Old Washermanpet,Chennai,Hotel Sandeep,250,4.3,Indian,13.114,80.282,Locality (matched)
293892,Choolaimedu,Chennai,Parvathi Rasoi,250,4.1,Indian,13.064,80.228,Locality (matched)
293906,Choolaimedu,Chennai,Bistro Mylapore,250,2.9,"Chinese,Mexican",13.064,80.228,Locality (matched)
293909,Choolaimedu,Chennai,3 V'S Bistro,250,2.9,"Pizzas,Fast Food",13.064,80.228,Locality (matched)
294181,Choolaimedu,Chennai,Rice And Curry,250,2.9,"Indian,Chinese",13.064,80.228,Locality (matched)
294371,Salt Lake,Kolkata,7Th Heaven,300,4.5,Bakery  Desserts  Snacks  Beverages  Waffle,22.585,88.418,Locality (matched)
294586,Vastrapur,Ahmedabad,The Paratha Project,200,3.2,"North Indian,Punjabi,Snacks",23.039,72.529,Locality (matched)
294750,Behala,Kolkata,Mirch Masala (The Veg Hub ),200,2.9,Indian,22.499,88.313,Locality (matched)
294866,Sion,Mumbai,Bombay Popsicles,200,2.9,Ice Cream,19.0448,72.8619,Locality (matched)
295048,Behala,Kolkata,Indian Express (Veg),300,3.5,North Indian,22.499,88.313,Locality (matched)
295057,Behala,Kolkata,Rajdhani-The	Veg	Junction,200,4,Indian,22.499,88.313,Locality (matched)
295493,Vastrapur,Ahmedabad,Cake Jsk Live Cake,600,3.2,Bakery,23.039,72.529,Locality (matched)
295581,Chickpet,Bangalore,Southly Healthy,200,3.6,"South Indian,Healthy Food",12.9698,77.5806,Locality (matched)
295657,Parvati Paytha,Pune,Abhi'S Kitchen,250,4,"Chinese,Beverages",18.493,73.846,Locality (matched)
296067,Egmore,Chennai,Delhi Highway,300,4.7,Indian,13.0732,80.2609,Locality (matched)
296218,Basavanagudi,Bangalore,Hotel Dwarka,200,4.4,South Indian,12.9422,77.576,Locality (matched)
296417,Koti,Hyderabad,Shree Lalla Dhaba,350,4.1,North Indian,17.3833,78.4794,Locality (matched)
296776,Chamrajpet,Bangalore,Swaad Kutirra,500,2.9,South Indian,12.9573,77.5677,Locality (matched)
296965,Santacruz East,Mumbai,Sai Krupa Sandwiches & Snacks Centre,200,4.3,"Fast Food,Snacks",19.0822,72.8416,Locality (matched)
297078,Chembur,Mumbai,Tastings,300,2.9,"Bakery,Indian",19.0522,72.9006,Locality (matched)
297449,Navrangpura,Ahmedabad,Mocha Cafe,400,2.9,"Beverages,Snacks",23.0365,72.561,Locality (matched)
298095,Vastrapur,Ahmedabad,Meal Express - A Brand By The Healthy Stove,300,3.6,"North Indian,Chinese,Gujarati,Thalis,Navratri Special,Biryani,Indian,Beverages,Healthy Food,Combo",23.039,72.529,Locality (matched)
299060,Kothrud,Pune,Mumma'S Food,300,2.9,"Indian,Sweets",18.5074,73.8077,Locality (matched)
299957,Bhowanipore,Kolkata,The Chutney Co.,400,4.4,South Indian,22.527,88.345,Locality (matched)
300033,Egmore,Chennai,Pind,550,4.4,"Mughlai,North Indian,Chinese",13.0732,80.2609,Locality (matched)
300315,Rohini,Delhi,Fresh Juice And Shakes,200,2.9,Juices,28.7041,77.1025,Locality (matched)
301744,Andheri East,Mumbai,Havmor Icecream,250,4.4,Desserts  Bakery  Ice Cream,19.1136,72.8697,Locality (matched)
303068,Kankurgachi,Kolkata,Baskin Robbins,250,4.4,Desserts  Ice Cream,22.585,88.39,Locality (matched)
303166,Jayanagar - 3Rd Block,Bangalore,Sri Udupi Food Hub,199,4.3,"South Indian,North Indian,Indian,Chinese,Fast Food,Combo,Chaat,Ice Cream,Desserts,Beverages",12.925,77.5938,Locality (substring match: 'jayanagar')
303169,Kilpauk,Chennai,Modo,600,4.4,"North Indian,Chinese,Indian,Jain,Biryani,Desserts,Beverages,Italian,Pastas,Continental,Thai,Mediterranean,Pan-Asian",13.085,80.241,Locality (matched)
303719,Erandwane,Pune,The Waffle Jar,200,3.8,"Bakery,Desserts,Ice Cream",18.5089,73.83,Locality (matched)
303951,Chembur,Mumbai,C Square Chat Cafe,200,4,"Chaat,Snacks,Fast Food",19.0522,72.9006,Locality (matched)
303956,Erandwane,Pune,Shakes +,300,3.7,"Beverages,Desserts",18.5089,73.83,Locality (matched)
305129,Amarpalli,Kolkata,Chaurasia Pan Shop,100,4.4,Paan,22.5726,88.3639,City-level (approximate fallback)
305332,Paikpara,Kolkata,Pet Puja,250,3.6,Rajasthani  Indian  Bengali,22.61,88.368,Locality (matched)
306955,Nana Varachha,Surat,Moonlight Creamery,60,2.9,"Ice Cream,Desserts,Beverages,Snacks",21.22,72.838,Locality (matched)
307143,Vastrapur,Ahmedabad,Bread Box Sandesh Press,200,2.9,"Fast Food,Indian",23.039,72.529,Locality (matched)
307206,Bidhannagar,Kolkata,Dreeam Waffles And Shakes,200,2.9,"Beverages,Desserts",22.585,88.418,Locality (matched)
308380,Malleshwaram,Bangalore,Sri Rajarajeshwari Iyer Mess,200,4.4,South Indian,13.0035,77.5647,Locality (matched)
308538,Indiranagar,Bangalore,Sri Udupi Vaibhav,199,4.5,"South Indian,North Indian,Chinese",12.9719,77.6412,Locality (matched)
308707,Banjara Hills,Hyderabad,Krispy Kreme,170,4.3,Desserts  Beverages,17.4156,78.4347,Locality (matched)
308809,Behala,Kolkata,Kakkad,200,3.9,North Indian,22.499,88.313,Locality (matched)
308914,Kachiguda,Hyderabad,Cake Affair,400,2.9,Bakery,17.3843,78.5013,Locality (matched)
309054,Park Street Area,Kolkata,Little Roti,400,4.4,"Indian,South Indian,North Indian",22.552,88.352,Locality (matched)
310357,Navrangpura,Ahmedabad,New Mumbai Fresh Vadapav,200,2.9,Indian,23.0365,72.561,Locality (matched)
310367,Vastrapur,Ahmedabad,Urban Foodie,200,3.9,"Fast Food,Snacks,Italian",23.039,72.529,Locality (matched)
310435,Navrangpura,Ahmedabad,Bread Box,200,2.9,Pizzas,23.0365,72.561,Locality (matched)
310948,Ghatkopar East,Mumbai,Achija,200,4.1,"Fast Food,Snacks",19.0857,72.9083,Locality (matched)
311052,Old Washermanpet,Chennai,Frozen World,200,2.9,Ice Cream,13.114,80.282,Locality (matched)
312213,Bidhannagar,Kolkata,Port 15,1000,4.2,"Chinese,Tandoor,Continental",22.585,88.418,Locality (matched)
312443,Navrangpura,Ahmedabad,Shri Shayona Dairy,200,2.9,Indian,23.0365,72.561,Locality (matched)
312796,Kilpauk,Chennai,Tcf - Twinchester Foods,200,2.9,"Chinese,Snacks",13.085,80.241,Locality (matched)
312835,Andheri East,Mumbai,Greens Pure Veg Restaurant,500,2.9,"North Indian,South Indian,Chinese,Fast Food",19.1136,72.8697,Locality (matched)
312884,Banjara Hills,Hyderabad,Sundae Everyday Ice Cream,200,3.9,"Desserts,Ice Cream",17.4156,78.4347,Locality (matched)
312965,Egmore,Chennai,Havmor Havfunn,200,4.4,"Ice Cream,Ice Cream Cakes,Desserts",13.0732,80.2609,Locality (matched)
313030,Koramangala,Bangalore,Milkshake Memories By Gudbud,250,2.9,Beverages,12.9352,77.6245,Locality (matched)
313392,Parvat Patiya,Surat,Hotel Maruti,250,4.2,"Punjabi,Chinese,Fast Food,Rajasthani,Gujarati,Juices,Home Food,Sweets,Snacks,Indian,North Indian,Beverages",21.185,72.857,Locality (matched)
314426,Rohini,Delhi,Natural Ice Cream,150,4.4,Ice Cream,28.7041,77.1025,Locality (matched)
314456,Kothrud,Pune,Cakes N Cakes,200,3.8,"Bakery,Desserts",18.5074,73.8077,Locality (matched)
314717,Taltala,Kolkata,Giani'S,250,2.9,"Ice Cream,Desserts,Beverages",22.562,88.358,Locality (matched)
315333,George Town,Chennai,Howdy Chennai,200,3.7,"Indian,Fast Food,Snacks,Beverages",13.094,80.287,Locality (matched)
316132,Barabazar Market,Kolkata,Bhikharam Chandmal - Burrabazar,300,4.7,Snacks  Sweets,22.572,88.351,Locality (matched)
316581,Nanpura,Surat,Nic Natural Ice Creams,120,4.7,"Ice Cream,Desserts",21.19,72.814,Locality (matched)
316632,Rohini,Delhi,Saravana South Indian Cafe,150,3.9,"South Indian,Chinese",28.7041,77.1025,Locality (matched)
316896,Piplod,Surat,Kaapi & More,200,2.9,South Indian,21.166,72.777,Locality (matched)
317997,Shanti Nagar,Bangalore,Sri Udupi Grand Veg,250,4.1,"Beverages,North Indian,South Indian",12.9581,77.5993,Locality (matched)
319644,Ellisbridge,Ahmedabad,Harmony Resto Cafe,300,3.9,"Fast Food,Snacks,Beverages",23.023,72.568,Locality (matched)
320006,Begumpet,Hyderabad,Retro Junks,150,4.6,Snacks,17.44,78.465,Locality (matched)
320656,Memnagar,Ahmedabad,Kaapi & More,200,2.9,South Indian,23.049,72.547,Locality (matched)
321086,Maninagar,Ahmedabad,Bread Meal - Fast Food Corner,150,3.9,"Pizzas,Italian-American,Indian,Snacks,Combo,Fast Food",22.996,72.603,Locality (matched)
321121,Baguihati,Kolkata,Amma'S Pure Veg,250,3.6,"Indian,Rajasthani,Punjabi,Thalis,Desserts,Beverages",22.612,88.418,Locality (matched)
321807,Basavanagudi,Bangalore,Creams & Bites,200,5,Ice Cream,12.9422,77.576,Locality (matched)
321831,Matunga,Mumbai,99 Pankcakes,300,4.1,Desserts  Beverages  Pizzas,19.027,72.848,Locality (matched)
321962,Lake Town,Kolkata,Kusum'S Kitchen,400,3.4,Indian,22.605,88.395,Locality (matched)
321967,Rohini,Delhi,Cake.Com,250,2.9,"Desserts,Bakery",28.7041,77.1025,Locality (matched)
322179,Ashok Nagar,Bangalore,Bowlss Of Bliss,150,2.9,"Ice Cream,Healthy Food,American,Desserts,Beverages,Keto",12.9843,77.5936,Locality (matched)
322203,Chembur,Mumbai,Manis Cafe,200,4.5,South Indian,19.0522,72.9006,Locality (matched)
322309,Rohini,Delhi,Kayansh Foods,250,2.9,"North Indian,Thalis,Combo",28.7041,77.1025,Locality (matched)
322877,Ghatkopar East,Mumbai,Sunil Sandwich And Gaurav Juice Centre,200,4.3,Fast Food,19.0857,72.9083,Locality (matched)
323244,Santacruz East,Mumbai,Fast Food Corner By Tejal'S Kitchen,400,2.9,"Fast Food,Continental",19.0822,72.8416,Locality (matched)
323298,Ashok Nagar,Bangalore,Cold Stone Creamery,200,4,"Ice Cream,Desserts,Beverages",12.9843,77.5936,Locality (matched)
323332,Sanjay Nagar,Surat,Hotel Shyam,200,3.7,"Punjabi,Rajasthani,Gujarati,Thalis,Chinese,Home Food,Desserts,Sweets,Snacks,Indian,North Indian,Beverages",21.19,72.858,Locality (matched)
324194,Santacruz East,Mumbai,Tejal'S Kitchen,400,4.4,"Gujarati,Rajasthani,Jain",19.0822,72.8416,Locality (matched)
324199,Bidhannagar,Kolkata,Tiffin Express,200,4,Indian,22.585,88.418,Locality (matched)
324615,East Kolkata Township,Kolkata,Snack Shack By Chatar Patar,200,4.4,"Snacks,Chaat,Fast Food,Cafe,Beverages,Pastas,Indian,Healthy Food",22.535,88.415,Locality (matched)
325490,Anna Nagar West,Chennai,Dessert Addiction,299,4.4,"Desserts,Ice Cream",13.087,80.197,Locality (matched)
326125,Jayanagar,Bangalore,Davanagere Benne Dose,120,4.1,South Indian,12.925,77.5938,Locality (matched)
326266,Kalyan Nagar X Roads,Hyderabad,Gelatica Gelato - Ice Cream & Sorbet The Finest,200,4.5,Ice Cream  Desserts,17.385,78.4867,City-level (approximate fallback)
326404,Mitul Square Piplod,Surat,Bake Master,200,3.8,"Pizzas,American,Italian,Fast Food,Snacks",21.166,72.777,Locality (substring match: 'piplod')
327732,Shankarapura,Bangalore,Foodism.In,300,2.9,"Home Food,North Indian,Biryani,Thalis,Beverages,Chinese,Healthy Food,Indian,Combo",12.945,77.572,Locality (matched)
327847,Navrangpura,Ahmedabad,Nic Natural Ice Creams,120,4.6,"Ice Cream,Desserts",23.0365,72.561,Locality (matched)
328134,Santacruz East,Mumbai,Sandwizzaa,250,4.6,Fast Food,19.0822,72.8416,Locality (matched)
328148,Gurukul,Ahmedabad,Sandwich Boxx,250,3.7,"Street Food,Fast Food",23.043,72.528,Locality (matched)
328323,Malleshwaram,Bangalore,Swathi Restaurant,300,4.3,Indian,13.0035,77.5647,Locality (matched)
329070,Abids,Hyderabad,Kamath Hotel,200,4.4,South Indian,17.3915,78.4756,Locality (matched)
329353,Khokhra,Ahmedabad,Kolhapuri Missal Pav,200,2.9,"Maharashtrian,South Indian,Fast Food",23.018,72.612,Locality (matched)
329598,Tiljala,Kolkata,Phuchka King,100,3,Chaat,22.53,88.387,Locality (matched)
329704,Egmore,Chennai,Sandwich Town,200,2.9,Snacks,13.0732,80.2609,Locality (matched)
329710,Egmore,Chennai,Thickshake Town,200,2.9,Juices,13.0732,80.2609,Locality (matched)
329847,Kodambakkam,Chennai,Mahaganapathy Cafe,200,4.3,"Indian,Chinese,South Indian",13.05,80.2241,Locality (matched)
331126,Lake Town,Kolkata,Rasoi Jalpan,200,4.4,Indian,22.605,88.395,Locality (matched)
331889,Maninagar,Ahmedabad,Pizza Gram,200,2.9,"Pizzas,Indian",22.996,72.603,Locality (matched)
332460,Ashok Nagar,Bangalore,Happy Buddha,450,2.9,"Chinese,Oriental",12.9843,77.5936,Locality (matched)
332709,Piplod,Surat,Followers Food Factory-F3,200,2.9,"Snacks,Chinese,Continental",21.166,72.777,Locality (matched)
333038,Topsia,Kolkata,Cake N Cooki,300,2.9,Bakery,22.541,88.383,Locality (matched)
334023,Ellisbridge,Ahmedabad,Danny'S Coffee Bar,500,3.6,Fast Food,23.023,72.568,Locality (matched)
334030,Satellite,Ahmedabad,D And C Frankie,400,2.9,Snacks,23.027,72.507,Locality (matched)
334172,Shanti Nagar,Bangalore,Rajasthani Dhaba,200,3.8,North Indian,12.9581,77.5993,Locality (matched)
334347,Bidhannagar,Kolkata,Frozen Bottle,250,4.1,"Beverages,Ice Cream,Desserts",22.585,88.418,Locality (matched)
335325,Abids,Hyderabad,Natural Ice Cream,150,4.3,Ice Cream,17.3915,78.4756,Locality (matched)
335655,Mohammed Wadi,Pune,La Kheer Deli,150,2.9,Desserts,18.46,73.92,Locality (matched)
336063,Banjara Hills,Hyderabad,Haldirams,200,4.3,"Snacks,Indian",17.4156,78.4347,Locality (matched)
336065,Karkhana,Hyderabad,Haldirams,250,4.3,Indian  Fast Food,17.447,78.5,Locality (matched)
336517,Athwa,Surat,Go Punjab,300,2.9,"Punjabi,North Indian,Combo,Thalis",21.178,72.793,Locality (matched)
337008,Padma Nagar Colony,Hyderabad,Mjr Pan Shop,100,4.2,"Paan,Indian",17.385,78.4867,City-level (approximate fallback)
337668,Tagore Garden Extension,Delhi,Cake World,300,2.9,"Desserts,Snacks,Continental",28.642,77.093,Locality (matched)
338103,Rohini,Delhi,Shree Vaishno Rasoi,250,4.3,"Tandoor,Chinese,Biryani",28.7041,77.1025,Locality (matched)
338386,Vastral,Ahmedabad,Shree Atalji Khana Khajana,200,3.9,North Indian,22.99,72.658,Locality (matched)
338685,Bidhannagar,Kolkata,So Southy,300,4,"South Indian,Jain,Desserts,Beverages",22.585,88.418,Locality (matched)
339560,Santacruz East,Mumbai,Burma Burma,1000,4.6,"Asian,Burmese",19.0822,72.8416,Locality (matched)
339637,New Alipore,Kolkata,Muah Fuchka,300,3.9,Indian,22.51,88.332,Locality (matched)
339770,Umarwada,Surat,Swaminarayan Khichdi,200,2.9,"North Indian,Juices,Combo",21.205,72.833,Locality (matched)
340197,Tagore Garden Extension,Delhi,Murthal Xpress,250,3.8,"North Indian,Chaat,Thalis,Tandoor,Indian,Desserts",28.642,77.093,Locality (matched)
340288,Karve Nagar,Pune,Coffee Booth,200,4.4,Beverages,18.49,73.8163,Locality (matched)
340451,Central Bangalore,Bangalore,Thalis  Bowls & More,300,2.9,"Pizzas,North Indian,American,Thalis,Beverages,Combo,Punjabi",12.9767,77.5993,Locality (matched)
340615,Central Kolkata,Kolkata,Bhimnag'S Brother Sreenath Nag,200,4.1,Indian,22.57,88.355,Locality (matched)
341033,Rithala Rohini,Delhi,Bakingo,300,4.3,"Bakery,Desserts,Beverages,Snacks",28.722,77.107,Locality (matched)
341078,Anna Nagar,Chennai,Bamboo Kitchen,400,4.2,"Chinese,Thai",13.085,80.2101,Locality (matched)
341232,Ellisbridge,Ahmedabad,London Yard Pizza,700,4,"Pizzas,American,Italian",23.023,72.568,Locality (matched)
341472,Rabindra Sarovar,Kolkata,The Spice Factory,250,3.4,"North Indian,Beverages",22.514,88.356,Locality (matched)
341805,Himayatnagar,Hyderabad,Cake L'Amore,200,4.1,"Bakery,Beverages,Desserts",17.4008,78.4813,Locality (matched)
341858,Kilpauk,Chennai,Vanakkam,100,2.9,"South Indian,Snacks",13.085,80.241,Locality (matched)
342025,Sion,Mumbai,Dessert Cloud - Sion,400,4.2,Desserts  Beverages,19.0448,72.8619,Locality (matched)
342719,Naroda,Ahmedabad,Cake Point,100,2.9,"Bakery,Desserts,Combo,Indian",23.073,72.647,Locality (matched)
342720,Naroda,Ahmedabad,Agarwal Cake & Bakery,100,2.9,"Bakery,Desserts,Combo,Indian",23.073,72.647,Locality (matched)
342744,Kuber Nagar,Ahmedabad,Cake Corner,100,2.9,"Bakery,Desserts,Combo,Indian",23.073,72.618,Locality (matched)
342814,Kuber Nagar,Ahmedabad,Cake Adda,100,2.9,"Bakery,Desserts,Combo,Indian",23.073,72.618,Locality (matched)
342909,Haltu,Kolkata,New Maa Kali South Indian Food Centre,400,3,South Indian,22.503,88.385,Locality (matched)
343565,Isanpur,Ahmedabad,Cake Corner,100,2.9,"Desserts,Bakery,Combo,Indian",22.97,72.61,Locality (matched)
343566,Kuber Nagar,Ahmedabad,Cake Adda,100,2.9,"Bakery,Desserts,Combo,Indian",23.073,72.618,Locality (matched)
343567,Kuber Nagar,Ahmedabad,Cake Walas,100,2.9,"Bakery,Desserts,Combo,Indian",23.073,72.618,Locality (matched)
343594,Rajajinagar,Bangalore,Sicilia Pont (Italian Restaurant ),300,4,"Pizzas,Italian,Desserts,Beverages,Fast Food,Snacks",12.9905,77.5554,Locality (matched)
343858,Kurla,Mumbai,Cake Corner & Bakery,100,2.9,"Bakery,Desserts,Combo,Indian",19.0728,72.8826,Locality (matched)
344757,New Alipore,Kolkata,Jyoti Sweets & Snacks,100,2.9,Sweets,22.51,88.332,Locality (matched)
345540,Egmore,Chennai,Munchberry,100,2.9,"Bakery,Indian,Snacks",13.0732,80.2609,Locality (matched)
345639,Kankurgachi,Kolkata,Tewari Confectioners Mithaiwala Pvt Ltd,150,4.4,Sweets  Chaat  Fast Food  Snacks,22.585,88.39,Locality (matched)
346078,Lake Town,Kolkata,The Red Asian,300,4.3,"Chinese,Combo,Continental,Fast Food,Snacks,Pastas,North Indian,Indian",22.605,88.395,Locality (matched)
346309,Isanpur,Ahmedabad,Cheeze Adda,400,2.9,North Indian,22.97,72.61,Locality (matched)
346529,Paldi,Ahmedabad,Star The Cake Shop,200,2.9,"Bakery,Desserts",23.013,72.562,Locality (matched)
347235,Kurla,Mumbai,Cake Corner,100,2.9,"Bakery,Desserts,Combo,Indian",19.0728,72.8826,Locality (matched)
347416,Egmore,Chennai,Tea Liteful,200,4.6,"Beverages,Snacks,Continental",13.0732,80.2609,Locality (matched)
347553,Gopalapuram,Chennai,Annavilasam Gourmet Veg,200,4.4,"South Indian,North Indian,Oriental,Snacks",13.045,80.257,Locality (matched)
347621,Athwa,Surat,La Pino'Z Pizza,300,4.3,"Pizzas,Italian,Snacks,Desserts,Beverages",21.178,72.793,Locality (matched)
348570,Mota Varachha,Surat,Bombay Grill,400,2.9,"Pizzas,Fast Food",21.228,72.846,Locality (matched)
349062,Periyamet,Chennai,Binge Pop,200,2.9,Continental,13.1,80.276,Locality (matched)
349173,Perambur,Chennai,Bon Appet-Eat,200,2.9,"Snacks,American,Beverages,Desserts",13.1155,80.234,Locality (matched)
349791,Navrangpura,Ahmedabad,Johnny Da Dhaba,200,2.9,"Indian,North Indian,Chinese",23.0365,72.561,Locality (matched)
349802,Bhowanipore,Kolkata,Dhaba Walla,300,3.1,"North Indian,Tandoor,Fast Food,Combo,Chinese",22.527,88.345,Locality (matched)
350979,Barabazar Market,Kolkata,Amritsari,300,4.2,"North Indian,Punjabi",22.572,88.351,Locality (matched)
351022,Old Washermanpet,Chennai,Hotel Shanmuga,200,2.9,South Indian,13.114,80.282,Locality (matched)
351123,Bandra East,Mumbai,Grameen Kulfi,120,4.4,"Ice Cream,Desserts",19.0596,72.841,Locality (matched)
351392,Chetpet,Chennai,Kailash Parbat,300,4.1,"Fast Food,North Indian,Street Food",13.07,80.244,Locality (matched)
352002,Vatva,Ahmedabad,Mom'S Boys Cafe,200,2.9,"Indian,Pizzas,Beverages",22.96,72.626,Locality (matched)
352546,Nanpura,Surat,Center Point -Gandhi Smruti,200,4.1,"Chinese,Pizzas,Continental,Indian,Street Food,Thalis",21.19,72.814,Locality (matched)
352561,Vastrapur,Ahmedabad,Bhog,200,2.9,"North Indian,Rajasthani,Chaat,Fast Food",23.039,72.529,Locality (matched)
353098,Rohini,Delhi,Cuoco,350,2.9,"Continental,Beverages,Italian,Fast Food",28.7041,77.1025,Locality (matched)
353575,Chembur,Mumbai,Keventers Ice Cream,300,3.9,Ice Cream  Desserts,19.0522,72.9006,Locality (matched)
354703,Saki Naka,Mumbai,Keventers Ice Cream,300,2.9,"Ice Cream,Desserts",19.1073,72.8873,Locality (matched)
354746,Kurla,Mumbai,Cake Factory,100,2.9,"Bakery,Desserts,Indian,Combo,Sweets",19.0728,72.8826,Locality (matched)
354753,Kurla,Mumbai,Bonjour Cakes,100,2.9,"Bakery,Indian,Desserts,Combo,Sweets",19.0728,72.8826,Locality (matched)
354754,Kurla,Mumbai,Cake Adda,100,2.9,"Indian,Bakery,Desserts,Combo,Sweets",19.0728,72.8826,Locality (matched)
354757,Kurla,Mumbai,Cake Paradise,100,2.9,"Indian,Bakery,Desserts,Combo,Sweets",19.0728,72.8826,Locality (matched)
355352,Paschim Vihar,Delhi,Grameen Kulfi,120,4.3,"Ice Cream,Desserts",28.6692,77.1013,Locality (matched)
355702,T Nagar,Chennai,Sugarcane Jks Shop,200,2.9,"Street Food,Indian,Beverages",13.0418,80.2341,Locality (matched)
355747,Narayanguda,Hyderabad,Grameen Kulfi,120,4.4,"Ice Cream,Desserts",17.4013,78.4913,Locality (matched)
355757,Kothapet,Hyderabad,Grameen Kulfi,120,4.5,Ice Cream  Desserts,17.3745,78.531,Locality (matched)
356195,Kurla,Mumbai,Cake Point,100,2.9,"Bakery,Desserts,Indian,Combo,Sweets",19.0728,72.8826,Locality (matched)
356218,Kurla,Mumbai,Cake Junction,100,2.9,"Bakery,Indian,Desserts,Combo,Sweets",19.0728,72.8826,Locality (matched)
356626,Rohini,Delhi,Chaap Kingdom,300,4.2,Indian,28.7041,77.1025,Locality (matched)
356688,Himayatnagar,Hyderabad,Baskin Robbins,300,4.5,"Desserts,Ice Cream",17.4008,78.4813,Locality (matched)
357948,Pitam Pura,Delhi,The Pizza Club,100,2.9,"Street Food,Chinese,Pizzas,Beverages",28.6942,77.131,Locality (matched)
359046,Armane Nagar,Bangalore,Kailash Parbat,300,4.2,"Fast Food,North Indian,Street Food",13.0104,77.5657,Locality (matched)
359299,Erandwane,Pune,Miana'S Croissanterie,200,4.5,Snacks,18.5089,73.83,Locality (matched)
359582,Sanjay Nagar,Surat,Hotel Shyam Darshan,200,2.9,"North Indian,Gujarati,Punjabi,Jain",21.19,72.858,Locality (matched)
359804,Nanpura,Surat,Grameen Kulfi,120,4.6,"Ice Cream,Desserts",21.19,72.814,Locality (matched)
361739,Kankurgachi,Kolkata,Cafe 324,250,4.3,Snacks  Desserts  Beverages,22.585,88.39,Locality (matched)
361957,Parvat Patiya,Surat,Dalbati,150,3.9,"Rajasthani,Indian",21.185,72.857,Locality (matched)
362084,Punjagutta,Hyderabad,Absolute Froot,150,2.9,Beverages,17.4256,78.453,Locality (matched)
363425,George Town,Chennai,Hotel Natarajah,270,4.4,"South Indian,Chinese,North Indian",13.094,80.287,Locality (matched)
363665,Naranpura,Ahmedabad,Prajapati Live Handvo And  Maggi,200,2.9,"Chinese,Fast Food,Pastas",23.048,72.558,Locality (matched)
363962,Pitam Pura,Delhi,Purple Forest.,300,2.9,"Bakery,Desserts",28.6942,77.131,Locality (matched)
365058,Ballygunge,Kolkata,Ramanee,400,4.5,South Indian,22.528,88.366,Locality (matched)
365814,Baguiati,Kolkata,Sri Jagannath - Special Khaja,200,4.6,"Sweets,Indian",22.612,88.418,Locality (matched)
365894,Himayatnagar,Hyderabad,Frozen Bottle,250,3.8,"Beverages,Ice Cream,Desserts",17.4008,78.4813,Locality (matched)
366167,Deccan Gymkhana,Pune,Haldiram,300,4.3,"Indian,Biryani,Fast Food,Snacks,Beverages,Sweets",18.5162,73.8397,Locality (matched)
366790,Jam Bagh,Hyderabad,Subbu Mirchi Point,100,4.1,"Street Food,Indian,Snacks",17.386,78.478,Locality (matched)
366833,Raja Annamalai Puram,Chennai,Delisix,250,3.9,"North Indian,Fast Food,Chaat",13.03,80.262,Locality (matched)
366890,Koramangala,Bangalore,Hokart - Special Hot Momos,150,4.3,"Fast Food,Street Food,Snacks,Chinese",12.9352,77.6245,Locality (matched)
366997,Dilsukhnagar,Hyderabad,Madhu Ruchi Pure Veg Restaurant,400,3.7,Chinese  Indian,17.3687,78.5247,Locality (matched)
367606,Golpark,Kolkata,Mishti Ghor,200,4.2,"Sweets,Combo,Desserts,Bengali,Bakery,Beverages",22.517,88.363,Locality (matched)
367659,Rohini,Delhi,The Brooklyn Creamery - Healthy Ice Cream,200,4.2,"Desserts,Ice Cream,Healthy Food",28.7041,77.1025,Locality (matched)
368340,Nava Vadaj,Ahmedabad,Patel Tiffin Service,200,4.1,"Street Food,Indian",23.057,72.576,Locality (matched)
368384,Chetpet,Chennai,Mayur Annalakshmi Sweets Savouries Spices,200,4.5,"South Indian,North Indian,Beverages",13.07,80.244,Locality (matched)
368709,South Kolkata,Kolkata,Gourmet Ice Cream Cakes By Baskin Robbins,200,4.3,Desserts  Ice Cream  Bakery,22.5,88.345,Locality (matched)
369130,Tagore Garden Extension,Delhi,Keshav Bakery,500,2.9,Bakery,28.642,77.093,Locality (matched)
369380,Central Bangalore,Bangalore,Gourmet Ice Cream Cakes By Baskin Robbins,400,2.9,"Desserts,Ice Cream,Bakery",12.9767,77.5993,Locality (matched)
369381,Himayath Nagar,Hyderabad,Gourmet Ice Cream Cakes By Baskin Robbins,300,2.9,"Desserts,Ice Cream,Bakery",17.4008,78.4813,Locality (matched)
369475,Rohini,Delhi,Baskin Robbins,250,3.8,"Desserts,Ice Cream",28.7041,77.1025,Locality (matched)
369558,Kankurgachi,Kolkata,Gourmet Ice Cream Cakes By Baskin Robbins,400,2.9,"Desserts,Ice Cream,Bakery",22.585,88.39,Locality (matched)
370701,Kurla,Mumbai,Birthday Party Cake Shop,500,2.9,"Bakery,Desserts",19.0728,72.8826,Locality (matched)
370908,Nsp,Delhi,Gourmet Ice Cream Cakes By Baskin Robbins,300,2.9,"Desserts,Ice Cream,Bakery",28.698,77.152,Locality (matched)
371659,T. Nagar,Chennai,Dosai With A Twist,250,2.9,Indian,13.0418,80.2341,Locality (matched)
371769,Shivajinagar,Pune,Keventers Ice Creamery,300,2.9,"Ice Cream,Desserts",18.5308,73.8478,Locality (matched)
371781,Rohini,Delhi,Keventers Ice Creamery,300,4.6,"Ice Cream,Desserts",28.7041,77.1025,Locality (matched)
371878,Rohini,Delhi,Haunted Kitchen,150,2.9,"Indian,Pizzas,Biryani,Beverages",28.7041,77.1025,Locality (matched)
371924,New Alipore,Kolkata,Banana Leaf @ Komala Vilas,500,4.4,"South Indian,Beverages",22.51,88.332,Locality (matched)
371935,Anna Nagar,Chennai,Mishra Pan Shop,300,4.6,Paan,13.085,80.2101,Locality (matched)
371987,Chembur,Mumbai,Tiger Tiger,400,2.9,Indian  Chinese  Italian,19.0522,72.9006,Locality (matched)
372444,Gulbai Tekra,Ahmedabad,New Girish Coldrinks,200,4.1,"Juices,Beverages,Desserts",23.033,72.554,Locality (matched)
372600,Ghatkopar,Mumbai,Cremeborne,300,4,Ice Cream  Beverages,19.0857,72.9083,Locality (matched)
373794,Basavanagudi,Bangalore,Bangarapet Bhel House,110,2.9,"Indian,Snacks,Beverages",12.9422,77.576,Locality (matched)
374574,Ghatkopar East,Mumbai,Seven Spices Fast Food,100,4.2,"Snacks,Fast Food,Indian,Chinese,Jain",19.0857,72.9083,Locality (matched)
375499,Patel Nagar,Surat,Svagruh Bhojan,250,2.9,"Fast Food,North Indian",21.185,72.825,Locality (matched)
375811,Nava Vadaj,Ahmedabad,Shreeji Sandwich Center,200,2.9,"Street Food,Indian,Fast Food",23.057,72.576,Locality (matched)
376271,Jayanagar,Bangalore,Nammur Joint,200,2.9,"Fast Food,Snacks,Beverages,Ice Cream",12.925,77.5938,Locality (matched)
376372,Navrangpura,Ahmedabad,Apnaa Addaa,200,2.9,"Snacks,Beverages",23.0365,72.561,Locality (matched)
376495,Kestopur,Kolkata,Punjabi By Taste,350,3.2,"North Indian,Street Food,Chaat,South Indian,Thalis,Desserts,Beverages,Snacks,Ice Cream,Chinese,Italian",22.602,88.426,Locality (matched)
376584,Usmanpura,Ahmedabad,Mukesh Nagar Cholafali Center,120,2.9,"Street Food,Snacks",23.048,72.572,Locality (matched)
377061,Central Kolkata,Kolkata,Keventers Ice Cream,300,4.6,"Ice Cream,Desserts",22.57,88.355,Locality (matched)
377381,Ghatkopar Vikhroli,Mumbai,Anhad Misal,200,3.8,"Street Food,Maharashtrian",19.098,72.925,Locality (matched)
377656,Piplod,Surat,Jalaram Chinese,150,2.9,"Chinese,Fast Food",21.166,72.777,Locality (matched)
377729,Athwa,Surat,Shree Chamunda Rajasthani Dalbati,250,2.9,"Indian,Chinese,Snacks",21.178,72.793,Locality (matched)
377930,Uppal,Hyderabad,Baskin Robbins,250,4,Desserts  Ice Cream,17.4062,78.559,Locality (matched)
378133,Ruby Area,Kolkata,Krazzy For Icecream Sundae,400,2.9,Desserts,22.514,88.398,Locality (matched)
378401,Paschim Vihar,Delhi,Sunny Bakery,400,3.9,"Bakery,Desserts",28.6692,77.1013,Locality (matched)
378601,Navrangpura,Ahmedabad,Baskin Robbins,250,3.7,"Desserts,Ice Cream",23.0365,72.561,Locality (matched)
378671,Alipore,Kolkata,Let'S Talk Momo,300,4.1,"Chinese,Fast Food",22.533,88.33,Locality (matched)
380230,Burrabazar,Kolkata,Break-Inn Cafe,250,2.9,Snacks  Beverages  Indian,22.572,88.351,Locality (matched)
380520,Basavanagudi,Bangalore,Yelneer Katte,130,3.4,Beverages,12.9422,77.576,Locality (matched)
381452,Indiranagar,Bangalore,Goli Vada Pav No .1,100,4.4,"Maharashtrian,North Indian,Fast Food,Street Food",12.9719,77.6412,Locality (matched)
381476,Nsp,Delhi,Kuremal Kulfi,200,2.9,"Desserts,Indian",28.698,77.152,Locality (matched)
381559,Prahlad Nagar,Ahmedabad,Momo Master,300,4,Chinese,23.011,72.506,Locality (matched)
381743,Lake Town,Kolkata,Sendha Namak,200,4.4,Healthy Food  Juices  Beverages  Snacks  Fast Food,22.605,88.395,Locality (matched)
382302,Naranpura,Ahmedabad,Tasteilla Snacks,100,2.9,"Snacks,Fast Food",23.048,72.558,Locality (matched)
382348,Kharkhana & Trimulgherry,Hyderabad,The Moringa,150,4.1,South Indian,17.465,78.505,Locality (matched)
382404,Indiranagar,Bangalore,Shanghai Social,300,2.9,Chinese,12.9719,77.6412,Locality (matched)
382460,Himayath Nagar,Hyderabad,Venkateshwara Fast Food,150,3.9,"Indian,Chinese,South Indian",17.4008,78.4813,Locality (matched)
382691,Camp,Pune,Gourmet Ice Cream Cakes By Baskin Robbins,250,2.9,"Desserts,Ice Cream,Bakery",18.5122,73.879,Locality (matched)
383657,Charminar,Hyderabad,Salasar Chat And Tiffin Centre,100,4.2,South Indian,17.3616,78.4747,Locality (matched)
383786,Kothrud,Pune,New Kalyan Bhel,150,4.4,"Chaat,Snacks,South Indian,Beverages",18.5074,73.8077,Locality (matched)
384217,Scruz Bandra East,Mumbai,Gourmet Ice Cream Cakes By Baskin Robbins,350,2.9,"Desserts,Ice Cream,Bakery",19.075,72.845,Locality (matched)
384612,Burrabazar,Kolkata,Baskin Robbins,250,4.5,"Desserts,Ice Cream",22.572,88.351,Locality (matched)
384883,Nallakunta & Vidyanagar,Hyderabad,Radhe Family Dhaba,300,2.9,"Indian,Chinese",17.402,78.4985,Locality (matched)
385368,Kalyani Nagar,Pune,Getawhey- Healthy Ice Cream,300,2.9,Ice Cream,18.5479,73.9014,Locality (matched)
385379,Chembur,Mumbai,Bangalore Iyangar S Bakery,200,4.7,"Bakery,Desserts",19.0522,72.9006,Locality (matched)
385443,Shivaji Nagar,Pune,Kirti,400,4.6,"Indian,Beverages",18.5308,73.8478,Locality (matched)
385466,Naranpura,Ahmedabad,Vaishnav Farali World,180,4.5,"Indian,Snacks",23.048,72.558,Locality (matched)
385470,Warje,Pune,Warje Vadapav Center,100,2.9,"North Indian,Fast Food,Maharashtrian",18.478,73.806,Locality (matched)
385585,Triplicane,Chennai,Aradhana,250,2.9,Indian,13.057,80.276,Locality (matched)
385768,Indiranagar,Bangalore,Laali Da Dhaba,300,2.9,Indian,12.9719,77.6412,Locality (matched)
385808,Malleshwaram,Bangalore,Vallari Roti And Snacks Ghar,250,4.4,Indian,13.0035,77.5647,Locality (matched)
386038,Dhanakawadi,Pune,Getawhey- Healthy Ice Cream,300,2.9,Ice Cream,18.457,73.847,Locality (matched)
386329,Perambur,Chennai,Snaack Master,200,2.9,"Continental,Snacks",13.1155,80.234,Locality (matched)
386452,Vastrapur,Ahmedabad,Dilkhush Dabeli King,100,2.9,"Snacks,Fast Food",23.039,72.529,Locality (matched)
386524,Burrabazar,Kolkata,Celebration,300,2.9,"Desserts,Bakery",22.572,88.351,Locality (matched)
386617,Powai,Mumbai,Jagnath Sweets And Dry Fruits,100,2.9,"Sweets,Snacks",19.1176,72.906,Locality (matched)
386721,Varachha,Surat,Juneberry Cheesecake,400,2.9,Fast Food,21.214,72.842,Locality (matched)
386983,Perambur,Chennai,Priya Veg Home Foods,150,4.3,Indian,13.1155,80.234,Locality (matched)
387248,Charminar,Hyderabad,Mohammedi Confectioners,150,3.5,"Sweets,Snacks",17.3616,78.4747,Locality (matched)
387861,Scruz Bandra East,Mumbai,Ruchika Food Sweets And Snacks Corner,250,2.9,"Indian,Chinese,Snacks",19.075,72.845,Locality (matched)
388268,Vikaspuri,Delhi,Aggarwal Sweets,200,3.8,"Snacks,Desserts",28.639,77.068,Locality (matched)
388314,Maninagar,Ahmedabad,Pjs Flavours Cafe,450,2.9,"Bakery,Desserts,Fast Food,Pizzas,Pastas,Beverages",22.996,72.603,Locality (matched)
388668,Burrabazar,Kolkata,Ganguram-Lal Bazar,100,4.4,Indian  Chinese,22.572,88.351,Locality (matched)
389187,Piplod,Surat,Moonstruck Coffee,500,2.9,Beverages,21.166,72.777,Locality (matched)
389234,Lake Town,Kolkata,Vdesi Addicts,350,2.9,Pastas,22.605,88.395,Locality (matched)
389482,Charminar,Hyderabad,Fancy Ice Cream,40,2.9,Ice Cream  Desserts,17.3616,78.4747,Locality (matched)
389725,Bibwewadi,Pune,55 Biryanis,300,2.9,Biryani,18.475,73.863,Locality (matched)
390426,Athwa,Surat,Dalbati Hub,200,2.9,Rajasthani,21.178,72.793,Locality (matched)
390512,Naranpura,Ahmedabad,Priti'S Kitchen,200,2.9,Snacks,23.048,72.558,Locality (matched)
390659,Somajiguda & Khairtabad,Hyderabad,Dostea,300,2.9,Beverages  Fast Food,17.417,78.46,Locality (matched)
390780,T Nagar,Chennai,Cocoa & Creme,300,2.9,Bakery,13.0418,80.2341,Locality (matched)
390792,Ameerpet,Hyderabad,Rayudu Juice Shop,120,4.8,Juices  Beverages  Ice Cream,17.4374,78.4487,Locality (matched)
390814,Shivaji Nagar,Pune,Icekraft,400,2.9,Desserts,18.5308,73.8478,Locality (matched)
390912,Begumpet,Hyderabad,Ice Cream Corner,200,2.9,Indian,17.44,78.465,Locality (matched)
391229,Chembur,Mumbai,The Juice Box,299,4.5,"Juices,Beverages",19.0522,72.9006,Locality (matched)
391274,T Nagar,Chennai,Benaras,300,4.3,"Chaat,Snacks,Fast Food,Beverages",13.0418,80.2341,Locality (matched)
391418,Marol Sakinaka,Mumbai,Chasity Cheesecake,350,2.9,"Desserts,Bakery",19.1073,72.8873,Locality (matched)
391508,Sinhgad Road,Pune,Maljis Saiba Farsan Bhelpuri Center,200,2.9,"Fast Food,Snacks",18.47,73.825,Locality (matched)
391571,Rohini,Delhi,The Paratha Company,200,3.4,North Indian,28.7041,77.1025,Locality (matched)
391618,Salt Lake,Kolkata,Gupta Tea,150,4.2,"Snacks,Beverages,Indian",22.585,88.418,Locality (matched)
391672,Sarthana,Surat,Laxmi Dhosa Centre,250,2.9,"South Indian,Chinese,Fast Food",21.228,72.848,Locality (matched)
391694,Frazer Town,Bangalore,Maheshwari Chaats Centre,99,2.9,"Chaat,Snacks",12.9967,77.6127,Locality (matched)
391698,Rohini,Delhi,Quick Tasty Bites,150,2.9,"Indian,Chinese,Pastas,Fast Food,Snacks",28.7041,77.1025,Locality (matched)
392108,Rajajinagar,Bangalore,Amul Ice-Cream Parlour,200,2.9,Ice Cream,12.9905,77.5554,Locality (matched)
392159,Somajiguda & Khairtabad,Hyderabad,Mahalaxmi Tiffin Centre,250,4.4,"South Indian,Snacks",17.417,78.46,Locality (matched)
392402,Kothrud,Pune,Mamta Dining Hall,260,2.9,Indian,18.5074,73.8077,Locality (matched)
393310,Lake Town,Kolkata,Bika,200,3.7,"Indian,Chinese,Fast Food,Continental,Street Food,Sweets",22.605,88.395,Locality (matched)
393326,Domlur,Bangalore,Sri Ganesha Fruit Juice Centre,100,2.9,"Juices,Beverages",12.961,77.6387,Locality (matched)
393500,Himayath Nagar,Hyderabad,Mast Kalandar  The Kitchen,300,3.8,North Indian,17.4008,78.4813,Locality (matched)
393942,Nallakunta & Vidyanagar,Hyderabad,Inti Ruchi,200,4.2,Indian,17.402,78.4985,Locality (matched)
394087,Charminar,Hyderabad,Italian Hub,250,2.9,"European,American,Chinese",17.3616,78.4747,Locality (matched)
394156,Prahlad Nagar,Ahmedabad,Gajananad Pauva House,300,4.2,"South Indian,Beverages",23.011,72.506,Locality (matched)
394204,Basavanagudi,Bangalore,Friendly Neighbourhood Pizza-Man Vv Puram,260,2.9,Pizzas,12.9422,77.576,Locality (matched)
394247,Kilpauk,Chennai,Friends Food Court,250,4,"South Indian,North Indian,Chaat,Chinese,Juices,Beverages",13.085,80.241,Locality (matched)
394400,Chandkheda,Ahmedabad,Tasteez Food,100,4.2,Indian,23.11,72.594,Locality (matched)
394541,Perambur,Chennai,A Plus Tea,100,2.9,Beverages,13.1155,80.234,Locality (matched)
395439,Adajan,Surat,Shree Kathiyawadi Khadki,250,4.3,"Gujarati,Thalis,North Indian,Rajasthani,Desserts,Punjabi",21.196,72.78,Locality (matched)
395519,Himayath Nagar,Hyderabad,Wahh Chaap,300,4.1,"North Indian,Biryani",17.4008,78.4813,Locality (matched)
395830,Rajajinagar,Bangalore,Swagat Restaurant,350,4.1,"Indian,Beverages,Ice Cream",12.9905,77.5554,Locality (matched)
395831,Prahlad Nagar,Ahmedabad,Jay Shree Krishna Fresh Fruit Juice Vegetable Juic,150,2.9,"Beverages,Juices",23.011,72.506,Locality (matched)
395848,Himayath Nagar,Hyderabad,Vinayak Tiffins,100,2.9,South Indian,17.4008,78.4813,Locality (matched)
395927,Hatibagan,Kolkata,Nic Natural Ice Creams,120,4.8,"Ice Cream,Desserts",22.594,88.367,Locality (matched)
395928,Hatibagan,Kolkata,Grameen Kulfi,120,4.6,"Ice Cream,Desserts",22.594,88.367,Locality (matched)
395985,Kothrud,Pune,Sukhkarta Pure Veg Dining Hall,640,4.2,North Indian,18.5074,73.8077,Locality (matched)
396077,Basavanagudi,Bangalore,Candy Cloud Factory,300,2.9,"Beverages,Desserts,Fast Food,Ice Cream",12.9422,77.576,Locality (matched)
396263,Ghatlodia,Ahmedabad,Masala Darbar Restaurant,250,2.9,"Indian,Chinese",23.062,72.539,Locality (matched)
396275,Kothapet & Dilsukhnagar,Hyderabad,The Country Wok,400,3.5,"Chinese,Beverages",17.37,78.528,Locality (matched)
396407,South Kolkata,Kolkata,Gopalas Pure Veg Multi-Cuisine Restaurant,300,4.4,Indian,22.5,88.345,Locality (matched)
396697,Adajan,Surat,Royal Schez,300,4.1,"Indian,Chinese,Fast Food,Thai,Chaat",21.196,72.78,Locality (matched)
396751,Shantinagar,Bangalore,Pure Veg Meals By Lunchbox,200,2.9,"North Indian,Desserts,Biryani",12.9581,77.5993,Locality (matched)
396843,Jadavpur,Kolkata,The Cheesecake Factory,500,4.3,"Chinese,Desserts,Continental,Tibetan",22.499,88.371,Locality (matched)
396935,Kailash Plaza,Mumbai,Ice Cream Works,300,2.9,"Ice Cream,Desserts",19.076,72.8777,City-level (approximate fallback)
397022,Rajouri Garden,Delhi,Hira Lal Paan,200,4.3,"Paan,Beverages,Waffle",28.6492,77.12,Locality (matched)
397171,Himayath Nagar,Hyderabad,Sunnys Chinese,350,3.5,Chinese,17.4008,78.4813,Locality (matched)
397397,Powai,Mumbai,Pawri Kitchen,400,4.5,"Indian,Continental,Pastas",19.1176,72.906,Locality (matched)
397492,Prahlad Nagar,Ahmedabad,Grab And Go,250,4.3,"Punjabi,Chinese,Continental",23.011,72.506,Locality (matched)
397744,Nsp,Delhi,Modern Caterers,300,4.2,"North Indian,Chinese,Snacks,Beverages,Punjabi",28.698,77.152,Locality (matched)
397913,Maninagar,Ahmedabad,Baked By Nini S,200,2.9,"Bakery,Desserts",22.996,72.603,Locality (matched)
397954,Rohini,Delhi,Cake All Time,200,2.9,"Bakery,Cafe",28.7041,77.1025,Locality (matched)
398030,Rajouri Garden,Delhi,Radha Swami Chaap Wala,300,2.9,"North Indian,Chinese,Tandoor",28.6492,77.12,Locality (matched)
398062,Basavanagudi,Bangalore,Manchurian Corner,300,2.9,Chinese,12.9422,77.576,Locality (matched)
398070,Basavanagudi,Bangalore,Jain And Veg Cuisines,300,3.6,"Indian,Jain,Beverages,Chinese",12.9422,77.576,Locality (matched)
398747,Malleshwaram,Bangalore,Sri Sai Ram Chats And Juice Centre,200,4.1,"Chaat,Snacks",13.0035,77.5647,Locality (matched)
399096,Mylapore,Chennai,Hotel Chaithra,100,4.2,"South Indian,Chinese",13.0339,80.2695,Locality (matched)
399576,Kondhwa,Pune,Jyoti Restaurant,200,4.1,"North Indian,South Indian,Beverages,Ice Cream,Chinese,Snacks",18.4633,73.893,Locality (matched)
399910,Indiranagar,Bangalore,Ministry Of Ice Creams,350,2.9,"Ice Cream,Desserts,Beverages",12.9719,77.6412,Locality (matched)
400357,Annanagar,Chennai,Kolambu Box,300,2.9,"Indian,Street Food,European",13.085,80.2101,Locality (matched)
400587,Santoshnagar & Saidabad,Hyderabad,Anu Tiffin Center,150,3.9,South Indian,17.354,78.51,Locality (matched)
400600,Matunga Wadala,Mumbai,The Batter Cake House,950,2.9,"Bakery,Desserts",19.022,72.855,Locality (matched)
400777,Rohini,Delhi,Tummy Full,150,2.9,Snacks,28.7041,77.1025,Locality (matched)
401051,Ameerpet,Hyderabad,Milap Pan Shop,100,4.5,Paan,17.4374,78.4487,Locality (matched)
401165,Kothapet & Dilsukhnagar,Hyderabad,Milkshakes Hub N More,300,2.9,Beverages,17.37,78.528,Locality (matched)
401306,George Town,Chennai,Guna Bhai Dosa,200,2.9,Indian,13.094,80.287,Locality (matched)
401571,Salt Lake,Kolkata,Starlight,350,2.9,Chinese  North Indian  Continental  Fast Food  Snacks,22.585,88.418,Locality (matched)
401645,Mogappair,Chennai,Havmor Havfunn,300,2.9,"Ice Cream,Indian",13.08,80.178,Locality (matched)
402069,Nallakunta & Vidyanagar,Hyderabad,Juice It Up,150,2.9,Chaat  Beverages  Juices,17.402,78.4985,Locality (matched)
402234,Naranpura,Ahmedabad,All In One  Food Point,250,2.9,"Snacks,Italian,Continental",23.048,72.558,Locality (matched)
402283,Sinhgad Road,Pune,Krishna Bikaner And Dry Fruits,250,2.9,Sweets,18.47,73.825,Locality (matched)
402702,Athwa,Surat,Gourmet Ice Cream Cakes By Baskin Robbins,200,2.9,"Desserts,Ice Cream,Bakery",21.178,72.793,Locality (matched)
402771,Salt Lake,Kolkata,Teekha,500,4.3,"Indian,Fast Food,Mexican,Continental,Beverages",22.585,88.418,Locality (matched)
403037,Royapuram,Chennai,Nic Natural Ice Creams,120,4.5,"Ice Cream,Desserts",13.113,80.294,Locality (matched)
403038,Royapuram,Chennai,Grameen Kulfi,120,2.9,"Ice Cream,Desserts",13.113,80.294,Locality (matched)
403229,Ruby Area,Kolkata,Sri Krishna Hot Chips,200,4.4,Indian  Fast Food,22.514,88.398,Locality (matched)
403318,Paldi & Ambawadi,Ahmedabad,Amazing Snacks,300,2.9,"Chinese,Beverages",23.02,72.5555,Locality (matched)
403775,Koramangala,Bangalore,Khamma Ghani Sa,500,4.6,"North Indian,Rajasthani",12.9352,77.6245,Locality (matched)
403893,Royapettah,Chennai,Fasta Pizza,200,2.9,"Pizzas,Beverages",13.0569,80.265,Locality (matched)
403909,Lake Town,Kolkata,Fries Before Guys,200,2.9,Beverages,22.605,88.395,Locality (matched)
404088,Jadavpur,Kolkata,Cfk,500,2.9,"Pizzas,Pastas,Fast Food",22.499,88.371,Locality (matched)
404454,Vastrapur,Ahmedabad,The Food Box,300,2.9,"Italian,Pizzas,Pastas",23.039,72.529,Locality (matched)
404496,Prashant Vihar,Delhi,Veer Ji Malai Chaap Wale  Prashant Vihar,200,3.6,"Indian,Tandoor",28.705,77.135,Locality (matched)
404781,Paschim Vihar,Delhi,Sayna Restaurant,150,2.9,North Indian,28.6692,77.1013,Locality (matched)
405127,Koramangala,Bangalore,Hokart - Soori Chaats,150,4.9,"Fast Food,Street Food,Snacks,Chaat",12.9352,77.6245,Locality (matched)
405152,Kothapet & Dilsukhnagar,Hyderabad,New Sai Kailash Dhaba,250,4.2,"Chinese,Biryani,Combo",17.37,78.528,Locality (matched)
405165,Sinhgad Road,Pune,Caramellas Cake Shop Navi Peth,100,2.9,Bakery,18.47,73.825,Locality (matched)
405313,Sion Bhakti Park,Mumbai,Akkad Bakkad Bombay Boom,250,4.5,"Snacks,Italian,Pizzas",19.043,72.868,Locality (matched)
405368,Jodhpur Cross Road,Ahmedabad,New German Waffles & Co,200,2.9,"Beverages,Desserts,Fast Food",23.026,72.522,Locality (matched)
405967,Isanpur,Ahmedabad,Puffing - The Live Puff,80,4.7,Indian,22.97,72.61,Locality (matched)
406185,Sarthana,Surat,Rasta One Nation,400,2.9,"Fast Food,Italian,Chinese,Beverages",21.228,72.848,Locality (matched)
406542,Vastrapur,Ahmedabad,Akkad Bakkad Bombay Boo,250,2.9,Fast Food,23.039,72.529,Locality (matched)
406713,Kondhwa,Pune,Lavaza Restaurant,225,2.9,"Fast Food,Indian,Beverages",18.4633,73.893,Locality (matched)
406926,Paldi & Ambawadi,Ahmedabad,Sale & Pepe Pizzeria Neapolitan,700,2.9,Italian,23.02,72.5555,Locality (matched)
406947,Scruz Bandra East,Mumbai,A -1 Panipuri Center,60,2.9,"Chaat,Snacks",19.075,72.845,Locality (matched)
407008,Nallakunta & Vidyanagar,Hyderabad,Polpat,300,2.9,Indian,17.402,78.4985,Locality (matched)
407058,Camp,Pune,Mayas Kitchen,199,4.2,"Indian,Salads",18.5122,73.879,Locality (matched)
407297,Vastrapur,Ahmedabad,Aesh Cafe,200,2.9,"Continental,Italian,Pizzas,Snacks",23.039,72.529,Locality (matched)
407616,Navrangpura,Ahmedabad,La Pinoz Pizza Navrangpura,250,4.2,"Pizzas,Italian,Snacks,Desserts,Beverages",23.0365,72.561,Locality (matched)
407703,Piplod,Surat,Italian Roots,250,2.9,"Italian,Pizzas,Snacks",21.166,72.777,Locality (matched)
407838,Ghatkopar Vikhroli,Mumbai,Mummas Yummy Bites,300,2.9,"Italian,Pizzas,Snacks",19.098,72.925,Locality (matched)
407889,Vastrapur,Ahmedabad,Chow Chow Asian Kitchen,250,2.9,Chinese,23.039,72.529,Locality (matched)
408241,Maninagar,Ahmedabad,Er. Momo'S,200,2.9,"Chinese,Fast Food,Beverages,Combo",22.996,72.603,Locality (matched)
408694,Wanowrie,Pune,Proper Pakoda,100,2.9,Snacks,18.4934,73.889,Locality (matched)
408751,Begumpet,Hyderabad,Vijju Ki Bandi,200,4,South Indian  Chaat  Sweets,17.44,78.465,Locality (matched)
408977,Santoshnagar & Saidabad,Hyderabad,Sri Sai Ram Darshini Tiffins And Meals,150,3.9,South Indian,17.354,78.51,Locality (matched)
409017,Ameerpet,Hyderabad,Shree Sweets And Naamkeen,499,2.9,Sweets,17.4374,78.4487,Locality (matched)
409122,Sarthana,Surat,5 Hot Chillis Pizza & Mocktail Bar,200,2.9,"Italian,Fast Food",21.228,72.848,Locality (matched)
409412,Tolichowki,Hyderabad,Bombay Kulfis,100,2.9,Desserts,17.4001,78.418,Locality (matched)
409486,Rohini,Delhi,Aura Bakers,300,2.9,"Bakery,Indian,Chinese,Pastas,Snacks",28.7041,77.1025,Locality (matched)
409880,Vadapalani,Chennai,Thaai Mann,300,2.9,"Desserts,Fast Food,Sweets",13.0503,80.2121,Locality (matched)
410301,Kilpauk,Chennai,Ramas Cafe,250,4.6,"South Indian,Sweets",13.085,80.241,Locality (matched)
410891,Basavanagudi,Bangalore,Smoky And Snacky,180,2.9,"Chinese,Fast Food,Indian",12.9422,77.576,Locality (matched)
411774,Indiranagar,Bangalore,Delhi Chaat House,225,3.6,"Chaat,Indian",12.9719,77.6412,Locality (matched)
411961,Malleshwaram,Bangalore,Cream And Fudge,200,2.9,"Beverages,Desserts",13.0035,77.5647,Locality (matched)
411982,Central Bangalore,Bangalore,Pure Punjabi Dhaba,200,2.9,"Indian,North Indian,Snacks",12.9767,77.5993,Locality (matched)
411990, Akhbar Nagar Circle,Ahmedabad,Shiv Shakti Fast Food,200,2.9,"Gujarati,Fast Food",23.0225,72.5714,City-level (approximate fallback)
412378,South Kolkata,Kolkata,Truffle Square,300,2.9,Bakery,22.5,88.345,Locality (matched)
412557,Narhe,Pune,Ganga Pure Veg,600,2.9,Indian,18.446,73.811,Locality (matched)
412597,Indiranagar,Bangalore,Babaji Bites,250,2.9,"Chinese,Tandoor",12.9719,77.6412,Locality (matched)
412721,T Nagar,Chennai,S3 Elite Family Dining,250,3.5,"Chinese,Thalis",13.0418,80.2341,Locality (matched)
414109,Kurla,Mumbai,R S Mani Cafe,200,4.2,"South Indian,Beverages",19.0728,72.8826,Locality (matched)
414486,Isanpur,Ahmedabad,Tgb Bakery,200,2.9,Bakery,22.97,72.61,Locality (matched)
414605,Uppal,Hyderabad,Natural Fruits And Juices,200,3.8,Juices  Salads,17.4062,78.559,Locality (matched)
414675,Vastrapur,Ahmedabad,Mahakal Pakodi Center,200,4.1,Indian,23.039,72.529,Locality (matched)
414885,Navrangpura,Ahmedabad,Creamy Heaven,300,2.9,"Ice Cream,Beverages",23.0365,72.561,Locality (matched)
415392,Laldarwaja,Ahmedabad,Volga,500,2.9,"North Indian,Continental,Beverages",23.025,72.592,Locality (matched)
415543,Marol Sakinaka,Mumbai,Afra Falooda Darbar,250,2.9,Beverages  Desserts,19.1073,72.8873,Locality (matched)
415569,Mogapair,Chennai,Keventers Ice Creamery,300,4.7,"Ice Cream,Desserts",13.08,80.178,Locality (matched)
415571,Navrangpura,Ahmedabad,Keventers Ice Cream,300,4.6,"Ice Cream,Desserts",23.0365,72.561,Locality (matched)
415742,Rohini,Delhi,Dhaam Kitchen,300,2.9,"Indian,North Indian,Fast Food",28.7041,77.1025,Locality (matched)
415809,Kothapet & Dilsukhnagar,Hyderabad,Laddu Ji,200,2.9,Sweets,17.37,78.528,Locality (matched)
416010,Navrangpura,Ahmedabad,Foodcraft Kitchen,500,2.9,"Indian,Chinese,Fast Food,Punjabi",23.0365,72.561,Locality (matched)
416101,Laldarwaja,Ahmedabad,Frankie On Fire Raipur,240,2.9,"Fast Food,Snacks",23.025,72.592,Locality (matched)
416212,Vastrapur,Ahmedabad,Vanilla Sky,300,2.9,Chinese,23.039,72.529,Locality (matched)
416478,Kurla,Mumbai,World Of Donuts,200,2.9,"Desserts,Bakery",19.0728,72.8826,Locality (matched)
416536,Adajan,Surat,Punjabi Culture,300,3.4,"Punjabi,North Indian,Thalis,Desserts,Beverages",21.196,72.78,Locality (matched)
416629,Kodambakkam,Chennai,Krishna Sweet,100,3.9,Sweets,13.05,80.2241,Locality (matched)
416896,Adajan,Surat,Slice And Dice Pizzeria,300,4.4,"Pizzas,Italian,Beverages,Juices",21.196,72.78,Locality (matched)
417144,Charminar,Hyderabad,Classic Ice Cream,200,2.9,"Ice Cream,Desserts",17.3616,78.4747,Locality (matched)
417158,Lake Town,Kolkata,M Hub,200,2.9,"Pizzas,Pastas,Fast Food,Beverages",22.605,88.395,Locality (matched)
417308,Rajouri Garden,Delhi,Amritsari Express,200,2.9,North Indian,28.6492,77.12,Locality (matched)
417454,Sri Nagar,Delhi,Calcutta Mithai,200,4.2,"Chaat,Sweets",28.6139,77.209,City-level (approximate fallback)
418077,Vastral,Ahmedabad,Ashirwad Dining Hall,200,2.9,"Indian,Chinese",22.99,72.658,Locality (matched)
418299,Alipore,Kolkata,Roz Aana Punjab,300,2.9,Indian,22.533,88.33,Locality (matched)
418326,Kothrud,Pune,Aditri Veg Restaurant,200,3.9,"Indian,South Indian,Chinese,Juices,Beverages,Tandoor,Maharashtrian",18.5074,73.8077,Locality (matched)
418400,Ghatkopar Vikhroli,Mumbai,Uk14 Icecream,150,2.9,Ice Cream  Beverages,19.098,72.925,Locality (matched)
418575,Navrangpura,Ahmedabad,Jay Rajeshwari,150,2.9,"SVANidhi Street Food Vendor,Fast Food,Indian",23.0365,72.561,Locality (matched)
418926,Burrabazar,Kolkata,Crown Cafe,120,2.9,South Indian  Snacks  Beverages,22.572,88.351,Locality (matched)
419001,Navrangpura,Ahmedabad,Doughfather,300,2.9,"Pizzas,Bakery",23.0365,72.561,Locality (matched)
419220,Rajajinagar,Bangalore,Dna Cuisine-Doctor Nutri Ambrosia,250,2.9,"Salads,Healthy Food,Beverages",12.9905,77.5554,Locality (matched)
419686,Majestic,Bangalore,Rr Spicy Bangarpet Chat House,150,2.9,"Chaat,Fast Food",12.9767,77.5713,Locality (matched)
419772,Kothapet & Dilsukhnagar,Hyderabad,Chai Sutta Bar Dilsukhnagar,300,2.9,"Beverages,Fast Food",17.37,78.528,Locality (matched)
420467,Kothrud,Pune,Mummyjis,200,2.9,"Indian,Fast Food",18.5074,73.8077,Locality (matched)
420484,Central Bangalore,Bangalore,Keventers Ice Cream,300,2.9,"Ice Cream,Desserts",12.9767,77.5993,Locality (matched)
420750,Annanagar,Chennai,Sudhas Chaat And Sweets,200,2.9,"Chaat,Combo,North Indian",13.085,80.2101,Locality (matched)
420764,Chembur,Mumbai,Verma Refreshments,100,4.2,"Fast Food,Snacks,Chaat",19.0522,72.9006,Locality (matched)
421134,Purasawalkam,Chennai,The Hut,200,2.9,"Fast Food,Beverages",13.085,80.254,Locality (matched)
421716,Athwa,Surat,Jalaram Thali,200,2.9,"Punjabi,Snacks,Chinese",21.178,72.793,Locality (matched)
421739,Mehdipatnam,Hyderabad,Bhavani Tiffins,250,2.9,South Indian,17.3952,78.438,Locality (matched)
422113,Ghatkopar Vikhroli,Mumbai,Banglore Iyangars Bakery And Cake,200,2.9,Bakery  Desserts,19.098,72.925,Locality (matched)
422290,Paldi & Ambawadi,Ahmedabad,Baa Gruh Udhyog  Fast Food Services,300,2.9,"Fast Food,Snacks,Sweets",23.02,72.5555,Locality (matched)
422416,Chembur,Mumbai,Gupta Bhelpuri Stall,100,2.9,Chaat,19.0522,72.9006,Locality (matched)
422630,Scruz Bandra East,Mumbai,Dosa Zone,100,2.9,South Indian,19.075,72.845,Locality (matched)
422674,Jayanagar,Bangalore,Brown Burger Co Jayanagar,199,4.4,"Fast Food,Beverages",12.925,77.5938,Locality (matched)
423071,Navrangpura,Ahmedabad,Kailash Bhel Pakodi Centre,100,4.2,Indian,23.0365,72.561,Locality (matched)
423110,Burrabazar,Kolkata,Sugarroom,300,2.9,"Bakery,Beverages",22.572,88.351,Locality (matched)
423208,Malleshwaram,Bangalore,Bangarpete Chats,199,2.9,Snacks,13.0035,77.5647,Locality (matched)
423422,Parvat Patiya,Surat,La Pino'Z Pizza,300,4.2,"Pizzas,Pastas,Beverages",21.185,72.857,Locality (matched)
423622,Shivaji Nagar,Pune,Mrigaya - Pukht Biryani And Mandi,300,2.9,South Indian,18.5308,73.8478,Locality (matched)
423786,Viman Nagar,Pune,Sudama Bhel,200,2.9,"Fast Food,Chaat",18.567,73.9143,Locality (matched)
423945,Honey Park,Surat,Milk Palace,300,2.9,Desserts,21.1702,72.8311,City-level (approximate fallback)
423950,Malleshwaram,Bangalore,Sri Sai Ram Juice And Chats,150,2.9,Snacks,13.0035,77.5647,Locality (matched)
424107,Prahlad Nagar,Ahmedabad,Spicebox,250,2.9,"Indian,Pastas,Snacks",23.011,72.506,Locality (matched)
424125,Sector -6,Delhi,Radhey Shyam Ki Rasoi,300,2.9,"North Indian,Chinese,Snacks,Thalis",28.71,77.118,Locality (matched)
424595,Isanpur,Ahmedabad,Vipul Dudhiya Sweets (Nilkanth Enterprise),200,2.9,"Sweets,Snacks,Bakery",22.97,72.61,Locality (matched)
424609,Jayanagar,Bangalore,Bikaner Sweets,99,3.7,Sweets,12.925,77.5938,Locality (matched)
424620,Rajajinagar,Bangalore,Rj 14 Kitchen,300,2.9,"North Indian,Thalis",12.9905,77.5554,Locality (matched)
424656,Rajajinagar,Bangalore,89 Express Dhaba,320,2.9,North Indian,12.9905,77.5554,Locality (matched)
424870,Himayath Nagar,Hyderabad,Govindaas Sweet And Snacks,200,2.9,"Snacks,Fast Food",17.4008,78.4813,Locality (matched)
425092,Rohini,Delhi,Hariram Sweets,200,3.7,Indian,28.7041,77.1025,Locality (matched)
425118,Sarthana,Surat,Waterbomb Pani-Puri Shop,155,2.9,Snacks,21.228,72.848,Locality (matched)
425144,Scruz Bandra East,Mumbai,Ms Dhamaka Food Factory,200,2.9,"Continental,Pizzas,Pastas",19.075,72.845,Locality (matched)
425357,Himayath Nagar,Hyderabad,Apple Cut,300,3.9,Healthy Food  Salads  Chaat,17.4008,78.4813,Locality (matched)
425478,Rohini,Delhi,Pasta Rasta.Com,200,2.9,"Italian,Chinese,Fast Food,Beverages",28.7041,77.1025,Locality (matched)
425482,Kodambakkam,Chennai,Sk Chats,400,2.9,"Chaat,Snacks",13.05,80.2241,Locality (matched)
425514,Umra Jakat,Surat,Natural Ice Cream,150,4.6,Ice Cream,21.175,72.78,Locality (matched)
426114,Kothapet & Dilsukhnagar,Hyderabad,Cakes07,199,2.9,Bakery,17.37,78.528,Locality (matched)
426351,Alipore,Kolkata,Mac Kitchen,200,2.9,"Indian,Chinese",22.533,88.33,Locality (matched)
426422,Annanagar,Chennai,Delara,800,2.9,Indian,13.085,80.2101,Locality (matched)
426785,Varachha,Surat,Fastfoodz,300,2.9,Snacks,21.214,72.842,Locality (matched)
426896,Alipore,Kolkata,To Go,200,4.8,"Pastas,Indian,Desserts,Beverages",22.533,88.33,Locality (matched)
426983,Kothapet & Dilsukhnagar,Hyderabad,The Magical Stone,200,2.9,"Ice Cream,Beverages",17.37,78.528,Locality (matched)
427083,Chembur,Mumbai,All Fruits Juice,300,2.9,"Beverages,Juices",19.0522,72.9006,Locality (matched)
427092,Alipore,Kolkata,Ma Bhawani,150,2.9,Indian  Snacks,22.533,88.33,Locality (matched)
427190,Alipore,Kolkata,Kishus,150,2.9,South Indian,22.533,88.33,Locality (matched)
427388,Rohini,Delhi,Eat Thrill Zone,300,4.3,"Bakery,Tandoor,Fast Food,Chinese,Continental",28.7041,77.1025,Locality (matched)
427393,Prahlad Nagar,Ahmedabad,Moms Makhni Punjabi Food,300,2.9,Indian,23.011,72.506,Locality (matched)
427703,Kothapet & Dilsukhnagar,Hyderabad,Mumbai Kulfi Kothapet,150,2.9,"Ice Cream,Desserts",17.37,78.528,Locality (matched)
428657,T Nagar,Chennai,Pachcha Kaththi,400,2.9,Indian,13.0418,80.2341,Locality (matched)
428701,Vadapalani,Chennai,Juice Box,250,2.9,"Beverages,Snacks,Fast Food",13.0503,80.2121,Locality (matched)
428717,Kothapet & Dilsukhnagar,Hyderabad,Chai Vaai Cafe,200,2.9,Snacks  Indian  Chinese,17.37,78.528,Locality (matched)
428773,Vastrapur,Ahmedabad,Puffx Live Puff,200,2.9,Snacks,23.039,72.529,Locality (matched)
429131,Banjara Hills,Hyderabad,Dosa House Restaurant,150,2.9,South Indian  Biryani,17.4156,78.4347,Locality (matched)
429135,Maninagar,Ahmedabad,The House Of Momo'S,200,4.3,"Tibetan,Chinese,Indian",22.996,72.603,Locality (matched)
429273,Lake Town,Kolkata,Crazy Chaap Corner,300,2.9,"Tandoor,Chinese,Beverages",22.605,88.395,Locality (matched)
429308,Ashok Vihar,Delhi,Quickey Snacks Corner,200,2.9,"Chinese,Snacks",28.695,77.177,Locality (matched)
429336,Piplod,Surat,The Kafe Castle,300,2.9,"Beverages,Italian,Snacks,Fast Food",21.166,72.777,Locality (matched)
429392,Banjara Hills,Hyderabad,Rotiwalaz Food Services,300,2.9,Salads,17.4156,78.4347,Locality (matched)
429519,Vishrantwadi,Pune,A1 Paan Shop,100,2.9,Paan,18.567,73.872,Locality (matched)
429738,Kothapet & Dilsukhnagar,Hyderabad,Quality Cakes,299,2.9,Bakery  Sweets  Desserts,17.37,78.528,Locality (matched)
429951,Lake Town,Kolkata,The Rusk Cafe,149,2.9,Continental  Italian  Chinese  Beverages,22.605,88.395,Locality (matched)
430588,Kurla,Mumbai,Jumboking Indian Burger,150,4.1,"Fast Food,Continental",19.0728,72.8826,Locality (matched)
430805,Rohini,Delhi,Sizzling Grillz,300,2.9,Indian,28.7041,77.1025,Locality (matched)
430988,Navrangpura,Ahmedabad,Michael'S Icecream Burger,350,2.9,"Continental,Beverages,Desserts",23.0365,72.561,Locality (matched)
431370,Purasawalkam,Chennai,Nxtdoor,200,4.6,"Continental,Italian,Beverages",13.085,80.254,Locality (matched)
431375,Isanpur,Ahmedabad,Food Mohalla,200,2.9,"Italian,Continental,Beverages",22.97,72.61,Locality (matched)
431477,Jadavpur,Kolkata,Tea Bar,100,2.9,"Beverages,Juices,Fast Food",22.499,88.371,Locality (matched)
431497,Lake Town,Kolkata,Shree Ganesh Home Kitchen,150,2.9,North Indian,22.605,88.395,Locality (matched)
431569,Alwarpet,Chennai,Jallikattu Biriyani,400,2.9,Biryani,13.0339,80.254,Locality (matched)
431682,Swargate,Pune,Sambar Pure Veg,150,2.9,"South Indian,Chinese,Beverages,Indian",18.5008,73.8586,Locality (matched)
432043,Varachha,Surat,La Milano Pizzeria,198,4.4,Pizzas,21.214,72.842,Locality (matched)
432094,Esplanade,Kolkata,Keventers Ice Creamery,300,5,"Ice Cream,Desserts",22.565,88.352,Locality (matched)
432169,Adajan,Surat,Jakaas Pizza Zone,300,2.9,"Chinese,Continental,Fast Food,Pizzas,Mexican",21.196,72.78,Locality (matched)
432316,Paldi & Ambawadi,Ahmedabad,Jay Ambe Fast Food And Restaurant,250,2.9,"Fast Food,Thalis",23.02,72.5555,Locality (matched)
432980,Lake Town,Kolkata,Grace Pav Bhaji,10,2.9,"South Indian,Snacks",22.605,88.395,Locality (matched)
433674,Bangur,Kolkata,Island Of Creams,98,2.9,"Ice Cream,Desserts",22.628,88.382,Locality (matched)
434037,Purasawalkam,Chennai,The New Box,300,3.6,"Chinese,Fast Food,Indian",13.085,80.254,Locality (matched)
434076,Ghod Dod Road Sarelawadi,Surat,Koolfilicious & Mor,300,2.9,"Sweets,Bakery,Snacks",21.178,72.795,Locality (matched)
434241,Camp,Pune,Chatori Dilli,250,2.9,Fast Food,18.5122,73.879,Locality (matched)
434567,Vastrapur,Ahmedabad,Wok Palace,200,4.2,"Chinese,Asian,Combo,Thalis,Beverages,Pan-Asian,Jain",23.039,72.529,Locality (matched)
434629,Vastrapur,Ahmedabad,Meal Station,200,4.2,"Thalis,Punjabi,North Indian,Biryani,Indian,Gujarati,Chinese,Offer Valid only for New Customers,Tandoor,Bowl Company, Keventers & more,Combo,Salads,Desserts,Sweets,Healthy Food,Jain,Fast Food",23.039,72.529,Locality (matched)
434633,Vastrapur,Ahmedabad,Urban Chai,150,2.9,"Indian,Snacks,Fast Food,Continental,Beverages",23.039,72.529,Locality (matched)
434639,Jayanagar,Bangalore,Ragoos Express,350,2.9,"Italian,Mexican,Beverages,Desserts",12.925,77.5938,Locality (matched)
434648,Chembur,Mumbai,Krishna Corner,220,2.9,"Beverages,Fast Food",19.0522,72.9006,Locality (matched)
434665,Indiranagar,Bangalore,Idc Kitchen,200,4.2,"South Indian,Beverages,Snacks",12.9719,77.6412,Locality (matched)
434672,Royapettah,Chennai,Chettinese,300,2.9,"Chinese,Indian",13.0569,80.265,Locality (matched)
434743,Isanpur,Ahmedabad,The House Of Kitchen,200,2.9,"Indian,Thalis",22.97,72.61,Locality (matched)
434748,Navrangpura,Ahmedabad,Coffee Byus,200,2.9,"Italian,Beverages,Continental",23.0365,72.561,Locality (matched)
434891,Piplod,Surat,Sip & Ride,500,2.9,"Beverages,Fast Food,Desserts",21.166,72.777,Locality (matched)
434969,Marol Sakinaka,Mumbai,Meet And Eat Snacks Corner,160,2.9,South Indian,19.1073,72.8873,Locality (matched)
435040,Navrangpura,Ahmedabad,Jugaadi Foods,400,2.9,"North Indian,Biryani,Salads",23.0365,72.561,Locality (matched)
435400,Uppal - Hyderabad,Hyderabad,Shakesphere,250,2.9,"Beverages,Fast Food",17.4062,78.559,Locality (matched)
435409,Bhavani Nagar Uppal - Hyderabad,Hyderabad,Super Naturals,250,2.9,Beverages,17.4062,78.559,Locality (matched)
435577,Paldi & Ambawadi,Ahmedabad,Grill On Fire,149,3.5,"Desserts,Fast Food",23.02,72.5555,Locality (matched)
435632,Isanpur,Ahmedabad,Thali Express,200,2.9,"Indian,Thalis",22.97,72.61,Locality (matched)
435811,Baguiati,Kolkata,Riddhi Siddhi Snacks,120,2.9,Snacks  Sweets,22.612,88.418,Locality (matched)
436133,Salt Lake,Kolkata,Aquajava Plush,800,2.9,Beverages,22.585,88.418,Locality (matched)
436147,Station Road Ghatkopar West,Mumbai,7Th Heaven,105,2.9,"Bakery,Desserts",19.0864,72.9047,Locality (substring match: 'ghatkopar west')
436223,Jayanagar,Bangalore,Stegi,1200,2.9,Italian,12.925,77.5938,Locality (matched)
436423,Perambur,Chennai,Sanjana Foods And Snacks,45,2.9,"Snacks,Sweets,Beverages",13.1155,80.234,Locality (matched)
436908,Kalyani Nagar,Pune,Amritsari Kulcha And Delhi'S Chaap,500,4.1,"Indian,Afghani,Fast Food,Thalis",18.5479,73.9014,Locality (matched)
437005,Ameerpet,Hyderabad,Chandigarh Patiala Dhaba,350,2.9,North Indian  Sweets,17.4374,78.4487,Locality (matched)
437160,Swargate,Pune,Niwara Cafe And Snacks,518,2.9,"Fast Food,Pizzas,Pastas",18.5008,73.8586,Locality (matched)
437396,Sinhgad Road,Pune,Swadist Bite - Healthy Bakery,250,2.9,Bakery,18.47,73.825,Locality (matched)
437458,Adajan,Surat,Jay Bhavani Dryfruit Dish Gola,200,2.9,Desserts,21.196,72.78,Locality (matched)
437570,Kothrud,Pune,Big Mishra Pedha,120,2.9,"Sweets,Chaat,Juices",18.5074,73.8077,Locality (matched)
437694,Vastrapur,Ahmedabad,First11 - The Punjabi Kitchen,200,4,"Indian,Thalis,Punjabi,North Indian,Biryani,Gujarati,Chinese,Combo,Salads,Desserts,Sweets,Healthy Food,Jain,Fast Food",23.039,72.529,Locality (matched)
437870,Rohini,Delhi,Foodie Delight,350,2.9,"Indian,Chinese,Combo",28.7041,77.1025,Locality (matched)
438005,R.T. Nagar,Bangalore,Chat And Cool Corner,100,2.9,"Fast Food,Chaat",13.0209,77.5952,Locality (matched)
438008,Central Bangalore,Bangalore,Lakshmi Super Sandwich,149,2.9,"Pizzas,Chaat,Snacks",12.9767,77.5993,Locality (matched)
438391,Central Kolkata,Kolkata,Icing Sugar,250,2.9,Bakery  Snacks  Desserts,22.57,88.355,Locality (matched)
438397,Athwa,Surat,Sai Fast Food,200,2.9,"Italian,Fast Food,Beverages",21.178,72.793,Locality (matched)
438487,Nsp,Delhi,Wedesi,150,2.9,"North Indian,Indian",28.698,77.152,Locality (matched)
438492,Sinhgad Road,Pune,Danka,150,2.9,"Street Food,Chaat",18.47,73.825,Locality (matched)
438809,Sarthana,Surat,Shiva Garden Restaurant,200,2.9,Indian,21.228,72.848,Locality (matched)
438909,Annanagar,Chennai,Spotlight Cafe,50,2.9,"Fast Food,Pizzas,Beverages",13.085,80.2101,Locality (matched)
439515,Piplod,Surat,Mr.Kanha,300,2.9,"Fast Food,Pizzas",21.166,72.777,Locality (matched)
439628,Brigade Road,Bangalore,Lubov Patisserie By Frozen Bottle,2000,2.9,Bakery,12.9718,77.6079,Locality (matched)
439747,Kothapet & Dilsukhnagar,Hyderabad,Guru Raghavendra Tiffins,100,2.9,"South Indian,Snacks,Fast Food,Chaat",17.37,78.528,Locality (matched)
440027,Kurla,Mumbai,Bombay Waffles,250,2.9,"Desserts,Ice Cream",19.0728,72.8826,Locality (matched)
440257,Navrangpura,Ahmedabad,Mahalaxmi Bhojnalaya,200,2.9,Indian,23.0365,72.561,Locality (matched)
440362,Himayath Nagar,Hyderabad,Te - A Tea Tradition,150,2.9,"Beverages,Snacks",17.4008,78.4813,Locality (matched)
440407,Lake Town,Kolkata,Hunger Twister,250,4.6,Chinese,22.605,88.395,Locality (matched)
440498,Navrangpura,Ahmedabad,Brew Coffee,400,2.9,"Beverages,Fast Food",23.0365,72.561,Locality (matched)
440553,Kondhwa,Pune,Misal And More,200,2.9,"North Indian,Fast Food",18.4633,73.893,Locality (matched)
440621,Lake Town,Kolkata,Double Trouble,250,4.2,"Chinese,Beverages,Juices",22.605,88.395,Locality (matched)
440699,Vastral,Ahmedabad,Rebecca'S Cafe,350,2.9,"Fast Food,Combo,Beverages,Street Food",22.99,72.658,Locality (matched)
440904,Central Kolkata,Kolkata,Williams Kitchen,1400,2.9,"Indian,Chinese,Oriental,Beverages",22.57,88.355,Locality (matched)
440939,Athwa,Surat,Waffle House,300,2.9,Desserts,21.178,72.793,Locality (matched)
441276,Navrangpura,Ahmedabad,Mahakali Burger,130,2.9,American,23.0365,72.561,Locality (matched)
441531,Rohini,Delhi,Chulha Chowka,250,2.9,"Chinese,North Indian,Tandoor",28.7041,77.1025,Locality (matched)
441548,Navrangpura,Ahmedabad,Kekiz The Cake Shop,150,2.9,"Bakery,Desserts",23.0365,72.561,Locality (matched)
441579,South Kolkata,Kolkata,Peth Puja,200,2.9,South Indian  Beverages,22.5,88.345,Locality (matched)
441631,Koregaon Park,Pune,Cake & More,600,2.9,Bakery,18.5362,73.8938,Locality (matched)
441697,Annanagar,Chennai,Splash,300,2.9,Beverages,13.085,80.2101,Locality (matched)
441714,Bhagal,Surat,La Pino'Z Pizza,500,4.1,"Pizzas,Fast Food",21.187,72.818,Locality (matched)
441722,Navrangpura,Ahmedabad,Shiva'S Food Zone,400,2.9,"Indian,Chinese,Beverages",23.0365,72.561,Locality (matched)
441782,Athwa,Surat,Hotel Rajwadi Thal,400,2.9,"Indian,Chinese",21.178,72.793,Locality (matched)
442032,Koramangala,Bangalore,Keventers Ice Creamery,200,4.9,"Ice Cream,Desserts",12.9352,77.6245,Locality (matched)
442164,Varachha,Surat,William Johns Pizza Varachha,502,2.9,Pizzas,21.214,72.842,Locality (matched)
442197,A.S. Rao Nagar & Sainikpuri,Hyderabad,Balaji Mohanlal Mithai Bhandar,200,2.9,Sweets,17.47,78.545,Locality (matched)
442347,Lake Town,Kolkata,Savister,250,4.3,"Snacks,Beverages",22.605,88.395,Locality (matched)
442373,Kodambakkam,Chennai,Paratha Point,350,2.9,North Indian,13.05,80.2241,Locality (matched)
442462,Athwa,Surat,Zorko-Brand Of Food Lovers,150,2.9,Fast Food,21.178,72.793,Locality (matched)
442467,Basavanagudi,Bangalore,Food Adda,500,2.9,Pizzas,12.9422,77.576,Locality (matched)
442632,Perambur,Chennai,Friends Karupatti Coffee,100,2.9,"Beverages,Snacks,Bakery",13.1155,80.234,Locality (matched)
442807,Jillelaguda,Hyderabad,Chai Amruth,110,2.9,Beverages,17.33,78.535,Locality (matched)
443138,Aundh,Pune,New Paratha Center,200,2.9,Indian,18.559,73.808,Locality (matched)
443240,Vastrapur,Ahmedabad,Baap No Bagicho,400,2.9,"North Indian,Fast Food,Tandoor,Chinese,Beverages",23.039,72.529,Locality (matched)
443246,Isanpur,Ahmedabad,Gujarat Juice Corner,100,2.9,"Beverages,Desserts",22.97,72.61,Locality (matched)
443452,Shivaji Nagar,Pune,Prakash Snack Center,100,2.9,"Fast Food,Snacks",18.5308,73.8478,Locality (matched)
443617,Sarthana,Surat,Akshar Pavbhaji And Chinese,200,2.9,"Fast Food,Chinese,Indian",21.228,72.848,Locality (matched)
443937,Purasawalkam,Chennai,Topped Off,450,2.9,"Chinese,Fast Food,Continental,Tandoor,Italian,Indian",13.085,80.254,Locality (matched)
444220,Vadapalani,Chennai,Myilai,100,2.9,"Beverages,Combo",13.0503,80.2121,Locality (matched)
444268,Rohini,Delhi,The Real Spicy,200,2.9,"Indian,Fast Food,Bakery,Pizzas",28.7041,77.1025,Locality (matched)
444297,Vastrapur,Ahmedabad,Chup Chaap,200,4.8,"Indian,Tandoor,Beverages,North Indian,Chinese,Combo,Salads,Fast Food",23.039,72.529,Locality (matched)
444553,Kodambakkam,Chennai,Lassi Blast,200,2.9,Beverages,13.05,80.2241,Locality (matched)
444624,Kothrud,Pune,Santosh Bhel And Panipuri,150,2.9,Chinese,18.5074,73.8077,Locality (matched)
445039,Juhu,Mumbai,Roti De Tokari,500,2.9,Punjabi  North Indian,19.1075,72.8263,Locality (matched)
445093,Marol Sakinaka,Mumbai,Bite Cafe,100,2.9,"Chinese,Pizzas,Fast Food",19.1073,72.8873,Locality (matched)
445098,Sector 3,Kolkata,The Goodness Bottle,340,2.9,Juices  Healthy Food,22.5726,88.3639,City-level (approximate fallback)
445277,Perambur,Chennai,Tea Time-Kodungaiyur,20,2.9,Beverages,13.1155,80.234,Locality (matched)
445291,Paldi & Ambawadi,Ahmedabad,Hd'S Frankies And Burgers,200,2.9,"Snacks,Fast Food",23.02,72.5555,Locality (matched)
445387,Navrangpura,Ahmedabad,The Kurtosshhh Lounge,500,2.9,"Bakery,Beverages",23.0365,72.561,Locality (matched)
445438,Tolichowki,Hyderabad,Ttt Juice Center,150,2.9,Beverages,17.4001,78.418,Locality (matched)
445475,Ramgopalpet,Hyderabad,Tea Time,200,2.9,Beverages,17.431,78.483,Locality (matched)
445620,Athwa,Surat,Shyam Fresh Juice Center,200,2.9,Juices,21.178,72.793,Locality (matched)
445679,Sanitytestarea,Kolkata,Om Shree Hari,250,2.9,Fast Food  Continental  Chinese,22.5726,88.3639,City-level (approximate fallback)
445820,Powai,Mumbai,24 Pizza Factory,400,2.9,Pizzas,19.1176,72.906,Locality (matched)
445977,Annanagar,Chennai,Mr.Tiffin,200,2.9,South Indian,13.085,80.2101,Locality (matched)
446011,Navrangpura,Ahmedabad,Sunshine Cafe,50,2.9,"Fast Food,Mexican",23.0365,72.561,Locality (matched)
446052,Marol Sakinaka,Mumbai,Sai Gopi Pure Veg,300,2.9,"Indian,South Indian,Biryani,Chinese,Combo,Fast Food",19.1073,72.8873,Locality (matched)
446079,Vastrapur,Ahmedabad,Rotlo Gujarati Rasthal,300,4.2,Gujarati,23.039,72.529,Locality (matched)
446282,Adajan,Surat,The Live Kitchen,250,2.9,"Fast Food,Pizzas",21.196,72.78,Locality (matched)
446379,Sadashiv Peth,Pune,Krishna Chaya,150,2.9,"Snacks,South Indian,Chinese",18.5122,73.852,Locality (matched)
446748,Piplod,Surat,Epicure,500,2.9,"Fast Food,Pizzas,Pastas",21.166,72.777,Locality (matched)
446961,Nallakunta & Vidyanagar,Hyderabad,Durga'S Street Delight'S,200,2.9,"Chinese,North Indian,Biryani",17.402,78.4985,Locality (matched)
447004,Kothapet & Dilsukhnagar,Hyderabad,Cherrys Kitchen,200,2.9,"Arabian,Chinese,Beverages",17.37,78.528,Locality (matched)
447173,Athwa,Surat,Shree Radhey Fastfood,100,2.9,"Chinese,Combo,Snacks",21.178,72.793,Locality (matched)
447249,Varachha,Surat,Richie Rich Bakery & Eatery,500,2.9,"Italian,Continental,Fast Food,Beverages",21.214,72.842,Locality (matched)
447543,T Nagar,Chennai,Jalpaan,600,2.9,"North Indian,Chinese,Thai,Indian,Desserts,Beverages",13.0418,80.2341,Locality (matched)
447787,Navrangpura,Ahmedabad,Harshail,200,2.9,"Chinese,Fast Food,Thalis",23.0365,72.561,Locality (matched)
447805,Purasawalkam,Chennai,Royera Juice Hub,300,2.9,"Italian,Desserts,Beverages",13.085,80.254,Locality (matched)
447956,Mehdipatnam,Hyderabad,Tasty Byte,250,2.9,"Chinese,Italian,Beverages",17.3952,78.438,Locality (matched)
448330,Maninagar,Ahmedabad,Food Costa,200,2.9,"Chinese,Fast Food,Beverages",22.996,72.603,Locality (matched)
448359,Vastrapur,Ahmedabad,P Se Pavbhaji,150,4.4,"Street Food,Fast Food,Combo,Snacks,Beverages,Desserts",23.039,72.529,Locality (matched)
448419,Ameerpet,Hyderabad,Vishnu Priya Udipi Tiffins & Meals,250,2.9,Chinese  South Indian,17.4374,78.4487,Locality (matched)
448607,Basavanagudi,Bangalore,Trendy Juice & Foodies,300,2.9,"Fast Food,Chinese,Snacks",12.9422,77.576,Locality (matched)
448678,Perambur,Chennai,Delightful Dessert,200,2.9,Desserts,13.1155,80.234,Locality (matched)
449167,Salt Lake,Kolkata,Icecream Station,200,2.9,"Beverages,Ice Cream",22.585,88.418,Locality (matched)
449187,Sector V Salt Lake,Kolkata,The Ultimate Wrap,300,2.9,Fast Food  Combo,22.575,88.431,Locality (matched)
449191,Adajan,Surat,Shree Bhakti Dhokla And Spices,200,2.9,"Chinese,Indian,Thalis",21.196,72.78,Locality (matched)
449319,Tarnaka  Nacharam & Malkajigiri,Hyderabad,Hotel Tamilnaadu,100,2.9,South Indian,17.423,78.539,Locality (matched)
449439,Maninagar,Ahmedabad,Bhimsing Bhaji Pav,200,2.9,Snacks,22.996,72.603,Locality (matched)
449627,Athwa,Surat,Kaka'S Cafe,200,2.9,"Fast Food,Continental,Italian,Beverages",21.178,72.793,Locality (matched)
449730,Tolichowki,Hyderabad,Sam Icecreame And Chat Center,120,2.9,Beverages  Ice Cream  Salads,17.4001,78.418,Locality (matched)
449858,Kothrud,Pune,Yash Pavbhaji And Paratha House,200,2.9,"Street Food,Snacks,Indian",18.5074,73.8077,Locality (matched)
449876,Majestic,Bangalore,Shyam Mishra Juice Centre Llp,160,2.9,"Juices,Beverages",12.9767,77.5713,Locality (matched)
450033,Alwarpet,Chennai,Surabi Organic,100,2.9,"Beverages,Snacks",13.0339,80.254,Locality (matched)
450114,Bandra Area,Mumbai,Bhairavnath Ice Cream And Sandwich Corner,200,2.9,Ice Cream,19.0596,72.8295,Locality (matched)
450236,Annanagar,Chennai,Hyderabad Irani Chai,400,2.9,Chinese,13.085,80.2101,Locality (matched)
450292,Vanasthalipuram,Hyderabad,Manna Millet Restaurant,150,2.9,South Indian,17.339,78.554,Locality (matched)
450298,Salt Lake,Kolkata,Fraisier'S,100,2.9,Bakery,22.585,88.418,Locality (matched)
450543,Perambur,Chennai,Afresh,100,5,"Healthy Food,Salads,Desserts,Beverages",13.1155,80.234,Locality (matched)
450550,Marol Sakinaka,Mumbai,Shubh Sagar (Kanchi Sagar Foodlet),151,2.9,Indian  South Indian  Beverages,19.1073,72.8873,Locality (matched)
450819,Kurla,Mumbai,Aj'S Bistro,800,2.9,Fast Food  Italian  Mexican  Beverages,19.0728,72.8826,Locality (matched)
450842,Athwa,Surat,Shekhawati Hotel,200,2.9,Indian,21.178,72.793,Locality (matched)
450844,Sinhgad Road,Pune,Healthycious,200,2.9,"Fast Food,Salads,Beverages",18.47,73.825,Locality (matched)
450860,Laldarwaja,Ahmedabad,Gayatri Bhaji Pav And  Pulav Centre (Sohanlal Sahp,200,2.9,"Chinese,Indian,North Indian,Fast Food",23.025,72.592,Locality (matched)
450896,Basavanagudi,Bangalore,Sakath Momos,150,2.9,Chinese,12.9422,77.576,Locality (matched)
450920,Karvenagar,Pune,Khandesh To Pune,300,2.9,Indian,18.49,73.8163,Locality (matched)
451063,Marol Sakinaka,Mumbai,Mothers Touch Kathiyawadi,350,2.9,Gujarati,19.1073,72.8873,Locality (matched)
451095,Kothapet & Dilsukhnagar,Hyderabad,Saleem Stores The Pan Parlour,150,2.9,Paan,17.37,78.528,Locality (matched)
451110,Indiranagar,Bangalore,3 Mangos,100,2.9,"Beverages,Ice Cream",12.9719,77.6412,Locality (matched)
451118,Sagrampuraathwa,Surat,Laziz Pizza,300,2.9,"Pizzas,Fast Food,Pastas",21.195,72.818,Locality (substring match: 'sagrampura')
451121,Vastral,Ahmedabad,Annapurna Kitchen,300,2.9,"Indian,Chinese,Thalis",22.99,72.658,Locality (matched)
451179,Kothapet & Dilsukhnagar,Hyderabad,Sri Dharshani Pure Veg.Tiffin Center,300,2.9,South Indian,17.37,78.528,Locality (matched)
451351,Piplod,Surat,Sai Raj Paratha,300,2.9,"Indian,Snacks",21.166,72.777,Locality (matched)
451401,Vadapalani,Chennai,The Lassi Corner,150,2.9,"Beverages,Ice Cream,Sweets,Fast Food",13.0503,80.2121,Locality (matched)
451411,Kodambakkam,Chennai,Madurai Mamiyar Mess,120,2.9,South Indian,13.05,80.2241,Locality (matched)
451419,Malleshwaram,Bangalore,Bamboo Veg House,250,2.9,"Indian,Chinese,Sweets",13.0035,77.5647,Locality (matched)
451616,South Kolkata,Kolkata,Cremewich,260,2.9,Ice Cream,22.5,88.345,Locality (matched)
451645,Laldarwaja,Ahmedabad,Kgfc Restaurant,200,2.9,"Fast Food,Pizzas",23.025,72.592,Locality (matched)
451839,Ruby Area,Kolkata,Swad Sadan,150,2.9,South Indian,22.514,88.398,Locality (matched)
451922,Ameerpet,Hyderabad,Babai Tiffins And Carries,200,2.9,South Indian,17.4374,78.4487,Locality (matched)
451957,Tolichowki,Hyderabad,Frost N Roll,400,2.9,"Ice Cream,Beverages,Fast Food",17.4001,78.418,Locality (matched)
452010,Rohini,Delhi,Silver Apple,200,2.9,"Chaat,Indian,Beverages",28.7041,77.1025,Locality (matched)
452041,Sector V Salt Lake,Kolkata,Kwality Walls,200,2.9,"Ice Cream,Beverages",22.575,88.431,Locality (matched)
452141,Varachha,Surat,Akshar Varni Pavbhaji,200,2.9,"Street Food,Chinese,South Indian",21.214,72.842,Locality (matched)
452147,Chembur,Mumbai,Sindh Pani Puri House (Original),180,2.9,Street Food,19.0522,72.9006,Locality (matched)
452149,Adajan,Surat,Rajwadu Kathiyawadi Restaurant,300,2.9,"Gujarati,Indian,Fast Food,Pizzas,Beverages",21.196,72.78,Locality (matched)
452204,Navrangpura,Ahmedabad,Cafe+9,300,2.9,"Fast Food,Pizzas,Snacks,Beverages",23.0365,72.561,Locality (matched)
452240,Koramangala,Bangalore,Chaat House,200,2.9,"Beverages,Ice Cream,North Indian,Snacks",12.9352,77.6245,Locality (matched)
452251,Maninagar,Ahmedabad,Arihant 2 Dosa Club,200,2.9,South Indian,22.996,72.603,Locality (matched)
452267,Laldarwaja,Ahmedabad,Rabdi King,100,2.9,"Desserts,Ice Cream",23.025,72.592,Locality (matched)
452311,Navrangpura,Ahmedabad,Devaadi Hotel,600,2.9,"Indian,Punjabi,Fast Food",23.0365,72.561,Locality (matched)
452339,Kurla,Mumbai,Cake Day 7,350,2.9,Bakery,19.0728,72.8826,Locality (matched)
452548,Baranagar,Kolkata,Sutripti Mistanna Bhander,100,2.9,Sweets,22.642,88.372,Locality (matched)
452638,Adajan,Surat,Kutchi King,200,2.9,Fast Food,21.196,72.78,Locality (matched)
452640,Piplod,Surat,Zorko Brand Of Food Lovers,100,2.9,"Pizzas,Fast Food",21.166,72.777,Locality (matched)
452827,Kilpauk,Chennai,Dp Special,340,2.9,Snacks,13.085,80.241,Locality (matched)
452890,Santoshnagar & Saidabad,Hyderabad,Hotel Sahara,200,2.9,"South Indian,Chinese,Biryani",17.354,78.51,Locality (matched)
452988,Kurla,Mumbai,The Tasty Cake,450,2.9,"Bakery,Desserts",19.0728,72.8826,Locality (matched)
453239,Kothrud,Pune,Manisha Bhel And Panipuri,150,2.9,Snacks,18.5074,73.8077,Locality (matched)
453436,Arumbakkam,Chennai,Highway Inn Smart,300,2.9,"Indian,Chinese,Snacks",13.073,80.21,Locality (matched)
453469,Vadapalani,Chennai,A1 Chips West Mambalam(T Nagar),190,2.9,Indian,13.0503,80.2121,Locality (matched)
454028,Rajouri Garden,Delhi,Delicious Food,150,2.9,"Fast Food,Chinese",28.6492,77.12,Locality (matched)
454287,Ameerpet,Hyderabad,Assr Enterprises,250,2.9,Beverages,17.4374,78.4487,Locality (matched)
454341,Kodambakkam,Chennai,Rice Junction / Chinthamani Foods Chennai Private,250,2.9,"Biryani,Indian",13.05,80.2241,Locality (matched)
454349,Chembur,Mumbai,Mr Chinese,250,2.9,Chinese,19.0522,72.9006,Locality (matched)
454498,Arumbakkam,Chennai,Rajalakshmi Home Cooking,200,2.9,"Fast Food,Snacks",13.073,80.21,Locality (matched)
454558,Athwa,Surat,Mummy Dosa And Fast Food,100,2.9,South Indian,21.178,72.793,Locality (matched)
454734,Sinhgad Road,Pune,Sam Mankar Dosa,300,2.9,"South Indian,Desserts,Beverages",18.47,73.825,Locality (matched)
454797,Basavanagudi,Bangalore,Uttara Karnataka  Foods,200,2.9,"South Indian,Snacks",12.9422,77.576,Locality (matched)
454885,Vesu,Surat,Status Cafe & Restaurant,400,2.9,"Continental,Chinese,Indian,Desserts",21.14,72.777,Locality (matched)
454889,Vijayanagar,Bangalore,Suvarna Veg Restaurant,300,2.9,"Indian,North Indian,Beverages",12.9719,77.5372,Locality (matched)
454972,Himayath Nagar,Hyderabad,Teas N More,150,2.9,"Beverages,Fast Food,Snacks,Pizzas,Chinese",17.4008,78.4813,Locality (matched)
455073,Ghatkopar Vikhroli,Mumbai,Aarogya Amruttulya,150,2.9,"Fast Food,Street Food,Beverages",19.098,72.925,Locality (matched)
455120,Majestic,Bangalore,Mejestic Cafe,250,2.9,"South Indian,Indian,Chinese,Beverages",12.9767,77.5713,Locality (matched)
455363,Kodambakkam,Chennai,Sri Lakshmi Vilas Hotels,200,2.9,"South Indian,Chinese",13.05,80.2241,Locality (matched)
455469,Ameerpet,Hyderabad,T-Ruchi,2,2.9,Chaat  Fast Food,17.4374,78.4487,Locality (matched)
455700,Scruz Bandra East,Mumbai,Arani Snacks,200,2.9,"Snacks,Juices",19.075,72.845,Locality (matched)
455957,Ameerpet,Hyderabad,Sri Sai Tiffins And Chat,250,2.9,South Indian,17.4374,78.4487,Locality (matched)
455997,Kothrud,Pune,South Kitchen,150,2.9,South Indian,18.5074,73.8077,Locality (matched)
456002,Powai,Mumbai,Twin Pizza'S,350,2.9,Pizzas  Fast Food  Snacks,19.1176,72.906,Locality (matched)
456054,Vastrapur,Ahmedabad,Pandeji Parcel Point,200,2.9,"North Indian,Chinese,South Indian",23.039,72.529,Locality (matched)
456166,Kothrud,Pune,Foodie Nator,200,2.9,"Indian,Beverages",18.5074,73.8077,Locality (matched)
456340,Laldarwaja,Ahmedabad,K.P Snacks And Food,250,2.9,"Chinese,Punjabi,Indian,Beverages",23.025,72.592,Locality (matched)
456386,Piplod,Surat,The Barot House,200,2.9,"South Indian,Street Food",21.166,72.777,Locality (matched)
456401,New Area,Kolkata,Azad Restaurant,200,2.9,Beverages,22.5726,88.3639,City-level (approximate fallback)
456478,Chandkheda,Ahmedabad,Sahi Suraj Singh,250,2.9,Chinese,23.11,72.594,Locality (matched)
456504,Pitampura,Delhi,The Blue Plate,400,2.9,"Chinese,North Indian,Biryani",28.6942,77.131,Locality (matched)
456519,Varachha,Surat,Shree Sainath Dosa,250,2.9,"South Indian,Snacks",21.214,72.842,Locality (matched)
456530,Maninagar,Ahmedabad,Bansi Restaurant,500,2.9,"Indian,Chinese,Ice Cream,Beverages",22.996,72.603,Locality (matched)
456635,George Town,Chennai,Dadi'S Kitchen,297,2.9,"Snacks,Chaat,Indian",13.094,80.287,Locality (matched)
456753,Ghatkopar Vikhroli,Mumbai,Krishna Vihar (Sashi Lunch Home),200,2.9,Indian,19.098,72.925,Locality (matched)
457042,Sinhgad Road,Pune,S.P. Crazy Cafe And Fast Food,200,2.9,"Beverages,Pizzas",18.47,73.825,Locality (matched)
457083,Varachha,Surat,Food Bites,200,2.9,Chinese,21.214,72.842,Locality (matched)
457362,Paldi & Ambawadi,Ahmedabad,Rr Kloud Kitchen,500,2.9,"Indian,Chinese",23.02,72.5555,Locality (matched)
457452,Sanjay Nagar New Bel Road,Bangalore,Sri Ramji Sweets,75,2.9,Sweets,13.0287,77.5686,Locality (matched)
457630,Jayanagar,Bangalore,Sri Sai Foods,149,2.9,South Indian,12.925,77.5938,Locality (matched)
457872,Piplod,Surat,Tropical Fusion,200,2.9,"Fast Food,Pizzas,Snacks",21.166,72.777,Locality (matched)
457951,Kirti Nagar,Delhi,Sindhi Namkeen & More,200,2.9,"Indian,Gujarati",28.652,77.149,Locality (matched)
458505,Naranpura,Ahmedabad,Lalu'S Special Stuffed Paratha,300,2.9,North Indian,23.048,72.558,Locality (matched)
459016,Athwa,Surat,Punjabi Masi Da Dhaba,100,2.9,"Punjabi,North Indian",21.178,72.793,Locality (matched)
459173,Varachha,Surat,Shaker'S Galleria,360,2.9,"Beverages,Waffle,Desserts",21.214,72.842,Locality (matched)
459178,Vastrapur,Ahmedabad,Balaji Bhaji Pav Dosa,200,2.9,"South Indian,Street Food",23.039,72.529,Locality (matched)
459193,Central Kolkata,Kolkata,Uttapam - Flavours Of South,200,2.9,"South Indian,Beverages,Street Food,Desserts",22.57,88.355,Locality (matched)
459972,Himayath Nagar,Hyderabad,Agra Sweet House,180,2.9,"Sweets,Snacks",17.4008,78.4813,Locality (matched)
460163,Vastrapur,Ahmedabad,Sm Food,100,2.9,"American,Snacks",23.039,72.529,Locality (matched)
460412,Marol Sakinaka,Mumbai,Vaayu Foods O-Cakes,500,2.9,"Bakery,Desserts",19.1073,72.8873,Locality (matched)
460439,Navrangpura,Ahmedabad,Dhosa Hub,5,2.9,"South Indian,North Indian",23.0365,72.561,Locality (matched)
460529,Piplod,Surat,Chaska Chinese Corner,200,2.9,Chinese,21.166,72.777,Locality (matched)
460553,Himayath Nagar,Hyderabad,Kalyug Kitchen,250,2.9,South Indian,17.4008,78.4813,Locality (matched)
460867,Scruz Bandra East,Mumbai,The Dessert Cake,700,2.9,"Bakery,Desserts",19.075,72.845,Locality (matched)
461141,Nsp,Delhi,New Oye Punjabi,350,2.9,"Punjabi,North Indian,Chinese",28.698,77.152,Locality (matched)
461164,Majestic,Bangalore,Himadri Ice Cream,250,2.9,"Ice Cream,Beverages,Desserts",12.9767,77.5713,Locality (matched)
461833,Bibwewadi,Pune,Krishna Pure Veg,300,2.9,"Maharashtrian,Punjabi,Chinese,South Indian",18.475,73.863,Locality (matched)
461866,Laldarwaja,Ahmedabad,Jay Arbuda Food Point,300,2.9,"Pizzas,Street Food,Continental,Pastas,Snacks",23.025,72.592,Locality (matched)
462604,Royapettah,Chennai,Juice World Fresh N Juicy,170,2.9,"Juices,Beverages,American,Chinese,Italian,Snacks,Desserts",13.0569,80.265,Locality (matched)
462889,Prahlad Nagar,Ahmedabad,Shree Ram Parotha House,180,2.9,North Indian,23.011,72.506,Locality (matched)
462943,Central Bangalore,Bangalore,Bangarpet Chats,110,2.9,Chaat,12.9767,77.5993,Locality (matched)
463051,Rohini,Delhi,Zaika The Bakers,400,2.9,Pizzas,28.7041,77.1025,Locality (matched)
464112,Himayath Nagar,Hyderabad,Bake And Beans,400,2.9,"Snacks,American,Pizzas,Pastas,Beverages",17.4008,78.4813,Locality (matched)
464194,Ghatkopar Vikhroli,Mumbai,Tj'S Kitchen,300,2.9,"South Indian,Chinese,Snacks",19.098,72.925,Locality (matched)
464354,Prahlad Nagar,Ahmedabad,Reyansh'S Kitchen,500,2.9,Desserts,23.011,72.506,Locality (matched)
464401,Athwa,Surat,Panditjis Dilliwale Chhole Bhature & Dilli Chat,250,2.9,"North Indian,Chaat,Snacks",21.178,72.793,Locality (matched)
464626,Panjarapole Cross Road,Ahmedabad,Malt Pizza,500,2.9,Pizzas,23.0225,72.5714,City-level (approximate fallback)
465835,Rohini,Delhi,Jay Mata Ji Home Kitchen,200,2.9,South Indian,28.7041,77.1025,Locality (matched)
465872,Rohini,Delhi,Chinese Kitchen King,150,2.9,"Chinese,Snacks,Tandoor",28.7041,77.1025,Locality (matched)
465990,Rohini,Delhi,Shree Ram Paratha Wala,150,2.9,"North Indian,Indian,Snacks",28.7041,77.1025,Locality (matched)
466488,Navrangpura,Ahmedabad,Sassy Street,250,2.9,"Chaat,Snacks,Chinese",23.0365,72.561,Locality (matched)
